{"geometry": [["H", [0.0, 0.0, 0.0]], ["H", [1.3611, 0.0, 0.0]], ["H", [0.6433, 0.8875, 0.0]], ["H", [0.009, 0.6781, 0.4454]]], "multiplicity": 1, "canonical_orbitals": [[0.35230464855141, 0.4178855990438771, 0.9017066801304728, 0.7589756825110388], [0.11694784060948427, -0.808766722028703, 0.4992115563675802, -0.5889145611799448], [0.3386891971069789, -0.47000954793137756, -0.7706679308544232, 0.9661658129920975], [0.43516620281788226, 0.47754203340231405, -0.37597319260286066, -1.262100510166229]], "canonical_to_oao": [[0.5330775879039379, 0.25790874368804034, 0.5272817563961922, 0.6093318591502667], [0.33948813041181397, -0.7867165745318627, -0.3715248176500357, 0.3574830772728277], [0.6553751021353131, 0.4271295665288891, -0.5627101941025869, -0.26720974224567257], [0.4135934840941471, -0.36348376123693726, 0.5170111185408688, -0.6553773634609529]], "orbital_energies": [-0.782784652104515, -0.1947492458603256, 0.3005749354706492, 0.7479004561050407], "exact_energy": -1.8871391201111527, "ground_states": [["0j"], ["0j"], ["0j"], ["0j"], ["0j"], ["0j"], ["0j"], ["0j"], ["0j"], ["0j"], ["0j"], ["0j"], ["0j"], ["0j"], ["0j"], ["(-0.028223770014174632+0.009211241668902293j)"], ["0j"], ["0j"], ["0j"], ["0j"], ["0j"], ["0j"], ["0j"], ["0j"], ["0j"], ["0j"], ["0j"], ["(-0.012817591839607671+0.004183209259028047j)"], ["0j"], ["0j"], ["(0.0013297525250006404-0.00043398425729313097j)"], ["0j"], ["0j"], ["0j"], ["0j"], ["0j"], ["0j"], ["0j"], ["0j"], ["(0.012817591839607156-0.004183209259028053j)"], ["0j"], ["0j"], ["0j"], ["0j"], ["0j"], ["(-0.001329752525000558+0.00043398425729310853j)"], ["0j"], ["0j"], ["0j"], ["0j"], ["0j"], ["(0.04594880715230716-0.014996067742371928j)"], ["0j"], ["0j"], ["(-0.01638364910647074+0.0053470443977684705j)"], ["0j"], ["0j"], ["(0.016383649106470968-0.005347044397768482j)"], ["0j"], ["0j"], ["(0.05062597950107182-0.016522531599253543j)"], ["0j"], ["0j"], ["0j"], ["0j"], ["0j"], ["0j"], ["0j"], ["0j"], ["0j"], ["0j"], ["0j"], ["0j"], ["0j"], ["0j"], ["(-0.004885055761580109+0.0015943096603812654j)"], ["0j"], ["0j"], ["(0.001320360671574316-0.00043091908805524375j)"], ["0j"], ["0j"], ["0j"], ["0j"], ["0j"], ["0j"], ["0j"], ["0j"], ["0j"], ["0j"], ["0j"], ["(-0.02784216255342532+0.009086698472091455j)"], ["0j"], ["0j"], ["0j"], ["0j"], ["0j"], ["0j"], ["0j"], ["0j"], ["(0.005957558176383061-0.001944336567781259j)"], ["0j"], ["0j"], ["(-0.05065654806163607+0.016532508097740053j)"], ["0j"], ["0j"], ["(0.07849871061506114-0.025619206569831472j)"], ["0j"], ["0j"], ["(0.00743379401775003-0.0024261278057449327j)"], ["0j"], ["0j"], ["0j"], ["0j"], ["0j"], ["(8.94437424838929e-05-2.9191278393028396e-05j)"], ["0j"], ["0j"], ["0j"], ["0j"], ["0j"], ["(0.0003528927557029462-0.00011517173128723527j)"], ["0j"], ["0j"], ["0j"], ["0j"], ["0j"], ["0j"], ["0j"], ["0j"], ["0j"], ["0j"], ["0j"], ["0j"], ["0j"], ["0j"], ["(0.004885055761580213-0.0015943096603812758j)"], ["0j"], ["0j"], ["0j"], ["0j"], ["0j"], ["(-0.0013203606715749307+0.0004309190880551958j)"], ["0j"], ["0j"], ["0j"], ["0j"], ["0j"], ["(-0.005957558176382854+0.0019443365677813019j)"], ["0j"], ["0j"], ["(0.07849871061506151-0.02561920656983144j)"], ["0j"], ["0j"], ["(-0.050656548061636324+0.016532508097740015j)"], ["0j"], ["0j"], ["(-0.007433794017750522+0.002426127805744874j)"], ["0j"], ["0j"], ["0j"], ["0j"], ["0j"], ["0j"], ["0j"], ["0j"], ["(-0.027842162553424983+0.00908669847209145j)"], ["0j"], ["0j"], ["0j"], ["0j"], ["0j"], ["0j"], ["0j"], ["0j"], ["0j"], ["0j"], ["0j"], ["(-8.944374248314465e-05+2.919127839314921e-05j)"], ["0j"], ["0j"], ["(-0.0003528927557029639+0.00011517173128721012j)"], ["0j"], ["0j"], ["0j"], ["0j"], ["0j"], ["0j"], ["0j"], ["0j"], ["0j"], ["0j"], ["0j"], ["0j"], ["0j"], ["0j"], ["(0.050424284733196406-0.01645670555087939j)"], ["0j"], ["0j"], ["(0.05515668526018613-0.018001193934474434j)"], ["0j"], ["0j"], ["(-0.055156685260187195+0.018001193934474365j)"], ["0j"], ["0j"], ["(0.28823259902478326-0.09406893994458237j)"], ["0j"], ["0j"], ["0j"], ["0j"], ["0j"], ["(-0.0002220403101737109+7.246611477544946e-05j)"], ["0j"], ["0j"], ["0j"], ["0j"], ["0j"], ["(0.15684471940992628-0.05118857665897872j)"], ["0j"], ["0j"], ["0j"], ["0j"], ["0j"], ["0j"], ["0j"], ["0j"], ["(0.0002220403101731726-7.246611477548958e-05j)"], ["0j"], ["0j"], ["(-0.15684471940991787+0.051188576658979135j)"], ["0j"], ["0j"], ["0j"], ["0j"], ["0j"], ["0j"], ["0j"], ["0j"], ["0j"], ["0j"], ["0j"], ["(-0.8586349415863717+0.280228117942562j)"], ["0j"], ["0j"], ["0j"], ["0j"], ["0j"], ["0j"], ["0j"], ["0j"], ["0j"], ["0j"], ["0j"], ["0j"], ["0j"], ["0j"], ["0j"]], "hf_energy": -1.8069417101495961}