{"geometry": [["H", [0.0, 0.0, 0.0]], ["H", [0.9197, 0.0, 0.0]], ["H", [-0.0313, -0.6373, 0.0]], ["H", [-0.2182, 0.5641, -0.8206]]], "multiplicity": 3, "canonical_orbitals": [[0.4996495193418463, 0.038709427823621606, 0.2039066006598733, 1.6479616526888023], [0.16312020385713352, 0.21606975660888614, -1.1020941731014908, -0.36928381015455575], [0.4157308662045702, 0.400270978696748, 0.5973755704093529, -1.213510756198727], [0.11466746754101104, -1.0301093825550198, -0.02938584259430796, -0.5083949707322457]], "canonical_to_oao": [[0.6540502748842547, 0.3623029883159606, 0.6022294931094699, 0.27977566050367575], [-0.0034755976502768293, 0.18612380580230972, 0.32289493065815267, -0.9279465032478457], [0.11208934599416964, -0.8950120946891467, 0.43067945780513384, -0.03007546341156463], [0.7480923316405566, -0.1817906046283324, -0.5895538194338624, -0.24441017450263314]], "orbital_energies": [-0.7733867191924182, -0.0319772334547415, 0.08839623854116782, 0.9342489836576724], "exact_energy": -1.8503983573274398, "ground_states": [["0j", "0j", "0j"], ["0j", "0j", "0j"], ["0j", "0j", "0j"], ["0j", "0j", "0j"], ["0j", "0j", "0j"], ["0j", "0j", "0j"], ["0j", "0j", "0j"], ["0j", "0j", "0j"], ["0j", "0j", "0j"], ["0j", "0j", "0j"], ["0j", "0j", "0j"], ["0j", "0j", "0j"], ["0j", "0j", "0j"], ["0j", "0j", "0j"], ["0j", "0j", "0j"], ["0j", "0j", "0j"], ["0j", "0j", "0j"], ["0j", "0j", "0j"], ["0j", "0j", "0j"], ["0j", "0j", "0j"], ["0j", "0j", "0j"], ["0j", "0j", "0j"], ["0j", "0j", "0j"], ["(-0.034642873749345354+0.024141723246891393j)", "(-0.005212639329510224-0.000368352113597754j)", "(-0.0396603868508119-0.001475050895747509j)"], ["0j", "0j", "0j"], ["0j", "0j", "0j"], ["0j", "0j", "0j"], ["(0.0019224950289041451-0.017264961269048106j)", "(0.00654125840176171-0.03742323176734408j)", "(0.00661774360347798-0.007333141726455465j)"], ["0j", "0j", "0j"], ["(-0.003682321344477227+0.0025661145621953645j)", "(-0.0005540710393426803-3.915353154585738e-05j)", "(-0.0042156516831612185-0.00015678870745252898j)"], ["(0.00020434922722649987-0.0018351576677089604j)", "(0.0006952949575380781-0.003977856055282183j)", "(0.0007034248572933483-0.0007794672144343691j)"], ["0j", "0j", "0j"], ["0j", "0j", "0j"], ["0j", "0j", "0j"], ["0j", "0j", "0j"], ["0j", "0j", "0j"], ["0j", "0j", "0j"], ["0j", "0j", "0j"], ["0j", "0j", "0j"], ["(0.0019224950289055563-0.017264961269050205j)", "(0.006541258401761819-0.03742323176734402j)", "(0.006617743603478171-0.0073331417264555455j)"], ["0j", "0j", "0j"], ["0j", "0j", "0j"], ["0j", "0j", "0j"], ["(-0.03466142520509073+0.018589208784721912j)", "(0.030155255590719646-0.010500234586227257j)", "(0.0460546387757087+0.006494884442626803j)"], ["0j", "0j", "0j"], ["(0.00020434922722671636-0.0018351576677094036j)", "(0.0006952949575381029-0.003977856055282178j)", "(0.0007034248572933832-0.0007794672144343686j)"], ["(-0.0036842932484814185+0.0019759169167141975j)", "(0.003205315532230405-0.0011161094261013318j)", "(0.004895320769374283+0.0006903656950067443j)"], ["0j", "0j", "0j"], ["0j", "0j", "0j"], ["0j", "0j", "0j"], ["0j", "0j", "0j"], ["0j", "0j", "0j"], ["0j", "0j", "0j"], ["(0.008267891770816996-0.005761680061836269j)", "(0.0012440520416557301+8.791116553473503e-05j)", "(0.009465374854401135+0.00035203664830827654j)"], ["(-0.0004588239689332814+0.004120467379025055j)", "(-0.0015611411715443031+0.008931453903198402j)", "(-0.001579395181717839+0.00175013258348819j)"], ["0j", "0j", "0j"], ["0j", "0j", "0j"], ["(-0.0004588239689326892+0.004120467379024152j)", "(-0.0015611411715442704+0.008931453903198442j)", "(-0.0015793951817177484+0.0017501325834881397j)"], ["(0.00827231927384124-0.0044365131902518885j)", "(-0.007196873774079021+0.002505993115792156j)", "(-0.010991431360362442-0.001550073530970155j)"], ["0j", "0j", "0j"], ["0j", "0j", "0j"], ["0j", "0j", "0j"], ["0j", "0j", "0j"], ["0j", "0j", "0j"], ["0j", "0j", "0j"], ["0j", "0j", "0j"], ["0j", "0j", "0j"], ["0j", "0j", "0j"], ["0j", "0j", "0j"], ["0j", "0j", "0j"], ["0j", "0j", "0j"], ["(0.006780601141302295-0.004725225666475461j)", "(0.001020262592607297+7.209704310136571e-05j)", "(0.007762671950683314+0.00028870964515098255j)"], ["0j", "0j", "0j"], ["0j", "0j", "0j"], ["0j", "0j", "0j"], ["(-0.00037628725842573784+0.0033792466794892438j)", "(-0.0012803113421090422+0.007324796720643583j)", "(-0.0012952816834786022+0.001435305555754446j)"], ["0j", "0j", "0j"], ["(0.006724046941380427-0.004685814506395581j)", "(0.0010117530027593312+7.149571137511857e-05j)", "(0.007697926702839037+0.00028630163697428574j)"], ["(-0.00037314880146653307+0.0033510617754796347j)", "(-0.0012696327928042178+0.007263703609650353j)", "(-0.0012844782727255023+0.0014233342635847116j)"], ["0j", "0j", "0j"], ["0j", "0j", "0j"], ["0j", "0j", "0j"], ["0j", "0j", "0j"], ["(-0.014396123167650684+0.01003228611622186j)", "(-0.002166153950134913-0.00015307166590119967j)", "(-0.016481190853624043-0.0006129691932423717j)"], ["0j", "0j", "0j"], ["0j", "0j", "0j"], ["(-0.026099342824021682+0.01818795738315964j)", "(-0.003927112452137054-0.00027751012119549105j)", "(-0.02987945054564718-0.0011112778717360346j)"], ["0j", "0j", "0j"], ["0j", "0j", "0j"], ["(0.022571908198669083-0.015729779371920726j)", "(0.0033963468870910406+0.00024000347526223102j)", "(0.025841118655381357+0.0009610840500148936j)"], ["(0.0001957538390462098-0.0017579668080210564j)", "(0.0006660492875591621-0.0038105384814162892j)", "(0.0006738372254425505-0.0007466810699850506j)"], ["0j", "0j", "0j"], ["(-0.00012339160835197943+8.598842236285253e-05j)", "(-1.856647214890146e-05-1.3120031573298046e-06j)", "(-0.0001412630764061374-5.253862706218856e-06j)"], ["0j", "0j", "0j"], ["0j", "0j", "0j"], ["0j", "0j", "0j"], ["0j", "0j", "0j"], ["0j", "0j", "0j"], ["0j", "0j", "0j"], ["(0.0007989081802384768-0.007174592694368015j)", "(0.002718272228353256-0.015551523171902068j)", "(0.002750056265450702-0.003047345675295974j)"], ["0j", "0j", "0j"], ["(0.02576457491755324-0.01795466628241622j)", "(0.0038767406392169915+0.0002739505878032785j)", "(0.029496196408827044+0.0010970238666013579j)"], ["(1.857783625804239e-05-0.00016683820693158836j)", "(6.321078893947305e-05-0.00036163561495164095j)", "(6.394989595005532e-05-7.086307335137752e-05j)"], ["0j", "0j", "0j"], ["0j", "0j", "0j"], ["(-0.002682417433901196+0.024089442317105525j)", "(-0.009126882157158827+0.05221585898343337j)", "(-0.009233600372516878+0.010231780533402842j)"], ["(0.022249048407186084-0.011932348530256688j)", "(-0.019356553788516803+0.006740064097579818j)", "(-0.0295623126121692-0.00416904375708877j)"], ["0j", "0j", "0j"], ["(6.8475772354030835e-06-6.149464835131093e-05j)", "(2.3298771362827646e-05-0.00013329473735097856j)", "(2.3571197724544862e-05-2.6119315575422902e-05j)"], ["0j", "0j", "0j"], ["0j", "0j", "0j"], ["0j", "0j", "0j"], ["0j", "0j", "0j"], ["(-0.008453026369472729+0.005890695578173334j)", "(-0.0012719088498751741-8.987967199319108e-05j)", "(-0.00967732348935799-0.0003599194514947807j)"], ["(0.0004690979533654816-0.0042127328676929195j)", "(0.0015960982382609758-0.00913144698240359j)", "(0.001614760992155516-0.0017893215451267905j)"], ["0j", "0j", "0j"], ["(0.00624015950955875-0.004348605862961245j)", "(0.0009389434928895791+6.635061401562059e-05j)", "(0.007143955260482599+0.0002656983061157602j)"], ["0j", "0j", "0j"], ["0j", "0j", "0j"], ["0j", "0j", "0j"], ["(-0.00034629562557486686+0.0031099069039359282j)", "(-0.0011782652939122337+0.006740980476419702j)", "(-0.0011920424378722384+0.0013209058350752477j)"], ["0j", "0j", "0j"], ["0j", "0j", "0j"], ["0j", "0j", "0j"], ["0j", "0j", "0j"], ["0j", "0j", "0j"], ["0j", "0j", "0j"], ["0j", "0j", "0j"], ["0j", "0j", "0j"], ["0j", "0j", "0j"], ["0j", "0j", "0j"], ["0j", "0j", "0j"], ["0j", "0j", "0j"], ["0j", "0j", "0j"], ["0j", "0j", "0j"], ["(-0.0003762872584263153+0.0033792466794900756j)", "(-0.0012803113421090797+0.007324796720643535j)", "(-0.0012952816834786757+0.0014353055557544867j)"], ["0j", "0j", "0j"], ["0j", "0j", "0j"], ["0j", "0j", "0j"], 