{"geometry": [["H", [0.0, 0.0, 0.0]], ["H", [1.1148, 0.0, 0.0]], ["H", [0.4212, 0.3122, 0.0]], ["H", [-0.632, -0.1227, -0.1109]]], "multiplicity": 1, "canonical_orbitals": [[0.4476901664761652, 0.36172275228422746, 0.47518191971829243, 2.244396016284215], [0.16514781545269253, -0.6473430164048238, -1.0508058893422707, 0.478517925505906], [0.3795338359861242, -0.4058218176568992, 0.8853873542473044, -1.8376679066029216], [0.17747141416326367, 0.6423160295298087, -0.8712637533653947, -1.0921136148356987]], "canonical_to_oao": [[0.6157963223932048, 0.3557547821591605, 0.5844205086005871, 0.39075067936591323], [0.2592346101535498, -0.6519962773334032, -0.30637800898181394, 0.6432968108534813], [0.259297131542739, -0.6478732383841403, 0.4778850791162497, -0.5335270524700776], [0.6973932203565267, 0.16911432907922858, -0.5798370770289076, -0.38578751146636125]], "orbital_energies": [-0.9243407613277987, -0.3557525083917481, 0.5668825821138154, 1.5756399036922604], "exact_energy": -1.8873091048160848, "ground_states": [["0j"], ["0j"], ["0j"], ["0j"], ["0j"], ["0j"], ["0j"], ["0j"], ["0j"], ["0j"], ["0j"], ["0j"], ["0j"], ["0j"], ["0j"], ["(-0.006416410074197153+0.0016007456497046098j)"], ["0j"], ["0j"], ["0j"], ["0j"], ["0j"], ["0j"], ["0j"], ["0j"], ["0j"], ["0j"], ["0j"], ["(-7.226405966430952e-05+1.8028208577696558e-05j)"], ["0j"], ["0j"], ["(0.0002623524710578714-6.545086300266195e-05j)"], ["0j"], ["0j"], ["0j"], ["0j"], ["0j"], ["0j"], ["0j"], ["0j"], ["(7.226405966436122e-05-1.8028208577701376e-05j)"], ["0j"], ["0j"], ["0j"], ["0j"], ["0j"], ["(-0.00026235247105788333+6.545086300266897e-05j)"], ["0j"], ["0j"], ["0j"], ["0j"], ["0j"], ["(0.028313696504409257-0.007063611268979058j)"], ["0j"], ["0j"], ["(0.0011625309531271353-0.00029002453776274444j)"], ["0j"], ["0j"], ["(-0.0011625309531270954+0.00029002453776272687j)"], ["0j"], ["0j"], ["(0.036572283126932434-0.00912393728552761j)"], ["0j"], ["0j"], ["0j"], ["0j"], ["0j"], ["0j"], ["0j"], ["0j"], ["0j"], ["0j"], ["0j"], ["0j"], ["0j"], ["0j"], ["(-0.0004311463831566167+0.0001075610332324484j)"], ["0j"], ["0j"], ["(-3.887028399334676e-05+9.697235258611309e-06j)"], ["0j"], ["0j"], ["0j"], ["0j"], ["0j"], ["0j"], ["0j"], ["0j"], ["0j"], ["0j"], ["0j"], ["(-0.0175810148623527+0.004386055868136577j)"], ["0j"], ["0j"], ["0j"], ["0j"], ["0j"], ["0j"], ["0j"], ["0j"], ["(0.004407251203957415-0.0010995070624087303j)"], ["0j"], ["0j"], ["(-0.014976192693011897+0.003736213088823861j)"], ["0j"], ["0j"], ["(0.03255720755536462-0.008122268956960466j)"], ["0j"], ["0j"], ["(-0.014182931009493596+0.0035383126781136478j)"], ["0j"], ["0j"], ["0j"], ["0j"], ["0j"], ["(0.00022667760766044404-5.6550811147026635e-05j)"], ["0j"], ["0j"], ["0j"], ["0j"], ["0j"], ["(0.009165018842298936-0.0022864598539717542j)"], ["0j"], ["0j"], ["0j"], ["0j"], ["0j"], ["0j"], ["0j"], ["0j"], ["0j"], ["0j"], ["0j"], ["0j"], ["0j"], ["0j"], ["(0.0004311463831566243-0.00010756103323244443j)"], ["0j"], ["0j"], ["0j"], ["0j"], ["0j"], ["(3.887028399336999e-05-9.697235258594961e-06j)"], ["0j"], ["0j"], ["0j"], ["0j"], ["0j"], ["(-0.004407251203957386+0.001099507062408712j)"], ["0j"], ["0j"], ["(0.03255720755536462-0.008122268956960487j)"], ["0j"], ["0j"], ["(-0.014976192693011899+0.00373621308882387j)"], ["0j"], ["0j"], ["(0.014182931009493527-0.0035383126781136386j)"], ["0j"], ["0j"], ["0j"], ["0j"], ["0j"], ["0j"], ["0j"], ["0j"], ["(-0.017581014862352678+0.00438605586813658j)"], ["0j"], ["0j"], ["0j"], ["0j"], ["0j"], ["0j"], ["0j"], ["0j"], ["0j"], ["0j"], ["0j"], ["(-0.00022667760766043122+5.655081114704072e-05j)"], ["0j"], ["0j"], ["(-0.009165018842299266+0.0022864598539714567j)"], ["0j"], ["0j"], ["0j"], ["0j"], ["0j"], ["0j"], ["0j"], ["0j"], ["0j"], ["0j"], ["0j"], ["0j"], ["0j"], ["0j"], ["(0.017960404167227873-0.004480704709513738j)"], ["0j"], ["0j"], ["(-0.009527682426240348+0.0023769360154992595j)"], ["0j"], ["0j"], ["(0.009527682426240178-0.0023769360154991914j)"], ["0j"], ["0j"], ["(0.13824555465907817-0.03448906283303745j)"], ["0j"], ["0j"], ["0j"], ["0j"], ["0j"], ["(-0.002826764598214496+0.0007052122730633397j)"], ["0j"], ["0j"], ["0j"], ["0j"], ["0j"], ["(0.001230880127512276-0.00030707607316852114j)"], ["0j"], ["0j"], ["0j"], ["0j"], ["0j"], ["0j"], ["0j"], ["0j"], ["(0.002826764598214444-0.0007052122730634669j)"], ["0j"], ["0j"], ["(-0.0012308801275138907+0.0003070760731686318j)"], ["0j"], ["0j"], ["0j"], ["0j"], ["0j"], ["0j"], ["0j"], ["0j"], ["0j"], ["0j"], ["0j"], ["(-0.9569709898163845+0.238742089599653j)"], ["0j"], ["0j"], ["0j"], ["0j"], ["0j"], ["0j"], ["0j"], ["0j"], ["0j"], ["0j"], ["0j"], ["0j"], ["0j"], ["0j"], ["0j"]], "hf_energy": -1.847274881113651}