{"geometry": [["H", [0.0, 0.0, 0.0]], ["H", [0.6987, 0.0, 0.0]], ["H", [0.004, -0.4652, 0.0]], ["H", [0.2175, -0.1167, -0.3515]]], "multiplicity": 1, "canonical_orbitals": [[0.39396818436972036, 0.38566320228382, 0.8259686189459687, 2.038793303096916], [0.06120167458962622, -1.1347506893609094, -0.9522023599370891, 0.3375698558639117], [0.23379141760959216, 0.9145334728430065, -1.4931959041287322, -0.6744277721828], [0.3831990162857841, -0.3529500663246244, 1.3418253382179375, -1.6860294082593694]], "canonical_to_oao": [[0.5694417762317072, 0.34502193294725014, 0.4954969258292463, 0.5578339589530068], [0.2007496951061009, -0.8003879737280246, 0.5339920562242564, -0.18420405890138483], [0.31612837976602615, -0.4659595006727421, -0.6346909960181147, 0.5292560163218271], [0.7317776102774594, 0.15238340142449971, -0.25788101899265875, -0.612191316591649]], "orbital_energies": [-1.2267863907872818, -0.12918719279226817, 0.7856353418017137, 0.8783186052954052], "exact_energy": -0.7170430884192153, "ground_states": [["0j"], ["0j"], ["0j"], ["0j"], ["0j"], ["0j"], ["0j"], ["0j"], ["0j"], ["0j"], ["0j"], ["0j"], ["0j"], ["0j"], ["0j"], ["(-0.0023583358416340732-0.006222345033964119j)"], ["0j"], ["0j"], ["0j"], ["0j"], ["0j"], ["0j"], ["0j"], ["0j"], ["0j"], ["0j"], ["0j"], ["(0.00043666703315420796+0.0011521229916771115j)"], ["0j"], ["0j"], ["(-0.0002804121320414176-0.0007398526564657101j)"], ["0j"], ["0j"], ["0j"], ["0j"], ["0j"], ["0j"], ["0j"], ["0j"], ["(-0.0004366670331542054-0.0011521229916771378j)"], ["0j"], ["0j"], ["0j"], ["0j"], ["0j"], ["(0.0002804121320414272+0.0007398526564657087j)"], ["0j"], ["0j"], ["0j"], ["0j"], ["0j"], ["(0.015811503993303163+0.041717821361721384j)"], ["0j"], ["0j"], ["(-0.00044022368433340516-0.0011615070286797708j)"], ["0j"], ["0j"], ["(0.00044022368433340364+0.0011615070286797612j)"], ["0j"], ["0j"], ["(0.013132559983960736+0.034649568546104695j)"], ["0j"], ["0j"], ["0j"], ["0j"], ["0j"], ["0j"], ["0j"], ["0j"], ["0j"], ["0j"], ["0j"], ["0j"], ["0j"], ["0j"], ["(-0.0007220815612721041-0.0019051742069888923j)"], ["0j"], ["0j"], ["(-0.00040510736934528703-0.0010688544792337715j)"], ["0j"], ["0j"], ["0j"], ["0j"], ["0j"], ["0j"], ["0j"], ["0j"], ["0j"], ["0j"], ["0j"], ["(-0.0013902930171352029-0.0036682149752395123j)"], ["0j"], ["0j"], ["0j"], ["0j"], ["0j"], ["0j"], ["0j"], ["0j"], ["(0.0020808926435023087+0.005490325753408286j)"], ["0j"], ["0j"], ["(-0.006837810074163955-0.018041202108298487j)"], ["0j"], ["0j"], ["(0.0082281030912992+0.021709417083538112j)"], ["0j"], ["0j"], ["(0.0023544358175656252+0.006212055025660044j)"], ["0j"], ["0j"], ["0j"], ["0j"], ["0j"], ["(0.00010606607640165838+0.00027984976190353905j)"], ["0j"], ["0j"], ["0j"], ["0j"], ["0j"], ["(0.0019277249526805796+0.005086200860115658j)"], ["0j"], ["0j"], ["0j"], ["0j"], ["0j"], ["0j"], ["0j"], ["0j"], ["0j"], ["0j"], ["0j"], ["0j"], ["0j"], ["0j"], ["(0.0007220815612721588+0.0019051742069889055j)"], ["0j"], ["0j"], ["0j"], ["0j"], ["0j"], ["(0.00040510736934531283+0.0010688544792337436j)"], ["0j"], ["0j"], ["0j"], ["0j"], ["0j"], ["(-0.002080892643502323-0.005490325753408314j)"], ["0j"], ["0j"], ["(0.008228103091299194+0.021709417083538098j)"], ["0j"], ["0j"], ["(-0.006837810074163959-0.018041202108298512j)"], ["0j"], ["0j"], ["(-0.0023544358175656365-0.006212055025660028j)"], ["0j"], ["0j"], ["0j"], ["0j"], ["0j"], ["0j"], ["0j"], ["0j"], ["(-0.0013902930171351968-0.003668214975239504j)"], ["0j"], ["0j"], ["0j"], ["0j"], ["0j"], ["0j"], ["0j"], ["0j"], ["0j"], ["0j"], ["0j"], ["(-0.00010606607640161637-0.00027984976190344093j)"], ["0j"], ["0j"], ["(-0.0019277249526805042-0.005086200860115611j)"], ["0j"], ["0j"], ["0j"], ["0j"], ["0j"], ["0j"], ["0j"], ["0j"], ["0j"], ["0j"], ["0j"], ["0j"], ["0j"], ["0j"], ["(0.007549617730217036+0.01991926915692995j)"], ["0j"], ["0j"], ["(0.0009459002532727578+0.002495708049579159j)"], ["0j"], ["0j"], ["(-0.0009459002532727699-0.002495708049579119j)"], ["0j"], ["0j"], ["(0.03784978965601751+0.09986467853515059j)"], ["0j"], ["0j"], ["0j"], ["0j"], ["0j"], ["(0.0025618488520319526+0.006759303404031443j)"], ["0j"], ["0j"], ["0j"], ["0j"], ["0j"], ["(-0.004874005672093885-0.012859807519294109j)"], ["0j"], ["0j"], ["0j"], ["0j"], ["0j"], ["0j"], ["0j"], ["0j"], ["(-0.0025618488520321343-0.006759303404031539j)"], ["0j"], ["0j"], ["(0.0048740056720943045+0.012859807519294959j)"], ["0j"], ["0j"], ["0j"], ["0j"], ["0j"], ["0j"], ["0j"], ["0j"], ["0j"], ["0j"], ["0j"], ["(-0.35123159999977105-0.9267060964970848j)"], ["0j"], ["0j"], ["0j"], ["0j"], ["0j"], ["0j"], ["0j"], ["0j"], ["0j"], ["0j"], ["0j"], ["0j"], ["0j"], ["0j"], ["0j"]]}