{"geometry": [["H", [0.0, 0.0, 0.0]], ["H", [1.3278, 0.0, 0.0]], ["H", [0.4387, 0.271, 0.0]], ["H", [-0.3952, -0.0647, -0.1497]]], "multiplicity": 1, "canonical_orbitals": [[0.5539638365654275, 0.26088757859361267, 0.3484783931977873, 3.0412949875558946], [0.054698166542961446, -0.7094487256006456, -0.9258204877086429, 0.340184442724987], [0.2489001483549961, -0.522166540505846, 1.0575381194459932, -1.767310406802825], [0.24892129722095557, 0.5591811960998244, -0.9986836809302129, -1.856324989443066]], "canonical_to_oao": [[0.6525296864718315, 0.19170318706325645, 0.5086070453352293, 0.527990312201017], [0.16360344986956982, -0.7657135666807924, -0.4083706901973416, 0.4692014752529042], [0.13629000838048244, -0.6033974634722119, 0.5905636481271996, -0.5182384703991423], [0.7272303301426566, 0.11333191494927744, -0.4751703171851191, -0.48218781988010284]], "orbital_energies": [-1.008915324579231, -0.3391064895372799, 0.5825843917001587, 1.9701471306688148], "exact_energy": -1.6643522553324586, "ground_states": [["0j"], ["0j"], ["0j"], ["0j"], ["0j"], ["0j"], ["0j"], ["0j"], ["0j"], ["0j"], ["0j"], ["0j"], ["0j"], ["0j"], ["0j"], ["(-0.004120982537841384+0.0032646892126579037j)"], ["0j"], ["0j"], ["0j"], ["0j"], ["0j"], ["0j"], ["0j"], ["0j"], ["0j"], ["0j"], ["0j"], ["(0.00043201385968415326-0.00034224629065483374j)"], ["0j"], ["0j"], ["(0.00018942446677322017-0.00015006421590223372j)"], ["0j"], ["0j"], ["0j"], ["0j"], ["0j"], ["0j"], ["0j"], ["0j"], ["(-0.00043201385968413055+0.0003422462906548685j)"], ["0j"], ["0j"], ["0j"], ["0j"], ["0j"], ["(-0.0001894244667732219+0.00015006421590221282j)"], ["0j"], ["0j"], ["0j"], ["0j"], ["0j"], ["(0.019681270531915766-0.015591726246577073j)"], ["0j"], ["0j"], ["(-0.00404205529068693+0.0032021621502392223j)"], ["0j"], ["0j"], ["(0.00404205529068694-0.0032021621502392457j)"], ["0j"], ["0j"], ["(0.026009924309978675-0.02060535771192928j)"], ["0j"], ["0j"], ["0j"], ["0j"], ["0j"], ["0j"], ["0j"], ["0j"], ["0j"], ["0j"], ["0j"], ["0j"], ["0j"], ["0j"], ["(9.372511496518554e-05-7.425010151639062e-05j)"], ["0j"], ["0j"], ["(0.000656230836986775-0.0005198735289099816j)"], ["0j"], ["0j"], ["0j"], ["0j"], ["0j"], ["0j"], ["0j"], ["0j"], ["0j"], ["0j"], ["0j"], ["(-0.012628049552381965+0.010004084407541755j)"], ["0j"], ["0j"], ["0j"], ["0j"], ["0j"], ["0j"], ["0j"], ["0j"], ["(0.004198874304892593-0.003326395955967756j)"], ["0j"], ["0j"], ["(-0.0078064280194201155+0.006184341018280757j)"], ["0j"], ["0j"], ["(0.020434477571802025-0.016188425425822488j)"], ["0j"], ["0j"], ["(-0.0068414460843413+0.0054198713596658255j)"], ["0j"], ["0j"], ["0j"], ["0j"], ["0j"], ["(-0.00040674813925566924+0.0003222304997176932j)"], ["0j"], ["0j"], ["0j"], ["0j"], ["0j"], ["(0.005153432957831061-0.004082608171982107j)"], ["0j"], ["0j"], ["0j"], ["0j"], ["0j"], ["0j"], ["0j"], ["0j"], ["0j"], ["0j"], ["0j"], ["0j"], ["0j"], ["0j"], ["(-9.372511496519221e-05+7.4250101516408e-05j)"], ["0j"], ["0j"], ["0j"], ["0j"], ["0j"], ["(-0.0006562308369867381+0.0005198735289099934j)"], ["0j"], ["0j"], ["0j"], ["0j"], ["0j"], ["(-0.004198874304892585+0.0033263959559677596j)"], ["0j"], ["0j"], ["(0.020434477571802105-0.01618842542582249j)"], ["0j"], ["0j"], ["(-0.007806428019420112+0.00618434101828076j)"], ["0j"], ["0j"], ["(0.006841446084341249-0.0054198713596658584j)"], ["0j"], ["0j"], ["0j"], ["0j"], ["0j"], ["0j"], ["0j"], ["0j"], ["(-0.01262804955238194+0.01000408440754175j)"], ["0j"], ["0j"], ["0j"], ["0j"], ["0j"], ["0j"], ["0j"], ["0j"], ["0j"], ["0j"], ["0j"], ["(0.0004067481392556254-0.00032223049971773514j)"], ["0j"], ["0j"], ["(-0.005153432957831071+0.004082608171982091j)"], ["0j"], ["0j"], ["0j"], ["0j"], ["0j"], ["0j"], ["0j"], ["0j"], ["0j"], ["0j"], ["0j"], ["0j"], ["0j"], ["0j"], ["(0.009272634247895392-0.007345886259902303j)"], ["0j"], ["0j"], ["(0.004279022871277841-0.0033898905613647333j)"], ["0j"], ["0j"], ["(-0.004279022871277872+0.0033898905613646874j)"], ["0j"], ["0j"], ["(0.11544415325587769-0.09145617054623777j)"], ["0j"], ["0j"], ["0j"], ["0j"], ["0j"], ["(-0.0012946163180858304+0.0010256097640247682j)"], ["0j"], ["0j"], ["0j"], ["0j"], ["0j"], ["(-0.010773278998050495+0.008534714089885638j)"], ["0j"], ["0j"], ["0j"], ["0j"], ["0j"], ["0j"], ["0j"], ["0j"], ["(0.001294616318085916-0.0010256097640247246j)"], ["0j"], ["0j"], ["(0.010773278998049479-0.008534714089886139j)"], ["0j"], ["0j"], ["0j"], ["0j"], ["0j"], ["0j"], ["0j"], ["0j"], ["0j"], ["0j"], ["0j"], ["(-0.7733973438960938+0.612694167599755j)"], ["0j"], ["0j"], ["0j"], ["0j"], ["0j"], ["0j"], ["0j"], ["0j"], ["0j"], ["0j"], ["0j"], ["0j"], ["0j"], ["0j"], ["0j"]]}