{"geometry": [["H", [0.0, 0.0, 0.0]], ["H", [1.4366, 0.0, 0.0]], ["H", [0.7606, -0.5065, 0.0]], ["H", [0.5505, 0.8556, 0.0975]]], "multiplicity": 1, "canonical_orbitals": [[0.3381358796088793, 0.5561677642710763, 0.650174146220569, 0.9555971639752777], [0.3091294231151632, -0.6011427626216709, -0.5667517564254051, 0.9588109291491552], [0.39749580443174704, -0.4603058366397498, 0.5000249609365417, -1.2039126803207854], [0.26429934877598216, 0.6095710404770831, -0.7645138186220957, -0.6408981356264537]], "canonical_to_oao": [[0.510746446877386, 0.4816803333644959, 0.5724736675065607, 0.4235516774415833], [0.4834109740302611, -0.5490999200919784, -0.38537096385626946, 0.5623987270243298], [0.5119574690343637, -0.45385034448451816, 0.38390911946735395, -0.6201074122287303], [0.4933066461027717, 0.5103853436533362, -0.6134956464538897, -0.34609022765287834]], "orbital_energies": [-0.7112681013100903, -0.2489611488758601, 0.2701962682321916, 0.8943555400196134], "exact_energy": -1.9604066432457912, "ground_states": [["0j"], ["0j"], ["0j"], ["0j"], ["0j"], ["0j"], ["0j"], ["0j"], ["0j"], ["0j"], ["0j"], ["0j"], ["0j"], ["0j"], ["0j"], ["(-0.03007167623690105-0.007278565859281192j)"], ["0j"], ["0j"], ["0j"], ["0j"], ["0j"], ["0j"], ["0j"], ["0j"], ["0j"], ["0j"], ["0j"], ["(0.0016503650040450776+0.00039945529737562353j)"], ["0j"], ["0j"], ["(-0.0015774250505802229-0.0003818008689731698j)"], ["0j"], ["0j"], ["0j"], ["0j"], ["0j"], ["0j"], ["0j"], ["0j"], ["(-0.0016503650040449451-0.00039945529737561865j)"], ["0j"], ["0j"], ["0j"], ["0j"], ["0j"], ["(0.001577425050580291+0.00038180086897316145j)"], ["0j"], ["0j"], ["0j"], ["0j"], ["0j"], ["(0.04101519748587386+0.009927342053717252j)"], ["0j"], ["0j"], ["(0.004168977227042361+0.0010090616523610232j)"], ["0j"], ["0j"], ["(-0.004168977227042332-0.0010090616523609317j)"], ["0j"], ["0j"], ["(0.0596461247710034+0.014436782438616357j)"], ["0j"], ["0j"], ["0j"], ["0j"], ["0j"], ["0j"], ["0j"], ["0j"], ["0j"], ["0j"], ["0j"], ["0j"], ["0j"], ["0j"], ["(0.0015958512566766217+0.0003862607585234514j)"], ["0j"], ["0j"], ["(-0.0008033829273118567-0.00019445126705279584j)"], ["0j"], ["0j"], ["0j"], ["0j"], ["0j"], ["0j"], ["0j"], ["0j"], ["0j"], ["0j"], ["0j"], ["(-0.032577092587428774-0.007884978277683663j)"], ["0j"], ["0j"], ["0j"], ["0j"], ["0j"], ["0j"], ["0j"], ["0j"], ["(-0.013007100477480655-0.0031482461010090296j)"], ["0j"], ["0j"], ["(-0.05811123178975639-0.014065276056233792j)"], ["0j"], ["0j"], ["(0.09068832437718505+0.021950254333917445j)"], ["0j"], ["0j"], ["(0.037147630606160595+0.008991233935652815j)"], ["0j"], ["0j"], ["0j"], ["0j"], ["0j"], ["(-5.149614330731625e-05-1.2464156224910381e-05j)"], ["0j"], ["0j"], ["0j"], ["0j"], ["0j"], ["(0.003515626231162423+0.0008509242005182733j)"], ["0j"], ["0j"], ["0j"], ["0j"], ["0j"], ["0j"], ["0j"], ["0j"], ["0j"], ["0j"], ["0j"], ["0j"], ["0j"], ["0j"], ["(-0.0015958512566765864-0.00038626075852344965j)"], ["0j"], ["0j"], ["0j"], ["0j"], ["0j"], ["(0.0008033829273120954+0.0001944512670526694j)"], ["0j"], ["0j"], ["0j"], ["0j"], ["0j"], ["(0.013007100477480637+0.0031482461010090795j)"], ["0j"], ["0j"], ["(0.09068832437718508+0.02195025433391724j)"], ["0j"], ["0j"], ["(-0.05811123178975633-0.014065276056233766j)"], ["0j"], ["0j"], ["(-0.03714763060616039-0.008991233935652923j)"], ["0j"], ["0j"], ["0j"], ["0j"], ["0j"], ["0j"], ["0j"], ["0j"], ["(-0.03257709258742873-0.007884978277683717j)"], ["0j"], ["0j"], ["0j"], ["0j"], ["0j"], ["0j"], ["0j"], ["0j"], ["0j"], ["0j"], ["0j"], ["(5.149614330711864e-05+1.2464156224874074e-05j)"], ["0j"], ["0j"], ["(-0.0035156262311622738-0.0008509242005184382j)"], ["0j"], ["0j"], ["0j"], ["0j"], ["0j"], ["0j"], ["0j"], ["0j"], ["0j"], ["0j"], ["0j"], ["0j"], ["0j"], ["0j"], ["(0.05019021468610297+0.012148068508265827j)"], ["0j"], ["0j"], ["(-0.00443162410547374-0.0010726328542899556j)"], ["0j"], ["0j"], ["(0.004431624105473853+0.0010726328542898624j)"], ["0j"], ["0j"], ["(0.3096799225807813+0.07495510705969227j)"], ["0j"], ["0j"], ["0j"], ["0j"], ["0j"], ["(0.0022494285136960305+0.0005444529747429497j)"], ["0j"], ["0j"], ["0j"], ["0j"], ["0j"], ["(-0.018051724378134865-0.004369249779252736j)"], ["0j"], ["0j"], ["0j"], ["0j"], ["0j"], ["0j"], ["0j"], ["0j"], ["(-0.0022494285136964417-0.0005444529747426944j)"], ["0j"], ["0j"], ["(0.018051724378133408+0.004369249779252942j)"], ["0j"], ["0j"], ["0j"], ["0j"], ["0j"], ["0j"], ["0j"], ["0j"], ["0j"], ["0j"], ["0j"], ["(-0.9004958360044822-0.217956531479422j)"], ["0j"], ["0j"], ["0j"], ["0j"], ["0j"], ["0j"], ["0j"], ["0j"], ["0j"], ["0j"], ["0j"], ["0j"], ["0j"], ["0j"], ["0j"]]}