{"geometry": [["H", [0.0, 0.0, 0.0]], ["H", [1.409, 0.0, 0.0]], ["H", [0.3552, -0.2639, 0.0]], ["H", [-0.1584, -0.4062, 0.2825]]], "multiplicity": 1, "canonical_orbitals": [[0.4235637559033234, 0.2238870334916154, 1.147239659764222, 1.770460857851194], [-0.014477301959314987, -0.8508323365699222, -0.5119428629620372, 0.5799358693801668], [0.33938650053267866, -0.49071743087965847, 0.5604167628089544, -1.9673760622072487], [0.31350147553029795, 0.5724926278451287, -1.606193089071241, -0.06914155452293731]], "canonical_to_oao": [[0.6090894908697784, 0.11850239753840819, 0.560104618723616, 0.5488624508691737], [0.1089525606268034, -0.8795608718486592, -0.2878987281733847, 0.3627896560844002], [0.48676057342571777, -0.3422499624298704, 0.2809553091288674, -0.7529895229333016], [0.6166064188792751, 0.30853657434286286, -0.724196970908416, -0.011851321307143076]], "orbital_energies": [-1.1388767796277988, -0.20161880686036127, 0.6394994527436105, 0.9848874583928692], "exact_energy": -1.4242534754183487, "ground_states": [["0j"], ["0j"], ["0j"], ["0j"], ["0j"], ["0j"], ["0j"], ["0j"], ["0j"], ["0j"], ["0j"], ["0j"], ["0j"], ["0j"], ["0j"], ["(0.006344325296461462+0.0008546206873883648j)"], ["0j"], ["0j"], ["0j"], ["0j"], ["0j"], ["0j"], ["0j"], ["0j"], ["0j"], ["0j"], ["0j"], ["(-0.0017455787496505001-0.0002351404824321735j)"], ["0j"], ["0j"], ["(0.0009754016161197223+0.00013139275820437703j)"], ["0j"], ["0j"], ["0j"], ["0j"], ["0j"], ["0j"], ["0j"], ["0j"], ["(0.0017455787496504554+0.00023514048243221237j)"], ["0j"], ["0j"], ["0j"], ["0j"], ["0j"], ["(-0.0009754016161197035-0.00013139275820438307j)"], ["0j"], ["0j"], ["0j"], ["0j"], ["0j"], ["(-0.03818547531554441-0.00514382469962934j)"], ["0j"], ["0j"], ["(0.008123949167213151+0.001094347262657555j)"], ["0j"], ["0j"], ["(-0.008123949167213183-0.0010943472626575898j)"], ["0j"], ["0j"], ["(-0.04663000915743649-0.00628135674273836j)"], ["0j"], ["0j"], ["0j"], ["0j"], ["0j"], ["0j"], ["0j"], ["0j"], ["0j"], ["0j"], ["0j"], ["0j"], ["0j"], ["0j"], ["(0.0006497653250857692+8.752749312455229e-05j)"], ["0j"], ["0j"], ["(0.0009319234631660983+0.00012553597639903795j)"], ["0j"], ["0j"], ["0j"], ["0j"], ["0j"], ["0j"], ["0j"], ["0j"], ["0j"], ["0j"], ["0j"], ["(0.007476490766637873+0.001007130526834858j)"], ["0j"], ["0j"], ["0j"], ["0j"], ["0j"], ["0j"], ["0j"], ["0j"], ["(0.006266534210144483+0.0008441417367428011j)"], ["0j"], ["0j"], ["(0.004339905001623935+0.0005846126140090481j)"], ["0j"], ["0j"], ["(-0.011816395768261791-0.0015917431408438744j)"], ["0j"], ["0j"], ["(-0.025989449280328612-0.003500942964130085j)"], ["0j"], ["0j"], ["0j"], ["0j"], ["0j"], ["(0.001249205389392344+0.0001682758557741893j)"], ["0j"], ["0j"], ["0j"], ["0j"], ["0j"], ["(-0.004050283588627068-0.0005455987804662414j)"], ["0j"], ["0j"], ["0j"], ["0j"], ["0j"], ["0j"], ["0j"], ["0j"], ["0j"], ["0j"], ["0j"], ["0j"], ["0j"], ["0j"], ["(-0.0006497653250857888-8.752749312455656e-05j)"], ["0j"], ["0j"], ["0j"], ["0j"], ["0j"], ["(-0.0009319234631661522-0.00012553597639903454j)"], ["0j"], ["0j"], ["0j"], ["0j"], ["0j"], ["(-0.0062665342101445405-0.000844141736742846j)"], ["0j"], ["0j"], ["(-0.011816395768261765-0.0015917431408438607j)"], ["0j"], ["0j"], ["(0.004339905001623887+0.0005846126140090445j)"], ["0j"], ["0j"], ["(0.025989449280328647+0.003500942964130121j)"], ["0j"], ["0j"], ["0j"], ["0j"], ["0j"], ["0j"], ["0j"], ["0j"], ["(0.007476490766637853+0.0010071305268348324j)"], ["0j"], ["0j"], ["0j"], ["0j"], ["0j"], ["0j"], ["0j"], ["0j"], ["0j"], ["0j"], ["0j"], ["(-0.0012492053893923502-0.00016827585577420067j)"], ["0j"], ["0j"], ["(0.004050283588627226+0.0005455987804661934j)"], ["0j"], ["0j"], ["0j"], ["0j"], ["0j"], ["0j"], ["0j"], ["0j"], ["0j"], ["0j"], ["0j"], ["0j"], ["0j"], ["0j"], ["(-0.037183760406456406-0.005008887374670718j)"], ["0j"], ["0j"], ["(-0.0452780418384201-0.006099238206012513j)"], ["0j"], ["0j"], ["(0.04527804183842023+0.00609923820601256j)"], ["0j"], ["0j"], ["(-0.08373398571698959-0.011279496729326488j)"], ["0j"], ["0j"], ["0j"], ["0j"], ["0j"], ["(-0.007886208586660523-0.0010623221049177371j)"], ["0j"], ["0j"], ["0j"], ["0j"], ["0j"], ["(0.026645902924443753+0.0035893714160705266j)"], ["0j"], ["0j"], ["0j"], ["0j"], ["0j"], ["0j"], ["0j"], ["0j"], ["(0.007886208586660415+0.001062322104917703j)"], ["0j"], ["0j"], ["(-0.02664590292444314-0.003589371416070345j)"], ["0j"], ["0j"], ["0j"], ["0j"], ["0j"], ["0j"], ["0j"], ["0j"], ["0j"], ["0j"], ["0j"], ["(0.9810349616930488+0.13215160543261376j)"], ["0j"], ["0j"], ["0j"], ["0j"], ["0j"], ["0j"], ["0j"], ["0j"], ["0j"], ["0j"], ["0j"], ["0j"], ["0j"], ["0j"], ["0j"]]}