{"geometry": [["H", [0.0, 0.0, 0.0]], ["H", [0.4176, 0.0, 0.0]], ["H", [0.9165, -0.0483, 0.0]], ["H", [0.284, 1.2326, -0.0431]]], "multiplicity": 1, "canonical_orbitals": [[0.24393135096959406, 0.470160402045477, 0.9466973552597875, 2.0914469101924658], [0.6228628807227665, -0.20327733970293885, 0.09576256665142518, -3.3277658117289235], [0.1950401549207531, -0.6484633007287497, -0.8371577116309625, 1.7310112836116254], [0.003132383780603626, 0.8721983023145239, -0.6348152712200484, -0.0047433547659567615]], "canonical_to_oao": [[0.35008057912705914, 0.8939080488565595, 0.2799138778852564, 0.004495472695916866], [0.39131055071258797, -0.16918602119719292, -0.539710554570534, 0.7259233157969518], [0.6678767988323411, 0.0675586512498196, -0.59059868442166, -0.4478499795491501], [0.48698125800280073, -0.7748509290084395, 0.4030559171270849, -0.0011044625899046287]], "orbital_energies": [-1.0322759163751194, -0.15160255668380881, 0.26749776163878985, 2.1289647019809834], "exact_energy": -1.428425325386996, "ground_states": [["0j"], ["0j"], ["0j"], ["0j"], ["0j"], ["0j"], ["0j"], ["0j"], ["0j"], ["0j"], ["0j"], ["0j"], ["0j"], ["0j"], ["0j"], ["(-0.010848802362109455-0.008717793384711911j)"], ["0j"], ["0j"], ["0j"], ["0j"], ["0j"], ["0j"], ["0j"], ["0j"], ["0j"], ["0j"], ["0j"], ["(-0.004025750940855117-0.003234980576589144j)"], ["0j"], ["0j"], ["(0.0012640643903182164+0.001015766700502736j)"], ["0j"], ["0j"], ["0j"], ["0j"], ["0j"], ["0j"], ["0j"], ["0j"], ["(0.004025750940853837+0.0032349805765892426j)"], ["0j"], ["0j"], ["0j"], ["0j"], ["0j"], ["(-0.0012640643903182632-0.0010157667005027224j)"], ["0j"], ["0j"], ["0j"], ["0j"], ["0j"], ["(0.016656485841266774+0.013384684984832652j)"], ["0j"], ["0j"], ["(0.0003218857972039828+0.0002586584011613812j)"], ["0j"], ["0j"], ["(-0.0003218857972042667-0.0002586584011613621j)"], ["0j"], ["0j"], ["(0.014557219973733103+0.011697773795754858j)"], ["0j"], ["0j"], ["0j"], ["0j"], ["0j"], ["0j"], ["0j"], ["0j"], ["0j"], ["0j"], ["0j"], ["0j"], ["0j"], ["0j"], ["(-0.0023959981568091-0.0019253569365558624j)"], ["0j"], ["0j"], ["(-0.002478075975189015-0.0019913123699960887j)"], ["0j"], ["0j"], ["0j"], ["0j"], ["0j"], ["0j"], ["0j"], ["0j"], ["0j"], ["0j"], ["0j"], ["(-0.015167064219168152-0.01218782753174352j)"], ["0j"], ["0j"], ["0j"], ["0j"], ["0j"], ["0j"], ["0j"], ["0j"], ["(-0.002290831320573629-0.0018408478157679038j)"], ["0j"], ["0j"], ["(-0.010317657363628191-0.008290980156898461j)"], ["0j"], ["0j"], ["(0.025484721582795+0.020478807688642076j)"], ["0j"], ["0j"], ["(0.008476415867513635+0.006811410117854596j)"], ["0j"], ["0j"], ["0j"], ["0j"], ["0j"], ["(0.0024673977906287075+0.0019827316802928643j)"], ["0j"], ["0j"], ["0j"], ["0j"], ["0j"], ["(0.016384345983445528+0.013166001025715059j)"], ["0j"], ["0j"], ["0j"], ["0j"], ["0j"], ["0j"], ["0j"], ["0j"], ["0j"], ["0j"], ["0j"], ["0j"], ["0j"], ["0j"], ["(0.002395998156808851+0.0019253569365558732j)"], ["0j"], ["0j"], ["0j"], ["0j"], ["0j"], ["(0.0024780759751879527+0.0019913123699961525j)"], ["0j"], ["0j"], ["0j"], ["0j"], ["0j"], ["(0.002290831320573381+0.0018408478157678969j)"], ["0j"], ["0j"], ["(0.025484721582797097+0.020478807688641947j)"], ["0j"], ["0j"], ["(-0.01031765736362833-0.008290980156898449j)"], ["0j"], ["0j"], ["(-0.008476415867513394-0.006811410117854609j)"], ["0j"], ["0j"], ["0j"], ["0j"], ["0j"], ["0j"], ["0j"], ["0j"], ["(-0.015167064219167425-0.012187827531743573j)"], ["0j"], ["0j"], ["0j"], ["0j"], ["0j"], ["0j"], ["0j"], ["0j"], ["0j"], ["0j"], ["0j"], ["(-0.002467397790627536-0.0019827316802929194j)"], ["0j"], ["0j"], ["(-0.016384345983445722-0.01316600102571506j)"], ["0j"], ["0j"], ["0j"], ["0j"], ["0j"], ["0j"], ["0j"], ["0j"], ["0j"], ["0j"], ["0j"], ["0j"], ["0j"], ["0j"], ["(0.0020231052741509887+0.0016257106717298454j)"], ["0j"], ["0j"], ["(0.008587487563160202+0.0069006642180965j)"], ["0j"], ["0j"], ["(-0.008587487563159333-0.006900664218096573j)"], ["0j"], ["0j"], ["(0.3937507871261338+0.316407092014337j)"], ["0j"], ["0j"], ["0j"], ["0j"], ["0j"], ["(-0.0029785145832665724-0.0023934508034689933j)"], ["0j"], ["0j"], ["0j"], ["0j"], ["0j"], ["(0.14540888099113838+0.1168464995924391j)"], ["0j"], ["0j"], ["0j"], ["0j"], ["0j"], ["0j"], ["0j"], ["0j"], ["(0.002978514583266264+0.002393450803469066j)"], ["0j"], ["0j"], ["(-0.1454088809910897-0.11684649959244268j)"], ["0j"], ["0j"], ["0j"], ["0j"], ["0j"], ["0j"], ["0j"], ["0j"], ["0j"], ["0j"], ["0j"], ["(-0.6378052587952895-0.5125224223163855j)"], ["0j"], ["0j"], ["0j"], ["0j"], ["0j"], ["0j"], ["0j"], ["0j"], ["0j"], ["0j"], ["0j"], ["0j"], ["0j"], ["0j"], ["0j"]]}