{"geometry": [["H", [0.0, 0.0, 0.0]], ["H", [0.4444, 0.0, 0.0]], ["H", [-0.3936, -0.546, 0.0]], ["H", [-0.8899, -0.4996, 0.005]]], "multiplicity": 1, "canonical_orbitals": [[0.40080826597186586, 0.42235915507140986, 0.7192745335072929, 2.2100541473708204], [0.21329080187104954, 0.5984158043954866, -1.112741689382174, -1.4964352476778267], [0.3571516904731414, -0.4556819961094899, 1.4772252037910147, -1.5112683716407485], [0.19030176362429435, -0.6111179750326028, -1.5231199977451366, 0.6655080855169153]], "canonical_to_oao": [[0.5733906185078343, 0.44995557150446164, 0.5471797344934177, 0.41153070412668924], [0.3528028868983497, 0.5863897026059022, -0.387220808320899, -0.6178489178409731], [0.2702101990937439, -0.45473329991154354, 0.5662135025961716, -0.6321442428236227], [0.6882875633840198, -0.49689508580928066, -0.4796422137810623, 0.2220334446624586]], "orbital_energies": [-0.991554789151984, -0.46999913081908606, 1.0817819701853228, 1.389186311543594], "exact_energy": -1.719040042103952, "ground_states": [["0j"], ["0j"], ["0j"], ["0j"], ["0j"], ["0j"], ["0j"], ["0j"], ["0j"], ["0j"], ["0j"], ["0j"], ["0j"], ["0j"], ["0j"], ["(0.0029806525865184942-0.0022510142916232025j)"], ["0j"], ["0j"], ["0j"], ["0j"], ["0j"], ["0j"], ["0j"], ["0j"], ["0j"], ["0j"], ["0j"], ["(-8.445234884416473e-05+6.377913516965024e-05j)"], ["0j"], ["0j"], ["(0.000391047748622706-0.00029532259976831383j)"], ["0j"], ["0j"], ["0j"], ["0j"], ["0j"], ["0j"], ["0j"], ["0j"], ["(8.445234884415451e-05-6.377913516966538e-05j)"], ["0j"], ["0j"], ["0j"], ["0j"], ["0j"], ["(-0.0003910477486226796+0.0002953225997683277j)"], ["0j"], ["0j"], ["0j"], ["0j"], ["0j"], ["(-0.023758020978098048+0.017942260364146694j)"], ["0j"], ["0j"], ["(-0.00014327502684291765+0.00010820252400927252j)"], ["0j"], ["0j"], ["(0.00014327502684293114-0.00010820252400927266j)"], ["0j"], ["0j"], ["(-0.022891736894823215+0.01728803522537095j)"], ["0j"], ["0j"], ["0j"], ["0j"], ["0j"], ["0j"], ["0j"], ["0j"], ["0j"], ["0j"], ["0j"], ["0j"], ["0j"], ["0j"], ["(-2.8051815153524263e-05+2.1184970399487768e-05j)"], ["0j"], ["0j"], ["(1.3160838906638415e-05-9.939177951354699e-06j)"], ["0j"], ["0j"], ["0j"], ["0j"], ["0j"], ["0j"], ["0j"], ["0j"], ["0j"], ["0j"], ["0j"], ["(0.005097260317655567-0.0038494945285013835j)"], ["0j"], ["0j"], ["0j"], ["0j"], ["0j"], ["0j"], ["0j"], ["0j"], ["(-0.007835218876911977+0.005917224217843344j)"], ["0j"], ["0j"], ["(0.014739139000728214-0.011131123662960296j)"], ["0j"], ["0j"], ["(-0.019836399318383765+0.014980618191461665j)"], ["0j"], ["0j"], ["(0.010073394875498128-0.007607513848635286j)"], ["0j"], ["0j"], ["0j"], ["0j"], ["0j"], ["(-0.0002184342132219474+0.00016496338351074634j)"], ["0j"], ["0j"], ["0j"], ["0j"], ["0j"], ["(-0.001398957657947916+0.0010565047720287593j)"], ["0j"], ["0j"], ["0j"], ["0j"], ["0j"], ["0j"], ["0j"], ["0j"], ["0j"], ["0j"], ["0j"], ["0j"], ["0j"], ["0j"], ["(2.8051815153512954e-05-2.1184970399469868e-05j)"], ["0j"], ["0j"], ["0j"], ["0j"], ["0j"], ["(-1.3160838906660563e-05+9.939177951361345e-06j)"], ["0j"], ["0j"], ["0j"], ["0j"], ["0j"], ["(0.007835218876911994-0.005917224217843338j)"], ["0j"], ["0j"], ["(-0.01983639931838376+0.01498061819146167j)"], ["0j"], ["0j"], ["(0.014739139000728225-0.011131123662960296j)"], ["0j"], ["0j"], ["(-0.010073394875498121+0.007607513848635281j)"], ["0j"], ["0j"], ["0j"], ["0j"], ["0j"], ["0j"], ["0j"], ["0j"], ["(0.005097260317655562-0.003849494528501385j)"], ["0j"], ["0j"], ["0j"], ["0j"], ["0j"], ["0j"], ["0j"], ["0j"], ["0j"], ["0j"], ["0j"], ["(0.00021843421322193337-0.0001649633835107285j)"], ["0j"], ["0j"], ["(0.0013989576579479246-0.0010565047720286782j)"], ["0j"], ["0j"], ["0j"], ["0j"], ["0j"], ["0j"], ["0j"], ["0j"], ["0j"], ["0j"], ["0j"], ["0j"], ["0j"], ["0j"], ["(-0.019711231043608984+0.014886090041267244j)"], ["0j"], ["0j"], ["(0.0036227513207374765-0.0027359327399849543j)"], ["0j"], ["0j"], ["(-0.003622751320737487+0.0027359327399849686j)"], ["0j"], ["0j"], ["(-0.04717016326149581+0.035623310183844244j)"], ["0j"], ["0j"], ["0j"], ["0j"], ["0j"], ["(-0.001028106318295793+0.0007764346728160812j)"], ["0j"], ["0j"], ["0j"], ["0j"], ["0j"], ["(0.0004716559927808138-0.00035619863424588455j)"], ["0j"], ["0j"], ["0j"], ["0j"], ["0j"], ["0j"], ["0j"], ["0j"], ["(0.0010281063182958157-0.0007764346728160954j)"], ["0j"], ["0j"], ["(-0.00047165599278085733+0.0003561986342458653j)"], ["0j"], ["0j"], ["0j"], ["0j"], ["0j"], ["0j"], ["0j"], ["0j"], ["0j"], ["0j"], ["0j"], ["(0.7946455523631735-0.6001231083538103j)"], ["0j"], ["0j"], ["0j"], ["0j"], ["0j"], ["0j"], ["0j"], ["0j"], ["0j"], ["0j"], ["0j"], ["0j"], ["0j"], ["0j"], ["0j"]]}