{"geometry": [["H", [0.0, 0.0, 0.0]], ["H", [0.8471, 0.0, 0.0]], ["H", [1.2334, -0.4201, 0.0]], ["H", [-0.1156, -0.4279, 0.04]]], "multiplicity": 1, "canonical_orbitals": [[0.3834203015269181, 0.4483435915458058, 0.896073907529702, 1.8801031857540966], [0.30903483567016676, -0.5005604324065249, 1.0466019649652198, -1.4925604240846906], [0.1927129697462852, -0.5907497889807037, -1.0198383833122115, 1.123604712060107], [0.3183686279213489, 0.47523053436881874, -1.1833424334229945, -1.4086826753339787]], "canonical_to_oao": [[0.6211644829474681, 0.5006554508129982, 0.31220686993622404, 0.5157767686319964], [0.4425396634769631, -0.4940805433246277, -0.5831023744830267, 0.4690785476122232], [0.43019398390010516, 0.5024606397783569, -0.48961177573043035, -0.5681080449666023], [0.6263740743040016, -0.49726055519865187, 0.37433948664789674, -0.4693158936361761]], "orbital_energies": [-0.9101784457675234, -0.47868243358764684, 0.7508080867399423, 1.5149015464517592], "exact_energy": -1.8720141465059466, "ground_states": [["0j"], ["0j"], ["0j"], ["0j"], ["0j"], ["0j"], ["0j"], ["0j"], ["0j"], ["0j"], ["0j"], ["0j"], ["0j"], ["0j"], ["0j"], ["(-0.004034693220328897+0.003141057273170199j)"], ["0j"], ["0j"], ["0j"], ["0j"], ["0j"], ["0j"], ["0j"], ["0j"], ["0j"], ["0j"], ["0j"], ["(0.0003311634478429603-0.0002578147332774054j)"], ["0j"], ["0j"], ["(-0.00011822284955270258+9.203791246665269e-05j)"], ["0j"], ["0j"], ["0j"], ["0j"], ["0j"], ["0j"], ["0j"], ["0j"], ["(-0.00033116344784296284+0.0002578147332774066j)"], ["0j"], ["0j"], ["0j"], ["0j"], ["0j"], ["(0.00011822284955271092-9.20379124666583e-05j)"], ["0j"], ["0j"], ["0j"], ["0j"], ["0j"], ["(0.017702275937762496-0.013781435055784002j)"], ["0j"], ["0j"], ["(-0.004801479606030867+0.003738009711001575j)"], ["0j"], ["0j"], ["(0.004801479606030878-0.00373800971100158j)"], ["0j"], ["0j"], ["(0.03373933818881174-0.02626648119761563j)"], ["0j"], ["0j"], ["0j"], ["0j"], ["0j"], ["0j"], ["0j"], ["0j"], ["0j"], ["0j"], ["0j"], ["0j"], ["0j"], ["0j"], ["(0.0008141304538479548-0.0006338103651806269j)"], ["0j"], ["0j"], ["(0.00011312274423928502-8.806741904526971e-05j)"], ["0j"], ["0j"], ["0j"], ["0j"], ["0j"], ["0j"], ["0j"], ["0j"], ["0j"], ["0j"], ["0j"], ["(-0.008948750753830285+0.0069667102567998115j)"], ["0j"], ["0j"], ["0j"], ["0j"], ["0j"], ["0j"], ["0j"], ["0j"], ["(0.0033656766341845354-0.002620219802010762j)"], ["0j"], ["0j"], ["(-0.01989541146080608+0.01548881747856521j)"], ["0j"], ["0j"], ["(0.028844162214636402-0.022455527735364963j)"], ["0j"], ["0j"], ["(-0.003467377450357651+0.0026993951124701892j)"], ["0j"], ["0j"], ["0j"], ["0j"], ["0j"], ["(1.6803643372679566e-05-1.3081838779068585e-05j)"], ["0j"], ["0j"], ["0j"], ["0j"], ["0j"], ["(0.00017414986277979568-0.00013557776595014351j)"], ["0j"], ["0j"], ["0j"], ["0j"], ["0j"], ["0j"], ["0j"], ["0j"], ["0j"], ["0j"], ["0j"], ["0j"], ["0j"], ["0j"], ["(-0.0008141304538479405+0.0006338103651806221j)"], ["0j"], ["0j"], ["0j"], ["0j"], ["0j"], ["(-0.00011312274423931467+8.806741904528413e-05j)"], ["0j"], ["0j"], ["0j"], ["0j"], ["0j"], ["(-0.003365676634184515+0.0026202198020107456j)"], ["0j"], ["0j"], ["(0.028844162214636385-0.022455527735364994j)"], ["0j"], ["0j"], ["(-0.019895411460806093+0.015488817478565215j)"], ["0j"], ["0j"], ["(0.0034673774503575483-0.00269939511247012j)"], ["0j"], ["0j"], ["0j"], ["0j"], ["0j"], ["0j"], ["0j"], ["0j"], ["(-0.008948750753830271+0.006966710256799813j)"], ["0j"], ["0j"], ["0j"], ["0j"], ["0j"], ["0j"], ["0j"], ["0j"], ["0j"], ["0j"], ["0j"], ["(-1.6803643372550712e-05+1.3081838779028786e-05j)"], ["0j"], ["0j"], ["(-0.00017414986278003+0.00013557776595030167j)"], ["0j"], ["0j"], ["0j"], ["0j"], ["0j"], ["0j"], ["0j"], ["0j"], ["0j"], ["0j"], ["0j"], ["0j"], ["0j"], ["0j"], ["(0.02671293744829866-0.02079634358244449j)"], ["0j"], ["0j"], ["(0.00955171223122843-0.007436123030113077j)"], ["0j"], ["0j"], ["(-0.009551712231228407+0.007436123030113068j)"], ["0j"], ["0j"], ["(0.04591830382176056-0.03574795264836089j)"], ["0j"], ["0j"], ["0j"], ["0j"], ["0j"], ["(0.000967556836149261-0.0007532546519471332j)"], ["0j"], ["0j"], ["0j"], ["0j"], ["0j"], ["(-0.0024447063222195827+0.0019032333203136888j)"], ["0j"], ["0j"], ["0j"], ["0j"], ["0j"], ["0j"], ["0j"], ["0j"], ["(-0.0009675568361494367+0.0007532546519471323j)"], ["0j"], ["0j"], ["(0.0024447063222198576-0.0019032333203135483j)"], ["0j"], ["0j"], ["0j"], ["0j"], ["0j"], ["0j"], ["0j"], ["0j"], ["0j"], ["0j"], ["0j"], ["(-0.7844979194564022+0.610741080208956j)"], ["0j"], ["0j"], ["0j"], ["0j"], ["0j"], ["0j"], ["0j"], ["0j"], ["0j"], ["0j"], ["0j"], ["0j"], ["0j"], ["0j"], ["0j"]]}