{"geometry": [["H", [0.0, 0.0, 0.0]], ["H", [0.9606, 0.0, 0.0]], ["H", [-0.0368, 0.9605, 0.0]], ["H", [-0.6749, 1.093, 0.4376]]], "multiplicity": 1, "canonical_orbitals": [[0.3562079136825077, 0.4278970434285343, 1.0500734859982712, 0.5459783819935158], [0.22996997530487498, 0.6149836004416973, -0.9779272724164801, -0.009648857630842276], [0.4219374729958818, -0.33587686874159184, 0.06455299952002636, -1.3320484664044188], [0.30668528869637324, -0.5652922911916272, -0.4520383258842037, 1.029580575789679]], "canonical_to_oao": [[0.5301767567932152, 0.37183595313397505, 0.5970833742239604, 0.4734364526929752], [0.4039593034764444, 0.6446165063259692, -0.30645177525672607, -0.5721658416481442], [0.680705429180932, -0.6679204707803184, 0.047139139869438934, -0.2971536048722444], [0.30392368511627893, -0.009477786748317204, -0.7398355595398898, 0.6001532387848896]], "orbital_energies": [-0.7238649800762009, -0.3478396758882781, 0.49970947597635557, 0.6934533503539833], "exact_energy": -2.106128444501199, "ground_states": [["0j"], ["0j"], ["0j"], ["0j"], ["0j"], ["0j"], ["0j"], ["0j"], ["0j"], ["0j"], ["0j"], ["0j"], ["0j"], ["0j"], ["0j"], ["(0.016179535641633234-0.007137358806924218j)"], ["0j"], ["0j"], ["0j"], ["0j"], ["0j"], ["0j"], ["0j"], ["0j"], ["0j"], ["0j"], ["0j"], ["(0.0018242964406661112-0.0008047609372499427j)"], ["0j"], ["0j"], ["(0.003486749362292686-0.0015381270402136512j)"], ["0j"], ["0j"], ["0j"], ["0j"], ["0j"], ["0j"], ["0j"], ["0j"], ["(-0.0018242964406661392+0.0008047609372498801j)"], ["0j"], ["0j"], ["0j"], ["0j"], ["0j"], ["(-0.0034867493622926723+0.0015381270402137109j)"], ["0j"], ["0j"], ["0j"], ["0j"], ["0j"], ["(-0.05347849942206475+0.023591235699557785j)"], ["0j"], ["0j"], ["(0.004573364491798177-0.0020174709618252015j)"], ["0j"], ["0j"], ["(-0.004573364491798173+0.0020174709618251464j)"], ["0j"], ["0j"], ["(-0.04325171085355672+0.019079841734197685j)"], ["0j"], ["0j"], ["0j"], ["0j"], ["0j"], ["0j"], ["0j"], ["0j"], ["0j"], ["0j"], ["0j"], ["0j"], ["0j"], ["0j"], ["(-0.0007700784029725726+0.000339708505436648j)"], ["0j"], ["0j"], ["(8.74141817003295e-05-3.8561451541554316e-05j)"], ["0j"], ["0j"], ["0j"], ["0j"], ["0j"], ["0j"], ["0j"], ["0j"], ["0j"], ["0j"], ["0j"], ["(0.009159079509849611-0.004040390172554137j)"], ["0j"], ["0j"], ["0j"], ["0j"], ["0j"], ["0j"], ["0j"], ["0j"], ["(0.039802946142042876-0.01755847105138321j)"], ["0j"], ["0j"], ["(0.022036062920987216-0.009720877733618712j)"], ["0j"], ["0j"], ["(-0.031195142430836844+0.013761267906172924j)"], ["0j"], ["0j"], ["(-0.05310240508651859+0.023425327339917576j)"], ["0j"], ["0j"], ["0j"], ["0j"], ["0j"], ["(0.001396792136389014-0.0006161738431135003j)"], ["0j"], ["0j"], ["0j"], ["0j"], ["0j"], ["(-0.00396772473947154+0.0017503020939518268j)"], ["0j"], ["0j"], ["0j"], ["0j"], ["0j"], ["0j"], ["0j"], ["0j"], ["0j"], ["0j"], ["0j"], ["0j"], ["0j"], ["0j"], ["(0.0007700784029725635-0.000339708505436658j)"], ["0j"], ["0j"], ["0j"], ["0j"], ["0j"], ["(-8.741418170036741e-05+3.856145154148086e-05j)"], ["0j"], ["0j"], ["0j"], ["0j"], ["0j"], ["(-0.03980294614204283+0.017558471051383175j)"], ["0j"], ["0j"], ["(-0.031195142430836834+0.013761267906173016j)"], ["0j"], ["0j"], ["(0.022036062920987188-0.009720877733618825j)"], ["0j"], ["0j"], ["(0.05310240508651859-0.02342532733991747j)"], ["0j"], ["0j"], ["0j"], ["0j"], ["0j"], ["0j"], ["0j"], ["0j"], ["(0.009159079509849618-0.00404039017255413j)"], ["0j"], ["0j"], ["0j"], ["0j"], ["0j"], ["0j"], ["0j"], ["0j"], ["0j"], ["0j"], ["0j"], ["(-0.0013967921363888809+0.0006161738431136928j)"], ["0j"], ["0j"], ["(0.00396772473947165-0.0017503020939519081j)"], ["0j"], ["0j"], ["0j"], ["0j"], ["0j"], ["0j"], ["0j"], ["0j"], ["0j"], ["0j"], ["0j"], ["0j"], ["0j"], ["0j"], ["(-0.04929096473957785+0.021743967755202154j)"], ["0j"], ["0j"], ["(-0.020576552807446746+0.009077036798167853j)"], ["0j"], ["0j"], ["(0.020576552807446767-0.009077036798167657j)"], ["0j"], ["0j"], ["(-0.12416198756804199+0.05477219341039898j)"], ["0j"], ["0j"], ["0j"], ["0j"], ["0j"], ["(-0.008269591765210417+0.0036480060319659517j)"], ["0j"], ["0j"], ["0j"], ["0j"], ["0j"], ["(-0.007808703810589588+0.0034446922425740243j)"], ["0j"], ["0j"], ["0j"], ["0j"], ["0j"], ["0j"], ["0j"], ["0j"], ["(0.008269591765210235-0.0036480060319665606j)"], ["0j"], ["0j"], ["(0.00780870381058994-0.0034446922425731613j)"], ["0j"], ["0j"], ["0j"], ["0j"], ["0j"], ["0j"], ["0j"], ["0j"], ["0j"], ["0j"], ["0j"], ["(0.8950718405288378-0.39484748050429763j)"], ["0j"], ["0j"], ["0j"], ["0j"], ["0j"], ["0j"], ["0j"], ["0j"], ["0j"], ["0j"], ["0j"], ["0j"], ["0j"], ["0j"], ["0j"]], "hf_energy": -2.052098340935711}