{"geometry": [["H", [0.0, 0.0, 0.0]], ["H", [0.6454, 0.0, 0.0]], ["H", [0.6544, 0.8599, 0.0]], ["H", [0.0242, -0.0389, -0.8213]]], "multiplicity": 1, "canonical_orbitals": [[0.40666639140478755, 0.3566246355087544, 0.6344698482170874, 1.3667909827983808], [0.3974716759064983, -0.3715297325676639, 0.6572139984297697, -1.3443470543801705], [0.1828249240501896, -0.7682958043239858, -0.8207075939462981, 0.46996085525767745], [0.21499939472936974, 0.736054365968406, -0.8786130390371063, -0.4802451333691045]], "canonical_to_oao": [[0.5896325412442872, 0.5825626063538303, 0.37663271356647543, 0.4136448658639347], [0.2547332578894018, -0.26806569330404734, -0.6797734913552519, 0.6333717327519148], [0.38746681856048787, 0.4035486380455732, -0.5724530627684208, -0.5994292720356853], [0.6612971330237788, -0.6526178747806557, 0.2614446221464485, -0.26157737081409344]], "orbital_energies": [-0.8670452527841395, -0.20762283112100005, 0.4385401338201658, 0.7762384818792786], "exact_energy": -1.7968033614072942, "ground_states": [["0j"], ["0j"], ["0j"], ["0j"], ["0j"], ["0j"], ["0j"], ["0j"], ["0j"], ["0j"], ["0j"], ["0j"], ["0j"], ["0j"], ["0j"], ["(-0.006477889488818199-0.01827692138786502j)"], ["0j"], ["0j"], ["0j"], ["0j"], ["0j"], ["0j"], ["0j"], ["0j"], ["0j"], ["0j"], ["0j"], ["(0.00026551101836660914+0.00074912114797174j)"], ["0j"], ["0j"], ["(-0.00047273045739722885-0.00133377659844508j)"], ["0j"], ["0j"], ["0j"], ["0j"], ["0j"], ["0j"], ["0j"], ["0j"], ["(-0.0002655110183665344-0.0007491211479717338j)"], ["0j"], ["0j"], ["0j"], ["0j"], ["0j"], ["(0.00047273045739724853+0.0013337765984450726j)"], ["0j"], ["0j"], ["0j"], ["0j"], ["0j"], ["(0.018211328934232992+0.05138201691678605j)"], ["0j"], ["0j"], ["(-0.000511735243887713-0.0014438259312822249j)"], ["0j"], ["0j"], ["(0.0005117352438877685+0.0014438259312822262j)"], ["0j"], ["0j"], ["(0.013667246718962191+0.03856120026471764j)"], ["0j"], ["0j"], ["0j"], ["0j"], ["0j"], ["0j"], ["0j"], ["0j"], ["0j"], ["0j"], ["0j"], ["0j"], ["0j"], ["0j"], ["(-0.0013801356674173822-0.0038939582315378127j)"], ["0j"], ["0j"], ["(-0.00011363583060965725-0.00032061571079310987j)"], ["0j"], ["0j"], ["0j"], ["0j"], ["0j"], ["0j"], ["0j"], ["0j"], ["0j"], ["0j"], ["0j"], ["(-0.0068835308988073295-0.019421410835366488j)"], ["0j"], ["0j"], ["0j"], ["0j"], ["0j"], ["0j"], ["0j"], ["0j"], ["(-0.000174158827995493-0.000491377201443611j)"], ["0j"], ["0j"], ["(-0.012579139908465412-0.03549118144587566j)"], ["0j"], ["0j"], ["(0.01946267080727273+0.05491259228124213j)"], ["0j"], ["0j"], ["(0.0012027253890367323+0.003393407285591921j)"], ["0j"], ["0j"], ["0j"], ["0j"], ["0j"], ["(1.2198038347883417e-05+3.441592950220868e-05j)"], ["0j"], ["0j"], ["0j"], ["0j"], ["0j"], ["(0.006102450745474704+0.017217646695097715j)"], ["0j"], ["0j"], ["0j"], ["0j"], ["0j"], ["0j"], ["0j"], ["0j"], ["0j"], ["0j"], ["0j"], ["0j"], ["0j"], ["0j"], ["(0.0013801356674173924+0.0038939582315378465j)"], ["0j"], ["0j"], ["0j"], ["0j"], ["0j"], ["(0.00011363583060959906+0.0003206157107931174j)"], ["0j"], ["0j"], ["0j"], ["0j"], ["0j"], ["(0.00017415882799553818+0.0004913772014436353j)"], ["0j"], ["0j"], ["(0.01946267080727272+0.0549125922812421j)"], ["0j"], ["0j"], ["(-0.012579139908465396-0.035491181445875666j)"], ["0j"], ["0j"], ["(-0.001202725389036821-0.003393407285591863j)"], ["0j"], ["0j"], ["0j"], ["0j"], ["0j"], ["0j"], ["0j"], ["0j"], ["(-0.00688353089880731-0.019421410835366457j)"], ["0j"], ["0j"], ["0j"], ["0j"], ["0j"], ["0j"], ["0j"], ["0j"], ["0j"], ["0j"], ["0j"], ["(-1.2198038347883982e-05-3.4415929502203927e-05j)"], ["0j"], ["0j"], ["(-0.006102450745474695-0.01721764669509773j)"], ["0j"], ["0j"], ["0j"], ["0j"], ["0j"], ["0j"], ["0j"], ["0j"], ["0j"], ["0j"], ["0j"], ["0j"], ["0j"], ["0j"], ["(0.007833790168004938+0.022102502260466388j)"], ["0j"], ["0j"], ["(0.0017693975987459155+0.004992234102168405j)"], ["0j"], ["0j"], ["(-0.0017693975987459508-0.0049922341021684065j)"], ["0j"], ["0j"], ["(0.08371688832260828+0.2362014648984272j)"], ["0j"], ["0j"], ["0j"], ["0j"], ["0j"], ["(0.0011949290644821054+0.003371410489992425j)"], ["0j"], ["0j"], ["0j"], ["0j"], ["0j"], ["(-0.003038375690792773-0.00857256885028274j)"], ["0j"], ["0j"], ["0j"], ["0j"], ["0j"], ["0j"], ["0j"], ["0j"], ["(-0.0011949290644821156-0.003371410489992378j)"], ["0j"], ["0j"], ["(0.003038375690792702+0.008572568850282885j)"], ["0j"], ["0j"], ["0j"], ["0j"], ["0j"], ["0j"], ["0j"], ["0j"], ["0j"], ["0j"], ["0j"], ["(-0.3204561363376149-0.9041450339978008j)"], ["0j"], ["0j"], ["0j"], ["0j"], ["0j"], ["0j"], ["0j"], ["0j"], ["0j"], ["0j"], ["0j"], ["0j"], ["0j"], ["0j"], ["0j"]]}