{"geometry": [["H", [0.0, 0.0, 0.0]], ["H", [0.5565, 0.0, 0.0]], ["H", [-0.7774, 0.5338, 0.0]], ["H", [0.3398, 1.2162, 0.4392]]], "multiplicity": 1, "canonical_orbitals": [[0.4828192103700024, 0.2852992409490201, 0.22721154461999687, 1.765670599243754], [0.3847771642625749, 0.5449290265851383, -0.3045929098091828, -1.5097313736638163], [0.21104138912324932, -0.6554479145335327, 0.747564620423122, -0.7204927771487774], [0.15397157201916542, -0.670367323219158, -0.8243872070278033, 0.19302931693567144]], "canonical_to_oao": [[0.6518245192777421, 0.5865215469026462, 0.38071630694216213, 0.29355129826929527], [0.21895138421957078, 0.4555104021493803, -0.5940892639060387, -0.6258022941741453], [0.1627701896330072, -0.2345430305420613, 0.6356713206032479, -0.7172289762366711], [0.7075951899098163, -0.6272896582734169, -0.3131054332048943, 0.08821405521391071]], "orbital_energies": [-0.7493074905136469, -0.23294477762444046, 0.1871626601380991, 1.2054802310231614], "exact_energy": -1.8975251208577255, "ground_states": [["0j"], ["0j"], ["0j"], ["0j"], ["0j"], ["0j"], ["0j"], ["0j"], ["0j"], ["0j"], ["0j"], ["0j"], ["0j"], ["0j"], ["0j"], ["(0.030080886504739796-0.00134531396370595j)"], ["0j"], ["0j"], ["0j"], ["0j"], ["0j"], ["0j"], ["0j"], ["0j"], ["0j"], ["0j"], ["0j"], ["(0.0020700061828233087-9.257733219287853e-05j)"], ["0j"], ["0j"], ["(0.005671959767877491-0.00025366827789937763j)"], ["0j"], ["0j"], ["0j"], ["0j"], ["0j"], ["0j"], ["0j"], ["0j"], ["(-0.0020700061828106374+9.257733219929893e-05j)"], ["0j"], ["0j"], ["0j"], ["0j"], ["0j"], ["(-0.0056719597678823635+0.0002536682778969001j)"], ["0j"], ["0j"], ["0j"], ["0j"], ["0j"], ["(-0.03840210845536217+0.0017174657646013322j)"], ["0j"], ["0j"], ["(0.010005073246904942-0.0004474590449601207j)"], ["0j"], ["0j"], ["(-0.01000507324690535+0.0004474590449599478j)"], ["0j"], ["0j"], ["(-0.025648148373871207+0.001147067661889967j)"], ["0j"], ["0j"], ["0j"], ["0j"], ["0j"], ["0j"], ["0j"], ["0j"], ["0j"], ["0j"], ["0j"], ["0j"], ["0j"], ["0j"], ["(-0.0005133445691743116+2.295841969060096e-05j)"], ["0j"], ["0j"], ["(-0.0019025837963455104+8.50896647619522e-05j)"], ["0j"], ["0j"], ["0j"], ["0j"], ["0j"], ["0j"], ["0j"], ["0j"], ["0j"], ["0j"], ["0j"], ["(0.0210518533722525-0.000941506570928395j)"], ["0j"], ["0j"], ["0j"], ["0j"], ["0j"], ["0j"], ["0j"], ["0j"], ["(-0.022179345179834102+0.0009919316297939927j)"], ["0j"], ["0j"], ["(0.024895926483515313-0.0011134258803313733j)"], ["0j"], ["0j"], ["(-0.04594777985577334+0.0020549324512568615j)"], ["0j"], ["0j"], ["(0.09520352745515923-0.0042578078561390335j)"], ["0j"], ["0j"], ["0j"], ["0j"], ["0j"], ["(0.00034138051020339696-1.5267634061793255e-05j)"], ["0j"], ["0j"], ["0j"], ["0j"], ["0j"], ["(-0.0022224755333923145+9.939625179772847e-05j)"], ["0j"], ["0j"], ["0j"], ["0j"], ["0j"], ["0j"], ["0j"], ["0j"], ["0j"], ["0j"], ["0j"], ["0j"], ["0j"], ["0j"], ["(0.0005133445691668444-2.2958419694378632e-05j)"], ["0j"], ["0j"], ["0j"], ["0j"], ["0j"], ["(0.0019025837963555581-8.50896647566929e-05j)"], ["0j"], ["0j"], ["0j"], ["0j"], ["0j"], ["(0.022179345179835188-0.0009919316297933775j)"], ["0j"], ["0j"], ["(-0.045947779855762184+0.0020549324512626798j)"], ["0j"], ["0j"], ["(0.02489592648351743-0.0011134258803302288j)"], ["0j"], ["0j"], ["(-0.09520352745516204+0.004257807856137597j)"], ["0j"], ["0j"], ["0j"], ["0j"], ["0j"], ["0j"], ["0j"], ["0j"], ["(0.021051853372250268-0.0009415065709295315j)"], ["0j"], ["0j"], ["0j"], ["0j"], ["0j"], ["0j"], ["0j"], ["0j"], ["0j"], ["0j"], ["0j"], ["(-0.0003413805102149403+1.5267634055917123e-05j)"], ["0j"], ["0j"], ["(0.0022224755334229987-9.939625178252312e-05j)"], ["0j"], ["0j"], ["0j"], ["0j"], ["0j"], ["0j"], ["0j"], ["0j"], ["0j"], ["0j"], ["0j"], ["0j"], ["0j"], ["0j"], ["(-0.019610401565579826+0.00087704021142787j)"], ["0j"], ["0j"], ["(-0.008467431775837395+0.00037869077438744674j)"], ["0j"], ["0j"], ["(0.008467431775835258-0.0003786907743885283j)"], ["0j"], ["0j"], ["(-0.49413242177187705+0.022099190687907437j)"], ["0j"], ["0j"], ["0j"], ["0j"], ["0j"], ["(-0.012625483147852168+0.0005646522011480459j)"], ["0j"], ["0j"], ["0j"], ["0j"], ["0j"], ["(-0.03145057869790133+0.0014065710024909195j)"], ["0j"], ["0j"], ["0j"], ["0j"], ["0j"], ["0j"], ["0j"], ["0j"], ["(0.012625483147857792-0.0005646522011453261j)"], ["0j"], ["0j"], ["(0.03145057869764303-0.0014065710026228372j)"], ["0j"], ["0j"], ["0j"], ["0j"], ["0j"], ["0j"], ["0j"], ["0j"], ["0j"], ["0j"], ["0j"], ["(0.8498375640071486-0.038007468349062816j)"], ["0j"], ["0j"], ["0j"], ["0j"], ["0j"], ["0j"], ["0j"], ["0j"], ["0j"], ["0j"], ["0j"], ["0j"], ["0j"], ["0j"], ["0j"]]}