{"geometry": [["H", [0.0, 0.0, 0.0]], ["H", [1.3367, 0.0, 0.0]], ["H", [0.159, -0.8197, 0.0]], ["H", [0.5504, -0.6189, -1.1743]]], "multiplicity": 1, "canonical_orbitals": [[0.4304347754581245, 0.467629367974984, 0.16232119465099834, 1.0944559006139443], [0.21766832836534372, -0.6814149533155832, 0.7880423301160947, -0.1492680078052372], [0.4478565739881737, 0.41634202035985535, -0.11737499221301882, -1.133314557691252], [0.24207403094327617, -0.6552051829115264, -0.8006984820399943, 0.23048320162291527]], "canonical_to_oao": [[0.596513404299652, 0.3521008662660463, 0.6122219879580681, 0.381288573033878], [0.3907497303847089, -0.6194154209265457, 0.3421543916837334, -0.5887015855033861], [0.13964117562869627, 0.6952519805875776, -0.10135783969642193, -0.6977475287596228], [0.687012917465278, -0.09473225312500047, -0.7055786264083402, 0.1455948261767148]], "orbital_energies": [-0.6296953431063866, -0.16660474390310534, 0.18205163125844892, 0.596637053731656], "exact_energy": -1.9429348510512199, "ground_states": [["0j"], ["0j"], ["0j"], ["0j"], ["0j"], ["0j"], ["0j"], ["0j"], ["0j"], ["0j"], ["0j"], ["0j"], ["0j"], ["0j"], ["0j"], ["(0.06763612170785266-0.028447159072531245j)"], ["0j"], ["0j"], ["0j"], ["0j"], ["0j"], ["0j"], ["0j"], ["0j"], ["0j"], ["0j"], ["0j"], ["(0.0011517007539191195-0.00048439522735392175j)"], ["0j"], ["0j"], ["(-0.002435619493474689+0.001024400178805635j)"], ["0j"], ["0j"], ["0j"], ["0j"], ["0j"], ["0j"], ["0j"], ["0j"], ["(-0.0011517007540860018+0.000484395227385068j)"], ["0j"], ["0j"], ["0j"], ["0j"], ["0j"], ["(0.002435619493501367-0.0010244001788106607j)"], ["0j"], ["0j"], ["0j"], ["0j"], ["0j"], ["(-0.06555789258139955+0.02757307414488356j)"], ["0j"], ["0j"], ["(0.003142463741522609-0.0013216926647699595j)"], ["0j"], ["0j"], ["(-0.0031424637415217614+0.0013216926647696998j)"], ["0j"], ["0j"], ["(-0.025242008312798436+0.010616567119060031j)"], ["0j"], ["0j"], ["0j"], ["0j"], ["0j"], ["0j"], ["0j"], ["0j"], ["0j"], ["0j"], ["0j"], ["0j"], ["0j"], ["0j"], ["(0.0008696432210264544-0.00036576430491802435j)"], ["0j"], ["0j"], ["(0.0012708291069150294-0.0005344995668904713j)"], ["0j"], ["0j"], ["0j"], ["0j"], ["0j"], ["0j"], ["0j"], ["0j"], ["0j"], ["0j"], ["0j"], ["(0.017864752837530785-0.007513758224573828j)"], ["0j"], ["0j"], ["0j"], ["0j"], ["0j"], ["0j"], ["0j"], ["0j"], ["(-0.05212270098639045+0.021922350495706386j)"], ["0j"], ["0j"], ["(0.02673359357884634-0.011243914788649674j)"], ["0j"], ["0j"], ["(-0.04459834641639241+0.018757673013227102j)"], ["0j"], ["0j"], ["(0.11806054034248582-0.049655226918809144j)"], ["0j"], ["0j"], ["0j"], ["0j"], ["0j"], ["(-0.000382294042164009+0.00016078951832114641j)"], ["0j"], ["0j"], ["0j"], ["0j"], ["0j"], ["(-0.001131227858210425+0.0004757845070805239j)"], ["0j"], ["0j"], ["0j"], ["0j"], ["0j"], ["0j"], ["0j"], ["0j"], ["0j"], ["0j"], ["0j"], ["0j"], ["0j"], ["0j"], ["(-0.0008696432208917281+0.0003657643048928038j)"], ["0j"], ["0j"], ["0j"], ["0j"], ["0j"], ["(-0.0012708291069885407+0.0005344995669040833j)"], ["0j"], ["0j"], ["0j"], ["0j"], ["0j"], ["(0.052122700986387244-0.02192235049570582j)"], ["0j"], ["0j"], ["(-0.044598346416360214+0.018757673013220833j)"], ["0j"], ["0j"], ["(0.026733593578847817-0.011243914788649934j)"], ["0j"], ["0j"], ["(-0.11806054034247657+0.049655226918807534j)"], ["0j"], ["0j"], ["0j"], ["0j"], ["0j"], ["0j"], ["0j"], ["0j"], ["(0.01786475283752906-0.007513758224573487j)"], ["0j"], ["0j"], ["0j"], ["0j"], ["0j"], ["0j"], ["0j"], ["0j"], ["0j"], ["0j"], ["0j"], ["(0.00038229404223817903-0.00016078951833474489j)"], ["0j"], ["0j"], ["(0.001131227857932147-0.0004757845070282149j)"], ["0j"], ["0j"], ["0j"], ["0j"], ["0j"], ["0j"], ["0j"], ["0j"], ["0j"], ["0j"], ["0j"], ["0j"], ["0j"], ["0j"], ["(-0.04694665427767029+0.019745350685962823j)"], ["0j"], ["0j"], ["(0.008266489010118694-0.003476812713448736j)"], ["0j"], ["0j"], ["(-0.008266489010130627+0.0034768127134514903j)"], ["0j"], ["0j"], ["(-0.5235649056158943+0.2202068033880331j)"], ["0j"], ["0j"], ["0j"], ["0j"], ["0j"], ["(0.0065882805665005715-0.0027709729735775693j)"], ["0j"], ["0j"], ["0j"], ["0j"], ["0j"], ["(-0.010789088368041825+0.00453779585990865j)"], ["0j"], ["0j"], ["0j"], ["0j"], ["0j"], ["0j"], ["0j"], ["0j"], ["(-0.006588280566543533+0.0027709729735856956j)"], ["0j"], ["0j"], ["(0.010789088369670366-0.004537795860212727j)"], ["0j"], ["0j"], ["0j"], ["0j"], ["0j"], ["0j"], ["0j"], ["0j"], ["0j"], ["0j"], ["0j"], ["(0.7238813627227204-0.3044581468458602j)"], ["0j"], ["0j"], ["0j"], ["0j"], ["0j"], ["0j"], ["0j"], ["0j"], ["0j"], ["0j"], ["0j"], ["0j"], ["0j"], ["0j"], ["0j"]]}