{"geometry": [["H", [0.0, 0.0, 0.0]], ["H", [0.5778, 0.0, 0.0]], ["H", [-0.3696, 0.2958, 0.0]], ["H", [0.1073, -0.7756, -0.438]]], "multiplicity": 1, "canonical_orbitals": [[0.5524518574936277, 0.24971770004223143, 0.007126374695159365, 2.715891539088889], [0.26465868873053305, -0.4761963400805723, -1.0917351879296386, -1.1560703018229657], [0.20263897556961746, 0.7775476054747806, 0.45666078324708453, -1.749631878066946], [0.10613188295430398, -0.7957836589306341, 0.8591969015708961, -0.38751734200803184]], "canonical_to_oao": [[0.6428304667887133, 0.5037825628264574, 0.48264786642926266, 0.3162643789481996], [0.15779728572145657, -0.35309321164354956, 0.6109998607657947, -0.6907274213858638], [0.004066779661372921, -0.7044786699036865, 0.31230290324503696, 0.6373069602465042], [0.7495681882859832, -0.3538899785724108, -0.5442399321991915, -0.12927610133162992]], "orbital_energies": [-0.9673633543269129, -0.2112896103284741, 0.3528315800836395, 1.705487226311242], "exact_energy": -1.556984447784804, "ground_states": [["0j"], ["0j"], ["0j"], ["0j"], ["0j"], ["0j"], ["0j"], ["0j"], ["0j"], ["0j"], ["0j"], ["0j"], ["0j"], ["0j"], ["0j"], ["(-0.011150130045353502+0.004128980896432331j)"], ["0j"], ["0j"], ["0j"], ["0j"], ["0j"], ["0j"], ["0j"], ["0j"], ["0j"], ["0j"], ["0j"], ["(-0.0011585369897176223+0.0004290153638473035j)"], ["0j"], ["0j"], ["(-0.002307097444664367+0.000854336338363772j)"], ["0j"], ["0j"], ["0j"], ["0j"], ["0j"], ["0j"], ["0j"], ["0j"], ["(0.0011585369897173488-0.0004290153638475788j)"], ["0j"], ["0j"], ["0j"], ["0j"], ["0j"], ["(0.0023070974446644165-0.0008543363383637641j)"], ["0j"], ["0j"], ["0j"], ["0j"], ["0j"], ["(0.02761382050237933-0.01022561502583989j)"], ["0j"], ["0j"], ["(-0.003616317842820507+0.0013391509540872958j)"], ["0j"], ["0j"], ["(0.0036163178428205104-0.0013391509540873427j)"], ["0j"], ["0j"], ["(0.03759899257893464-0.013923202819344322j)"], ["0j"], ["0j"], ["0j"], ["0j"], ["0j"], ["0j"], ["0j"], ["0j"], ["0j"], ["0j"], ["0j"], ["0j"], ["0j"], ["0j"], ["(0.0010370467873759405-0.00038402658591100075j)"], ["0j"], ["0j"], ["(-0.00015114820542886547+5.597136985919244e-05j)"], ["0j"], ["0j"], ["0j"], ["0j"], ["0j"], ["0j"], ["0j"], ["0j"], ["0j"], ["0j"], ["0j"], ["(0.011210213919682431-0.004151230427897822j)"], ["0j"], ["0j"], ["0j"], ["0j"], ["0j"], ["0j"], ["0j"], ["0j"], ["(0.0121444610566964-0.004497189494346942j)"], ["0j"], ["0j"], ["(0.007842408296347036-0.0029041055042343j)"], ["0j"], ["0j"], ["(-0.01905262221602922+0.007055335932132293j)"], ["0j"], ["0j"], ["(-0.06413467591784575+0.023749575169665204j)"], ["0j"], ["0j"], ["0j"], ["0j"], ["0j"], ["(3.853813385069407e-05-1.4270974222531047e-05j)"], ["0j"], ["0j"], ["0j"], ["0j"], ["0j"], ["(-0.012186745425159693+0.004512847728725006j)"], ["0j"], ["0j"], ["0j"], ["0j"], ["0j"], ["0j"], ["0j"], ["0j"], ["0j"], ["0j"], ["0j"], ["0j"], ["0j"], ["0j"], ["(-0.0010370467873758392+0.0003840265859111039j)"], ["0j"], ["0j"], ["0j"], ["0j"], ["0j"], ["(0.00015114820542896573-5.5971369859061506e-05j)"], ["0j"], ["0j"], ["0j"], ["0j"], ["0j"], ["(-0.012144461056696407+0.0044971894943469475j)"], ["0j"], ["0j"], ["(-0.019052622216029613+0.007055335932131786j)"], ["0j"], ["0j"], ["(0.007842408296347038-0.002904105504234286j)"], ["0j"], ["0j"], ["(0.06413467591784593-0.02374957516966483j)"], ["0j"], ["0j"], ["0j"], ["0j"], ["0j"], ["0j"], ["0j"], ["0j"], ["(0.011210213919682483-0.004151230427897745j)"], ["0j"], ["0j"], ["0j"], ["0j"], ["0j"], ["0j"], ["0j"], ["0j"], ["0j"], ["0j"], ["0j"], ["(-3.853813385080885e-05+1.4270974222380555e-05j)"], ["0j"], ["0j"], ["(0.012186745425159068-0.004512847728725687j)"], ["0j"], ["0j"], ["0j"], ["0j"], ["0j"], ["0j"], ["0j"], ["0j"], ["0j"], ["0j"], ["0j"], ["0j"], ["0j"], ["0j"], ["(0.018959058985478856-0.007020688731607891j)"], ["0j"], ["0j"], ["(0.02695409255703581-0.009981312576264282j)"], ["0j"], ["0j"], ["(-0.02695409255703567+0.009981312576264455j)"], ["0j"], ["0j"], ["(0.25819687325278357-0.09561233392282835j)"], ["0j"], ["0j"], ["0j"], ["0j"], ["0j"], ["(0.0070213039374450925-0.0026000440988433113j)"], ["0j"], ["0j"], ["0j"], ["0j"], ["0j"], ["(0.030781658952418953-0.011398690531680092j)"], ["0j"], ["0j"], ["0j"], ["0j"], ["0j"], ["0j"], ["0j"], ["0j"], ["(-0.007021303937445141+0.002600044098843101j)"], ["0j"], ["0j"], ["(-0.03078165895241196+0.011398690531688321j)"], ["0j"], ["0j"], ["0j"], ["0j"], ["0j"], ["0j"], ["0j"], ["0j"], ["0j"], ["0j"], ["0j"], ["(-0.8925669232851163+0.3305245553227793j)"], ["0j"], ["0j"], ["0j"], ["0j"], ["0j"], ["0j"], ["0j"], ["0j"], ["0j"], ["0j"], ["0j"], ["0j"], ["0j"], ["0j"], ["0j"]]}