{"geometry": [["H", [0.0, 0.0, 0.0]], ["H", [0.8431, 0.0, 0.0]], ["H", [-0.083, -0.4049, 0.0]], ["H", [-0.1953, 0.612, 0.0657]]], "multiplicity": 3, "canonical_orbitals": [[0.5876101824841166, 0.10419002364017294, 0.17859348266755065, 2.9132112534624826], [0.071925116635072, -0.782503300529968, -0.8935381845737198, -0.3906351313970403], [0.30567878924036995, -0.3370487210551314, 0.8723236410468364, -1.9771626191815663], [0.13046585985517012, 0.9459806824146408, -0.5738775687889701, -1.1445170204906574]], "canonical_to_oao": [[0.8655190378429864, 0.10594193157708737, 0.45024885449374513, 0.1921693817759141], [0.08156669479408393, -0.6125942356066567, -0.2638635562267025, 0.7405749121441142], [0.12886894150152864, -0.6447565628783986, 0.629448637147219, -0.414096828936202], [0.7825535608477646, -0.10493331463815353, -0.5311100065869471, -0.30744281547427177]], "orbital_energies": [-0.9673379444117726, 0.03531090339336174, 0.09347875052177021, 1.8245848046526492], "exact_energy": -1.4485751192881657, "ground_states": [["0j", "0j", "0j"], ["0j", "0j", "0j"], ["0j", "0j", "0j"], ["0j", "0j", "0j"], ["0j", "0j", "0j"], ["0j", "0j", "0j"], ["0j", "0j", "0j"], ["0j", "0j", "0j"], ["0j", "0j", "0j"], ["0j", "0j", "0j"], ["0j", "0j", "0j"], ["0j", "0j", "0j"], ["0j", "0j", "0j"], ["0j", "0j", "0j"], ["0j", "0j", "0j"], ["0j", "0j", "0j"], ["0j", "0j", "0j"], ["0j", "0j", "0j"], ["0j", "0j", "0j"], ["0j", "0j", "0j"], ["0j", "0j", "0j"], ["0j", "0j", "0j"], ["0j", "0j", "0j"], ["(-0.017453486801551194+0.009057336218143648j)", "(-0.0015104478814103085+0.010310170814672871j)", "(0.00028205113563493174-0.02294372710935363j)"], ["0j", "0j", "0j"], ["0j", "0j", "0j"], ["0j", "0j", "0j"], ["(-0.01125736949100687+0.01166493671526353j)", "(0.002382950359956778+0.0022181972900774507j)", "(0.006558873423633851+0.014969386827845292j)"], ["0j", "0j", "0j"], ["(-0.001967203119263274+0.0010208630666833092j)", "(-0.00017024436535688632+0.0011620715343228045j)", "(3.1790316749974616e-05-0.002586014591252567j)"], ["(-0.0012688314162783544+0.0013147687996782063j)", "(0.0002685851506038175+0.00025001563743663106j)", "(0.0007392583730993422+0.001687217276182198j)"], ["0j", "0j", "0j"], ["0j", "0j", "0j"], ["0j", "0j", "0j"], ["0j", "0j", "0j"], ["0j", "0j", "0j"], ["0j", "0j", "0j"], ["0j", "0j", "0j"], ["0j", "0j", "0j"], ["(-0.011257369491007266+0.011664936715263958j)", "(0.002382950359956733+0.002218197290077389j)", "(0.00655887342363382+0.014969386827845299j)"], ["0j", "0j", "0j"], ["0j", "0j", "0j"], ["0j", "0j", "0j"], ["(-0.010715330038015183-0.008817299162125187j)", "(0.027210144436662215-0.015318292905186878j)", "(0.003484092852221046-0.005655531929219536j)"], ["0j", "0j", "0j"], ["(-0.0012688314162783894+0.001314768799678256j)", "(0.0002685851506038068+0.0002500156374366133j)", "(0.0007392583730993298+0.0016872172761822435j)"], ["(-0.0012077375090944725-0.0009938082064879059j)", "(0.0030668875291238935-0.00172654289240324j)", "(0.0003926962219424684-0.000637441685936634j)"], ["0j", "0j", "0j"], ["0j", "0j", "0j"], ["0j", "0j", "0j"], ["0j", "0j", "0j"], ["0j", "0j", "0j"], ["0j", "0j", "0j"], ["(-0.003016159716461116+0.001565210032254486j)", "(-0.000261022459610708+0.0017817140056097846j)", "(4.8741622975235315e-05-0.003964935272793706j)"], ["(-0.0019454006387470285+0.002015832859971997j)", "(0.00041180074581936355+0.0003833295538917172j)", "(0.0011334474326341471+0.0025868791745530953j)"], ["0j", "0j", "0j"], ["0j", "0j", "0j"], ["(-0.0019454006387462641+0.002015832859971115j)", "(0.0004118007458194503+0.0003833295538918452j)", "(0.001133447432634142+0.0025868791745531578j)"], ["(-0.001851730097070055-0.0015237289169305012j)", "(0.004702220390807829-0.002647174086811717j)", "(0.0006020906096737458-0.0009773398160506936j)"], ["0j", "0j", "0j"], ["0j", "0j", "0j"], ["0j", "0j", "0j"], ["0j", "0j", "0j"], ["0j", "0j", "0j"], ["0j", "0j", "0j"], ["0j", "0j", "0j"], ["0j", "0j", "0j"], ["0j", "0j", "0j"], ["0j", "0j", "0j"], ["0j", "0j", "0j"], ["0j", "0j", "0j"], ["(0.0010510145534106043-0.0005454149241718198j)", "(9.095619251216658e-05-0.0006208581527335461j)", "(-1.6984563126483776e-05+0.0013816259968907156j)"], ["0j", "0j", "0j"], ["0j", "0j", "0j"], ["0j", "0j", "0j"], ["(0.0006778965889569065-0.0007024394833973381j)", "(-0.00014349657102021783-0.00013357546607816611j)", "(-0.00039496242215649173-0.0009014269521377154j)"], ["0j", "0j", "0j"], ["(-0.008555317963431296+0.004439708359078985j)", "(-0.0007403885561426888+0.005053820510465381j)", "(0.00013825530535763498-0.01124651382950445j)"], ["(-0.00551811661030592+0.0057178971604409665j)", "(0.001168070211546006+0.001087311855677325j)", "(0.0032150164754528895+0.007337666420811359j)"], ["0j", "0j", "0j"], ["0j", "0j", "0j"], ["0j", "0j", "0j"], ["0j", "0j", "0j"], ["(-0.005826900770324632+0.003023819823893288j)", "(-0.0005042677158894519+0.003442082544609742j)", "(9.416364753868481e-05-0.0076598345469702294j)"], ["0j", "0j", "0j"], ["0j", "0j", "0j"], ["(-0.01437720550249689+0.0074609266099130165j)", "(-0.001244222420354274+0.008492941625579568j)", "(0.00023233793827807445-0.01889975816265368j)"], ["0j", "0j", "0j"], ["0j", "0j", "0j"], ["(0.014496061197063296-0.007522605745971553j)", "(0.0012545083496984532-0.0085631523821584j)", "(-0.0002342586652944135+0.019056001591404116j)"], ["(7.666104114716066e-05-7.9436514384918e-05j)", "(-1.6227543720551254e-05-1.5105599390719021e-05j)", "(-4.466496953891109e-05-0.00010193933675756183j)"], ["0j", "0j", "0j"], ["(-0.0006968434080053777+0.0003616208674785252j)", "(-6.030575215510319e-05+0.0004116412181304768j)", "(1.1261100823143075e-05-0.0009160453250984073j)"], ["0j", "0j", "0j"], ["0j", "0j", "0j"], ["0j", "0j", "0j"], ["0j", "0j", "0j"], ["0j", "0j", "0j"], ["0j", "0j", "0j"], ["(-0.003758307764220021+0.003894375347734056j)", "(0.0007955553778997835+0.0007405520538815486j)", "(0.002189700260995236+0.004997576279755562j)"], ["0j", "0j", "0j"], ["(0.012833251498434214-0.006659705015675365j)", "(0.0011106065944194302-0.007580892950556635j)", "(-0.00020738739486143566+0.016870131662150716j)"], ["(-0.0009958388772665742+0.001031892707367633j)", "(0.0002107983230842141+0.000196224091309533j)", "(0.0005802049183467256+0.0013242078785747789j)"], ["0j", "0j", "0j"], ["0j", "0j", "0j"], ["(0.017627203918997022-0.018265387695269912j)", "(-0.003731311471775398-0.0034733350447457493j)", "(-0.010270125663872866-0.02343961743172639j)"], ["(0.007951769456657695+0.006543254376566788j)", "(-0.020192452745279314+0.011367595138876642j)", "(-0.002585520280585063+0.004196929622920904j)"], ["0j", "0j", "0j"], ["(-0.00044945882793837136+0.0004657312517104927j)", "(9.514106085639276e-05+8.856317232360714e-05j)", "(0.00026186788698258324+0.000597663873784761j)"], ["0j", "0j", "0j"], ["0j", "0j", "0j"], ["0j", "0j", "0j"], ["0j", "0j", "0j"], ["(0.009042021087063744-0.004692278741105326j)", "(0.0007825084895591604-0.005341327092831423j)", "(-0.00014612050560663367+0.011886316281522261j)"], ["(0.00583203651395944-0.006043182371404827j)", "(-0.0012345205086607732-0.001149167894083211j)", "(-0.003397915412444018-0.007755098617071856j)"], ["0j", "0j", "0j"], ["(-0.0029622754068019653+0.0015372472351919124j)", "(-0.000256359240032216+0.0017498833208226467j)", "(4.787084392086062e-05-0.003894100893947039j)"], ["0j", "0j", "0j"], ["0j", "0j", "0j"], ["0j", "0j", "0j"], ["(-0.0019106456588127952+0.001979819594013625j)", "(0.00040444384134745036+0.0003764812930814545j)", "(0.0011131981626404297+0.0025406640494946148j)"], ["0j", "0j", "0j"], ["0j", "0j", "0j"], ["0j", "0j", "0j"], ["0j", "0j", "0j"], ["0j", "0j", "0j"], ["0j", "0j", "0j"], ["0j", "0j", "0j"], ["0j", "0j", "0j"], ["0j", "0j", "0j"], ["0j", "0j", "0j"], ["0j", "0j", "0j"], ["0j", "0j", "0j"], ["0j", "0j", "0j"], ["0j", "0j", "0j"], ["(0.0006778965889561077-0.0007024394833964388j)", "(-0.00014349657102026564-0.00013357546607828852j)", "(-0.0003949624221565034-0.0009014269521377362j)"], ["0j", "0j", "0j"], ["0j", "0j", "0j"], ["0j", "0j", "0j"], 