{"geometry": [["H", [0.0, 0.0, 0.0]], ["H", [0.732, 0.0, 0.0]], ["H", [1.4561, -0.3562, 0.0]], ["H", [0.0889, -0.7659, 0.045]]], "multiplicity": 1, "canonical_orbitals": [[0.39049951952945583, 0.4805460401286162, 0.7612739996881858, 1.2459910423219163], [0.37148419787847425, -0.44590892458047116, 0.5439219936467088, -1.5052981670841343], [0.15002199752808565, -0.7207329070670979, -0.4755094363467022, 0.990943149745861], [0.3124211296048236, 0.4824135454796719, -1.1085672854074384, -0.4205472656491716]], "canonical_to_oao": [[0.5772611748110051, 0.5613125113085383, 0.3178560831599658, 0.5006648690516702], [0.3826438881923583, -0.35860731851084093, -0.7359985178700146, 0.428124546869997], [0.4794588209422128, 0.35048406162967016, -0.3444361944969657, -0.7270789981045522], [0.5389549423704699, -0.6583995582490455, 0.48850527122211584, -0.19339129189317786]], "orbital_energies": [-0.8367473625699556, -0.29951178414605595, 0.4259208809496363, 1.0728201227597651], "exact_energy": -1.9622079929609477, "ground_states": [["0j"], ["0j"], ["0j"], ["0j"], ["0j"], ["0j"], ["0j"], ["0j"], ["0j"], ["0j"], ["0j"], ["0j"], ["0j"], ["0j"], ["0j"], ["(0.002657334057764817+0.012245315952908249j)"], ["0j"], ["0j"], ["0j"], ["0j"], ["0j"], ["0j"], ["0j"], ["0j"], ["0j"], ["0j"], ["0j"], ["(-0.0005478224138913847-0.0025244317795060207j)"], ["0j"], ["0j"], ["(0.0005029800611109071+0.002317792807539052j)"], ["0j"], ["0j"], ["0j"], ["0j"], ["0j"], ["0j"], ["0j"], ["0j"], ["(0.0005478224138914652+0.0025244317795058368j)"], ["0j"], ["0j"], ["0j"], ["0j"], ["0j"], ["(-0.0005029800611108721-0.0023177928075390378j)"], ["0j"], ["0j"], ["0j"], ["0j"], ["0j"], ["(-0.006784291410632126-0.03126283336377749j)"], ["0j"], ["0j"], ["(0.0014508950325527892+0.006685899364514685j)"], ["0j"], ["0j"], ["(-0.001450895032552711-0.006685899364514826j)"], ["0j"], ["0j"], ["(-0.013987215863795048-0.06445477829677568j)"], ["0j"], ["0j"], ["0j"], ["0j"], ["0j"], ["0j"], ["0j"], ["0j"], ["0j"], ["0j"], ["0j"], ["0j"], ["0j"], ["0j"], ["(-0.000617561588572071-0.0028457983106596318j)"], ["0j"], ["0j"], ["(0.00031065236109148166+0.0014315235609786302j)"], ["0j"], ["0j"], ["0j"], ["0j"], ["0j"], ["0j"], ["0j"], ["0j"], ["0j"], ["0j"], ["0j"], ["(0.003617298360723968+0.016668947283300834j)"], ["0j"], ["0j"], ["0j"], ["0j"], ["0j"], ["0j"], ["0j"], ["0j"], ["(0.0022291090915414835+0.010272003642020567j)"], ["0j"], ["0j"], ["(0.006635678364021027+0.030578006514416885j)"], ["0j"], ["0j"], ["(-0.010252976724744886-0.047246953797717754j)"], ["0j"], ["0j"], ["(-0.008861344689442578-0.04083414547477764j)"], ["0j"], ["0j"], ["0j"], ["0j"], ["0j"], ["(9.10746336100965e-05+0.00041968290008322594j)"], ["0j"], ["0j"], ["0j"], ["0j"], ["0j"], ["(7.620119111634366e-05+0.00035114428255031015j)"], ["0j"], ["0j"], ["0j"], ["0j"], ["0j"], ["0j"], ["0j"], ["0j"], ["0j"], ["0j"], ["0j"], ["0j"], ["0j"], ["0j"], ["(0.0006175615885721186+0.0028457983106595806j)"], ["0j"], ["0j"], ["0j"], ["0j"], ["0j"], ["(-0.0003106523610913883-0.0014315235609788579j)"], ["0j"], ["0j"], ["0j"], ["0j"], ["0j"], ["(-0.002229109091541473-0.010272003642020676j)"], ["0j"], ["0j"], ["(-0.010252976724744928-0.047246953797717636j)"], ["0j"], ["0j"], ["(0.006635678364021029+0.030578006514416875j)"], ["0j"], ["0j"], ["(0.008861344689442491+0.04083414547477791j)"], ["0j"], ["0j"], ["0j"], ["0j"], ["0j"], ["0j"], ["0j"], ["0j"], ["(0.003617298360724007+0.016668947283300675j)"], ["0j"], ["0j"], ["0j"], ["0j"], ["0j"], ["0j"], ["0j"], ["0j"], ["0j"], ["0j"], ["0j"], ["(-9.107463361021816e-05-0.00041968290008286664j)"], ["0j"], ["0j"], ["(-7.620119111659095e-05-0.0003511442825498422j)"], ["0j"], ["0j"], ["0j"], ["0j"], ["0j"], ["0j"], ["0j"], ["0j"], ["0j"], ["0j"], ["0j"], ["0j"], ["0j"], ["0j"], ["(-0.012175450426375979-0.056105944566621234j)"], ["0j"], ["0j"], ["(-0.005351941387358905-0.024662391639528387j)"], ["0j"], ["0j"], ["(0.0053519413873587265+0.0246623916395289j)"], ["0j"], ["0j"], ["(-0.024331944458194407-0.11212453577997658j)"], ["0j"], ["0j"], ["0j"], ["0j"], ["0j"], ["(-0.0014322162587076437-0.0065998253209912094j)"], ["0j"], ["0j"], ["0j"], ["0j"], ["0j"], ["(0.005567479869998983+0.025655618972852137j)"], ["0j"], ["0j"], ["0j"], ["0j"], ["0j"], ["0j"], ["0j"], ["0j"], ["(0.0014322162587076324+0.0065998253209908694j)"], ["0j"], ["0j"], ["(-0.005567479870000599-0.025655618972847474j)"], ["0j"], ["0j"], ["0j"], ["0j"], ["0j"], ["0j"], ["0j"], ["0j"], ["0j"], ["0j"], ["0j"], ["(0.2082412752057091+0.9596009210356197j)"], ["0j"], ["0j"], ["0j"], ["0j"], ["0j"], ["0j"], ["0j"], ["0j"], ["0j"], ["0j"], ["0j"], ["0j"], ["0j"], ["0j"], ["0j"]]}