{"geometry": [["H", [0.0, 0.0, 0.0]], ["H", [0.5198, 0.0, 0.0]], ["H", [-0.8444, 0.0486, 0.0]], ["H", [-0.0703, 0.4781, 0.0792]]], "multiplicity": 1, "canonical_orbitals": [[0.4961714528277529, 0.07670643136004907, 0.4385819577634976, 2.381497589983132], [0.20836294934262767, 0.8025442876727767, 0.6439921044625911, -1.4413220827130497], [0.062351746943448014, -0.8629266089761894, 0.7405487574529288, -0.7023356940129705], [0.3334799598194584, -0.24641651072493748, -1.5591757034630527, -0.7474563756473017]], "canonical_to_oao": [[0.6191847062952587, 0.47963026909958484, 0.2904161608410319, 0.5497486316271034], [0.05630322456710263, 0.59754828740864, -0.7811181289356321, -0.17210595505805698], [0.18531255339509456, 0.37082166909654535, 0.4688785555806376, -0.7799381048514407], [0.7609858763128221, -0.5247686527479668, -0.2926872431232161, -0.24464777713771418]], "orbital_energies": [-1.0677232468406315, -0.24477669708753547, 0.5820677616245987, 1.279265010072788], "exact_energy": -1.5091715802630583, "ground_states": [["0j"], ["0j"], ["0j"], ["0j"], ["0j"], ["0j"], ["0j"], ["0j"], ["0j"], ["0j"], ["0j"], ["0j"], ["0j"], ["0j"], ["0j"], ["(0.0013798263466519229-0.006761118145508286j)"], ["0j"], ["0j"], ["0j"], ["0j"], ["0j"], ["0j"], ["0j"], ["0j"], ["0j"], ["0j"], ["0j"], ["(0.00021616520525905285-0.0010592046566227356j)"], ["0j"], ["0j"], ["(1.1554795331491048e-05-5.661823792026162e-05j)"], ["0j"], ["0j"], ["0j"], ["0j"], ["0j"], ["0j"], ["0j"], ["0j"], ["(-0.00021616520525903735+0.001059204656622717j)"], ["0j"], ["0j"], ["0j"], ["0j"], ["0j"], ["(-1.1554795331471024e-05+5.661823792027161e-05j)"], ["0j"], ["0j"], ["0j"], ["0j"], ["0j"], ["(-0.0066784224779233405+0.032724120327474814j)"], ["0j"], ["0j"], ["(0.0021355035044238-0.010463919266790444j)"], ["0j"], ["0j"], ["(-0.002135503504423813+0.010463919266790458j)"], ["0j"], ["0j"], ["(-0.00888560929339237+0.04353928621034403j)"], ["0j"], ["0j"], ["0j"], ["0j"], ["0j"], ["0j"], ["0j"], ["0j"], ["0j"], ["0j"], ["0j"], ["0j"], ["0j"], ["0j"], ["(-0.0004604412225952019+0.0022561516618248476j)"], ["0j"], ["0j"], ["(0.0008618656998159091-0.0042231225952134265j)"], ["0j"], ["0j"], ["0j"], ["0j"], ["0j"], ["0j"], ["0j"], ["0j"], ["0j"], ["0j"], ["0j"], ["(-0.0006636060709848836+0.0032516548614194615j)"], ["0j"], ["0j"], ["0j"], ["0j"], ["0j"], ["0j"], ["0j"], ["0j"], ["(-0.0020796761330338968+0.01019036639933281j)"], ["0j"], ["0j"], ["(-0.0009804567308501196+0.004804215986976391j)"], ["0j"], ["0j"], ["(0.0016440628018349942-0.00805587084839585j)"], ["0j"], ["0j"], ["(0.002930285045367351-0.01435833098840127j)"], ["0j"], ["0j"], ["0j"], ["0j"], ["0j"], ["(-0.0008986466651584711+0.004403348500299498j)"], ["0j"], ["0j"], ["0j"], ["0j"], ["0j"], ["(0.002212664281220803-0.010842005342179058j)"], ["0j"], ["0j"], ["0j"], ["0j"], ["0j"], ["0j"], ["0j"], ["0j"], ["0j"], ["0j"], ["0j"], ["0j"], ["0j"], ["0j"], ["(0.00046044122259520395-0.002256151661824843j)"], ["0j"], ["0j"], ["0j"], ["0j"], ["0j"], ["(-0.0008618656998159079+0.004223122595213435j)"], ["0j"], ["0j"], ["0j"], ["0j"], ["0j"], ["(0.002079676133033907-0.01019036639933282j)"], ["0j"], ["0j"], ["(0.0016440628018350287-0.008055870848395881j)"], ["0j"], ["0j"], ["(-0.000980456730850112+0.004804215986976389j)"], ["0j"], ["0j"], ["(-0.00293028504536743+0.014358330988401264j)"], ["0j"], ["0j"], ["0j"], ["0j"], ["0j"], ["0j"], ["0j"], ["0j"], ["(-0.0006636060709849011+0.0032516548614194745j)"], ["0j"], ["0j"], ["0j"], ["0j"], ["0j"], ["0j"], ["0j"], ["0j"], ["0j"], ["0j"], ["0j"], ["(0.0008986466651584873-0.004403348500299514j)"], ["0j"], ["0j"], ["(-0.002212664281220784+0.010842005342179056j)"], ["0j"], ["0j"], ["0j"], ["0j"], ["0j"], ["0j"], ["0j"], ["0j"], ["0j"], ["0j"], ["0j"], ["0j"], ["0j"], ["0j"], ["(-0.007463911204447977+0.03657299746689463j)"], ["0j"], ["0j"], ["(-0.010610214280142909+0.051989811958055826j)"], ["0j"], ["0j"], ["(0.01061021428014289-0.051989811958055854j)"], ["0j"], ["0j"], ["(-0.020805100096300044+0.10194452375947687j)"], ["0j"], ["0j"], ["0j"], ["0j"], ["0j"], ["(0.00018582060326967833-0.0009105167875830507j)"], ["0j"], ["0j"], ["0j"], ["0j"], ["0j"], ["(-0.0031774341511223167+0.015569356062403518j)"], ["0j"], ["0j"], ["0j"], ["0j"], ["0j"], ["0j"], ["0j"], ["0j"], ["(-0.00018582060326967467+0.0009105167875830389j)"], ["0j"], ["0j"], ["(0.0031774341511218475-0.01556935606240304j)"], ["0j"], ["0j"], ["0j"], ["0j"], ["0j"], ["0j"], ["0j"], ["0j"], ["0j"], ["0j"], ["0j"], ["(0.1976571739068186-0.9685157181799933j)"], ["0j"], ["0j"], ["0j"], ["0j"], ["0j"], ["0j"], ["0j"], ["0j"], ["0j"], ["0j"], ["0j"], ["0j"], ["0j"], ["0j"], ["0j"]]}