{"geometry": [["H", [0.0, 0.0, 0.0]], ["H", [1.1525, 0.0, 0.0]], ["H", [0.8318, 0.9353, 0.0]], ["H", [0.3031, 0.0066, -0.6582]]], "multiplicity": 1, "canonical_orbitals": [[0.36445687889433276, 0.5201504258361287, 0.27334260098854063, 1.1883747494561339], [0.2967066797753196, -0.5621152191255672, -1.0308088005653289, 0.24668569555644865], [0.23766788436643477, -0.6551869838141968, 0.9412586562873082, -0.16600920538804173], [0.38163671197195065, 0.49027770415718397, -0.09675560581415465, -1.2501951529200577]], "canonical_to_oao": [[0.5468014654734449, 0.4706627202104574, 0.40415680472480264, 0.5622650961555646], [0.45092913309913607, -0.4991630083981652, -0.6104706620990559, 0.4181205312893602], [0.18295439803868058, -0.713120191381162, 0.6736025609833924, -0.06516801914600104], [0.6813213357270295, 0.14412663700885278, -0.1012049294629155, -0.7104831540860498]], "orbital_energies": [-0.7458157048484183, -0.2595530129849542, 0.4324737273641025, 0.6684968219367443], "exact_energy": -1.953157681366521, "ground_states": [["0j"], ["0j"], ["0j"], ["0j"], ["0j"], ["0j"], ["0j"], ["0j"], ["0j"], ["0j"], ["0j"], ["0j"], ["0j"], ["0j"], ["0j"], ["(-0.02726505063852324+0.002575193286624463j)"], ["0j"], ["0j"], ["0j"], ["0j"], ["0j"], ["0j"], ["0j"], ["0j"], ["0j"], ["0j"], ["0j"], ["(-0.0022881815798968127+0.0002161195268349201j)"], ["0j"], ["0j"], ["(0.000956978426524062-9.038693718570739e-05j)"], ["0j"], ["0j"], ["0j"], ["0j"], ["0j"], ["0j"], ["0j"], ["0j"], ["(0.0022881815798971162-0.00021611952683496728j)"], ["0j"], ["0j"], ["0j"], ["0j"], ["0j"], ["(-0.0009569784265241051+9.038693718569527e-05j)"], ["0j"], ["0j"], ["0j"], ["0j"], ["0j"], ["(0.060055512594483745-0.005672263547517185j)"], ["0j"], ["0j"], ["(-0.003933636969966939+0.00037153334689811175j)"], ["0j"], ["0j"], ["(0.003933636969966937-0.00037153334689810406j)"], ["0j"], ["0j"], ["(0.05065756471717759-0.004784624180822214j)"], ["0j"], ["0j"], ["0j"], ["0j"], ["0j"], ["0j"], ["0j"], ["0j"], ["0j"], ["0j"], ["0j"], ["0j"], ["0j"], ["0j"], ["(-0.0017083140099513848+0.00016135083804530808j)"], ["0j"], ["0j"], ["(-0.0002982787545056212+2.8172529599474203e-05j)"], ["0j"], ["0j"], ["0j"], ["0j"], ["0j"], ["0j"], ["0j"], ["0j"], ["0j"], ["0j"], ["0j"], ["(-0.004440865006356825+0.0004194412070893718j)"], ["0j"], ["0j"], ["0j"], ["0j"], ["0j"], ["0j"], ["0j"], ["0j"], ["(0.058215439311258325-0.005498468001391802j)"], ["0j"], ["0j"], ["(-0.02370852056614465+0.0022392778141944853j)"], ["0j"], ["0j"], ["(0.028149385572501677-0.002658719021283888j)"], ["0j"], ["0j"], ["(-0.08519466970485559+0.008046665468874994j)"], ["0j"], ["0j"], ["0j"], ["0j"], ["0j"], ["(5.773686562322922e-05-5.4532665541263345e-06j)"], ["0j"], ["0j"], ["0j"], ["0j"], ["0j"], ["(0.000605104234259015-5.715230029943523e-05j)"], ["0j"], ["0j"], ["0j"], ["0j"], ["0j"], ["0j"], ["0j"], ["0j"], ["0j"], ["0j"], ["0j"], ["0j"], ["0j"], ["0j"], ["(0.0017083140099510862-0.0001613508380452852j)"], ["0j"], ["0j"], ["0j"], ["0j"], ["0j"], ["(0.0002982787545057469-2.8172529599512177e-05j)"], ["0j"], ["0j"], ["0j"], ["0j"], ["0j"], ["(-0.0582154393112583+0.005498468001391775j)"], ["0j"], ["0j"], ["(0.02814938557250157-0.0026587190212838735j)"], ["0j"], ["0j"], ["(-0.02370852056614464+0.0022392778141944523j)"], ["0j"], ["0j"], ["(0.0851946697048556-0.008046665468874932j)"], ["0j"], ["0j"], ["0j"], ["0j"], ["0j"], ["0j"], ["0j"], ["0j"], ["(-0.004440865006356833+0.00041944120708939045j)"], ["0j"], ["0j"], ["0j"], ["0j"], ["0j"], ["0j"], ["0j"], ["0j"], ["0j"], ["0j"], ["0j"], ["(-5.773686562337425e-05+5.453266554137407e-06j)"], ["0j"], ["0j"], ["(-0.0006051042342581638+5.7152300299376814e-05j)"], ["0j"], ["0j"], ["0j"], ["0j"], ["0j"], ["0j"], ["0j"], ["0j"], ["0j"], ["0j"], ["0j"], ["0j"], ["0j"], ["0j"], ["(0.0708083958970148-0.00668787702499266j)"], ["0j"], ["0j"], ["(0.007666411734543988-0.000724095190324123j)"], ["0j"], ["0j"], ["(-0.0076664117345440555+0.0007240951903239629j)"], ["0j"], ["0j"], ["(0.18727940318800634-0.017688603194133266j)"], ["0j"], ["0j"], ["0j"], ["0j"], ["0j"], ["(-0.003769508212817382+0.000356031330079783j)"], ["0j"], ["0j"], ["0j"], ["0j"], ["0j"], ["(0.017451825504315427-0.0016483308420689748j)"], ["0j"], ["0j"], ["0j"], ["0j"], ["0j"], ["0j"], ["0j"], ["0j"], ["(0.003769508212817404-0.00035603133007954565j)"], ["0j"], ["0j"], ["(-0.017451825504319632+0.0016483308420696563j)"], ["0j"], ["0j"], ["0j"], ["0j"], ["0j"], ["0j"], ["0j"], ["0j"], ["0j"], ["0j"], ["0j"], ["(-0.9588047374428088+0.09055943287183224j)"], ["0j"], ["0j"], ["0j"], ["0j"], ["0j"], ["0j"], ["0j"], ["0j"], ["0j"], ["0j"], ["0j"], ["0j"], ["0j"], ["0j"], ["0j"]]}