{"geometry": [["H", [0.0, 0.0, 0.0]], ["H", [0.7739, 0.0, 0.0]], ["H", [-0.16, 0.71, 0.0]], ["H", [-0.6099, -0.2204, 0.3348]]], "multiplicity": 3, "canonical_orbitals": [[0.5051187801410532, 0.013266825129223982, 0.1467255394434797, 1.8980494293716454], [0.2114952682286385, 0.8910419670792956, 0.4068316018544005, -0.894977532657397], [0.23481279946121852, -0.08176457932747752, -1.1557470509423209, -0.6412536540796084], [0.2484185042430142, -0.7623621359706153, 0.6177144322462645, -0.9481391316319137]], "canonical_to_oao": [[0.782472784598373, 0.327624507277338, 0.3637453848032567, 0.38482180113460385], [0.011285242568726478, 0.7579526103238258, -0.06955191632155296, -0.6484928794824685], [0.10632389586684796, 0.2948083955593353, -0.8375060644445204, 0.44762353724315834], [0.794048231356166, -0.3744134983594056, -0.26826821366878695, -0.39665363235620854]], "orbital_energies": [-0.8394165774976674, -0.03912245843739693, 0.154739246963834, 1.1176121637504033], "exact_energy": -1.7529479525665388, "ground_states": [["0j", "0j", "0j"], ["0j", "0j", "0j"], ["0j", "0j", "0j"], ["0j", "0j", "0j"], ["0j", "0j", "0j"], ["0j", "0j", "0j"], ["0j", "0j", "0j"], ["0j", "0j", "0j"], ["0j", "0j", "0j"], ["0j", "0j", "0j"], ["0j", "0j", "0j"], ["0j", "0j", "0j"], ["0j", "0j", "0j"], ["0j", "0j", "0j"], ["0j", "0j", "0j"], ["0j", "(-0.011570190838841726-0.006372962171815089j)", "0j"], ["0j", "0j", "0j"], ["0j", "0j", "0j"], ["0j", "0j", "0j"], ["0j", "0j", "0j"], ["0j", "0j", "0j"], ["0j", "0j", "0j"], ["0j", "0j", "0j"], ["(0.0003865721531975675+0.008156705744720008j)", "0j", "(-0.0010465972423661402-0.007722120731730635j)"], ["0j", "0j", "0j"], ["0j", "0j", "0j"], ["0j", "0j", "0j"], ["(-0.02687168054945901+0.0026967407283856426j)", "(0.0017011866257001745+0.0009370284521677623j)", "(0.018649548382892896-0.000985491664093503j)"], ["0j", "0j", "0j"], ["(-2.9004474533293657e-05-0.0006119969120675265j)", "0j", "(7.852609871590489e-05+0.0005793900369019586j)"], ["(0.0020161798197773483-0.00020233621881823914j)", "(-0.0036918609683771622-0.002033509267288942j)", "(-0.00139927396904957+7.394135257171628e-05j)"], ["0j", "0j", "0j"], ["0j", "0j", "0j"], ["0j", "0j", "0j"], ["0j", "0j", "0j"], ["0j", "0j", "0j"], ["0j", "0j", "0j"], ["0j", "0j", "0j"], ["0j", "0j", "0j"], ["(-0.02687168054945536+0.0026967407283874645j)", "(-0.001701186625759976-0.0009370284521621142j)", "(0.018649548382893007-0.0009854916640934773j)"], ["0j", "0j", "0j"], ["0j", "0j", "0j"], ["0j", "0j", "0j"], ["(-0.0006327200200471414-0.028487740396643653j)", "0j", "(0.0006836107043659352-0.039731658548220014j)"], ["0j", "0j", "0j"], ["(0.0020161798197691023-0.00020233621882305382j)", "(0.0036918609683816534+0.002033509267288522j)", "(-0.0013992739690497297+7.394135257156673e-05j)"], ["(4.747292725655749e-05+0.002137432647464674j)", "0j", "(-5.1291250809075786e-05+0.0029810628339231237j)"], ["0j", "0j", "0j"], ["0j", "0j", "0j"], ["0j", "0j", "0j"], ["0j", "0j", "0j"], ["0j", "(0.0320903345369754+0.017675636550305046j)", "0j"], ["0j", "0j", "0j"], ["(2.430615903792087e-05+0.000512862050245596j)", "0j", "(-6.580597906802474e-05-0.00048553702863227485j)"], ["(-0.0016895871460001787+0.00016956060722477472j)", "(-0.01698280024481943-0.009354274708103823j)", "(0.0011726113358936688-6.196389708809958e-05j)"], ["0j", "0j", "0j"], ["0j", "0j", "0j"], ["(-0.0016895871460378606+0.00016956060720330058j)", "(0.01698280024481563+0.009354274708104227j)", "(0.0011726113358928889-6.196389708887466e-05j)"], ["(-3.978298309002869e-05-0.0017911987270282435j)", "0j", "(4.29827921202045e-05-0.0024981727305643407j)"], ["0j", "0j", "0j"], ["0j", "(0.04481541260501808+0.02468472069512189j)", "0j"], ["0j", "0j", "0j"], ["0j", "0j", "0j"], ["0j", "0j", "0j"], ["0j", "0j", "0j"], ["0j", "0j", "0j"], ["0j", "0j", "0j"], ["0j", "0j", "0j"], ["0j", "0j", "0j"], ["0j", "0j", "0j"], ["0j", "0j", "0j"], ["(2.6426593497691944e-06+5.5760340007135526e-05j)", "0j", "(-7.154679831692074e-06-5.2789458275615493e-05j)"], ["0j", "0j", "0j"], ["0j", "0j", "0j"], ["0j", "0j", "0j"], ["(-0.00018369843059117149+1.8435283137100546e-05j)", "(0.010881746651365286+0.005993761100259422j)", "(0.00012749082673242122-6.736953861748089e-06j)"], ["0j", "0j", "0j"], ["(1.9127658688813588e-05+0.00040359524663035066j)", "0j", "(-5.17858171393017e-05-0.00038209190312517104j)"], ["(-0.0013296155185854423+0.00013343520943911996j)", "(-0.0017063275721203783-0.0009398601303386914j)", "(0.0009227829610024803-4.876230229086109e-05j)"], ["0j", "0j", "0j"], ["0j", "0j", "0j"], ["0j", "0j", "0j"], ["0j", "0j", "0j"], ["(8.885632698685636e-05+0.0018748761564778358j)", "0j", "(-0.0002405677336610904-0.0017749837361408804j)"], ["0j", "0j", "0j"], ["0j", "0j", "0j"], ["(0.00043446940806172145+0.009167341949823283j)", "0j", "(-0.0011762732535402554-0.008678910768776861j)"], ["0j", "0j", "0j"], ["0j", "0j", "0j"], ["(-0.00031486701680218934-0.006643721187698783j)", "0j", "(0.0008524642780691396+0.0062897472000355325j)"], ["(-0.008313887134112574+0.0008343504234709163j)", "(-0.0021142146929930485-0.0011645279191281547j)", "(0.005770023950389733-0.00030490338897128273j)"], ["0j", "0j", "0j"], ["(-5.5082514041206044e-05-0.0011622457929185799j)", "0j", "(0.00014912922935924185+0.0011003219453728033j)"], ["0j", "0j", "0j"], ["0j", "0j", "0j"], ["0j", "0j", "0j"], ["0j", "0j", "0j"], ["0j", "0j", "0j"], ["0j", "0j", "0j"], ["(-0.006176644680275898+0.000619864814310274j)", "(0.0037237405069191604+0.002051068795567118j)", "(0.004286729800789876-0.0002265221869273811j)"], ["0j", "0j", "0j"], ["(-0.0004957048534159459-0.010459415123668487j)", "0j", "(0.0013420607985375104+0.009902142960169988j)"], ["(0.004256642161768422-0.0004271805874824394j)", "(-0.0025133170537447722-0.0013843569853280837j)", "(-0.0029542050337492327+0.00015610803945551404j)"], ["0j", "0j", "0j"], ["0j", "0j", "0j"], ["(0.05634505273778466-0.005654577438188428j)", "(0.004627531746795926+0.0025488849044507217j)", "(-0.03910472905615484+0.0020663977336214012j)"], ["(0.0006155838060942638+0.027716195322989676j)", "0j", "(-0.0006650961972865495+0.0386555898606314j)"], ["0j", "0j", "0j"], ["(0.0038289351908637856-0.00038425752554079317j)", "(-0.02398653376885316-0.01321199230601557j)", "(-0.002657366812806332+0.00014042231954918628j)"], ["0j", "0j", "0j"], ["0j", "0j", "0j"], ["0j", "0j", "0j"], ["0j", "0j", "0j"], ["(-2.5308681706379025e-05-0.0005340153649418402j)", "0j", "(6.852018766162803e-05+0.000505563305792839j)"], ["(0.0017592752202109693-0.00017655424006725572j)", "(-0.002122722508216523-0.0011692140980704441j)", "(-0.0012209764207980292+6.451963661789608e-05j)"], ["0j", "0j", "0j"], ["(2.9605802080713108e-05+0.0006246849751406541j)", "0j", "(-8.015412015510978e-05-0.0005914020866153142j)"], ["0j", "0j", "0j"], ["0j", "0j", "0j"], ["0j", "0j", "0j"], ["(-0.0020579797310767037+0.00020653110069007616j)", "(-0.11436260002345372-0.06299191897277573j)", "(0.0014282840441452724-7.547432197893264e-05j)"], ["0j", "0j", "0j"], ["0j", "0j", "0j"], ["0j", "0j", "0j"], ["0j", "0j", "0j"], ["0j", "0j", "0j"], ["0j", "0j", "0j"], ["0j", "0j", "0j"], ["0j", "0j", "0j"], ["0j", "0j", "0j"], ["0j", "0j", "0j"], ["0j", "0j", "0j"], ["0j", "0j", "0j"], ["0j", "0j", "0j"], ["0j", "0j", "0j"], ["(-0.00018369843056703763+1.8435283150799837e-05j)", "(-0.010881746651365593-0.005993761100259378j)", "(0.00012749082673293072-6.736953861256418e-06j)"], ["0j", "0j", "0j"], ["0j", "0j", "0j"], ["0j", "0j", "0j"], ["(-4.325359348641602e-06-0.00019474603354179384j)", "0j", "(4.673254926804716e-06-0.0002716109737230764j)"], ["0j", "0j", "0j"], ["(-0.0013296155185891984+0.00013343520943695023j)", "(0.0017063275721174427+0.0009398601303389782j)", "(0.000922782961002396-4.876230229094164e-05j)"], ["(-3.1307098788512666e-05-0.0014095784463926953j)", "0j", "(3.38251788727785e-05-0.001965929510351848j)"], ["0j", "0j", "0j"], ["0j", "0j", "0j"], ["0j", "0j", "0j"], ["0j", "0j", "0j"], ["(-0.006176644680267553+0.0006198648143152391j)", 