{"geometry": [["H", [0.0, 0.0, 0.0]], ["H", [1.1366, 0.0, 0.0]], ["H", [0.3957, 1.302, 0.0]], ["H", [-0.7057, 0.4672, -0.3987]]], "multiplicity": 1, "canonical_orbitals": [[0.4554792346223853, 0.26714760812826116, 0.3289115010689842, 1.1549355940651822], [0.27838610779905754, -0.6696597946221504, 0.5951765923276228, -0.6224582811901157], [0.3197336057205795, -0.46747919266294063, -0.9122686589484266, 0.09896048000262048], [0.34174070416231483, 0.6540000957033507, -0.08746164411844211, -0.9533351876114227]], "canonical_to_oao": [[0.6171197050964036, 0.4128280687202758, 0.44774840925636794, 0.49825457074351687], [0.22444993202405486, -0.6282241983894195, -0.417036591704812, 0.6172819985643537], [0.2844737101991687, 0.537675068597307, -0.7886985929826859, -0.08907725995748678], [0.698469903289786, -0.3818545048098015, 0.059635330256142954, -0.6023043738344067]], "orbital_energies": [-0.6111381488707369, -0.20784736395543035, 0.14773741933030105, 0.6602975686945509], "exact_energy": -1.9678840654472136, "ground_states": [["0j"], ["0j"], ["0j"], ["0j"], ["0j"], ["0j"], ["0j"], ["0j"], ["0j"], ["0j"], ["0j"], ["0j"], ["0j"], ["0j"], ["0j"], ["(-0.025598209941280863+0.05042222762410621j)"], ["0j"], ["0j"], ["0j"], ["0j"], ["0j"], ["0j"], ["0j"], ["0j"], ["0j"], ["0j"], ["0j"], ["(-0.011495519568957533+0.02264336864543023j)"], ["0j"], ["0j"], ["(-0.00937189593198185+0.01846034824449623j)"], ["0j"], ["0j"], ["0j"], ["0j"], ["0j"], ["0j"], ["0j"], ["0j"], ["(0.011495519568962982-0.02264336864542553j)"], ["0j"], ["0j"], ["0j"], ["0j"], ["0j"], ["(0.009371895931980394-0.018460348244497504j)"], ["0j"], ["0j"], ["0j"], ["0j"], ["0j"], ["(0.02492340716044826-0.04909303079766523j)"], ["0j"], ["0j"], ["(-0.000995332612242628+0.001960562385077834j)"], ["0j"], ["0j"], ["(0.0009953326122428034-0.0019605623850777183j)"], ["0j"], ["0j"], ["(0.02268583385170697-0.04468555734706929j)"], ["0j"], ["0j"], ["0j"], ["0j"], ["0j"], ["0j"], ["0j"], ["0j"], ["0j"], ["0j"], ["0j"], ["0j"], ["0j"], ["0j"], ["(-0.0009290584699332187+0.0018300184956057282j)"], ["0j"], ["0j"], ["(0.003891842151850106-0.007665979430110941j)"], ["0j"], ["0j"], ["0j"], ["0j"], ["0j"], ["0j"], ["0j"], ["0j"], ["0j"], ["0j"], ["0j"], ["(-0.01190842505783216+0.02345669170961893j)"], ["0j"], ["0j"], ["0j"], ["0j"], ["0j"], ["0j"], ["0j"], ["0j"], ["(0.022238073198726328-0.04380357811424052j)"], ["0j"], ["0j"], ["(-0.023298265303325797+0.04589189787355159j)"], ["0j"], ["0j"], ["(0.035206690361154716-0.06934858958317322j)"], ["0j"], ["0j"], ["(-0.07128578135796626+0.14041559555291025j)"], ["0j"], ["0j"], ["0j"], ["0j"], ["0j"], ["(-0.0019375973068111807+0.0038165939208967235j)"], ["0j"], ["0j"], ["0j"], ["0j"], ["0j"], ["(0.00656307819091552-0.012927662645780576j)"], ["0j"], ["0j"], ["0j"], ["0j"], ["0j"], ["0j"], ["0j"], ["0j"], ["0j"], ["0j"], ["0j"], ["0j"], ["0j"], ["0j"], ["(0.000929058469929559-0.0018300184956089123j)"], ["0j"], ["0j"], ["0j"], ["0j"], ["0j"], ["(-0.0038918421518458046+0.00766597943011468j)"], ["0j"], ["0j"], ["0j"], ["0j"], ["0j"], ["(-0.022238073198723885+0.043803578114242764j)"], ["0j"], ["0j"], ["(0.035206690361160795-0.06934858958316784j)"], ["0j"], ["0j"], ["(-0.02329826530332276+0.045891897873554355j)"], ["0j"], ["0j"], ["(0.07128578135795914-0.14041559555291688j)"], ["0j"], ["0j"], ["0j"], ["0j"], ["0j"], ["0j"], ["0j"], ["0j"], ["(-0.011908425057835128+0.023456691709616395j)"], ["0j"], ["0j"], ["0j"], ["0j"], ["0j"], ["0j"], ["0j"], ["0j"], ["0j"], ["0j"], ["0j"], ["(0.0019375973068068283-0.003816593920900419j)"], ["0j"], ["0j"], ["(-0.006563078190904621+0.012927662645790204j)"], ["0j"], ["0j"], ["0j"], ["0j"], ["0j"], ["0j"], ["0j"], ["0j"], ["0j"], ["0j"], ["0j"], ["0j"], ["0j"], ["0j"], ["(0.023682850193424254-0.04664943626838217j)"], ["0j"], ["0j"], ["(-0.0061092159367678+0.01203366474745885j)"], ["0j"], ["0j"], ["(0.006109215936765803-0.012033664747460596j)"], ["0j"], ["0j"], ["(0.20377706595866554-0.40139109835842685j)"], ["0j"], ["0j"], ["0j"], ["0j"], ["0j"], ["(0.026379295227747273-0.05196077505372397j)"], ["0j"], ["0j"], ["0j"], ["0j"], ["0j"], ["(0.1147634369407954-0.2260559685083284j)"], ["0j"], ["0j"], ["0j"], ["0j"], ["0j"], ["0j"], ["0j"], ["0j"], ["(-0.026379295227745278+0.05196077505372574j)"], ["0j"], ["0j"], ["(-0.11476343694085725+0.22605596850827495j)"], ["0j"], ["0j"], ["0j"], ["0j"], ["0j"], ["0j"], ["0j"], ["0j"], ["0j"], ["0j"], ["0j"], ["(-0.34302712182892364+0.6756797314255713j)"], ["0j"], ["0j"], ["0j"], ["0j"], ["0j"], ["0j"], ["0j"], ["0j"], ["0j"], ["0j"], ["0j"], ["0j"], ["0j"], ["0j"], ["0j"]], "hf_energy": -1.8194039445931718}