{"geometry": [["H", [0.0, 0.0, 0.0]], ["H", [0.5657, 0.0, 0.0]], ["H", [0.5116, 0.4576, 0.0]], ["H", [0.5591, -0.8876, 0.1317]]], "multiplicity": 1, "canonical_orbitals": [[0.31389864792689776, 0.13413514972318147, 1.5417866467852934, 0.27162079720549603], [0.4536966799922413, 0.12107197251085966, -0.6232143769318286, -2.2700311168545366], [0.30466428422693015, -0.7798294623119191, -0.6278730994359516, 1.677215448642765], [0.01763001339711141, 0.9234865827912518, -0.37838675031091007, 0.8164711265641944]], "canonical_to_oao": [[0.49787302195437466, 0.7196059575605718, 0.4832264454511227, 0.027962873064557185], [0.10975484072844584, 0.09906601727460315, -0.6380882163104069, 0.7556343211923507], [0.8483525017526063, -0.34291740488263234, -0.34548081980102235, -0.2082034806343747], [0.09205371497552768, -0.7693254697960884, 0.5684171258252564, 0.2767063536509183]], "orbital_energies": [-1.0868848207579536, -0.195619284266408, 0.47888900042345556, 1.2689179219239037], "exact_energy": -1.4455213253228278, "ground_states": [["0j"], ["0j"], ["0j"], ["0j"], ["0j"], ["0j"], ["0j"], ["0j"], ["0j"], ["0j"], ["0j"], ["0j"], ["0j"], ["0j"], ["0j"], ["(-0.005315874395152239+0.0030127096753219257j)"], ["0j"], ["0j"], ["0j"], ["0j"], ["0j"], ["0j"], ["0j"], ["0j"], ["0j"], ["0j"], ["0j"], ["(-0.0013807555180487213+0.0007825270499755287j)"], ["0j"], ["0j"], ["(0.0008486959026890394-0.0004809884823029405j)"], ["0j"], ["0j"], ["0j"], ["0j"], ["0j"], ["0j"], ["0j"], ["0j"], ["(0.0013807555180485802-0.0007825270499756449j)"], ["0j"], ["0j"], ["0j"], ["0j"], ["0j"], ["(-0.0008486959026890105+0.00048098848230295735j)"], ["0j"], ["0j"], ["0j"], ["0j"], ["0j"], ["(0.026911815278666425-0.015251956732546758j)"], ["0j"], ["0j"], ["(-0.008299137917505325+0.004703439404757344j)"], ["0j"], ["0j"], ["(0.008299137917505398-0.004703439404757295j)"], ["0j"], ["0j"], ["(0.04914483189890299-0.027852259016675887j)"], ["0j"], ["0j"], ["0j"], ["0j"], ["0j"], ["0j"], ["0j"], ["0j"], ["0j"], ["0j"], ["0j"], ["0j"], ["0j"], ["0j"], ["(-0.001545977234672577+0.0008761645265683664j)"], ["0j"], ["0j"], ["(0.0047923639224572755-0.002716016234322165j)"], ["0j"], ["0j"], ["0j"], ["0j"], ["0j"], ["0j"], ["0j"], ["0j"], ["0j"], ["0j"], ["0j"], ["(0.0001665769021862221-9.440551216910581e-05j)"], ["0j"], ["0j"], ["0j"], ["0j"], ["0j"], ["0j"], ["0j"], ["0j"], ["(-0.008211209648263561+0.004653607085972603j)"], ["0j"], ["0j"], ["(-0.008464313592762104+0.004797050787943474j)"], ["0j"], ["0j"], ["(0.00829773669057588-0.004702645275774321j)"], ["0j"], ["0j"], ["(0.0011019733593619267-0.0006245305202705466j)"], ["0j"], ["0j"], ["0j"], ["0j"], ["0j"], ["(-0.004570410379984279+0.0025902266585770585j)"], ["0j"], ["0j"], ["0j"], ["0j"], ["0j"], ["(0.008204830811530324-0.004649991954817291j)"], ["0j"], ["0j"], ["0j"], ["0j"], ["0j"], ["0j"], ["0j"], ["0j"], ["0j"], ["0j"], ["0j"], ["0j"], ["0j"], ["0j"], ["(0.0015459772346725605-0.0008761645265683854j)"], ["0j"], ["0j"], ["0j"], ["0j"], ["0j"], ["(-0.004792363922457319+0.002716016234322137j)"], ["0j"], ["0j"], ["0j"], ["0j"], ["0j"], ["(0.008211209648263669-0.00465360708597253j)"], ["0j"], ["0j"], ["(0.008297736690576053-0.004702645275774204j)"], ["0j"], ["0j"], ["(-0.008464313592762097+0.004797050787943496j)"], ["0j"], ["0j"], ["(-0.0011019733593621863+0.0006245305202702857j)"], ["0j"], ["0j"], ["0j"], ["0j"], ["0j"], ["0j"], ["0j"], ["0j"], ["(0.00016657690218607407-9.440551216921904e-05j)"], ["0j"], ["0j"], ["0j"], ["0j"], ["0j"], ["0j"], ["0j"], ["0j"], ["0j"], ["0j"], ["0j"], ["(0.004570410379984351-0.0025902266585770164j)"], ["0j"], ["0j"], ["(-0.008204830811530455+0.004649991954817287j)"], ["0j"], ["0j"], ["0j"], ["0j"], ["0j"], ["0j"], ["0j"], ["0j"], ["0j"], ["0j"], ["0j"], ["0j"], ["0j"], ["0j"], ["(0.04198690152629303-0.023795585648225214j)"], ["0j"], ["0j"], ["(0.04362678656051638-0.024724971322485433j)"], ["0j"], ["0j"], ["(-0.04362678656051669+0.02472497132248521j)"], ["0j"], ["0j"], ["(0.056134093890179634-0.031813341551598234j)"], ["0j"], ["0j"], ["0j"], ["0j"], ["0j"], ["(-0.004067556387585898+0.0023052400363282174j)"], ["0j"], ["0j"], ["0j"], ["0j"], ["0j"], ["(0.02587232260961761-0.014662836413161094j)"], ["0j"], ["0j"], ["0j"], ["0j"], ["0j"], ["0j"], ["0j"], ["0j"], ["(0.004067556387585711-0.0023052400363284395j)"], ["0j"], ["0j"], ["(-0.0258723226096138+0.014662836413164175j)"], ["0j"], ["0j"], ["0j"], ["0j"], ["0j"], ["0j"], ["0j"], ["0j"], ["0j"], ["0j"], ["0j"], ["(-0.8618837095040208+0.4884625176608903j)"], ["0j"], ["0j"], ["0j"], ["0j"], ["0j"], ["0j"], ["0j"], ["0j"], ["0j"], ["0j"], ["0j"], ["0j"], ["0j"], ["0j"], ["0j"]]}