{"geometry": [["H", [0.0, 0.0, 0.0]], ["H", [0.9777, 0.0, 0.0]], ["H", [0.4718, -0.3928, 0.0]], ["H", [0.3605, -0.2759, 0.617]]], "multiplicity": 1, "canonical_orbitals": [[0.2666039094903826, 0.7607601549197158, 1.014002056360859, 0.8251144775280855], [0.13311877107927084, -1.0247223085346402, 0.06162782378626222, 1.0259178925954098], [0.43617213316577536, -0.3301853187187326, 0.23355923061381217, -1.9294398597958198], [0.30064804143309687, 0.503537642451926, -1.3125141958454083, 0.41685489540464726]], "canonical_to_oao": [[0.4386299700287031, 0.21901360216499263, 0.7176120187568409, 0.4946410637978462], [0.5391010976089979, -0.7261538576948072, -0.23398079747542838, 0.3568242815791632], [0.6049845602812285, 0.0367690397080935, 0.1393485620134029, -0.7830860092001836], [0.3477496162786473, 0.43237946151697315, -0.8131744008259569, 0.17568608219688828]], "orbital_energies": [-1.0179802664013295, -0.10794318326436053, 0.4433926424663468, 0.9335914107119305], "exact_energy": -1.3487978646115855, "ground_states": [["0j"], ["0j"], ["0j"], ["0j"], ["0j"], ["0j"], ["0j"], ["0j"], ["0j"], ["0j"], ["0j"], ["0j"], ["0j"], ["0j"], ["0j"], ["(0.013312799658788444+0.005061512998933963j)"], ["0j"], ["0j"], ["0j"], ["0j"], ["0j"], ["0j"], ["0j"], ["0j"], ["0j"], ["0j"], ["0j"], ["(-0.0020270210221818748-0.0007706713475635761j)"], ["0j"], ["0j"], ["(0.004773905167026643+0.0018150339280913325j)"], ["0j"], ["0j"], ["0j"], ["0j"], ["0j"], ["0j"], ["0j"], ["0j"], ["(0.002027021022181649+0.0007706713475641311j)"], ["0j"], ["0j"], ["0j"], ["0j"], ["0j"], ["(-0.0047739051670267-0.0018150339280913164j)"], ["0j"], ["0j"], ["0j"], ["0j"], ["0j"], ["(-0.036255095987162055-0.01378415091640614j)"], ["0j"], ["0j"], ["(-0.003262892791155187-0.0012405485472513594j)"], ["0j"], ["0j"], ["(0.003262892791155145+0.0012405485472514986j)"], ["0j"], ["0j"], ["(-0.05362940865496628-0.020389847063691006j)"], ["0j"], ["0j"], ["0j"], ["0j"], ["0j"], ["0j"], ["0j"], ["0j"], ["0j"], ["0j"], ["0j"], ["0j"], ["0j"], ["0j"], ["(-0.00169054976003909-0.0006427453131642595j)"], ["0j"], ["0j"], ["(0.002298211964046049+0.0008737778700550592j)"], ["0j"], ["0j"], ["0j"], ["0j"], ["0j"], ["0j"], ["0j"], ["0j"], ["0j"], ["0j"], ["0j"], ["(-0.0003670185890145374-0.0001395400972568546j)"], ["0j"], ["0j"], ["0j"], ["0j"], ["0j"], ["0j"], ["0j"], ["0j"], ["(0.01961544187378383+0.007457771210314125j)"], ["0j"], ["0j"], ["(0.010501576743257135+0.0039926888827031305j)"], ["0j"], ["0j"], ["(-0.010134558154242771-0.0038531487854459178j)"], ["0j"], ["0j"], ["(-0.07415576360794308-0.02819394650769062j)"], ["0j"], ["0j"], ["0j"], ["0j"], ["0j"], ["(0.0005424990122127432+0.00020625757711373817j)"], ["0j"], ["0j"], ["0j"], ["0j"], ["0j"], ["(0.004784842331182658+0.0018191922268682315j)"], ["0j"], ["0j"], ["0j"], ["0j"], ["0j"], ["0j"], ["0j"], ["0j"], ["0j"], ["0j"], ["0j"], ["0j"], ["0j"], ["0j"], ["(0.0016905497600389913+0.0006427453131644786j)"], ["0j"], ["0j"], ["0j"], ["0j"], ["0j"], ["(-0.0022982119640460753-0.0008737778700549003j)"], ["0j"], ["0j"], ["0j"], ["0j"], ["0j"], ["(-0.01961544187378389-0.007457771210313952j)"], ["0j"], ["0j"], ["(-0.010134558154242424-0.00385314878544678j)"], ["0j"], ["0j"], ["(0.010501576743257145+0.003992688882703125j)"], ["0j"], ["0j"], ["(0.07415576360794325+0.028193946507690103j)"], ["0j"], ["0j"], ["0j"], ["0j"], ["0j"], ["0j"], ["0j"], ["0j"], ["(-0.00036701858901459707-0.00013954009725669197j)"], ["0j"], ["0j"], ["0j"], ["0j"], ["0j"], ["0j"], ["0j"], ["0j"], ["0j"], ["0j"], ["0j"], ["(-0.0005424990122126959-0.0002062575771138952j)"], ["0j"], ["0j"], ["(-0.004784842331182172-0.0018191922268691791j)"], ["0j"], ["0j"], ["0j"], ["0j"], ["0j"], ["0j"], ["0j"], ["0j"], ["0j"], ["0j"], ["0j"], ["0j"], ["0j"], ["0j"], ["(-0.059660031116738996-0.022682683639337595j)"], ["0j"], ["0j"], ["(0.022968888830677738+0.008732748360018031j)"], ["0j"], ["0j"], ["(-0.02296888883067737-0.008732748360019237j)"], ["0j"], ["0j"], ["(-0.14886586178026565-0.0565986504574872j)"], ["0j"], ["0j"], ["0j"], ["0j"], ["0j"], ["(-0.02466197573384569-0.009376458292441103j)"], ["0j"], ["0j"], ["0j"], ["0j"], ["0j"], ["(0.031585148215803514+0.012008641485258908j)"], ["0j"], ["0j"], ["0j"], ["0j"], ["0j"], ["0j"], ["0j"], ["0j"], ["(0.024661975733845737+0.009376458292441091j)"], ["0j"], ["0j"], ["(-0.031585148215798976-0.012008641485270453j)"], ["0j"], ["0j"], ["0j"], ["0j"], ["0j"], ["0j"], ["0j"], ["0j"], ["0j"], ["0j"], ["0j"], ["(0.9094054179325687+0.3457550223951606j)"], ["0j"], ["0j"], ["0j"], ["0j"], ["0j"], ["0j"], ["0j"], ["0j"], ["0j"], ["0j"], ["0j"], ["0j"], ["0j"], ["0j"], ["0j"]]}