{"geometry": [["H", [0.0, 0.0, 0.0]], ["H", [0.619, 0.0, 0.0]], ["H", [0.5673, 0.8019, 0.0]], ["H", [0.3252, 0.424, -0.1408]]], "multiplicity": 1, "canonical_orbitals": [[0.1854943042783539, 0.8353224245960771, 1.0346280666371082, 1.2640890781218375], [0.28766903059805493, 0.4483448139762568, -1.6242567354014377, 0.25954296330901594], [0.09558631261251038, -0.9530240784035515, 0.0476622783538648, 1.7408802899023554], [0.520795604105722, -0.3612191136243553, 0.5499026299352723, -2.780334310966857]], "canonical_to_oao": [[0.4643295863436474, 0.5120990359956575, 0.4053198002526692, 0.5982210896494633], [0.5785905193554222, 0.29509803833257686, -0.7319953156804498, -0.2057498882288059], [0.5458640477349533, -0.803002945202177, 0.04152795427407222, 0.23557194315294996], [0.38943996655245244, 0.07653754047012326, 0.5460532449851629, -0.7377698631630214]], "orbital_energies": [-1.139986656664763, -0.21979217453214117, 0.6026796272125021, 1.6178388886713448], "exact_energy": -1.1536999948431068, "ground_states": [["0j"], ["0j"], ["0j"], ["0j"], ["0j"], ["0j"], ["0j"], ["0j"], ["0j"], ["0j"], ["0j"], ["0j"], ["0j"], ["0j"], ["0j"], ["(-0.004091797930659105+0.003351428429597044j)"], ["0j"], ["0j"], ["0j"], ["0j"], ["0j"], ["0j"], ["0j"], ["0j"], ["0j"], ["0j"], ["0j"], ["(0.0006246253411375882-0.0005116056954938969j)"], ["0j"], ["0j"], ["(-0.0011736567504135253+0.000961295417462326j)"], ["0j"], ["0j"], ["0j"], ["0j"], ["0j"], ["0j"], ["0j"], ["0j"], ["(-0.0006246253411375989+0.0005116056954938627j)"], ["0j"], ["0j"], ["0j"], ["0j"], ["0j"], ["(0.0011736567504135144-0.0009612954174623182j)"], ["0j"], ["0j"], ["0j"], ["0j"], ["0j"], ["(0.01978566364033827-0.016205647675273525j)"], ["0j"], ["0j"], ["(0.0041068351673848305-0.0033637448302403236j)"], ["0j"], ["0j"], ["(-0.004106835167384859+0.0033637448302403137j)"], ["0j"], ["0j"], ["(0.03824908725746772-0.03132830130254446j)"], ["0j"], ["0j"], ["0j"], ["0j"], ["0j"], ["0j"], ["0j"], ["0j"], ["0j"], ["0j"], ["0j"], ["0j"], ["0j"], ["0j"], ["(0.0006960658984207513-0.0005701198056142849j)"], ["0j"], ["0j"], ["(0.00044483449051067517-0.0003643461830781619j)"], ["0j"], ["0j"], ["0j"], ["0j"], ["0j"], ["0j"], ["0j"], ["0j"], ["0j"], ["0j"], ["0j"], ["(-0.0009467085797028818+0.000775411225658601j)"], ["0j"], ["0j"], ["0j"], ["0j"], ["0j"], ["0j"], ["0j"], ["0j"], ["(-0.008038067439851231+0.006583660335493792j)"], ["0j"], ["0j"], ["(-0.007198197178592977+0.0058957561138157175j)"], ["0j"], ["0j"], ["(0.008144905758295844-0.006671167339474302j)"], ["0j"], ["0j"], ["(0.03197317815078844-0.026187954550791735j)"], ["0j"], ["0j"], ["0j"], ["0j"], ["0j"], ["(-0.0012194571015626471+0.0009988086577366456j)"], ["0j"], ["0j"], ["0j"], ["0j"], ["0j"], ["(-0.003150705940454139+0.0025806175283043646j)"], ["0j"], ["0j"], ["0j"], ["0j"], ["0j"], ["0j"], ["0j"], ["0j"], ["0j"], ["0j"], ["0j"], ["0j"], ["0j"], ["0j"], ["(-0.0006960658984207565+0.0005701198056142893j)"], ["0j"], ["0j"], ["0j"], ["0j"], ["0j"], ["(-0.00044483449051067257+0.00036434618307816383j)"], ["0j"], ["0j"], ["0j"], ["0j"], ["0j"], ["(0.008038067439851223-0.006583660335493801j)"], ["0j"], ["0j"], ["(0.008144905758295838-0.006671167339474309j)"], ["0j"], ["0j"], ["(-0.007198197178593009+0.005895756113815728j)"], ["0j"], ["0j"], ["(-0.031973178150788414+0.026187954550791714j)"], ["0j"], ["0j"], ["0j"], ["0j"], ["0j"], ["0j"], ["0j"], ["0j"], ["(-0.0009467085797028505+0.0007754112256585868j)"], ["0j"], ["0j"], ["0j"], ["0j"], ["0j"], ["0j"], ["0j"], ["0j"], ["0j"], ["0j"], ["0j"], ["(0.0012194571015626463-0.0009988086577366298j)"], ["0j"], ["0j"], ["(0.0031507059404541396-0.0025806175283043546j)"], ["0j"], ["0j"], ["0j"], ["0j"], ["0j"], ["0j"], ["0j"], ["0j"], ["0j"], ["0j"], ["0j"], ["0j"], ["0j"], ["0j"], ["(0.03188994354219238-0.026119780403802438j)"], ["0j"], ["0j"], ["(-0.015104139067917619+0.012371197682445928j)"], ["0j"], ["0j"], ["(0.015104139067917612-0.01237119768244591j)"], ["0j"], ["0j"], ["(0.053889054475166065-0.044138374443892694j)"], ["0j"], ["0j"], ["0j"], ["0j"], ["0j"], ["(0.0035023992427859847-0.0028686754803117645j)"], ["0j"], ["0j"], ["0j"], ["0j"], ["0j"], ["(-0.00888093968351389+0.007274023361185853j)"], ["0j"], ["0j"], ["0j"], ["0j"], ["0j"], ["0j"], ["0j"], ["0j"], ["(-0.003502399242786008+0.002868675480311759j)"], ["0j"], ["0j"], ["(0.008880939683513995-0.007274023361185761j)"], ["0j"], ["0j"], ["0j"], ["0j"], ["0j"], ["0j"], ["0j"], ["0j"], ["0j"], ["0j"], ["0j"], ["(-0.7678478259962798+0.6289135185211157j)"], ["0j"], ["0j"], ["0j"], ["0j"], ["0j"], ["0j"], ["0j"], ["0j"], ["0j"], ["0j"], ["0j"], ["0j"], ["0j"], ["0j"], ["0j"]], "hf_energy": -1.1267521384153454}