{"geometry": [["H", [0.0, 0.0, 0.0]], ["H", [1.1004, 0.0, 0.0]], ["H", [0.0872, 0.6218, 0.0]], ["H", [0.1835, 0.6872, 1.1644]]], "multiplicity": 3, "canonical_orbitals": [[0.4850047756495993, 0.20009452153833546, 0.38492217961849096, 1.369208831257968], [0.11364877342474519, 0.46819487812979393, -1.0062264769017535, -0.12548328014256727], [0.48970218585042347, 0.01877808708065705, 0.4021661245461793, -1.3974623269899267], [0.08628098205185475, -0.9896686063593527, -0.4055472289559972, 0.21581831994643158]], "canonical_to_oao": [[0.6890785838254921, 0.16146838088375087, 0.6957525073234535, 0.12258513711279143], [0.1797597226853712, 0.4206141218074203, 0.016869745859253587, -0.8890925791563526], [0.31567302056155633, -0.825201997056682, 0.32981470547853275, -0.33258753463308827], [0.6942202379889769, -0.0636228971180203, -0.7085454074469042, 0.10942483134434647]], "orbital_energies": [-0.741208670695612, -0.011200356670848758, 0.06306316119059624, 0.7886194232119978], "exact_energy": -1.8805233372626584, "ground_states": [["0j", "0j", "0j"], ["0j", "0j", "0j"], ["0j", "0j", "0j"], ["0j", "0j", "0j"], ["0j", "0j", "0j"], ["0j", "0j", "0j"], ["0j", "0j", "0j"], ["0j", "0j", "0j"], ["0j", "0j", "0j"], ["0j", "0j", "0j"], ["0j", "0j", "0j"], ["0j", "0j", "0j"], ["0j", "0j", "0j"], ["0j", "0j", "0j"], ["0j", "0j", "0j"], ["0j", "0j", "0j"], ["0j", "0j", "0j"], ["0j", "0j", "0j"], ["0j", "0j", "0j"], ["0j", "0j", "0j"], ["0j", "0j", "0j"], ["0j", "0j", "0j"], ["0j", "0j", "0j"], ["(-0.004839814548291286+0.000849334778932035j)", "(-0.007531623554897182+0.004068257846359231j)", "(0.04135327461831148+0.06487932648652897j)"], ["0j", "0j", "0j"], ["0j", "0j", "0j"], ["0j", "0j", "0j"], ["(-0.041790024608503194+0.013741477799372336j)", "(-0.029032171677411872+0.008004274779408242j)", "(-0.003598646937675203-0.007125506160905074j)"], ["0j", "0j", "0j"], ["(-0.00010625902598232297+1.8647302586009403e-05j)", "(-0.00016535819193558803+8.931935550128416e-05j)", "(0.0009079188134745917+0.0014244376452982618j)"], ["(-0.0009175077405086904+0.0003016966935264191j)", "(-0.0006374067133801502+0.0001757353372262649j)", "(-7.900896090947196e-05-0.00015644180923409225j)"], ["0j", "0j", "0j"], ["0j", "0j", "0j"], ["0j", "0j", "0j"], ["0j", "0j", "0j"], ["0j", "0j", "0j"], ["0j", "0j", "0j"], ["0j", "0j", "0j"], ["0j", "0j", "0j"], ["(-0.04179002460847093+0.013741477799463416j)", "(-0.02903217167740145+0.00800427477939959j)", "(-0.003598646937671387-0.007125506160901193j)"], ["0j", "0j", "0j"], ["0j", "0j", "0j"], ["0j", "0j", "0j"], ["(0.034537876517085384-0.031904068570655336j)", "(-0.04854133911102069+0.04315020192084025j)", "(-0.004224566454661123-0.006374553590929561j)"], ["0j", "0j", "0j"], ["(-0.0009175077405052933+0.0003016966935360572j)", "(-0.0006374067133790478+0.00017573533722536745j)", "(-7.900896090796142e-05-0.00015644180923266666j)"], ["(0.0007582854842029715-0.0007004597422825336j)", "(-0.0010657341024846217+0.0009473706856532937j)", "(-9.275113998501079e-05-0.00013995450629062417j)"], ["0j", "0j", "0j"], ["0j", "0j", "0j"], ["0j", "0j", "0j"], ["0j", "0j", "0j"], ["0j", "0j", "0j"], ["0j", "0j", "0j"], ["(-0.0008854518866783432+0.0001553871692650693j)", "(-0.001377922691023249+0.0007442943421922405j)", "(0.007565648366431709+0.011869777544307096j)"], ["(-0.007645552482372044+0.0025140255523987487j)", "(-0.005311482687947625+0.001464394995757533j)", "(-0.0006583782681457642-0.0013036228580155043j)"], ["0j", "0j", "0j"], ["0j", "0j", "0j"], ["(-0.007645552482376746+0.002514025552385492j)", "(-0.005311482687949143+0.0014643949957587855j)", "(-0.0006583782681463827-0.0013036228580161318j)"], ["(0.006318760278679412-0.005836900861950623j)", "(-0.008880716372267231+0.007894399118009474j)", "(-0.0007728912544796682-0.0011662348727419052j)"], ["0j", "0j", "0j"], ["0j", "0j", "0j"], ["0j", "0j", "0j"], ["0j", "0j", "0j"], ["0j", "0j", "0j"], ["0j", "0j", "0j"], ["0j", "0j", "0j"], ["0j", "0j", "0j"], ["0j", "0j", "0j"], ["0j", "0j", "0j"], ["0j", "0j", "0j"], ["0j", "0j", "0j"], ["(0.0007761464692588019-0.0001362052581373266j)", "(0.001207823765062166-0.0006524142468642491j)", "(-0.006631699989129405-0.010404502006835414j)"], ["0j", "0j", "0j"], ["0j", "0j", "0j"], ["0j", "0j", "0j"], ["(0.006701740268461167-0.002203679370324833j)", "(0.004655801853049626-0.0012836214171096677j)", "(0.0005771041611038817+0.0011426959428487923j)"], ["0j", "0j", "0j"], ["(-0.0010865141733446178+0.00019067141230640528j)", "(-0.001690811839800812+0.0009133035505358972j)", "(0.00928360343948893+0.014565084484394196j)"], ["(-0.00938165162910441+0.0030848930765406115j)", "(-0.006517577418666134+0.001796919677064388j)", "(-0.0008078782489762396-0.0015996405149050854j)"], ["0j", "0j", "0j"], ["0j", "0j", "0j"], ["0j", "0j", "0j"], ["0j", "0j", "0j"], ["(-0.0027307219429349738+0.00047921198107606745j)", "(-0.004249495409807552+0.002295393937045123j)", "(0.023332359801329042+0.036606237431588494j)"], ["0j", "0j", "0j"], ["0j", "0j", "0j"], ["(0.00029626609456314936-5.1991475173294284e-05j)", "(0.00046104342926034126-0.00024903575370299736j)", "(-0.0025314137652004574-0.0039715457037157766j)"], ["0j", "0j", "0j"], ["0j", "0j", "0j"], ["(0.0006134415756388708-0.00010765232011143808j)", "(0.0009546256317333622-0.0005156475477468267j)", "(-0.005241485533498299-0.0082233886999524j)"], ["(0.007854992282241435-0.0025828939578568673j)", "(0.005456983732340186-0.001504510160168964j)", "(0.0006764136701687116+0.0013393338823136612j)"], ["0j", "0j", "0j"], ["(0.0004371144596236428-7.670883031338079e-05j)", "(0.0006802288656806197-0.0003674302625394911j)", "(-0.0037348774644345825-0.005859664963386942j)"], ["0j", "0j", "0j"], ["0j", "0j", "0j"], ["0j", "0j", "0j"], ["0j", "0j", "0j"], ["0j", "0j", "0j"], ["0j", "0j", "0j"], ["(-0.02357878304127364+0.00775322165361708j)", "(-0.016380542572345093+0.00451617485738347j)", "(-0.0020304298975763317-0.004020355704530338j)"], ["0j", "0j", "0j"], ["(-0.001169517196905591+0.00020523753957502188j)", "(-0.001819979501317838+0.0009830743441280778j)", "(0.009992813842742204+0.015677767669099812j)"], ["(-0.007540203181778083+0.0024793843889101327j)", "(-0.005238294911450408+0.0014442168609589278j)", "(-0.0006493063678190256-0.0012856600284316018j)"], ["0j", "0j", "0j"], ["0j", "0j", "0j"], ["(-0.004801509162203443+0.001578841653534175j)", "(-0.003335682130208081+0.0009196596328957375j)", "(-0.00041347035338018653-0.0008186925812385883j)"], ["(0.0018540523116567103-0.0017126649941959524j)", "(-0.0026057821460209905+0.002316376676493416j)", "(-0.00022678195624272266-0.00034219694471360044j)"], ["0j", "0j", "0j"], ["(0.003774323136170058-0.0012410803312467764j)", "(0.0026220802280429788-0.0007229170064192684j)", "(0.0003250167120778917+0.0006435498186972562j)"], ["0j", "0j", "0j"], ["0j", "0j", "0j"], ["0j", "0j", "0j"], ["0j", "0j", "0j"], ["(0.0013822994460474935-0.00024257850847628356j)", "(0.0021511070236043288-0.0011619351343505932j)", "(-0.011810908874043706-0.018530184610879772j)"], ["(0.011935649039901755-0.003924703510949208j)", "(0.00829187863022564-0.0022861009410962948j)", "(0.001027809561467824+0.0020351158336221866j)"], ["0j", "0j", "0j"], ["(-1.0565711430465142e-06+1.8541673641568057e-07j)", "(-1.6442150894386327e-06+8.881339978319023e-07j)", "(9.027758440818082e-06+1.4163688190057383e-05j)"], ["0j", "0j", "0j"], ["0j", "0j", "0j"], ["0j", "0j", "0j"], ["(-9.123104543536296e-06+2.999877105635545e-06j)", "(-6.337960787490625e-06+1.7473987225577748e-06j)", "(-7.856140981214794e-07-1.5555563432151744e-06j)"], ["0j", "0j", "0j"], ["0j", "0j", "0j"], ["0j", "0j", "0j"], ["0j", "0j", "0j"], ["0j", "0j", "0j"], ["0j", "0j", "0j"], ["0j", "0j", "0j"], ["0j", "0j", "0j"], ["0j", "0j", "0j"], ["0j", "0j", "0j"], ["0j", "0j", "0j"], ["0j", "0j", "0j"], ["0j", "0j", "0j"], ["0j", "0j", "0j"], ["(0.006701740268439389-0.002203679370386331j)", "(0.004655801853042686-0.0012836214171038354j)", "(0.0005771041611014491+0.001142695942846203j)"], ["0j", "0j", "0j"], ["0j", "0j", 