{"geometry": [["H", [0.0, 0.0, 0.0]], ["H", [0.7828, 0.0, 0.0]], ["H", [0.5202, 0.5777, 0.0]], ["H", [-0.0727, 0.2618, 0.4082]]], "multiplicity": 1, "canonical_orbitals": [[0.35960075380166445, 0.528596471278693, 0.8622090891488076, 1.625430210789561], [0.22123859432819426, -0.7521903151685255, 0.9421197095590476, -0.9859933822328719], [0.2898403944422185, -0.5904041551489844, -1.2568771717002178, 0.7990825778282065], [0.28150372397922285, 0.7185178082784016, -0.5365241641113259, -1.5844519053495698]], "canonical_to_oao": [[0.5497507077682969, 0.443901849737941, 0.4939658906544204, 0.5066784048856646], [0.38294307446927356, -0.5997275777716297, -0.44499015246027895, 0.5437510444951548], [0.4317777885116466, 0.5301083706085917, -0.6766967688149614, -0.27319322801651913], [0.6039012356108168, -0.4028189365833158, 0.3163272769755301, -0.6107186388173065]], "orbital_energies": [-1.0107879043077257, -0.2683534056221757, 0.6024481069408529, 1.1306206149121163], "exact_energy": -1.5038038439110417, "ground_states": [["0j"], ["0j"], ["0j"], ["0j"], ["0j"], ["0j"], ["0j"], ["0j"], ["0j"], ["0j"], ["0j"], ["0j"], ["0j"], ["0j"], ["0j"], ["(0.005430510010238323-0.00784356327710556j)"], ["0j"], ["0j"], ["0j"], ["0j"], ["0j"], ["0j"], ["0j"], ["0j"], ["0j"], ["0j"], ["0j"], ["(0.0008934260172785822-0.001290420878835577j)"], ["0j"], ["0j"], ["(0.00030391831092461415-0.0004389647562225493j)"], ["0j"], ["0j"], ["0j"], ["0j"], ["0j"], ["0j"], ["0j"], ["0j"], ["(-0.0008934260172785961+0.0012904208788355512j)"], ["0j"], ["0j"], ["0j"], ["0j"], ["0j"], ["(-0.0003039183109245954+0.00043896475622253806j)"], ["0j"], ["0j"], ["0j"], ["0j"], ["0j"], ["(-0.017824569688421787+0.025744937395332818j)"], ["0j"], ["0j"], ["(0.0026202446502876617-0.0037845533250617388j)"], ["0j"], ["0j"], ["(-0.0026202446502876396+0.0037845533250617457j)"], ["0j"], ["0j"], ["(-0.027816103219351494+0.040176220154671614j)"], ["0j"], ["0j"], ["0j"], ["0j"], ["0j"], ["0j"], ["0j"], ["0j"], ["0j"], ["0j"], ["0j"], ["0j"], ["0j"], ["0j"], ["(4.916203289602682e-05-7.100723783293713e-05j)"], ["0j"], ["0j"], ["(7.547927250863592e-05-0.00010901857264146716j)"], ["0j"], ["0j"], ["0j"], ["0j"], ["0j"], ["0j"], ["0j"], ["0j"], ["0j"], ["0j"], ["0j"], ["(0.0044703916343223835-0.006456815214619631j)"], ["0j"], ["0j"], ["0j"], ["0j"], ["0j"], ["0j"], ["0j"], ["0j"], ["(-0.00876655220610667+0.012661979596945726j)"], ["0j"], ["0j"], ["(0.01912977281133137-0.02763010900255133j)"], ["0j"], ["0j"], ["(-0.02360016444565378+0.034086924217171036j)"], ["0j"], ["0j"], ["(0.016490179915029657-0.02381761001646965j)"], ["0j"], ["0j"], ["0j"], ["0j"], ["0j"], ["(-0.0004646001807473302+0.00067104579668871j)"], ["0j"], ["0j"], ["0j"], ["0j"], ["0j"], ["(0.0002801837175992113-0.00040468366950084374j)"], ["0j"], ["0j"], ["0j"], ["0j"], ["0j"], ["0j"], ["0j"], ["0j"], ["0j"], ["0j"], ["0j"], ["0j"], ["0j"], ["0j"], ["(-4.916203289603834e-05+7.100723783295913e-05j)"], ["0j"], ["0j"], ["0j"], ["0j"], ["0j"], ["(-7.54792725086425e-05+0.00010901857264147203j)"], ["0j"], ["0j"], ["0j"], ["0j"], ["0j"], ["(0.008766552206106698-0.012661979596945731j)"], ["0j"], ["0j"], ["(-0.023600164445653746+0.034086924217171015j)"], ["0j"], ["0j"], ["(0.019129772811331318-0.027630109002551327j)"], ["0j"], ["0j"], ["(-0.016490179915029806+0.023817610016469606j)"], ["0j"], ["0j"], ["0j"], ["0j"], ["0j"], ["0j"], ["0j"], ["0j"], ["(0.004470391634322395-0.0064568152146196505j)"], ["0j"], ["0j"], ["0j"], ["0j"], ["0j"], ["0j"], ["0j"], ["0j"], ["0j"], ["0j"], ["0j"], ["(0.0004646001807473709-0.0006710457966886922j)"], ["0j"], ["0j"], ["(-0.00028018371759922796+0.0004046836695008033j)"], ["0j"], ["0j"], ["0j"], ["0j"], ["0j"], ["0j"], ["0j"], ["0j"], ["0j"], ["0j"], ["0j"], ["0j"], ["0j"], ["0j"], ["(-0.029526266875907745+0.04264629696681567j)"], ["0j"], ["0j"], ["(-0.006876901635714612+0.009932660657740046j)"], ["0j"], ["0j"], ["(0.0068769016357144485-0.009932660657740148j)"], ["0j"], ["0j"], ["(-0.052028120727017325+0.0751468750341811j)"], ["0j"], ["0j"], ["0j"], ["0j"], ["0j"], ["(-0.0008910275628773024+0.0012869566685075543j)"], ["0j"], ["0j"], ["0j"], ["0j"], ["0j"], ["(-0.008770807315618506+0.012668125469183562j)"], ["0j"], ["0j"], ["0j"], ["0j"], ["0j"], ["0j"], ["0j"], ["0j"], ["(0.0008910275628773137-0.0012869566685076094j)"], ["0j"], ["0j"], ["(0.008770807315618703-0.012668125469183668j)"], ["0j"], ["0j"], ["0j"], ["0j"], ["0j"], ["0j"], ["0j"], ["0j"], ["0j"], ["0j"], ["0j"], ["(0.5625647805179259-0.8125410771998018j)"], ["0j"], ["0j"], ["0j"], ["0j"], ["0j"], ["0j"], ["0j"], ["0j"], ["0j"], ["0j"], ["0j"], ["0j"], ["0j"], ["0j"], ["0j"]], "hf_energy": -1.4665487112160025}