{"geometry": [["H", [0.0, 0.0, 0.0]], ["H", [0.8832, 0.0, 0.0]], ["H", [-0.4053, -0.019, 0.0]], ["H", [-0.1795, -0.4071, -1.3637]]], "multiplicity": 3, "canonical_orbitals": [[0.5401129134016148, 0.14609393651507907, 0.09638986549188872, 2.4284748117056973], [0.08616318079573815, 0.288110216524666, -1.0130144519618796, -0.7717607829197757], [0.44120778174243225, 0.016563343682653803, 0.5680231499182054, -2.072242504617732], [0.02053537484403256, -1.016345314978599, -0.24650347649417317, 0.025331639946142445]], "canonical_to_oao": [[0.7682792492434098, 0.12256212027456401, 0.6275924439254716, 0.029210378009188645], [0.13697478569499735, 0.2701264412909577, 0.015529463477013797, -0.9529052678852229], [0.08091982535225481, -0.8504312368706802, 0.4768585769142583, -0.20694103228425711], [0.7393744460520272, -0.23497060731513175, -0.6309158104304362, 0.0077124815799976595]], "orbital_energies": [-0.8243809302702658, -0.04236492564969735, -0.006910366398669217, 1.5904768156303903], "exact_energy": -1.7201623786578832, "ground_states": [["0j", "0j", "0j"], ["0j", "0j", "0j"], ["0j", "0j", "0j"], ["0j", "0j", "0j"], ["0j", "0j", "0j"], ["0j", "0j", "0j"], ["0j", "0j", "0j"], ["0j", "0j", "0j"], ["0j", "0j", "0j"], ["0j", "0j", "0j"], ["0j", "0j", "0j"], ["0j", "0j", "0j"], ["0j", "0j", "0j"], ["0j", "0j", "0j"], ["0j", "0j", "0j"], ["0j", "0j", "0j"], ["0j", "0j", "0j"], ["0j", "0j", "0j"], ["0j", "0j", "0j"], ["0j", "0j", "0j"], ["0j", "0j", "0j"], ["0j", "0j", "0j"], ["0j", "0j", "0j"], ["(0.01628493476846372+0.007315499110081443j)", "(0.03195781526387397-0.007487282134132483j)", "(-0.001421193070476685-0.002917886528717162j)"], ["0j", "0j", "0j"], ["0j", "0j", "0j"], ["0j", "0j", "0j"], ["(-0.01953452527036312-0.0004173345327040491j)", "(0.010993341070828878-0.010178882211749233j)", "(0.018706484943218922+0.0024870834761836456j)"], ["0j", "0j", "0j"], ["(0.006039410558952464+0.0027130168586853663j)", "(0.011851835435009266-0.0027767240963287986j)", "(-0.0005270618862268058-0.001082123751916152j)"], ["(-0.007244549631873036-0.00015477216330721678j)", "(0.004076976732501424-0.0037749275377521848j)", "(0.0069374636308488094+0.0009223566701751593j)"], ["0j", "0j", "0j"], ["0j", "0j", "0j"], ["0j", "0j", "0j"], ["0j", "0j", "0j"], ["0j", "0j", "0j"], ["0j", "0j", "0j"], ["0j", "0j", "0j"], ["0j", "0j", "0j"], ["(-0.01953452527037071-0.0004173345326980241j)", "(0.010993341070828489-0.01017888221175012j)", "(0.018706484943218357+0.0024870834761831434j)"], ["0j", "0j", "0j"], ["0j", "0j", "0j"], ["0j", "0j", "0j"], ["(-0.0028139973502421165-0.023699759721939242j)", "(0.00526709318702547+0.00989072839136902j)", "(0.0011146380953945029-0.030460530444997778j)"], ["0j", "0j", "0j"], ["(-0.007244549631876435-0.00015477216330451272j)", "(0.004076976732501269-0.003774927537752545j)", "(0.006937463630848538+0.0009223566701749618j)"], ["(-0.0010435955410044234-0.008789263275803658j)", "(0.001953347597701752+0.00366806317199637j)", "(0.00041337329123187393-0.011296554258053555j)"], ["0j", "0j", "0j"], ["0j", "0j", "0j"], ["0j", "0j", "0j"], ["0j", "0j", "0j"], ["0j", "0j", "0j"], ["0j", "0j", "0j"], ["(0.003356668962605911+0.0015078788560046708j)", "(0.006587180614114261-0.001543286964992079j)", "(-0.0002929379047177877-0.0006014380337781792j)"], ["(-0.004026478190213953-8.602146050091294e-05j)", "(0.002265959753136478-0.0020980825824593943j)", "(0.003855801592153457+0.000512640426910518j)"], ["0j", "0j", "0j"], ["0j", "0j", "0j"], ["(-0.004026478190214636-8.602146050039233e-05j)", "(0.0022659597531364648-0.0020980825824594568j)", "(0.003855801592153386+0.0005126404269104758j)"], ["(-0.0005800242801527784-0.004885020972506858j)", "(0.0010856591368286692+0.002038687994818761j)", "(0.00022975045049577428-0.006278558593138439j)"], ["0j", "0j", "0j"], ["0j", "0j", "0j"], ["0j", "0j", "0j"], ["0j", "0j", "0j"], ["0j", "0j", "0j"], ["0j", "0j", "0j"], ["0j", "0j", "0j"], ["0j", "0j", "0j"], ["0j", "0j", "0j"], ["0j", "0j", "0j"], ["0j", "0j", "0j"], ["0j", "0j", "0j"], ["(-0.002512911903740529-0.0011288473093012822j)", "(-0.004931378328247745+0.0011553549749527446j)", "(0.00021930287318255574+0.000450256135258036j)"], ["0j", "0j", "0j"], ["0j", "0j", "0j"], ["0j", "0j", "0j"], ["(0.0030143529454515466+6.439847196156349e-05j)", "(-0.0016963714028663858+0.001570693075554159j)", "(-0.0028865788754641464-0.0003837793495496378j)"], ["0j", "0j", "0j"], ["(0.002868977786582628+0.001288798803494906j)", "(0.005630127685701256-0.0013190624604958031j)", "(-0.0002503768917477498-0.0005140549688211908j)"], ["(-0.003441470283360124-7.352338347753723e-05j)", "(0.0019367379594059763-0.0017932516999886493j)", "(0.003295591325982323+0.0004381587858960501j)"], ["0j", "0j", "0j"], ["0j", "0j", "0j"], ["0j", "0j", "0j"], ["0j", "0j", "0j"], ["(0.005322664689052081+0.0023910411278666877j)", "(0.0104452819285268-0.002447187710539231j)", "(-0.0004645111742910172-0.0009536993432199715j)"], ["0j", "0j", "0j"], ["0j", "0j", "0j"], ["(0.007816026850352518+0.0035111063250221853j)", "(0.015338295530956527-0.003593554351219848j)", "(-0.0006821079332716823-0.0014004526133503032j)"], ["0j", "0j", "0j"], ["0j", "0j", "0j"], ["(-0.016014136238054796-0.007193851314963852j)", "(-0.031426395916386365+0.007362777797608748j)", "(0.0013975603694321936+0.002869365647601435j)"], ["(0.009834007767313453+0.00021009320571576382j)", "(-0.005534232339051462+0.005124220084568958j)", "(-0.009417158373940686-0.0012520395496815584j)"], ["0j", "0j", "0j"], ["(0.0037475999241160427+0.0016834923995460577j)", "(0.007354349757036831-0.0017230242771403975j)", "(-0.00032705461328519305-0.0006714838891935106j)"], ["0j", "0j", "0j"], ["0j", "0j", "0j"], ["0j", "0j", "0j"], ["0j", "0j", "0j"], ["0j", "0j", "0j"], ["0j", "0j", "0j"], ["(-0.006384780126681528-0.00013640409447754343j)", "(0.00359312881287794-0.0033269262476519294j)", "(0.006114138513859478+0.0008128931178183825j)"], ["0j", "0j", "0j"], ["(0.0006954364497773495+0.00031240313834823055j)", "(0.001364735561163403-0.0003197390090825568j)", "(-6.069102992628309e-05-0.00012460624971700714j)"], ["(-0.010209890140070121-0.00021812353622763857j)", "(0.0057457656662750324-0.005320081634556597j)", "(0.009777107635516553+0.0012998958873870411j)"], ["0j", "0j", "0j"], ["0j", "0j", "0j"], ["(0.01837548214825143+0.00039257279863658346j)", "(-0.010341072526755288+0.009574938002453457j)", "(-0.017596571985908433-0.0023395172078806157j)"], ["(0.001296443741852688+0.01091877544670643j)", "(-0.002426615646772581-0.004556782160527558j)", "(-0.0005135276986243252+0.014033546998732254j)"], ["0j", "0j", "0j"], ["(-0.004495417787159758-9.603986047867256e-05j)", "(0.0025298624003457417-0.0023424335894924146j)", "(0.004304863516521385+0.0005723445613466573j)"], ["0j", "0j", "0j"], ["0j", "0j", "0j"], ["0j", "0j", "0j"], ["0j", "0j", "0j"], ["(-0.002837944697218391-0.0012748581558438713j)", "(-0.005569227857051603+0.0013047944576534568j)", "(0.00024766862105541547+0.0005084945514975787j)"], ["(0.003404244671036338+7.272809752593057e-05j)", "(-0.001915788699202413+0.001773854498477106j)", "(-0.0032599436536282205-0.0004334193205638347j)"], ["0j", "0j", "0j"], ["(0.0020149508536738345+0.0009051538361365874j)", "(0.003954171635504058-0.000926408717158817j)", "(-0.0001758456040081302-0.00036103294459268896j)"], ["0j", "0j", "0j"], ["0j", "0j", "0j"], ["0j", "0j", "0j"], ["(-0.0024170258542164933-5.1637208556052664e-05j)", "(0.001360216807149373-0.001259443018569854j)", "(0.0023145716173558484+0.00030772926295031134j)"], ["0j", "0j", "0j"], ["0j", "0j", "0j"], ["0j", "0j", "0j"], ["0j", "0j", "0j"], ["0j", "0j", "0j"], ["0j", "0j", "0j"], ["0j", "0j", "0j"], ["0j", "0j", "0j"], ["0j", "0j", "0j"], ["0j", "0j", "0j"], ["0j", "0j", "0j"], ["0j", "0j", "0j"], ["0j", "0j", "0j"], ["0j", "0j", "0j"], ["(0.003014352945454047+6.439847195954721e-05j)", "(-0.001696371402866235+0.0015706930755543312j)", "(-0.0028865788754639716-0.0003837793495494623j)"], ["0j", "0j", "0j"], ["0j", "0j", "0j"], ["0j", "0j", "0j"], 