{"geometry": [["H", [0.0, 0.0, 0.0]], ["H", [0.6834, 0.0, 0.0]], ["H", [0.0656, 0.4525, 0.0]], ["H", [0.0476, 0.7617, -0.2697]]], "multiplicity": 1, "canonical_orbitals": [[0.26761187003262477, 0.5336856434917778, 1.2979873218691367, 1.618403548930238], [0.11818347174154187, 0.8228996831409202, -1.1410646909460704, 0.007259352307727826], [0.5595726387299943, -0.40734581953444815, 0.25687137824611406, -3.1764763092214583], [0.14172924831970146, -0.8091675694220604, -0.700857356400816, 1.9448008697183763]], "canonical_to_oao": [[0.5238891663129636, 0.3632464642555737, 0.6198364859485448, 0.4575968512923696], [0.3510321422089143, 0.6654244255266869, -0.231265325575487, -0.6168493480868434], [0.6517252699356902, -0.652116054152043, 0.10627090449887366, -0.3724316303718213], [0.4213914440082768, 0.002644245728592034, -0.7423109690220241, 0.5209574686581748]], "orbital_energies": [-1.1170819739934081, -0.25184992169665893, 0.585761028393676, 1.813184858553535], "exact_energy": -1.174752174319305, "ground_states": [["0j"], ["0j"], ["0j"], ["0j"], ["0j"], ["0j"], ["0j"], ["0j"], ["0j"], ["0j"], ["0j"], ["0j"], ["0j"], ["0j"], ["0j"], ["(-0.004674915494386569-0.0037033927194223258j)"], ["0j"], ["0j"], ["0j"], ["0j"], ["0j"], ["0j"], ["0j"], ["0j"], ["0j"], ["0j"], ["0j"], ["(-9.176640331923897e-05-7.269586591415378e-05j)"], ["0j"], ["0j"], ["(-0.0003394609771048899-0.00026891551572380844j)"], ["0j"], ["0j"], ["0j"], ["0j"], ["0j"], ["0j"], ["0j"], ["0j"], ["(9.176640331925523e-05+7.2695865914183e-05j)"], ["0j"], ["0j"], ["0j"], ["0j"], ["0j"], ["(0.0003394609771048874+0.00026891551572381646j)"], ["0j"], ["0j"], ["0j"], ["0j"], ["0j"], ["(0.02087252041018653+0.016534874312893078j)"], ["0j"], ["0j"], ["(0.0001283221905864886+0.00010165477149885368j)"], ["0j"], ["0j"], ["(-0.00012832219058649005-0.00010165477149886195j)"], ["0j"], ["0j"], ["(0.03082781602048929+0.02442129906798482j)"], ["0j"], ["0j"], ["0j"], ["0j"], ["0j"], ["0j"], ["0j"], ["0j"], ["0j"], ["0j"], ["0j"], ["0j"], ["0j"], ["0j"], ["(-0.00020364392723877192-0.00016132343748163154j)"], ["0j"], ["0j"], ["(-0.00018329955182426702-0.0001452069511233955j)"], ["0j"], ["0j"], ["0j"], ["0j"], ["0j"], ["0j"], ["0j"], ["0j"], ["0j"], ["0j"], ["0j"], ["(-0.008778378305312098-0.006954089831840583j)"], ["0j"], ["0j"], ["0j"], ["0j"], ["0j"], ["0j"], ["0j"], ["0j"], ["(-0.008469013847985816-0.006709016294086607j)"], ["0j"], ["0j"], ["(-0.008559422921059765-0.006780636904853523j)"], ["0j"], ["0j"], ["(0.017337801226371876+0.013734726736694144j)"], ["0j"], ["0j"], ["(0.0282440143046116+0.02237445298606055j)"], ["0j"], ["0j"], ["0j"], ["0j"], ["0j"], ["(-0.00015329165489200971-0.00012143517874432305j)"], ["0j"], ["0j"], ["0j"], ["0j"], ["0j"], ["(0.004183048486007199+0.0033137436017124547j)"], ["0j"], ["0j"], ["0j"], ["0j"], ["0j"], ["0j"], ["0j"], ["0j"], ["0j"], ["0j"], ["0j"], ["0j"], ["0j"], ["0j"], ["(0.0002036439272387619+0.00016132343748163883j)"], ["0j"], ["0j"], ["0j"], ["0j"], ["0j"], ["(0.00018329955182430174+0.00014520695112342808j)"], ["0j"], ["0j"], ["0j"], ["0j"], ["0j"], ["(0.008469013847985816+0.006709016294086601j)"], ["0j"], ["0j"], ["(0.01733780122637189+0.013734726736694144j)"], ["0j"], ["0j"], ["(-0.008559422921059755-0.006780636904853528j)"], ["0j"], ["0j"], ["(-0.028244014304611636-0.022374452986060556j)"], ["0j"], ["0j"], ["0j"], ["0j"], ["0j"], ["0j"], ["0j"], ["0j"], ["(-0.008778378305312091-0.006954089831840597j)"], ["0j"], ["0j"], ["0j"], ["0j"], ["0j"], ["0j"], ["0j"], ["0j"], ["0j"], ["0j"], ["0j"], ["(0.00015329165489200494+0.00012143517874426836j)"], ["0j"], ["0j"], ["(-0.004183048486007212-0.003313743601712366j)"], ["0j"], ["0j"], ["0j"], ["0j"], ["0j"], ["0j"], ["0j"], ["0j"], ["0j"], ["0j"], ["0j"], ["0j"], ["0j"], ["0j"], ["(0.01589433178685377+0.01259123350789912j)"], ["0j"], ["0j"], ["(0.009478762262262271+0.007508922716003719j)"], ["0j"], ["0j"], ["(-0.009478762262262254-0.007508922716003733j)"], ["0j"], ["0j"], ["(0.10635757996114756+0.08425476091630933j)"], ["0j"], ["0j"], ["0j"], ["0j"], ["0j"], ["(0.001470420131680268+0.001164843132821433j)"], ["0j"], ["0j"], ["0j"], ["0j"], ["0j"], ["(0.004568121001360257+0.0036187918430168075j)"], ["0j"], ["0j"], ["0j"], ["0j"], ["0j"], ["0j"], ["0j"], ["0j"], ["(-0.0014704201316802599-0.0011648431328214002j)"], ["0j"], ["0j"], ["(-0.004568121001360947-0.003618791843016913j)"], ["0j"], ["0j"], ["0j"], ["0j"], ["0j"], ["0j"], ["0j"], ["0j"], ["0j"], ["0j"], ["0j"], ["(-0.7736562792733672-0.6128780371402848j)"], ["0j"], ["0j"], ["0j"], ["0j"], ["0j"], ["0j"], ["0j"], ["0j"], ["0j"], ["0j"], ["0j"], ["0j"], ["0j"], ["0j"], ["0j"]]}