{"geometry": [["H", [0.0, 0.0, 0.0]], ["H", [0.7249, 0.0, 0.0]], ["H", [0.7628, 0.5458, 0.0]], ["H", [-0.3433, 0.2786, 0.2121]]], "multiplicity": 1, "canonical_orbitals": [[0.3846055225181264, 0.47592600122489853, 0.794196042490351, 2.016194502933887], [0.3187796165309523, -0.5367023530007698, 1.046172775393702, -1.531174680995786], [0.2584900683147344, -0.5691612626852242, -1.262977232510509, 0.8530795373750499], [0.21371979666933105, 0.6350268773958263, -0.8072226510277013, -1.5415742903570948]], "canonical_to_oao": [[0.5609805042483544, 0.5256688224306463, 0.4658051091463462, 0.438176634784192], [0.38397350766367305, -0.4509715969543625, -0.5269034168871454, 0.6095586546227835], [0.3721651913440813, 0.5206348592765485, -0.6494620440399302, -0.41064761902315433], [0.6319480117996578, -0.49923566696591165, 0.2891322239344568, -0.5175017065617058]], "orbital_energies": [-0.9616759839103808, -0.4088213846453529, 0.6866203748893489, 1.5672601097569039], "exact_energy": -1.7561227044942647, "ground_states": [["0j"], ["0j"], ["0j"], ["0j"], ["0j"], ["0j"], ["0j"], ["0j"], ["0j"], ["0j"], ["0j"], ["0j"], ["0j"], ["0j"], ["0j"], ["(0.005459446419229934-0.0008315824278953203j)"], ["0j"], ["0j"], ["0j"], ["0j"], ["0j"], ["0j"], ["0j"], ["0j"], ["0j"], ["0j"], ["0j"], ["(0.000506932793704784-7.721596128938589e-05j)"], ["0j"], ["0j"], ["(0.0004306629467391738-6.559854449572412e-05j)"], ["0j"], ["0j"], ["0j"], ["0j"], ["0j"], ["0j"], ["0j"], ["0j"], ["(-0.0005069327937047916+7.721596128941303e-05j)"], ["0j"], ["0j"], ["0j"], ["0j"], ["0j"], ["(-0.0004306629467391794+6.559854449572286e-05j)"], ["0j"], ["0j"], ["0j"], ["0j"], ["0j"], ["(-0.02178710611099959+0.0033186102042839843j)"], ["0j"], ["0j"], ["(0.0009998762644031181-0.00015230107005327438j)"], ["0j"], ["0j"], ["(-0.0009998762644031188+0.00015230107005329124j)"], ["0j"], ["0j"], ["(-0.04536560649548008+0.006910085436423482j)"], ["0j"], ["0j"], ["0j"], ["0j"], ["0j"], ["0j"], ["0j"], ["0j"], ["0j"], ["0j"], ["0j"], ["0j"], ["0j"], ["0j"], ["(-0.0009382916109604228+0.00014292050072474446j)"], ["0j"], ["0j"], ["(-0.00025511267298179707+3.885874128884565e-05j)"], ["0j"], ["0j"], ["0j"], ["0j"], ["0j"], ["0j"], ["0j"], ["0j"], ["0j"], ["0j"], ["0j"], ["(0.011828313581807835-0.0018016877483440024j)"], ["0j"], ["0j"], ["0j"], ["0j"], ["0j"], ["0j"], ["0j"], ["0j"], ["(-0.006969216483703794+0.0010615504794832288j)"], ["0j"], ["0j"], ["(0.024264056030380645-0.003695899011529867j)"], ["0j"], ["0j"], ["(-0.03609236961218842+0.0054975867598738215j)"], ["0j"], ["0j"], ["(0.019343452056219297-0.0029463930203854605j)"], ["0j"], ["0j"], ["0j"], ["0j"], ["0j"], ["(-8.410134203515591e-05+1.2810309476151345e-05j)"], ["0j"], ["0j"], ["0j"], ["0j"], ["0j"], ["(-0.00037969298675487084+5.7834804398467644e-05j)"], ["0j"], ["0j"], ["0j"], ["0j"], ["0j"], ["0j"], ["0j"], ["0j"], ["0j"], ["0j"], ["0j"], ["0j"], ["0j"], ["0j"], ["(0.0009382916109604369-0.0001429205007247605j)"], ["0j"], ["0j"], ["0j"], ["0j"], ["0j"], ["(0.00025511267298175566-3.88587412888005e-05j)"], ["0j"], ["0j"], ["0j"], ["0j"], ["0j"], ["(0.006969216483703797-0.0010615504794832158j)"], ["0j"], ["0j"], ["(-0.03609236961218842+0.005497586759873853j)"], ["0j"], ["0j"], ["(0.02426405603038065-0.0036958990115298503j)"], ["0j"], ["0j"], ["(-0.01934345205621926+0.0029463930203853382j)"], ["0j"], ["0j"], ["0j"], ["0j"], ["0j"], ["0j"], ["0j"], ["0j"], ["(0.011828313581807835-0.0018016877483440085j)"], ["0j"], ["0j"], ["0j"], ["0j"], ["0j"], ["0j"], ["0j"], ["0j"], ["0j"], ["0j"], ["0j"], ["(8.410134203531609e-05-1.2810309476175661e-05j)"], ["0j"], ["0j"], ["(0.000379692986754752-5.783480439830552e-05j)"], ["0j"], ["0j"], ["0j"], ["0j"], ["0j"], ["0j"], ["0j"], ["0j"], ["0j"], ["0j"], ["0j"], ["0j"], ["0j"], ["0j"], ["(-0.03493571036069026+0.005321404518168805j)"], ["0j"], ["0j"], ["(0.0020066788338940125-0.0003056571543257633j)"], ["0j"], ["0j"], ["(-0.002006678833894106+0.00030565715432577913j)"], ["0j"], ["0j"], ["(-0.06551606904419198+0.009979402228406018j)"], ["0j"], ["0j"], ["0j"], ["0j"], ["0j"], ["(-0.0019243023404580623+0.0002931095736458369j)"], ["0j"], ["0j"], ["0j"], ["0j"], ["0j"], ["(-0.0030416437536157095+0.00046330292546004846j)"], ["0j"], ["0j"], ["0j"], ["0j"], ["0j"], ["0j"], ["0j"], ["0j"], ["(0.0019243023404581906-0.00029310957364586876j)"], ["0j"], ["0j"], ["(0.0030416437536164033-0.0004633029254611874j)"], ["0j"], ["0j"], ["0j"], ["0j"], ["0j"], ["0j"], ["0j"], ["0j"], ["0j"], ["0j"], ["0j"], ["(0.981988907688182-0.14957646935507438j)"], ["0j"], ["0j"], ["0j"], ["0j"], ["0j"], ["0j"], ["0j"], ["0j"], ["0j"], ["0j"], ["0j"], ["0j"], ["0j"], ["0j"], ["0j"]]}