{"geometry": [["H", [0.0, 0.0, 0.0]], ["H", [0.7689, 0.0, 0.0]], ["H", [0.2191, -0.6524, 0.0]], ["H", [-0.0069, -0.9178, 0.4496]]], "multiplicity": 1, "canonical_orbitals": [[0.31939152858834396, 0.46664606084876503, 1.3269942852722303, 0.46904793767687325], [0.21274473728745646, 0.7004052817686289, -1.065588618654863, 0.4515759065630595], [0.43410889599763003, -0.37163733794483944, -0.18702697136558472, -1.9257137956762989], [0.20727353808908905, -0.7420188254358336, -0.21905075732451268, 1.3926775382084418]], "canonical_to_oao": [[0.5190208962801723, 0.3457166341069171, 0.705440088782958, 0.33682576989328294], [0.3948065709420795, 0.592578896009179, -0.3144243042814343, -0.6277860944801463], [0.7687903205006348, -0.6173456997890844, -0.10835353765590167, -0.12690642589683127], [0.19035166232429782, 0.18326106475516948, -0.7815039630775256, 0.565184202264447]], "orbital_energies": [-0.9385123612768904, -0.2869434123120244, 0.5592441458379893, 1.0792664372445895], "exact_energy": -1.7588920280719613, "ground_states": [["0j"], ["0j"], ["0j"], ["0j"], ["0j"], ["0j"], ["0j"], ["0j"], ["0j"], ["0j"], ["0j"], ["0j"], ["0j"], ["0j"], ["0j"], ["(0.009289150785259806+0.0029150165396682965j)"], ["0j"], ["0j"], ["0j"], ["0j"], ["0j"], ["0j"], ["0j"], ["0j"], ["0j"], ["0j"], ["0j"], ["(0.000866632872073676+0.0002719569543347085j)"], ["0j"], ["0j"], ["(0.0022308209793005644+0.000700051081312935j)"], ["0j"], ["0j"], ["0j"], ["0j"], ["0j"], ["0j"], ["0j"], ["0j"], ["(-0.0008666328720737671-0.00027195695433467374j)"], ["0j"], ["0j"], ["0j"], ["0j"], ["0j"], ["(-0.0022308209793005804-0.0007000510813129609j)"], ["0j"], ["0j"], ["0j"], ["0j"], ["0j"], ["(-0.034811416420392184-0.010924126110187345j)"], ["0j"], ["0j"], ["(0.005538962611613872+0.0017381747803125026j)"], ["0j"], ["0j"], ["(-0.005538962611613934-0.0017381747803125044j)"], ["0j"], ["0j"], ["(-0.046244641970968864-0.01451197201258936j)"], ["0j"], ["0j"], ["0j"], ["0j"], ["0j"], ["0j"], ["0j"], ["0j"], ["0j"], ["0j"], ["0j"], ["0j"], ["0j"], ["0j"], ["(0.0005615392776742058+0.0001762159232780696j)"], ["0j"], ["0j"], ["(0.0003692820896182971+0.00011588394073100758j)"], ["0j"], ["0j"], ["0j"], ["0j"], ["0j"], ["0j"], ["0j"], ["0j"], ["0j"], ["0j"], ["0j"], ["(0.00434683996875007+0.0013640762968671223j)"], ["0j"], ["0j"], ["0j"], ["0j"], ["0j"], ["0j"], ["0j"], ["0j"], ["(0.025479694725475135+0.007995750447750066j)"], ["0j"], ["0j"], ["(-0.0013212376784640118-0.00041461590780365746j)"], ["0j"], ["0j"], ["(-0.0030256022902860873-0.0009494603890634244j)"], ["0j"], ["0j"], ["(-0.05504841983500039-0.01727467429598213j)"], ["0j"], ["0j"], ["0j"], ["0j"], ["0j"], ["(0.0012185999564937337+0.00038240729540690784j)"], ["0j"], ["0j"], ["0j"], ["0j"], ["0j"], ["(-0.004272850683457767-0.001340857813781903j)"], ["0j"], ["0j"], ["0j"], ["0j"], ["0j"], ["0j"], ["0j"], ["0j"], ["0j"], ["0j"], ["0j"], ["0j"], ["0j"], ["0j"], ["(-0.0005615392776742418-0.00017621592327803773j)"], ["0j"], ["0j"], ["0j"], ["0j"], ["0j"], ["(-0.0003692820896182736-0.00011588394073100193j)"], ["0j"], ["0j"], ["0j"], ["0j"], ["0j"], ["(-0.025479694725475125-0.007995750447750081j)"], ["0j"], ["0j"], ["(-0.003025602290285942-0.0009494603890635118j)"], ["0j"], ["0j"], ["(-0.0013212376784640127-0.0004146159078036547j)"], ["0j"], ["0j"], ["(0.05504841983500028+0.017274674295982204j)"], ["0j"], ["0j"], ["0j"], ["0j"], ["0j"], ["0j"], ["0j"], ["0j"], ["(0.004346839968750034+0.0013640762968671453j)"], ["0j"], ["0j"], ["0j"], ["0j"], ["0j"], ["0j"], ["0j"], ["0j"], ["0j"], ["0j"], ["0j"], ["(-0.0012185999564937697-0.00038240729540693814j)"], ["0j"], ["0j"], ["(0.004272850683458051+0.0013408578137816206j)"], ["0j"], ["0j"], ["0j"], ["0j"], ["0j"], ["0j"], ["0j"], ["0j"], ["0j"], ["0j"], ["0j"], ["0j"], ["0j"], ["0j"], ["(-0.047604296459241635-0.014938643450395982j)"], ["0j"], ["0j"], ["(-0.024823596077962567-0.007789860969436502j)"], ["0j"], ["0j"], ["(0.024823596077962713+0.007789860969436539j)"], ["0j"], ["0j"], ["(-0.09759268073532539-0.030625434452573156j)"], ["0j"], ["0j"], ["0j"], ["0j"], ["0j"], ["(-0.007344501234650462-0.0023047685487667027j)"], ["0j"], ["0j"], ["0j"], ["0j"], ["0j"], ["(-0.007949031112178642-0.002494475297259327j)"], ["0j"], ["0j"], ["0j"], ["0j"], ["0j"], ["0j"], ["0j"], ["0j"], ["(0.007344501234650565+0.0023047685487670943j)"], ["0j"], ["0j"], ["(0.007949031112180382+0.0024944752972579595j)"], ["0j"], ["0j"], ["0j"], ["0j"], ["0j"], ["0j"], ["0j"], ["0j"], ["0j"], ["0j"], ["0j"], ["(0.9413429141383267+0.295401617181955j)"], ["0j"], ["0j"], ["0j"], ["0j"], ["0j"], ["0j"], ["0j"], ["0j"], ["0j"], ["0j"], ["0j"], ["0j"], ["0j"], ["0j"], ["0j"]]}