{"geometry": [["H", [0.0, 0.0, 0.0]], ["H", [0.8762, 0.0, 0.0]], ["H", [-0.5404, -0.221, 0.0]], ["H", [-1.2592, -0.3075, 0.3972]]], "multiplicity": 1, "canonical_orbitals": [[0.4112053299032057, 0.3936522320018982, 0.5560978698401385, 1.790088907142736], [0.17501112957744477, 0.6159856679061413, -0.8464972614408589, -0.7092218643295048], [0.43625485001595954, -0.36062752720625446, 0.5431726467891853, -1.8319368750151441], [0.20659198537480156, -0.5924166332508916, -0.8796223712379491, 0.7429122282752274]], "canonical_to_oao": [[0.6045118022700682, 0.32894766658090163, 0.6207767179079288, 0.3754932490346971], [0.3106821370922642, 0.6622938216329151, -0.2765329174260487, -0.6231958352704944], [0.36107421391284, -0.607400716857669, 0.3442019774832872, -0.6182352140606456], [0.638488451465808, -0.2902149128467325, -0.6478354812604004, 0.2973499469081266]], "orbital_energies": [-0.8177615859892631, -0.34672029169274593, 0.3918543960929573, 1.4617254217403004], "exact_energy": -2.0295618383737097, "ground_states": [["0j"], ["0j"], ["0j"], ["0j"], ["0j"], ["0j"], ["0j"], ["0j"], ["0j"], ["0j"], ["0j"], ["0j"], ["0j"], ["0j"], ["0j"], ["(-0.00892460434355794-0.004468989393641347j)"], ["0j"], ["0j"], ["0j"], ["0j"], ["0j"], ["0j"], ["0j"], ["0j"], ["0j"], ["0j"], ["0j"], ["(-0.00017297624477311406-8.66177337934973e-05j)"], ["0j"], ["0j"], ["(0.0008547904370640753+0.0004280357145225029j)"], ["0j"], ["0j"], ["0j"], ["0j"], ["0j"], ["0j"], ["0j"], ["0j"], ["(0.0001729762447730775+8.661773379357079e-05j)"], ["0j"], ["0j"], ["0j"], ["0j"], ["0j"], ["(-0.0008547904370640661-0.00042803571452249906j)"], ["0j"], ["0j"], ["0j"], ["0j"], ["0j"], ["(0.028779355866242938+0.014411242355512026j)"], ["0j"], ["0j"], ["(0.001416011524824945+0.0007090667823593061j)"], ["0j"], ["0j"], ["(-0.0014160115248249303-0.000709066782359304j)"], ["0j"], ["0j"], ["(0.03567293377398972+0.01786319667953739j)"], ["0j"], ["0j"], ["0j"], ["0j"], ["0j"], ["0j"], ["0j"], ["0j"], ["0j"], ["0j"], ["0j"], ["0j"], ["0j"], ["0j"], ["(-0.0004239300564062879-0.00021228267974623572j)"], ["0j"], ["0j"], ["(-0.00019718911328612317-9.874231079536789e-05j)"], ["0j"], ["0j"], ["0j"], ["0j"], ["0j"], ["0j"], ["0j"], ["0j"], ["0j"], ["0j"], ["0j"], ["(-0.023486249631427498-0.011760723104215262j)"], ["0j"], ["0j"], ["0j"], ["0j"], ["0j"], ["0j"], ["0j"], ["0j"], ["(0.00017042958797134876+8.534249717821312e-05j)"], ["0j"], ["0j"], ["(-0.016591344603927506-0.008308104225900082j)"], ["0j"], ["0j"], ["(0.04007759423535499+0.020068827330115356j)"], ["0j"], ["0j"], ["(-0.002576049986313814-0.0012899552319803058j)"], ["0j"], ["0j"], ["0j"], ["0j"], ["0j"], ["(0.00023640037875649633+0.0001183773246012901j)"], ["0j"], ["0j"], ["0j"], ["0j"], ["0j"], ["(0.014505499041131003+0.007263618516722575j)"], ["0j"], ["0j"], ["0j"], ["0j"], ["0j"], ["0j"], ["0j"], ["0j"], ["0j"], ["0j"], ["0j"], ["0j"], ["0j"], ["0j"], ["(0.00042393005640628995+0.00021228267974622139j)"], ["0j"], ["0j"], ["0j"], ["0j"], ["0j"], ["(0.0001971891132861087+9.874231079531955e-05j)"], ["0j"], ["0j"], ["0j"], ["0j"], ["0j"], ["(-0.00017042958797134088-8.534249717821357e-05j)"], ["0j"], ["0j"], ["(0.04007759423535501+0.02006882733011532j)"], ["0j"], ["0j"], ["(-0.01659134460392752-0.008308104225900094j)"], ["0j"], ["0j"], ["(0.002576049986313898+0.0012899552319803238j)"], ["0j"], ["0j"], ["0j"], ["0j"], ["0j"], ["0j"], ["0j"], ["0j"], ["(-0.02348624963142748-0.011760723104215243j)"], ["0j"], ["0j"], ["0j"], ["0j"], ["0j"], ["0j"], ["0j"], ["0j"], ["0j"], ["0j"], ["0j"], ["(-0.00023640037875650112-0.00011837732460130758j)"], ["0j"], ["0j"], ["(-0.014505499041131143-0.007263618516722438j)"], ["0j"], ["0j"], ["0j"], ["0j"], ["0j"], ["0j"], ["0j"], ["0j"], ["0j"], ["0j"], ["0j"], ["0j"], ["0j"], ["0j"], ["(0.016440826400842122+0.008232732340800871j)"], ["0j"], ["0j"], ["(-0.0036623870239808095-0.0018339377450827j)"], ["0j"], ["0j"], ["(0.003662387023980835+0.0018339377450826775j)"], ["0j"], ["0j"], ["(0.1805921251758519+0.09043138058759895j)"], ["0j"], ["0j"], ["0j"], ["0j"], ["0j"], ["(-0.007581428400014978-0.003796394977753251j)"], ["0j"], ["0j"], ["0j"], ["0j"], ["0j"], ["(0.0032645856257746612+0.0016347389726863362j)"], ["0j"], ["0j"], ["0j"], ["0j"], ["0j"], ["0j"], ["0j"], ["0j"], ["(0.00758142840001493+0.003796394977753282j)"], ["0j"], ["0j"], ["(-0.0032645856257743264-0.0016347389726862596j)"], ["0j"], ["0j"], ["0j"], ["0j"], ["0j"], ["0j"], ["0j"], ["0j"], ["0j"], ["0j"], ["0j"], ["(-0.8711983663478766-0.43625197365490637j)"], ["0j"], ["0j"], ["0j"], ["0j"], ["0j"], ["0j"], ["0j"], ["0j"], ["0j"], ["0j"], ["0j"], ["0j"], ["0j"], ["0j"], ["0j"]]}