{"geometry": [["H", [0.0, 0.0, 0.0]], ["H", [0.917, 0.0, 0.0]], ["H", [0.0709, 0.5459, 0.0]], ["H", [0.5193, -0.601, 0.7695]]], "multiplicity": 1, "canonical_orbitals": [[0.4316656990153167, 0.3098440184442916, 0.42450067246742895, 1.6220139549459913], [0.27144287871911277, -0.5232798733475625, -1.1226231886989002, 0.07671470139354104], [0.3618325585134228, 0.5969619326238503, 0.02070321915554721, -1.4874212462610572], [0.14364480931697893, -0.7430445423006141, 0.7771738730154252, -0.4684840268454558]], "canonical_to_oao": [[0.6728589384602122, 0.4231116061437294, 0.5640065258301784, 0.22390635654586147], [0.2740476375212742, -0.46282517820854535, 0.5279947250461896, -0.6572003629857756], [0.29685278262301984, -0.7850489740460089, 0.014477734934683644, 0.5434767051028406], [0.720453088157272, 0.034074517890248325, -0.6606707833751029, -0.20808745995308128]], "orbital_energies": [-0.8392916323070192, -0.2649875091745644, 0.38871670787761886, 0.9648007363837143], "exact_energy": -1.8574900363475912, "ground_states": [["0j"], ["0j"], ["0j"], ["0j"], ["0j"], ["0j"], ["0j"], ["0j"], ["0j"], ["0j"], ["0j"], ["0j"], ["0j"], ["0j"], ["0j"], ["(-0.004170552821298638+0.017456028791819123j)"], ["0j"], ["0j"], ["0j"], ["0j"], ["0j"], ["0j"], ["0j"], ["0j"], ["0j"], ["0j"], ["0j"], ["(-0.001064877035206587+0.004457088780025263j)"], ["0j"], ["0j"], ["(-0.0006985995909001692+0.0029240187321039435j)"], ["0j"], ["0j"], ["0j"], ["0j"], ["0j"], ["0j"], ["0j"], ["0j"], ["(0.0010648770352065446-0.004457088780025225j)"], ["0j"], ["0j"], ["0j"], ["0j"], ["0j"], ["(0.0006985995909001683-0.002924018732103918j)"], ["0j"], ["0j"], ["0j"], ["0j"], ["0j"], ["(0.010505417538028496-0.04397087841146328j)"], ["0j"], ["0j"], ["(-0.002632994511005289+0.011020512138843412j)"], ["0j"], ["0j"], ["(0.0026329945110052707-0.011020512138843473j)"], ["0j"], ["0j"], ["(0.01021297027274609-0.042746827763600254j)"], ["0j"], ["0j"], ["0j"], ["0j"], ["0j"], ["0j"], ["0j"], ["0j"], ["0j"], ["0j"], ["0j"], ["0j"], ["0j"], ["0j"], ["(-0.00029999415549487814+0.0012556384824939414j)"], ["0j"], ["0j"], ["(-0.00036818352687314397+0.001541048038751231j)"], ["0j"], ["0j"], ["0j"], ["0j"], ["0j"], ["0j"], ["0j"], ["0j"], ["0j"], ["0j"], ["0j"], ["(-0.0005217686309416014+0.0021838851189872107j)"], ["0j"], ["0j"], ["0j"], ["0j"], ["0j"], ["0j"], ["0j"], ["0j"], ["(0.0078422460112435-0.032824059070943434j)"], ["0j"], ["0j"], ["(-0.0033232439524058482+0.01390958095991026j)"], ["0j"], ["0j"], ["(0.0038450125833474624-0.01609346607889744j)"], ["0j"], ["0j"], ["(-0.017219392488877112+0.0720725102745199j)"], ["0j"], ["0j"], ["0j"], ["0j"], ["0j"], ["(0.0004645351595501027-0.0019443319548686873j)"], ["0j"], ["0j"], ["0j"], ["0j"], ["0j"], ["(-0.0004217858508761282+0.001765402878792193j)"], ["0j"], ["0j"], ["0j"], ["0j"], ["0j"], ["0j"], ["0j"], ["0j"], ["0j"], ["0j"], ["0j"], ["0j"], ["0j"], ["0j"], ["(0.0002999941554948879-0.0012556384824939776j)"], ["0j"], ["0j"], ["0j"], ["0j"], ["0j"], ["(0.0003681835268730964-0.0015410480387512346j)"], ["0j"], ["0j"], ["0j"], ["0j"], ["0j"], ["(-0.007842246011243559+0.032824059070943504j)"], ["0j"], ["0j"], ["(0.0038450125833474273-0.016093466078897414j)"], ["0j"], ["0j"], ["(-0.003323243952405873+0.013909580959910281j)"], ["0j"], ["0j"], ["(0.017219392488877123-0.0720725102745199j)"], ["0j"], ["0j"], ["0j"], ["0j"], ["0j"], ["0j"], ["0j"], ["0j"], ["(-0.0005217686309415978+0.0021838851189872064j)"], ["0j"], ["0j"], ["0j"], ["0j"], ["0j"], ["0j"], ["0j"], ["0j"], ["0j"], ["0j"], ["0j"], ["(-0.00046453515955008514+0.0019443319548686894j)"], ["0j"], ["0j"], ["(0.0004217858508760545-0.0017654028787921902j)"], ["0j"], ["0j"], ["0j"], ["0j"], ["0j"], ["0j"], ["0j"], ["0j"], ["0j"], ["0j"], ["0j"], ["0j"], ["0j"], ["0j"], ["(0.010049668392232989-0.042063320696278605j)"], ["0j"], ["0j"], ["(0.008283978182056378-0.03467294813250937j)"], ["0j"], ["0j"], ["(-0.008283978182056386+0.034672948132509526j)"], ["0j"], ["0j"], ["(0.04670669216842163-0.1954928754525948j)"], ["0j"], ["0j"], ["0j"], ["0j"], ["0j"], ["(0.0020987389121613653-0.008784362276891894j)"], ["0j"], ["0j"], ["0j"], ["0j"], ["0j"], ["(0.012059071350169367-0.05047376348193751j)"], ["0j"], ["0j"], ["0j"], ["0j"], ["0j"], ["0j"], ["0j"], ["0j"], ["(-0.0020987389121614377+0.008784362276891795j)"], ["0j"], ["0j"], ["(-0.012059071350168914+0.05047376348193677j)"], ["0j"], ["0j"], ["0j"], ["0j"], ["0j"], ["0j"], ["0j"], ["0j"], ["0j"], ["0j"], ["0j"], ["(-0.22419015137592643+0.9383575523308895j)"], ["0j"], ["0j"], ["0j"], ["0j"], ["0j"], ["0j"], ["0j"], ["0j"], ["0j"], ["0j"], ["0j"], ["0j"], ["0j"], ["0j"], ["0j"]]}