{"geometry": [["H", [0.0, 0.0, 0.0]], ["H", [0.4475, 0.0, 0.0]], ["H", [0.424, 0.6397, 0.0]], ["H", [0.3169, 0.8425, 0.5252]]], "multiplicity": 1, "canonical_orbitals": [[0.29115098582304255, 0.5929396223793123, 1.3337419785243936, 1.1642278560944674], [0.3608865198969585, 0.5373610794480393, -0.921178042679307, -1.800673942954246], [0.33778460511617625, -0.5320870575864391, -1.1453943444197685, 1.5033777385056393], [0.14630516899861562, -0.7502856278446024, 0.9754243455813436, -0.9878509736114011]], "canonical_to_oao": [[0.49177568920330256, 0.6095641975753949, 0.570543343735181, 0.2471203218320189], [0.4863463054270434, 0.44075916974672424, -0.43643326378544267, -0.6154060706096665], [0.6030885612315945, -0.41653629363322825, -0.5179219356829217, 0.4410652694742059], [0.41595891315967265, -0.6433503307323502, 0.5371314274123594, -0.3529424375100859]], "orbital_energies": [-1.0436271232767942, -0.3428048469233719, 0.7897426605508334, 1.1986976561359137], "exact_energy": -1.5141067289828456, "ground_states": [["0j"], ["0j"], ["0j"], ["0j"], ["0j"], ["0j"], ["0j"], ["0j"], ["0j"], ["0j"], ["0j"], ["0j"], ["0j"], ["0j"], ["0j"], ["(0.0005087547803637255-0.005980947564240495j)"], ["0j"], ["0j"], ["0j"], ["0j"], ["0j"], ["0j"], ["0j"], ["0j"], ["0j"], ["0j"], ["0j"], ["(5.961798603028676e-05-0.0007008721334818308j)"], ["0j"], ["0j"], ["(-4.5899046069345627e-05+0.0005395915643153676j)"], ["0j"], ["0j"], ["0j"], ["0j"], ["0j"], ["0j"], ["0j"], ["0j"], ["(-5.961798603027458e-05+0.0007008721334818317j)"], ["0j"], ["0j"], ["0j"], ["0j"], ["0j"], ["(4.589904606934454e-05-0.0005395915643153494j)"], ["0j"], ["0j"], ["0j"], ["0j"], ["0j"], ["(-0.0026151658805963016+0.0307440256236114j)"], ["0j"], ["0j"], ["(0.0003728430521219465-0.004383162243386307j)"], ["0j"], ["0j"], ["(-0.0003728430521219088+0.004383162243386304j)"], ["0j"], ["0j"], ["(-0.0034594423188485904+0.0406693831864448j)"], ["0j"], ["0j"], ["0j"], ["0j"], ["0j"], ["0j"], ["0j"], ["0j"], ["0j"], ["0j"], ["0j"], ["0j"], ["0j"], ["0j"], ["(7.234132796885326e-05-0.0008504484007008702j)"], ["0j"], ["0j"], ["(-1.5910335863255e-05+0.00018704273296362206j)"], ["0j"], ["0j"], ["0j"], ["0j"], ["0j"], ["0j"], ["0j"], ["0j"], ["0j"], ["0j"], ["0j"], ["(0.0005986040480472655-0.007037220211578579j)"], ["0j"], ["0j"], ["0j"], ["0j"], ["0j"], ["0j"], ["0j"], ["0j"], ["(-0.00025646752070919904+0.003015045464920889j)"], ["0j"], ["0j"], ["(0.0024463779862603664-0.02875974639034298j)"], ["0j"], ["0j"], ["(-0.0030449820343076348+0.035796966601921575j)"], ["0j"], ["0j"], ["(1.7675095717649853e-05-0.00020778934127090498j)"], ["0j"], ["0j"], ["0j"], ["0j"], ["0j"], ["(-2.9019893386438657e-05+0.00034115937061143033j)"], ["0j"], ["0j"], ["0j"], ["0j"], ["0j"], ["(7.069491022835097e-05-0.0008310930284176921j)"], ["0j"], ["0j"], ["0j"], ["0j"], ["0j"], ["0j"], ["0j"], ["0j"], ["0j"], ["0j"], ["0j"], ["0j"], ["0j"], ["0j"], ["(-7.234132796885072e-05+0.0008504484007009016j)"], ["0j"], ["0j"], ["0j"], ["0j"], ["0j"], ["(1.591033586324996e-05-0.00018704273296363619j)"], ["0j"], ["0j"], ["0j"], ["0j"], ["0j"], ["(0.0002564675207092057-0.0030150454649209087j)"], ["0j"], ["0j"], ["(-0.0030449820343076486+0.03579696660192163j)"], ["0j"], ["0j"], ["(0.002446377986260363-0.02875974639034299j)"], ["0j"], ["0j"], ["(-1.7675095717670365e-05+0.00020778934127089357j)"], ["0j"], ["0j"], ["0j"], ["0j"], ["0j"], ["0j"], ["0j"], ["0j"], ["(0.0005986040480472831-0.007037220211578586j)"], ["0j"], ["0j"], ["0j"], ["0j"], ["0j"], ["0j"], ["0j"], ["0j"], ["0j"], ["0j"], ["0j"], ["(2.9019893386489513e-05-0.00034115937061145863j)"], ["0j"], ["0j"], ["(-7.069491022839485e-05+0.0008310930284176734j)"], ["0j"], ["0j"], ["0j"], ["0j"], ["0j"], ["0j"], ["0j"], ["0j"], ["0j"], ["0j"], ["0j"], ["0j"], ["0j"], ["0j"], ["(-0.0032973118615713787+0.03876336912826133j)"], ["0j"], ["0j"], ["(-0.0010965056604442728+0.012890577370735103j)"], ["0j"], ["0j"], ["(0.001096505660444268-0.012890577370735108j)"], ["0j"], ["0j"], ["(-0.005646217068622554+0.06637722047468064j)"], ["0j"], ["0j"], ["0j"], ["0j"], ["0j"], ["(0.0002849936427767968-0.0033504000343172013j)"], ["0j"], ["0j"], ["0j"], ["0j"], ["0j"], ["(-0.00049551581663166+0.005825309620496643j)"], ["0j"], ["0j"], ["0j"], ["0j"], ["0j"], ["0j"], ["0j"], ["0j"], ["(-0.0002849936427768243+0.003350400034317216j)"], ["0j"], ["0j"], ["(0.0004955158166319232-0.005825309620496589j)"], ["0j"], ["0j"], ["0j"], ["0j"], ["0j"], ["0j"], ["0j"], ["0j"], ["0j"], ["0j"], ["0j"], ["(0.08418499052152591-0.9896831114694462j)"], ["0j"], ["0j"], ["0j"], ["0j"], ["0j"], ["0j"], ["0j"], ["0j"], ["0j"], ["0j"], ["0j"], ["0j"], ["0j"], ["0j"], ["0j"]]}