{"geometry": [["H", [0.0, 0.0, 0.0]], ["H", [0.6663, 0.0, 0.0]], ["H", [-0.4821, -0.1421, 0.0]], ["H", [-0.1754, 1.0352, -0.3872]]], "multiplicity": 3, "canonical_orbitals": [[0.5470257713134468, 0.1725769619079281, 0.07099216967508415, 2.4088117217418485], [0.1918555696268877, 0.34681168533116774, -0.9637397525514754, -1.1472654146302739], [0.3371223929447441, 0.08816071279507637, 0.8337934843322428, -1.6483049192835784], [0.05573949586274421, -1.0757959126185754, -0.20604268574138135, -0.15158316135360675]], "canonical_to_oao": [[0.8129289432529083, 0.28511443820916876, 0.5009938562591554, 0.08283384777348361], [0.15048451789688486, 0.3024145789280425, 0.07687481698449881, -0.9380778724811265], [0.054910745732818005, -0.7454296543853345, 0.6449193230942605, -0.15936909068469748], [0.7671811282497405, -0.3653919346429876, -0.524967732538747, -0.04827763818204528]], "orbital_energies": [-0.8663906309726224, 0.0013297379442854455, 0.032092538904317916, 1.6062218269020463], "exact_energy": -1.7225412268682163, "ground_states": [["0j", "0j", "0j"], ["0j", "0j", "0j"], ["0j", "0j", "0j"], ["0j", "0j", "0j"], ["0j", "0j", "0j"], ["0j", "0j", "0j"], ["0j", "0j", "0j"], ["0j", "0j", "0j"], ["0j", "0j", "0j"], ["0j", "0j", "0j"], ["0j", "0j", "0j"], ["0j", "0j", "0j"], ["0j", "0j", "0j"], ["0j", "0j", "0j"], ["0j", "0j", "0j"], ["0j", "0j", "0j"], ["0j", "0j", "0j"], ["0j", "0j", "0j"], ["0j", "0j", "0j"], ["0j", "0j", "0j"], ["0j", "0j", "0j"], ["0j", "0j", "0j"], ["0j", "0j", "0j"], ["(0.020298222744826865-0.0067786184842604045j)", "(0.021710088522708594-0.00780027418416955j)", "(-0.0006848084557436532+0.0001110489336009473j)"], ["0j", "0j", "0j"], ["0j", "0j", "0j"], ["0j", "0j", "0j"], ["(0.009009420005642753-0.010227899228585163j)", "(0.0038033703230680874-0.0044156946209171445j)", "(0.019356951826108273-0.0073587849218836494j)"], ["0j", "0j", "0j"], ["(0.0037285050591448344-0.0012451392237785481j)", "(0.003987845434006348-0.001432803360373268j)", "(-0.0001257899188457649+2.0398165689125645e-05j)"], ["(0.0016549068602353819-0.0018787247779080344j)", "(0.0006986269522032286-0.0008111025256102405j)", "(0.003555606504104456-0.001351707839416364j)"], ["0j", "0j", "0j"], ["0j", "0j", "0j"], ["0j", "0j", "0j"], ["0j", "0j", "0j"], ["0j", "0j", "0j"], ["0j", "0j", "0j"], ["0j", "0j", "0j"], ["0j", "0j", "0j"], ["(0.00900942000564229-0.01022789922858685j)", "(0.0038033703230679295-0.004415694620916713j)", "(0.019356951826107395-0.0073587849218832236j)"], ["0j", "0j", "0j"], ["0j", "0j", "0j"], ["0j", "0j", "0j"], ["(-0.022636782850852303-0.004681187935117456j)", "(0.027136846983171817+0.0052302448901877865j)", "(0.017151100344473563+0.014544276532304824j)"], ["0j", "0j", "0j"], ["(0.0016549068602352964-0.0018787247779083974j)", "(0.0006986269522032013-0.000811102525610161j)", "(0.0035556065041043162-0.001351707839416286j)"], ["(-0.004158066469325552-0.0008598700052861123j)", "(0.004984666516765941+0.0009607242357512032j)", "(0.0031504218476747195+0.002671584074823521j)"], ["0j", "0j", "0j"], ["0j", "0j", "0j"], ["0j", "0j", "0j"], ["0j", "0j", "0j"], ["0j", "0j", "0j"], ["0j", "0j", "0j"], ["(0.002493059425675435-0.0008325605112176674j)", "(0.0026664669860114168-0.000958041860224082j)", "(-8.410924428390812e-05+1.3639203496061767e-05j)"], ["(0.0011065510388421074-0.0012562065604083488j)", "(0.00046713588438061093-0.0005423425111633293j)", "(0.0023774510610651283-0.0009038174593731969j)"], ["0j", "0j", "0j"], ["0j", "0j", "0j"], ["(0.0011065510388420289-0.0012562065604086736j)", "(0.000467135884380578-0.0005423425111632538j)", "(0.0023774510610649717-0.0009038174593731137j)"], ["(-0.0027802850309970226-0.0005749508147444565j)", "(0.0033329899373456475+0.000642386847656236j)", "(0.0021065249362973073+0.00178635076352848j)"], ["0j", "0j", "0j"], ["0j", "0j", "0j"], ["0j", "0j", "0j"], ["0j", "0j", "0j"], ["0j", "0j", "0j"], ["0j", "0j", "0j"], ["0j", "0j", "0j"], ["0j", "0j", "0j"], ["0j", "0j", "0j"], ["0j", "0j", "0j"], ["0j", "0j", "0j"], ["0j", "0j", "0j"], ["(-0.005086582593678558+0.0016986710228122954j)", "(-0.005440385583263619+0.0019546902893864773j)", "(0.00017160787004750697-2.7828031044983782e-05j)"], ["0j", "0j", "0j"], ["0j", "0j", "0j"], ["0j", "0j", "0j"], ["(-0.002257693176193065+0.002563034943503863j)", "(-0.0009530961171249465+0.0011065400000836003j)", "(-0.004850707151218496+0.001844056386848817j)"], ["0j", "0j", "0j"], ["(0.004124998789089143-0.0013775488322689399j)", "(0.004411917732551941-0.0015851693997427918j)", "(-0.00013916657069991856+2.256733125811038e-05j)"], ["(0.0018308916539573436-0.002078510639242863j)", "(0.0007729197858522492-0.0008973561475430977j)", "(0.003933713992940606-0.0014954500831690883j)"], ["0j", "0j", "0j"], ["0j", "0j", "0j"], ["0j", "0j", "0j"], ["0j", "0j", "0j"], ["(0.004208043191449356-0.0014052816208943422j)", "(0.004500738381986115-0.0016170820019451395j)", "(-0.00014196826962960794+2.3021656370173513e-05j)"], ["0j", "0j", "0j"], ["0j", "0j", "0j"], ["(0.016869786977603184-0.005633687799640479j)", "(0.018043184038678575-0.00648278253264191j)", "(-0.0005691420827373156+9.229240793583865e-05j)"], ["0j", "0j", "0j"], ["0j", "0j", "0j"], ["(-0.030826882524497223+0.01029467842183064j)", "(-0.03297108110888859+0.01184626550595647j)", "(0.001040017645011404-0.00016864986031645338j)"], ["(-0.006194893879214239+0.00703272244924726j)", "(-0.0026152044770920172+0.003036239798174143j)", "(-0.013309875920170022+0.0050599141390321595j)"], ["0j", "0j", "0j"], ["(0.003446117049374019-0.0011508353723115247j)", "(0.0036858156077032725-0.0013242862783496249j)", "(-0.00011626289279413734+1.8853257657634043e-05j)"], ["0j", "0j", "0j"], ["0j", "0j", "0j"], ["0j", "0j", "0j"], ["0j", "0j", "0j"], ["0j", "0j", "0j"], ["0j", "0j", "0j"], ["(0.0018677511322173698-0.0021203551785168957j)", "(0.0007884801932536571-0.0009154217055679956j)", "(0.004012907453182073-0.0015255564576836331j)"], ["0j", "0j", "0j"], ["(-0.0017674501741897176+0.0005902423365526337j)", "(-0.001890387164606078+0.0006792021222179034j)", "(5.962910347404363e-05-9.66948976291297e-06j)"], ["(0.006703212248633864-0.007609788348630563j)", "(0.0028297935405067957-0.0032853766669350727j)", "(0.014402009951330659-0.00547510241419952j)"], ["0j", "0j", "0j"], ["0j", "0j", "0j"], ["(-0.014467081023679844+0.0164236817408147j)", "(-0.006107348374526187+0.007090602038380038j)", "(-0.031082865519021646+0.011816536206997286j)"], ["(0.017536172077291277+0.0036264038797928985j)", "(-0.021022263696544002-0.004051745117891296j)", "(-0.013286545572188198-0.011267101764887185j)"], ["0j", "0j", "0j"], ["(0.0015295681930737927-0.0017364346797254383j)", "(0.0006457146263579629-0.0007496715702288226j)", "(0.0032863134152398567-0.0012493327371943621j)"], ["0j", "0j", "0j"], ["0j", "0j", "0j"], ["0j", "0j", "0j"], ["0j", "0j", "0j"], ["(-0.004229363968263786+0.0014124017226702372j)", "(-0.00452354214948014+0.0016252752268921056j)", "(0.00014268757636047927-2.3138299563960248e-05j)"], ["(-0.0018772144155591607+0.002131098323839151j)", "(-0.0007924751641838827+0.0009200598475707539j)", "(-0.004033239541113183+0.001533285952670348j)"], ["0j", "0j", "0j"], ["(0.0031427403155086455-0.0010495223085167193j)", "(0.0033613371629280684-0.0012077035737948626j)", "(-0.0001060277625938995+1.7193523049357064e-05j)"], ["0j", "0j", "0j"], ["0j", "0j", "0j"], ["0j", "0j", "0j"], ["(0.0013949136250517938-0.001583568751446181j)", "(0.0005888695478112748-0.00068367470790889j)", "(0.0029970048931889596-0.001139348520207966j)"], ["0j", "0j", "0j"], ["0j", "0j", "0j"], ["0j", "0j", "0j"], ["0j", "0j", "0j"], ["0j", "0j", "0j"], ["0j", "0j", "0j"], ["0j", "0j", "0j"], ["0j", "0j", "0j"], ["0j", "0j", "0j"], ["0j", "0j", "0j"], ["0j", "0j", "0j"], ["0j", "0j", "0j"], ["0j", "0j", "0j"], ["0j", "0j", "0j"], ["(-0.0022576931761928575+0.002563034943504582j)", "(-0.0009530961171248874+0.0011065400000834318j)", "(-0.004850707151218156+0.0018440563868486462j)"], ["0j", "0j", "0j"], ["0j", "0j", "0j"], ["0j", "0j", "0j"], 