{"geometry": [["H", [0.0, 0.0, 0.0]], ["H", [0.8368, 0.0, 0.0]], ["H", [0.3735, 0.7342, 0.0]], ["H", [-0.336, -0.2688, 0.218]]], "multiplicity": 1, "canonical_orbitals": [[0.47870738263960433, 0.34703998686355864, 0.05987694400293597, 2.256385790944269], [0.23886277875024708, -0.5851780465112515, -1.1057751630339356, -0.4325813599994017], [0.23628556710324167, -0.5990485709304791, 1.066117230731321, -0.5809124751620652], [0.23236457533264876, 0.6903484078184674, -0.03446075484960835, -1.7419278646726912]], "canonical_to_oao": [[0.6200722168284878, 0.4405255560975023, 0.44051842625804905, 0.47685552997687186], [0.263991451529666, -0.51573707018805, -0.5279918415845009, 0.6209254409132499], [0.03158009559447533, -0.7183058807217693, 0.694742683678323, -0.019286336049355264], [0.7381203540066548, -0.15488437809978356, -0.21095197278712569, -0.6218427756265704]], "orbital_energies": [-0.8949500222508385, -0.3162897129272079, 0.450774362612671, 1.4349275042140794], "exact_energy": -1.793795477096931, "ground_states": [["0j"], ["0j"], ["0j"], ["0j"], ["0j"], ["0j"], ["0j"], ["0j"], ["0j"], ["0j"], ["0j"], ["0j"], ["0j"], ["0j"], ["0j"], ["(0.00947315069816725-0.0014920457900376451j)"], ["0j"], ["0j"], ["0j"], ["0j"], ["0j"], ["0j"], ["0j"], ["0j"], ["0j"], ["0j"], ["0j"], ["(0.0002535761711645069-3.993890424573166e-05j)"], ["0j"], ["0j"], ["(0.0033197221033237955-0.0005228648362278765j)"], ["0j"], ["0j"], ["0j"], ["0j"], ["0j"], ["0j"], ["0j"], ["0j"], ["(-0.0002535761711645154+3.9938904245810434e-05j)"], ["0j"], ["0j"], ["0j"], ["0j"], ["0j"], ["(-0.0033197221033238046+0.000522864836227862j)"], ["0j"], ["0j"], ["0j"], ["0j"], ["0j"], ["(-0.031241121873310834+0.0049205576742428715j)"], ["0j"], ["0j"], ["(0.0010702673576556518-0.00016856988303939747j)"], ["0j"], ["0j"], ["(-0.0010702673576556236+0.00016856988303942324j)"], ["0j"], ["0j"], ["(-0.047475568062889974+0.007477525029933847j)"], ["0j"], ["0j"], ["0j"], ["0j"], ["0j"], ["0j"], ["0j"], ["0j"], ["0j"], ["0j"], ["0j"], ["0j"], ["0j"], ["0j"], ["(-0.00015017611517015298+2.3653127406375098e-05j)"], ["0j"], ["0j"], ["(-0.001864356773539848+0.00029364102437708014j)"], ["0j"], ["0j"], ["0j"], ["0j"], ["0j"], ["0j"], ["0j"], ["0j"], ["0j"], ["0j"], ["0j"], ["(0.0012389434381635787-0.00019513680293973504j)"], ["0j"], ["0j"], ["0j"], ["0j"], ["0j"], ["0j"], ["0j"], ["0j"], ["(-0.020990794076119493+0.003306104476610968j)"], ["0j"], ["0j"], ["(0.002397200522235782-0.00037756529596532734j)"], ["0j"], ["0j"], ["(-0.0036361439603995334+0.0005727020989050943j)"], ["0j"], ["0j"], ["(0.07583031343897745-0.011943470924172094j)"], ["0j"], ["0j"], ["0j"], ["0j"], ["0j"], ["(0.0008495819637469412-0.0001338113614666891j)"], ["0j"], ["0j"], ["0j"], ["0j"], ["0j"], ["(0.0003761160255469485-5.923924894274937e-05j)"], ["0j"], ["0j"], ["0j"], ["0j"], ["0j"], ["0j"], ["0j"], ["0j"], ["0j"], ["0j"], ["0j"], ["0j"], ["0j"], ["0j"], ["(0.0001501761151701712-2.365312740642915e-05j)"], ["0j"], ["0j"], ["0j"], ["0j"], ["0j"], ["(0.0018643567735398265-0.00029364102437705813j)"], ["0j"], ["0j"], ["0j"], ["0j"], ["0j"], ["(0.020990794076119482-0.003306104476610951j)"], ["0j"], ["0j"], ["(-0.003636143960399481+0.0005727020989052523j)"], ["0j"], ["0j"], ["(0.0023972005222357468-0.00037756529596534344j)"], ["0j"], ["0j"], ["(-0.07583031343897731+0.011943470924172096j)"], ["0j"], ["0j"], ["0j"], ["0j"], ["0j"], ["0j"], ["0j"], ["0j"], ["(0.0012389434381636585-0.00019513680293973914j)"], ["0j"], ["0j"], ["0j"], ["0j"], ["0j"], ["0j"], ["0j"], ["0j"], ["0j"], ["0j"], ["0j"], ["(-0.0008495819637468769+0.00013381136146659663j)"], ["0j"], ["0j"], ["(-0.00037611602554708486+5.9239248943214275e-05j)"], ["0j"], ["0j"], ["0j"], ["0j"], ["0j"], ["0j"], ["0j"], ["0j"], ["0j"], ["0j"], ["0j"], ["0j"], ["0j"], ["0j"], ["(-0.035965609004824525+0.005664676643660935j)"], ["0j"], ["0j"], ["(-0.001907639811432062+0.0003004582150377297j)"], ["0j"], ["0j"], ["(0.001907639811432298-0.00030045821503787285j)"], ["0j"], ["0j"], ["(-0.1334308175534031+0.02101569962677272j)"], ["0j"], ["0j"], ["0j"], ["0j"], ["0j"], ["(-0.0075816424013756415+0.0011941283303696832j)"], ["0j"], ["0j"], ["0j"], ["0j"], ["0j"], ["(-0.0025720490552665074+0.00040510439313637723j)"], ["0j"], ["0j"], ["0j"], ["0j"], ["0j"], ["0j"], ["0j"], ["0j"], ["(0.007581642401375658-0.0011941283303697982j)"], ["0j"], ["0j"], ["(0.002572049055267167-0.00040510439313853994j)"], ["0j"], ["0j"], ["0j"], ["0j"], ["0j"], ["0j"], ["0j"], ["0j"], ["0j"], ["0j"], ["0j"], ["(0.9699407611239973-0.15276818403205067j)"], ["0j"], ["0j"], ["0j"], ["0j"], ["0j"], ["0j"], ["0j"], ["0j"], ["0j"], ["0j"], ["0j"], ["0j"], ["0j"], ["0j"], ["0j"]]}