{"geometry": [["H", [0.0, 0.0, 0.0]], ["H", [0.588, 0.0, 0.0]], ["H", [-0.2316, 0.5019, 0.0]], ["H", [-0.239, 0.0369, 0.5247]]], "multiplicity": 1, "canonical_orbitals": [[0.48122547438976804, 0.3788788056033781, 0.011415806496572312, 2.3524889010269967], [0.08733239549101662, 0.9866025370224503, -0.06592091492415611, -1.2266708439920935], [0.27921471396491204, -0.5932131580922608, 1.2706976924593276, -0.8453171844439871], [0.26104368771576797, -0.6526144625511243, -1.2489292438067965, -0.7305315800769161]], "canonical_to_oao": [[0.6002520216623598, 0.3582770707646553, 0.5129917055337289, 0.4981712166596347], [0.20951016625589536, 0.7915928475090561, -0.3815430412217764, -0.428848646614594], [0.007194404559279471, -0.0433627795038442, 0.7071626101352649, -0.7056833232572652], [0.7718492348047702, -0.49309022875180164, -0.3019693040285922, -0.2644339699533167]], "orbital_energies": [-1.0731022638373942, -0.1602669335157563, 0.4907292163569911, 1.2322489339820935], "exact_energy": -1.3113972221038275, "ground_states": [["0j"], ["0j"], ["0j"], ["0j"], ["0j"], ["0j"], ["0j"], ["0j"], ["0j"], ["0j"], ["0j"], ["0j"], ["0j"], ["0j"], ["0j"], ["(-0.00596732653615583+0.006171035588555612j)"], ["0j"], ["0j"], ["0j"], ["0j"], ["0j"], ["0j"], ["0j"], ["0j"], ["0j"], ["0j"], ["0j"], ["(-0.00011627545436679432+0.00012024479683257667j)"], ["0j"], ["0j"], ["(-0.0021385620404114573+0.0022115670023673127j)"], ["0j"], ["0j"], ["0j"], ["0j"], ["0j"], ["0j"], ["0j"], ["0j"], ["(0.00011627545436705511-0.00012024479683262012j)"], ["0j"], ["0j"], ["0j"], ["0j"], ["0j"], ["(0.0021385620404114273-0.0022115670023673253j)"], ["0j"], ["0j"], ["0j"], ["0j"], ["0j"], ["(0.02306187710220473-0.02384914977826593j)"], ["0j"], ["0j"], ["(0.0007201692814855153-0.0007447539930828461j)"], ["0j"], ["0j"], ["(-0.0007201692814854175+0.0007447539930828583j)"], ["0j"], ["0j"], ["(0.038996705055633824-0.04032795143296295j)"], ["0j"], ["0j"], ["0j"], ["0j"], ["0j"], ["0j"], ["0j"], ["0j"], ["0j"], ["0j"], ["0j"], ["0j"], ["0j"], ["0j"], ["(-0.0001653380918862021+0.0001709823055586807j)"], ["0j"], ["0j"], ["(0.0017571112574598703-0.001817094478932587j)"], ["0j"], ["0j"], ["0j"], ["0j"], ["0j"], ["0j"], ["0j"], ["0j"], ["0j"], ["0j"], ["0j"], ["(-0.001067344186552584+0.0011037805490525853j)"], ["0j"], ["0j"], ["0j"], ["0j"], ["0j"], ["0j"], ["0j"], ["0j"], ["(0.010575597114852094-0.01093662057381237j)"], ["0j"], ["0j"], ["(-0.0004627079498422928+0.00047850359927248317j)"], ["0j"], ["0j"], ["(0.0015300521363947675-0.0015822841483250439j)"], ["0j"], ["0j"], ["(-0.046457344283928996+0.04804327753624036j)"], ["0j"], ["0j"], ["0j"], ["0j"], ["0j"], ["(-0.00019560772681662532+0.0002022852673250487j)"], ["0j"], ["0j"], ["0j"], ["0j"], ["0j"], ["(0.0008773306974003134-0.0009072804921576768j)"], ["0j"], ["0j"], ["0j"], ["0j"], ["0j"], ["0j"], ["0j"], ["0j"], ["0j"], ["0j"], ["0j"], ["0j"], ["0j"], ["0j"], ["(0.00016533809188610198-0.00017098230555864867j)"], ["0j"], ["0j"], ["0j"], ["0j"], ["0j"], ["(-0.0017571112574598876+0.00181709447893257j)"], ["0j"], ["0j"], ["0j"], ["0j"], ["0j"], ["(-0.010575597114852118+0.010936620573812374j)"], ["0j"], ["0j"], ["(0.0015300521363952203-0.0015822841483251057j)"], ["0j"], ["0j"], ["(-0.00046270794984237964+0.00047850359927247563j)"], ["0j"], ["0j"], ["(0.04645734428392896-0.04804327753624033j)"], ["0j"], ["0j"], ["0j"], ["0j"], ["0j"], ["0j"], ["0j"], ["0j"], ["(-0.0010673441865526765+0.0011037805490526063j)"], ["0j"], ["0j"], ["0j"], ["0j"], ["0j"], ["0j"], ["0j"], ["0j"], ["0j"], ["0j"], ["0j"], ["(0.00019560772681667717-0.0002022852673249963j)"], ["0j"], ["0j"], ["(-0.0008773306973998763+0.0009072804921574088j)"], ["0j"], ["0j"], ["0j"], ["0j"], ["0j"], ["0j"], ["0j"], ["0j"], ["0j"], ["0j"], ["0j"], ["0j"], ["0j"], ["0j"], ["(0.0319278363036859-0.0330177698340855j)"], ["0j"], ["0j"], ["(-0.00497046466551533+0.005140143438892671j)"], ["0j"], ["0j"], ["(0.0049704646655146685-0.005140143438892551j)"], ["0j"], ["0j"], ["(0.07621473867278471-0.07881651219730365j)"], ["0j"], ["0j"], ["0j"], ["0j"], ["0j"], ["(0.008636949358794388-0.008931792411012626j)"], ["0j"], ["0j"], ["0j"], ["0j"], ["0j"], ["(0.001849745584251268-0.0019128911014078213j)"], ["0j"], ["0j"], ["0j"], ["0j"], ["0j"], ["0j"], ["0j"], ["0j"], ["(-0.008636949358794012+0.008931792411012586j)"], ["0j"], ["0j"], ["(-0.0018497455842579158+0.0019128911014084332j)"], ["0j"], ["0j"], ["0j"], ["0j"], ["0j"], ["0j"], ["0j"], ["0j"], ["0j"], ["0j"], ["0j"], ["(-0.6852262752991735+0.7086181232858517j)"], ["0j"], ["0j"], ["0j"], ["0j"], ["0j"], ["0j"], ["0j"], ["0j"], ["0j"], ["0j"], ["0j"], ["0j"], ["0j"], ["0j"], ["0j"]]}