{"geometry": [["H", [0.0, 0.0, 0.0]], ["H", [0.5462, 0.0, 0.0]], ["H", [1.0617, -0.4939, 0.0]], ["H", [0.4236, 0.2495, 0.8501]]], "multiplicity": 1, "canonical_orbitals": [[0.351891372102317, 0.42049693503209135, 0.9043863252779312, 1.3298734850921585], [0.481235068718875, -0.313524140786114, 0.1635018690195374, -2.0879293527307037], [0.14291027682089957, -0.83563375065764, -0.45311152665969523, 1.0430789513344876], [0.18966669469303227, 0.7186568304704026, -0.9475921791534561, 0.18541450565524809]], "canonical_to_oao": [[0.5645729320766836, 0.6288529959993281, 0.3659911039552384, 0.3896816978183989], [0.28642522741030685, -0.19136599964566767, -0.7349498598556657, 0.5841132996095066], [0.597137611562758, 0.11199348231144006, -0.35939420506971403, -0.7083219170258607], [0.4925897545893689, -0.7452385011001792, 0.4435482168671985, 0.07238708079121378]], "orbital_energies": [-0.9079008922488692, -0.17752856435360717, 0.2997423430945215, 1.2552186741189215], "exact_energy": -1.677894350264236, "ground_states": [["0j"], ["0j"], ["0j"], ["0j"], ["0j"], ["0j"], ["0j"], ["0j"], ["0j"], ["0j"], ["0j"], ["0j"], ["0j"], ["0j"], ["0j"], ["(-0.018156729790616624+0.0038519327560908685j)"], ["0j"], ["0j"], ["0j"], ["0j"], ["0j"], ["0j"], ["0j"], ["0j"], ["0j"], ["0j"], ["0j"], ["(0.0034055986976782924-0.0007224944871123149j)"], ["0j"], ["0j"], ["(-0.0015609871882561889+0.0003311619301286364j)"], ["0j"], ["0j"], ["0j"], ["0j"], ["0j"], ["0j"], ["0j"], ["0j"], ["(-0.0034055986976772434+0.0007224944871097171j)"], ["0j"], ["0j"], ["0j"], ["0j"], ["0j"], ["(0.0015609871882560707-0.0003311619301283762j)"], ["0j"], ["0j"], ["0j"], ["0j"], ["0j"], ["(0.03435214570174094-0.007287774659670603j)"], ["0j"], ["0j"], ["(-0.009819814034039318+0.0020832640994622818j)"], ["0j"], ["0j"], ["(0.009819814034039722-0.002083264099463197j)"], ["0j"], ["0j"], ["(0.0438732700154709-0.009307672022345703j)"], ["0j"], ["0j"], ["0j"], ["0j"], ["0j"], ["0j"], ["0j"], ["0j"], ["0j"], ["0j"], ["0j"], ["0j"], ["0j"], ["0j"], ["(-0.00431089695136599+0.0009145526406232659j)"], ["0j"], ["0j"], ["(1.2376862202531342e-05-2.625739408946356e-06j)"], ["0j"], ["0j"], ["0j"], ["0j"], ["0j"], ["0j"], ["0j"], ["0j"], ["0j"], ["0j"], ["0j"], ["(-0.020213092605638732+0.004288188148826218j)"], ["0j"], ["0j"], ["0j"], ["0j"], ["0j"], ["0j"], ["0j"], ["0j"], ["(-0.013827364805751054+0.0029334621399283423j)"], ["0j"], ["0j"], ["(-0.011712821010972558+0.002484863708315896j)"], ["0j"], ["0j"], ["(0.031925913616611894-0.006773051857143436j)"], ["0j"], ["0j"], ["(0.07481181513881317-0.0158712546036085j)"], ["0j"], ["0j"], ["0j"], ["0j"], ["0j"], ["(-0.0009371590949641619+0.0001988174003361283j)"], ["0j"], ["0j"], ["0j"], ["0j"], ["0j"], ["(0.027064272099450927-0.005741659286765646j)"], ["0j"], ["0j"], ["0j"], ["0j"], ["0j"], ["0j"], ["0j"], ["0j"], ["0j"], ["0j"], ["0j"], ["0j"], ["0j"], ["0j"], ["(0.004310896951366324-0.0009145526406241051j)"], ["0j"], ["0j"], ["0j"], ["0j"], ["0j"], ["(-1.237686220185936e-05+2.6257394073350613e-06j)"], ["0j"], ["0j"], ["0j"], ["0j"], ["0j"], ["(0.013827364805751426-0.0029334621399292643j)"], ["0j"], ["0j"], ["(0.03192591361661031-0.00677305185713952j)"], ["0j"], ["0j"], ["(-0.011712821010972319+0.002484863708315208j)"], ["0j"], ["0j"], ["(-0.07481181513881373+0.015871254603609827j)"], ["0j"], ["0j"], ["0j"], ["0j"], ["0j"], ["0j"], ["0j"], ["0j"], ["(-0.02021309260563855+0.004288188148825731j)"], ["0j"], ["0j"], ["0j"], ["0j"], ["0j"], ["0j"], ["0j"], ["0j"], ["0j"], ["0j"], ["0j"], ["(0.0009371590949634602-0.00019881740033433006j)"], ["0j"], ["0j"], ["(-0.027064272099452922+0.005741659286770584j)"], ["0j"], ["0j"], ["0j"], ["0j"], ["0j"], ["0j"], ["0j"], ["0j"], ["0j"], ["0j"], ["0j"], ["0j"], ["0j"], ["0j"], ["(0.021430884996227837-0.004546541632824708j)"], ["0j"], ["0j"], ["(0.05415907468983852-0.011489795587812114j)"], ["0j"], ["0j"], ["(-0.05415907468984035+0.011489795587816423j)"], ["0j"], ["0j"], ["(0.349959763442973-0.07424362711045299j)"], ["0j"], ["0j"], ["0j"], ["0j"], ["0j"], ["(0.004379396678894215-0.0009290847919148045j)"], ["0j"], ["0j"], ["0j"], ["0j"], ["0j"], ["(-0.06917562985641458+0.014675543318673268j)"], ["0j"], ["0j"], ["0j"], ["0j"], ["0j"], ["0j"], ["0j"], ["0j"], ["(-0.0043793966788932505+0.0009290847919125318j)"], ["0j"], ["0j"], ["(0.06917562985638961-0.014675543318611912j)"], ["0j"], ["0j"], ["0j"], ["0j"], ["0j"], ["0j"], ["0j"], ["0j"], ["0j"], ["0j"], ["0j"], ["(-0.893677410314367+0.18959280277153245j)"], ["0j"], ["0j"], ["0j"], ["0j"], ["0j"], ["0j"], ["0j"], ["0j"], ["0j"], ["0j"], ["0j"], ["0j"], ["0j"], ["0j"], ["0j"]]}