{"geometry": [["H", [0.0, 0.0, 0.0]], ["H", [0.6465, 0.0, 0.0]], ["H", [1.1549, -0.2275, 0.0]], ["H", [0.7368, 0.3642, -0.368]]], "multiplicity": 1, "canonical_orbitals": [[0.09236831865328715, 0.9342501878680665, 0.5341912525666394, 1.1259349694332315], [0.5358358742689739, 0.05130703911147174, 0.35750118509180917, -2.6279050054151014], [0.1656191428134587, -0.887375347519582, 0.6689155826992044, 1.3059020940884123], [0.3093115643406965, -0.0021324655321527403, -1.4313479747057456, 0.7944163269049643]], "canonical_to_oao": [[0.142739069725004, 0.8280405590744793, 0.25593539774802837, 0.47798688546990803], [0.7244872225431026, 0.03978730188709341, -0.6881369778953373, -0.001653672699904678], [0.3131822280072341, 0.20959350630383491, 0.3921675458591683, -0.8391615280448016], [0.34730421328491745, -0.8105996396511345, 0.4028166028476814, 0.24504446964224402]], "orbital_energies": [-1.060300452062289, -0.18092952341408214, 0.43968751937630696, 1.531479500932671], "exact_energy": -1.41060785922515, "ground_states": [["0j"], ["0j"], ["0j"], ["0j"], ["0j"], ["0j"], ["0j"], ["0j"], ["0j"], ["0j"], ["0j"], ["0j"], ["0j"], ["0j"], ["0j"], ["(-0.007046465782004845-0.0018417055799619503j)"], ["0j"], ["0j"], ["0j"], ["0j"], ["0j"], ["0j"], ["0j"], ["0j"], ["0j"], ["0j"], ["0j"], ["(0.0005219153898177255+0.00013641086403193544j)"], ["0j"], ["0j"], ["(0.0003625911403104397+9.476894474669282e-05j)"], ["0j"], ["0j"], ["0j"], ["0j"], ["0j"], ["0j"], ["0j"], ["0j"], ["(-0.0005219153898176898-0.000136410864032112j)"], ["0j"], ["0j"], ["0j"], ["0j"], ["0j"], ["(-0.0003625911403104374-9.476894474673427e-05j)"], ["0j"], ["0j"], ["0j"], ["0j"], ["0j"], ["(0.02826338202158978+0.007387083112031523j)"], ["0j"], ["0j"], ["(0.010501567938724385+0.0027447513220726517j)"], ["0j"], ["0j"], ["(-0.010501567938724395-0.0027447513220726417j)"], ["0j"], ["0j"], ["(0.052274841666776525+0.01366285888099978j)"], ["0j"], ["0j"], ["0j"], ["0j"], ["0j"], ["0j"], ["0j"], ["0j"], ["0j"], ["0j"], ["0j"], ["0j"], ["0j"], ["0j"], ["(0.002596169021572867+0.000678549945671415j)"], ["0j"], ["0j"], ["(0.0052295081363170305+0.001366814884662764j)"], ["0j"], ["0j"], ["0j"], ["0j"], ["0j"], ["0j"], ["0j"], ["0j"], ["0j"], ["0j"], ["0j"], ["(-0.000263040714639466-6.874986225656052e-05j)"], ["0j"], ["0j"], ["0j"], ["0j"], ["0j"], ["0j"], ["0j"], ["0j"], ["(-0.0007829426951858405-0.00020463448984551434j)"], ["0j"], ["0j"], ["(0.0031711653991589026+0.0008288343676524993j)"], ["0j"], ["0j"], ["(-0.0029081246845194253-0.0007600845053960549j)"], ["0j"], ["0j"], ["(-0.005789978936071092-0.0015133028165203713j)"], ["0j"], ["0j"], ["0j"], ["0j"], ["0j"], ["(-0.003940678369541095-0.0010299587859425065j)"], ["0j"], ["0j"], ["0j"], ["0j"], ["0j"], ["(-0.01595511281202311-0.004170121760878563j)"], ["0j"], ["0j"], ["0j"], ["0j"], ["0j"], ["0j"], ["0j"], ["0j"], ["0j"], ["0j"], ["0j"], ["0j"], ["0j"], ["0j"], ["(-0.002596169021572871-0.0006785499456714222j)"], ["0j"], ["0j"], ["0j"], ["0j"], ["0j"], ["(-0.005229508136317018-0.0013668148846627658j)"], ["0j"], ["0j"], ["0j"], ["0j"], ["0j"], ["(0.0007829426951858521+0.0002046344898454548j)"], ["0j"], ["0j"], ["(-0.002908124684519518-0.0007600845053957412j)"], ["0j"], ["0j"], ["(0.0031711653991589196+0.0008288343676525017j)"], ["0j"], ["0j"], ["(0.0057899789360709615+0.0015133028165206263j)"], ["0j"], ["0j"], ["0j"], ["0j"], ["0j"], ["0j"], ["0j"], ["0j"], ["(-0.0002630407146394439-6.874986225664117e-05j)"], ["0j"], ["0j"], ["0j"], ["0j"], ["0j"], ["0j"], ["0j"], ["0j"], ["0j"], ["0j"], ["0j"], ["(0.003940678369541102+0.0010299587859424802j)"], ["0j"], ["0j"], ["(0.015955112812023203+0.00417012176087837j)"], ["0j"], ["0j"], ["0j"], ["0j"], ["0j"], ["0j"], ["0j"], ["0j"], ["0j"], ["0j"], ["0j"], ["0j"], ["0j"], ["0j"], ["(0.03502351773987483+0.009153951789015737j)"], ["0j"], ["0j"], ["(-0.0550381863106413-0.014385102826746413j)"], ["0j"], ["0j"], ["(0.05503818631064134+0.014385102826746364j)"], ["0j"], ["0j"], ["(0.12050248791291777+0.03149523622966707j)"], ["0j"], ["0j"], ["0j"], ["0j"], ["0j"], ["(-0.0009562274094045065-0.0002499251979778023j)"], ["0j"], ["0j"], ["0j"], ["0j"], ["0j"], ["(-0.012420877332012322-0.0032463932697711895j)"], ["0j"], ["0j"], ["0j"], ["0j"], ["0j"], ["0j"], ["0j"], ["0j"], ["(0.0009562274094045177+0.00024992519797806826j)"], ["0j"], ["0j"], ["(0.012420877332011467+0.0032463932697762315j)"], ["0j"], ["0j"], ["0j"], ["0j"], ["0j"], ["0j"], ["0j"], ["0j"], ["0j"], ["0j"], ["0j"], ["(-0.9536369549120328-0.24924814161513484j)"], ["0j"], ["0j"], ["0j"], ["0j"], ["0j"], ["0j"], ["0j"], ["0j"], ["0j"], ["0j"], ["0j"], ["0j"], ["0j"], ["0j"], ["0j"]]}