{"geometry": [["H", [0.0, 0.0, 0.0]], ["H", [1.1346, 0.0, 0.0]], ["H", [0.5161, -0.2909, 0.0]], ["H", [0.8369, 0.6562, -0.4144]]], "multiplicity": 1, "canonical_orbitals": [[0.2621221288814198, 0.6531114920177221, 0.6407880970276855, 1.3223813592566531], [0.3086959971866267, -0.57274126675363, -0.819248801539037, 1.2741542475006622], [0.42161645864492103, 0.45223662121224595, -0.4995282812321325, -1.8461807656232907], [0.20571722984719343, -0.6677659786560279, 0.924634466724709, -0.5901453359021305]], "canonical_to_oao": [[0.42295302516679034, 0.4981033323059419, 0.6803086691114486, 0.33193963845823893], [0.5509936662893626, -0.48318979877211116, 0.38152676380296746, -0.5633568376913589], [0.4333751348595618, -0.5540709346777627, -0.33783888503750925, 0.6253449284893736], [0.4952768198884887, 0.47721412535962693, -0.6914575225494645, -0.2210295110344967]], "orbital_energies": [-0.8822258384810853, -0.2745525844662858, 0.392609845913771, 1.3514781052301126], "exact_energy": -1.7952291915236986, "ground_states": [["0j"], ["0j"], ["0j"], ["0j"], ["0j"], ["0j"], ["0j"], ["0j"], ["0j"], ["0j"], ["0j"], ["0j"], ["0j"], ["0j"], ["0j"], ["(-0.01140924422531829+0.006050910600747097j)"], ["0j"], ["0j"], ["0j"], ["0j"], ["0j"], ["0j"], ["0j"], ["0j"], ["0j"], ["0j"], ["0j"], ["(0.0004375858285724313-0.00023207433170461582j)"], ["0j"], ["0j"], ["(0.0008025296597457655-0.00042562286595581314j)"], ["0j"], ["0j"], ["0j"], ["0j"], ["0j"], ["0j"], ["0j"], ["0j"], ["(-0.00043758582857243494+0.00023207433170461798j)"], ["0j"], ["0j"], ["0j"], ["0j"], ["0j"], ["(-0.0008025296597457672+0.00042562286595579883j)"], ["0j"], ["0j"], ["0j"], ["0j"], ["0j"], ["(0.024918946617519283-0.013215802490474975j)"], ["0j"], ["0j"], ["(-0.004267386421399374+0.002263215093373935j)"], ["0j"], ["0j"], ["(0.004267386421399359-0.002263215093373924j)"], ["0j"], ["0j"], ["(0.04672993770975155-0.024783295884990984j)"], ["0j"], ["0j"], ["0j"], ["0j"], ["0j"], ["0j"], ["0j"], ["0j"], ["0j"], ["0j"], ["0j"], ["0j"], ["0j"], ["0j"], ["(-0.0010360990034604667+0.0005494967343717731j)"], ["0j"], ["0j"], ["(-0.000843442289330217+0.00044732094333657305j)"], ["0j"], ["0j"], ["0j"], ["0j"], ["0j"], ["0j"], ["0j"], ["0j"], ["0j"], ["0j"], ["0j"], ["(-0.019303224814218593+0.01023749560884708j)"], ["0j"], ["0j"], ["0j"], ["0j"], ["0j"], ["0j"], ["0j"], ["0j"], ["(0.0106985997945947-0.00567401921037042j)"], ["0j"], ["0j"], ["(-0.0282672723432526+0.014991592299902856j)"], ["0j"], ["0j"], ["(0.04757049715747116-0.025229087908749916j)"], ["0j"], ["0j"], ["(-0.035758414286945525+0.018964531199589595j)"], ["0j"], ["0j"], ["0j"], ["0j"], ["0j"], ["(6.971818183597446e-05-3.6975147275746195e-05j)"], ["0j"], ["0j"], ["0j"], ["0j"], ["0j"], ["(-0.002518915815973952+0.0013359109606439555j)"], ["0j"], ["0j"], ["0j"], ["0j"], ["0j"], ["0j"], ["0j"], ["0j"], ["0j"], ["0j"], ["0j"], ["0j"], ["0j"], ["0j"], ["(0.0010360990034604797-0.0005494967343717751j)"], ["0j"], ["0j"], ["0j"], ["0j"], ["0j"], ["(0.0008434422893302191-0.00044732094333656443j)"], ["0j"], ["0j"], ["0j"], ["0j"], ["0j"], ["(-0.010698599794594702+0.005674019210370428j)"], ["0j"], ["0j"], ["(0.04757049715747115-0.025229087908749913j)"], ["0j"], ["0j"], ["(-0.02826727234325261+0.014991592299902842j)"], ["0j"], ["0j"], ["(0.03575841428694558-0.018964531199589598j)"], ["0j"], ["0j"], ["0j"], ["0j"], ["0j"], ["0j"], ["0j"], ["0j"], ["(-0.019303224814218603+0.010237495608847074j)"], ["0j"], ["0j"], ["0j"], ["0j"], ["0j"], ["0j"], ["0j"], ["0j"], ["0j"], ["0j"], ["0j"], ["(-6.971818183596363e-05+3.697514727574761e-05j)"], ["0j"], ["0j"], ["(0.0025189158159738545-0.001335910960643857j)"], ["0j"], ["0j"], ["0j"], ["0j"], ["0j"], ["0j"], ["0j"], ["0j"], ["0j"], ["0j"], ["0j"], ["0j"], ["0j"], ["0j"], ["(0.03168900144422943-0.016806311704720224j)"], ["0j"], ["0j"], ["(0.004363554499357138-0.0023142179846151467j)"], ["0j"], ["0j"], ["(-0.004363554499357096+0.002314217984615083j)"], ["0j"], ["0j"], ["(0.17185434939813746-0.09114322421550922j)"], ["0j"], ["0j"], ["0j"], ["0j"], ["0j"], ["(-0.002124798260193246+0.0011268900957104096j)"], ["0j"], ["0j"], ["0j"], ["0j"], ["0j"], ["(-0.0030392326448824424+0.001611861808360809j)"], ["0j"], ["0j"], ["0j"], ["0j"], ["0j"], ["0j"], ["0j"], ["0j"], ["(0.0021247982601932326-0.0011268900957103782j)"], ["0j"], ["0j"], ["(0.0030392326448823847-0.0016118618083607419j)"], ["0j"], ["0j"], ["0j"], ["0j"], ["0j"], ["0j"], ["0j"], ["0j"], ["0j"], ["0j"], ["0j"], ["(-0.8586184224746776+0.45536962939399656j)"], ["0j"], ["0j"], ["0j"], ["0j"], ["0j"], ["0j"], ["0j"], ["0j"], ["0j"], ["0j"], ["0j"], ["0j"], ["0j"], ["0j"], ["0j"]]}