{"geometry": [["H", [0.0, 0.0, 0.0]], ["H", [1.3704, 0.0, 0.0]], ["H", [0.3083, -0.2567, 0.0]], ["H", [0.3664, -0.6623, 0.8191]]], "multiplicity": 3, "canonical_orbitals": [[0.4370594027670781, 0.4594183452652914, 0.3452515447696387, 1.9679089430635774], [0.04108554214101484, -1.0068072081827146, 0.3605408376321675, 0.3773659250676871], [0.5311607364098707, 0.13622190979733334, 0.16166825887905062, -2.2982563873476463], [0.08400496353942852, -0.22982205744313278, -1.118211646961396, 0.36988207401129153]], "canonical_to_oao": [[0.6490076545163801, 0.20369362955740627, 0.6729544504931599, 0.29056888549589455], [0.3141533123554779, -0.9221648531237583, 0.06892798883436929, -0.21486882592542209], [0.2258490758090245, 0.2987092823505498, 0.09023478211764441, -0.9228340282466898], [0.6550488193039047, 0.13745418719918165, -0.7309164959233567, 0.13333591690573868]], "orbital_energies": [-0.860989013220815, -0.03327995259737254, 0.05611978310420504, 1.3501971502120014], "exact_energy": -1.6396127295042855, "ground_states": [["0j", "0j", "0j"], ["0j", "0j", "0j"], ["0j", "0j", "0j"], ["0j", "0j", "0j"], ["0j", "0j", "0j"], ["0j", "0j", "0j"], ["0j", "0j", "0j"], ["0j", "0j", "0j"], ["0j", "0j", "0j"], ["0j", "0j", "0j"], ["0j", "0j", "0j"], ["0j", "0j", "0j"], ["0j", "0j", "0j"], ["0j", "0j", "0j"], ["0j", "0j", "0j"], ["0j", "0j", "0j"], ["0j", "0j", "0j"], ["0j", "0j", "0j"], ["0j", "0j", "0j"], ["0j", "0j", "0j"], ["0j", "0j", "0j"], ["0j", "0j", "0j"], ["0j", "0j", "0j"], ["(-0.01943332454154288-0.021223502139479128j)", "(0.026454100006539794-0.026717817716401755j)", "(-0.0062593727043749325-0.0005868147385528638j)"], ["0j", "0j", "0j"], ["0j", "0j", "0j"], ["0j", "0j", "0j"], ["(-0.007124737053128137-0.016713172530091858j)", "(-0.01023131765330146+0.009525524548840977j)", "(-0.014716977889199437+0.018860063523452982j)"], ["0j", "0j", "0j"], ["(0.0014979909462966231+0.0016359843106455167j)", "(-0.002039177713391697+0.002059506028338878j)", "(0.0004824950883008019+4.523380256560618e-05j)"], ["(0.000549200502337925+0.0012883117904212771j)", "(0.0007886669715501403-0.0007342618861938125j)", "(0.001134437887235365-0.001453801913528178j)"], ["0j", "0j", "0j"], ["0j", "0j", "0j"], ["0j", "0j", "0j"], ["0j", "0j", "0j"], ["0j", "0j", "0j"], ["0j", "0j", "0j"], ["0j", "0j", "0j"], ["0j", "0j", "0j"], ["(-0.007124737053139227-0.01671317253010273j)", "(-0.010231317653301859+0.009525524548841298j)", "(-0.0147169778892006+0.018860063523454637j)"], ["0j", "0j", "0j"], ["0j", "0j", "0j"], ["0j", "0j", "0j"], ["(0.007947703127953443-0.02605729259152676j)", "(-0.017864030565451515-0.010334791714069227j)", "(0.032330629557674115-0.0010232701603691925j)"], ["0j", "0j", "0j"], ["(0.0005492005023407092+0.0012883117904240124j)", "(0.000788666971550252-0.000734261886193873j)", "(0.0011344378872355939-0.0014538019135285829j)"], ["(-0.0006126377040674094+0.002008590362583939j)", "(0.001377024090458997+0.0007966431264214341j)", "(-0.00249216186669112+7.887736514519748e-05j)"], ["0j", "0j", "0j"], ["0j", "0j", "0j"], ["0j", "0j", "0j"], ["0j", "0j", "0j"], ["0j", "0j", "0j"], ["0j", "0j", "0j"], ["(-0.004621324830025383-0.005047036455733716j)", "(0.006290894229386994-0.006353607389870534j)", "(-0.0014885046785110914-0.00013954696820412478j)"], ["(-0.0016942918943532172-0.003974461448258571j)", "(-0.002433049590357266+0.002265209075393825j)", "(-0.00349975811894185+0.004485000992520674j)"], ["0j", "0j", "0j"], ["0j", "0j", "0j"], ["(-0.0016942918943508348-0.003974461448256224j)", "(-0.0024330495903571643+0.0022652090753937718j)", "(-0.0034997581189416317+0.0044850009925203336j)"], ["(0.0018899966255575783-0.006196531787396286j)", "(-0.004248140241777633-0.002457656149325883j)", "(0.007688357225025231-0.00024333786994753002j)"], ["0j", "0j", "0j"], ["0j", "0j", "0j"], ["0j", "0j", "0j"], ["0j", "0j", "0j"], ["0j", "0j", "0j"], ["0j", "0j", "0j"], ["0j", "0j", "0j"], ["0j", "0j", "0j"], ["0j", "0j", "0j"], ["0j", "0j", "0j"], ["0j", "0j", "0j"], ["0j", "0j", "0j"], ["(0.006150350974718303+0.006716914894898252j)", "(-0.008372319384298192+0.008455782019342066j)", "(0.0019809960427090902+0.00018571791931545835j)"], ["0j", "0j", "0j"], ["0j", "0j", "0j"], ["0j", "0j", "0j"], ["(0.0022548706674277432+0.005289464329243109j)", "(0.0032380560704946223-0.0030146833120822496j)", "(0.004657699155502332-0.00596892260131578j)"], ["0j", "0j", "0j"], ["(-0.0028095045007943274-0.0030683131265583537j)", "(0.0038245084043111214-0.003862634464070619j)", "(-0.0009049267791260796-8.48366755555206e-05j)"], ["(-0.00103003378423276-0.002416248097204202j)", "(-0.0014791567410176473+0.001377119186950546j)", "(-0.002127655282522985+0.002726627306673004j)"], ["0j", "0j", "0j"], ["0j", "0j", "0j"], ["0j", "0j", "0j"], ["0j", "0j", "0j"], ["(-0.005006121543184563-0.005467280240966667j)", "(0.006814708397690514-0.006882643397995647j)", "(-0.001612445697348741-0.00015116640995974724j)"], ["0j", "0j", "0j"], ["0j", "0j", "0j"], ["(0.008568508778324676+0.009357830874494367j)", "(-0.011664097290412387+0.011780375259584431j)", "(0.002759872087227747+0.0002587373677515654j)"], ["0j", "0j", "0j"], ["0j", "0j", "0j"], ["(-0.006844224375758354-0.007474707190293729j)", "(0.009316871939047752-0.009409750703784999j)", "(-0.0022044890542870584-0.00020667033728955403j)"], ["(0.0006321652760365868+0.0014829301414407891j)", "(0.0009078066601304784-0.0008451828903859621j)", "(0.001305811333156869-0.0016734199696703332j)"], ["0j", "0j", "0j"], ["(0.00014669676273448758+0.00016021031558929662j)", "(-0.0001996946443062716+0.00020168537596056864j)", "(4.7250263871113975e-05+4.429701273483129e-06j)"], ["0j", "0j", "0j"], ["0j", "0j", "0j"], ["0j", "0j", "0j"], ["0j", "0j", "0j"], ["0j", "0j", "0j"], ["0j", "0j", "0j"], ["(-0.0018353678792853633-0.0043053967878259325j)", "(-0.0026356385707380003+0.00245382273898374j)", "(-0.0037911670699578236+0.004858446639367632j)"], ["0j", "0j", "0j"], ["(-0.009292500526056955-0.010148515987281592j)", "(0.012649649199324169-0.012775752015771429j)", "(-0.0029930660615402837-0.000280599248730892j)"], ["(-0.00026543326748835474-0.0006226520307599645j)", "(-0.0003811694459989608+0.0003548750061493469j)", "(-0.0005482834664012902+0.0007026348128698799j)"], ["0j", "0j", "0j"], ["0j", "0j", "0j"], ["(-0.005916122152873655-0.013878009744459302j)", "(-0.008495713535863612+0.007909648648204762j)", "(-0.012220442419743925+0.015660709831616666j)"], ["(0.003095195308919516-0.010147889081157168j)", "(-0.006957062023379655-0.004024835643336938j)", "(0.012591010425309648-0.00039850771337852453j)"], ["0j", "0j", "0j"], ["(5.378265869620042e-05+0.0001261630916557824j)", "(7.723337172920445e-05-7.190553585825276e-05j)", "(0.00011109437342937602-0.00014236937472842927j)"], ["0j", "0j", "0j"], ["0j", "0j", "0j"], ["0j", "0j", "0j"], ["0j", "0j", "0j"], ["(0.0029879687332158033+0.003263217298025308j)", "(-0.004067447312781255+0.004107995201012038j)", "(0.0009624091796663845+9.022563726746589e-05j)"], ["(0.0010954631824135704+0.0025697320520750174j)", "(0.0015731151498197052-0.0014645960066469095j)", "(0.0022628073588929843-0.0028998270467864426j)"], ["0j", "0j", "0j"], ["(0.0010316049607167466+0.0011266353342713152j)", "(-0.0014042981034822352+0.001418297380710406j)", "(0.00033227458940450954+3.115066565276289e-05j)"], ["0j", "0j", "0j"], ["0j", "0j", "0j"], ["0j", "0j", "0j"], ["(0.00037821187374428313+0.0008872075210098599j)", "(0.0005431226151374894-0.0005056560629660353j)", "(0.0007812408713092784-0.0010011737851983553j)"], ["0j", "0j", "0j"], ["0j", "0j", "0j"], ["0j", "0j", "0j"], ["0j", "0j", "0j"], ["0j", "0j", "0j"], ["0j", "0j", "0j"], ["0j", "0j", "0j"], ["0j", "0j", "0j"], ["0j", "0j", "0j"], ["0j", "0j", "0j"], ["0j", "0j", "0j"], ["0j", "0j", "0j"], ["0j", "0j", "0j"], ["0j", "0j", "0j"], ["(0.0022548706674301684+0.005289464329245483j)", "(0.003238056070494724-0.003014683312082326j)", "(0.0046576991555025635-0.005968922601316095j)"], ["0j", "0j", "0j"], ["0j", "0j", "0j"], ["0j", "0j", "0j"], 