{"geometry": [["H", [0.0, 0.0, 0.0]], ["H", [0.9777, 0.0, 0.0]], ["H", [1.2577, 0.7307, 0.0]], ["H", [0.2416, 0.8808, -0.4757]]], "multiplicity": 1, "canonical_orbitals": [[0.28923823173894725, 0.6396141291597127, 0.6613945389607722, 0.8284583259650539], [0.39187881756596843, -0.4280830118804395, 0.5438226582627713, -1.2111471688047821], [0.3271177140375686, -0.6243127429243787, -0.41224239039360766, 1.091045129838556], [0.28895124378676307, 0.5507887503091681, -0.8708841432832864, -0.5768503458136247]], "canonical_to_oao": [[0.4603403892349885, 0.5693173221188983, 0.5070750380204297, 0.45479601866213526], [0.5703466430176656, -0.356496036283804, -0.5557629799087744, 0.48861313231976755], [0.5218677890940168, 0.4057263673668454, -0.32098426754175136, -0.6782397994220857], [0.4364005540138357, -0.6198181004719113, 0.5753012393261335, -0.30725976439102104]], "orbital_energies": [-0.7288225355156273, -0.2450937440370908, 0.29189623329760866, 0.8755382969465487], "exact_energy": -1.9400903387587471, "ground_states": [["0j"], ["0j"], ["0j"], ["0j"], ["0j"], ["0j"], ["0j"], ["0j"], ["0j"], ["0j"], ["0j"], ["0j"], ["0j"], ["0j"], ["0j"], ["(0.023684738667700416-0.017790051700931266j)"], ["0j"], ["0j"], ["0j"], ["0j"], ["0j"], ["0j"], ["0j"], ["0j"], ["0j"], ["0j"], ["0j"], ["(-0.004788243774140143+0.0035965397589449465j)"], ["0j"], ["0j"], ["(0.002349008465380972-0.0017643843418059448j)"], ["0j"], ["0j"], ["0j"], ["0j"], ["0j"], ["0j"], ["0j"], ["0j"], ["(0.004788243774140225-0.00359653975894587j)"], ["0j"], ["0j"], ["0j"], ["0j"], ["0j"], ["(-0.0023490084653809756+0.0017643843418056547j)"], ["0j"], ["0j"], ["0j"], ["0j"], ["0j"], ["(-0.03314353966390204+0.02489473464095148j)"], ["0j"], ["0j"], ["(-0.0056502869695646525+0.004244036580852541j)"], ["0j"], ["0j"], ["(0.005650286969564699-0.004244036580852622j)"], ["0j"], ["0j"], ["(-0.05191775372484364+0.0389963991547331j)"], ["0j"], ["0j"], ["0j"], ["0j"], ["0j"], ["0j"], ["0j"], ["0j"], ["0j"], ["0j"], ["0j"], ["0j"], ["0j"], ["0j"], ["(-0.0005899667684045213+0.0004431351115583367j)"], ["0j"], ["0j"], ["(0.0004307353055041086-0.00032353337150394277j)"], ["0j"], ["0j"], ["0j"], ["0j"], ["0j"], ["0j"], ["0j"], ["0j"], ["0j"], ["0j"], ["0j"], ["(0.020294579013761124-0.015243639162284864j)"], ["0j"], ["0j"], ["0j"], ["0j"], ["0j"], ["0j"], ["0j"], ["0j"], ["(0.01749288531432416-0.013139234445710104j)"], ["0j"], ["0j"], ["(0.04577419849168918-0.0343818595240136j)"], ["0j"], ["0j"], ["(-0.06606877750545032+0.049625498686298175j)"], ["0j"], ["0j"], ["(-0.04756632574658145+0.03572795993772262j)"], ["0j"], ["0j"], ["0j"], ["0j"], ["0j"], ["(0.0004178574892930446-0.00031386060207034037j)"], ["0j"], ["0j"], ["0j"], ["0j"], ["0j"], ["(-0.0008607077071537807+0.0006464937116051186j)"], ["0j"], ["0j"], ["0j"], ["0j"], ["0j"], ["0j"], ["0j"], ["0j"], ["0j"], ["0j"], ["0j"], ["0j"], ["0j"], ["0j"], ["(0.00058996676840454-0.00044313511155888186j)"], ["0j"], ["0j"], ["0j"], ["0j"], ["0j"], ["(-0.00043073530550387097+0.000323533371502386j)"], ["0j"], ["0j"], ["0j"], ["0j"], ["0j"], ["(-0.017492885314324143+0.01313923444570988j)"], ["0j"], ["0j"], ["(-0.06606877750545025+0.04962549868629856j)"], ["0j"], ["0j"], ["(0.04577419849168912-0.03438185952401305j)"], ["0j"], ["0j"], ["(0.04756632574658134-0.03572795993772197j)"], ["0j"], ["0j"], ["0j"], ["0j"], ["0j"], ["0j"], ["0j"], ["0j"], ["(0.020294579013761128-0.015243639162285277j)"], ["0j"], ["0j"], ["0j"], ["0j"], ["0j"], ["0j"], ["0j"], ["0j"], ["0j"], ["0j"], ["0j"], ["(-0.000417857489293334+0.00031386060207240827j)"], ["0j"], ["0j"], ["(0.0008607077071538245-0.0006464937116032047j)"], ["0j"], ["0j"], ["0j"], ["0j"], ["0j"], ["0j"], ["0j"], ["0j"], ["0j"], ["0j"], ["0j"], ["0j"], ["0j"], ["0j"], ["(-0.04929589594059959+0.03702707256901073j)"], ["0j"], ["0j"], ["(0.008940079891951346-0.006715061783863447j)"], ["0j"], ["0j"], ["(-0.008940079891951412+0.0067150617838637955j)"], ["0j"], ["0j"], ["(-0.2180022799742212+0.1637456037018134j)"], ["0j"], ["0j"], ["0j"], ["0j"], ["0j"], ["(-0.006544464856244275+0.004915670372428225j)"], ["0j"], ["0j"], ["0j"], ["0j"], ["0j"], ["(0.05357882864508678-0.04024406370044132j)"], ["0j"], ["0j"], ["0j"], ["0j"], ["0j"], ["0j"], ["0j"], ["0j"], ["(0.006544464856244436-0.00491567037242779j)"], ["0j"], ["0j"], ["(-0.05357882864508879+0.040244063700458896j)"], ["0j"], ["0j"], ["0j"], ["0j"], ["0j"], ["0j"], ["0j"], ["0j"], ["0j"], ["0j"], ["0j"], ["(0.7483386642569201-0.5620912146728384j)"], ["0j"], ["0j"], ["0j"], ["0j"], ["0j"], ["0j"], ["0j"], ["0j"], ["0j"], ["0j"], ["0j"], ["0j"], ["0j"], ["0j"], ["0j"]]}