{"geometry": [["H", [0.0, 0.0, 0.0]], ["H", [1.0318, 0.0, 0.0]], ["H", [1.0154, -0.4921, 0.0]], ["H", [0.6431, -0.439, -0.3582]]], "multiplicity": 1, "canonical_orbitals": [[0.03504986478174715, 0.9553507840299212, 0.4902593925656321, 0.6790146245114693], [0.3254622074900618, -0.39764562480893617, 1.2846672880151726, -1.1549140913380747], [0.4170968309505244, -0.6067137817417123, -0.4121804563755098, 1.9958806028252853], [0.3192483858218339, 0.45548546675688906, -1.1565464126241363, -1.3725322100518502]], "canonical_to_oao": [[0.05663205648338338, 0.5258677667533372, 0.6739270304326935, 0.5158277422943552], [0.7445554728512687, -0.30990629950389287, -0.4728441889633012, 0.35498395222694956], [0.265950242906771, 0.6968914466157411, -0.22359488498696237, -0.6273899165107105], [0.24530158866369964, -0.41722556650256293, 0.7210340764138214, -0.49584253337702683]], "orbital_energies": [-1.0862572795799872, -0.18225649732894397, 0.5059496394895092, 1.1248770709246176], "exact_energy": -1.3708381933473315, "ground_states": [["0j"], ["0j"], ["0j"], ["0j"], ["0j"], ["0j"], ["0j"], ["0j"], ["0j"], ["0j"], ["0j"], ["0j"], ["0j"], ["0j"], ["0j"], ["(-0.005319244108282546+0.00576577249098973j)"], ["0j"], ["0j"], ["0j"], ["0j"], ["0j"], ["0j"], ["0j"], ["0j"], ["0j"], ["0j"], ["0j"], ["(0.0022898907560122035-0.0024821175452032396j)"], ["0j"], ["0j"], ["(0.0005851619816381132-0.0006342838921884671j)"], ["0j"], ["0j"], ["0j"], ["0j"], ["0j"], ["0j"], ["0j"], ["0j"], ["(-0.0022898907560123735+0.0024821175452033324j)"], ["0j"], ["0j"], ["0j"], ["0j"], ["0j"], ["(-0.0005851619816381465+0.0006342838921885394j)"], ["0j"], ["0j"], ["0j"], ["0j"], ["0j"], ["(0.02247347434060199-0.024360028886104924j)"], ["0j"], ["0j"], ["(0.005291960721472255-0.00573619877752038j)"], ["0j"], ["0j"], ["(-0.005291960721472192+0.005736198777520339j)"], ["0j"], ["0j"], ["(0.03649813503982466-0.039562001423731445j)"], ["0j"], ["0j"], ["0j"], ["0j"], ["0j"], ["0j"], ["0j"], ["0j"], ["0j"], ["0j"], ["0j"], ["0j"], ["0j"], ["0j"], ["(-0.001734962047149302+0.0018806048830863743j)"], ["0j"], ["0j"], ["(0.0006947016457244846-0.0007530189547283061j)"], ["0j"], ["0j"], ["0j"], ["0j"], ["0j"], ["0j"], ["0j"], ["0j"], ["0j"], ["0j"], ["0j"], ["(-0.006855154568682632+0.007430616235876151j)"], ["0j"], ["0j"], ["0j"], ["0j"], ["0j"], ["0j"], ["0j"], ["0j"], ["(-0.007324049346581818+0.007938872776945622j)"], ["0j"], ["0j"], ["(-0.01482532403778378+0.016069848227864343j)"], ["0j"], ["0j"], ["(0.02168047860646641-0.02350046446374051j)"], ["0j"], ["0j"], ["(-0.0014198248119143828+0.0015390131898277845j)"], ["0j"], ["0j"], ["0j"], ["0j"], ["0j"], ["(-0.001761614554765302+0.0019094947576814077j)"], ["0j"], ["0j"], ["0j"], ["0j"], ["0j"], ["(-8.306921082409569e-05+9.004252500317963e-05j)"], ["0j"], ["0j"], ["0j"], ["0j"], ["0j"], ["0j"], ["0j"], ["0j"], ["0j"], ["0j"], ["0j"], ["0j"], ["0j"], ["0j"], ["(0.0017349620471492225-0.0018806048830863468j)"], ["0j"], ["0j"], ["0j"], ["0j"], ["0j"], ["(-0.0006947016457246301+0.000753018954728413j)"], ["0j"], ["0j"], ["0j"], ["0j"], ["0j"], ["(0.007324049346581831-0.00793887277694565j)"], ["0j"], ["0j"], ["(0.021680478606466345-0.023500464463740486j)"], ["0j"], ["0j"], ["(-0.014825324037783614+0.016069848227864295j)"], ["0j"], ["0j"], ["(0.0014198248119143564-0.001539013189827726j)"], ["0j"], ["0j"], ["0j"], ["0j"], ["0j"], ["0j"], ["0j"], ["0j"], ["(-0.006855154568682693+0.007430616235876212j)"], ["0j"], ["0j"], ["0j"], ["0j"], ["0j"], ["0j"], ["0j"], ["0j"], ["0j"], ["0j"], ["0j"], ["(0.0017616145547654832-0.001909494757681511j)"], ["0j"], ["0j"], ["(8.306921082404445e-05-9.004252500312348e-05j)"], ["0j"], ["0j"], ["0j"], ["0j"], ["0j"], ["0j"], ["0j"], ["0j"], ["0j"], ["0j"], ["0j"], ["0j"], ["0j"], ["0j"], ["(0.028884927050762618-0.03130969634091578j)"], ["0j"], ["0j"], ["(-0.021015944236294614+0.022780145201669485j)"], ["0j"], ["0j"], ["(0.02101594423629427-0.022780145201669197j)"], ["0j"], ["0j"], ["(0.06724312239127835-0.07288790237849595j)"], ["0j"], ["0j"], ["0j"], ["0j"], ["0j"], ["(-0.003819303716373603+0.004139918351991601j)"], ["0j"], ["0j"], ["0j"], ["0j"], ["0j"], ["(-0.03522420066832328+0.03818112556900481j)"], ["0j"], ["0j"], ["0j"], ["0j"], ["0j"], ["0j"], ["0j"], ["0j"], ["(0.0038193037163738765-0.0041399183519916965j)"], ["0j"], ["0j"], ["(0.03522420066832717-0.038181125569007615j)"], ["0j"], ["0j"], ["0j"], ["0j"], ["0j"], ["0j"], ["0j"], ["0j"], ["0j"], ["0j"], ["0j"], ["(-0.6689561275146597+0.7251122075216023j)"], ["0j"], ["0j"], ["0j"], ["0j"], ["0j"], ["0j"], ["0j"], ["0j"], ["0j"], ["0j"], ["0j"], ["0j"], ["0j"], ["0j"], ["0j"]]}