{"geometry": [["H", [0.0, 0.0, 0.0]], ["H", [0.4332, 0.0, 0.0]], ["H", [0.7305, -0.6361, 0.0]], ["H", [0.0601, -0.8913, -0.6734]]], "multiplicity": 1, "canonical_orbitals": [[0.3374537913608079, 0.5131301516013055, 0.6839276757476592, 1.818352536919313], [0.47054113033342604, 0.45632476955437606, -0.2896776349329152, -2.228364371925492], [0.2361636466050236, -0.5958016776651072, -0.9907056546206583, 0.9603934614174607], [0.10259577678771864, -0.7866592104046789, 0.7866481693979509, -0.4628597972491756]], "canonical_to_oao": [[0.5661881013852312, 0.6301089163188904, 0.45382970038527826, 0.2764640853228937], [0.3957682898978953, 0.3027006008733394, -0.4703100775669058, -0.7283874229290517], [0.4064667961492133, -0.14113690604834375, -0.6757488310637232, 0.5985220419460803], [0.5979826403745168, -0.7010103234314389, 0.34089668714029664, -0.18652275182948713]], "orbital_energies": [-0.9377906778576917, -0.24908118672848967, 0.3685161824974485, 1.4235162452194552], "exact_energy": -1.6117040633144422, "ground_states": [["0j"], ["0j"], ["0j"], ["0j"], ["0j"], ["0j"], ["0j"], ["0j"], ["0j"], ["0j"], ["0j"], ["0j"], ["0j"], ["0j"], ["0j"], ["(0.0031755210631587215+0.013342943479898983j)"], ["0j"], ["0j"], ["0j"], ["0j"], ["0j"], ["0j"], ["0j"], ["0j"], ["0j"], ["0j"], ["0j"], ["(0.0005673035952969652+0.002383703227734907j)"], ["0j"], ["0j"], ["(-3.361496876702905e-05-0.00014124378941799488j)"], ["0j"], ["0j"], ["0j"], ["0j"], ["0j"], ["0j"], ["0j"], ["0j"], ["(-0.0005673035952969814-0.002383703227734499j)"], ["0j"], ["0j"], ["0j"], ["0j"], ["0j"], ["(3.3614968767025395e-05+0.00014124378941783125j)"], ["0j"], ["0j"], ["0j"], ["0j"], ["0j"], ["(-0.007191573370587762-0.030217641485221245j)"], ["0j"], ["0j"], ["(0.0024932858460493877+0.010476319149329531j)"], ["0j"], ["0j"], ["(-0.0024932858460493907-0.010476319149329623j)"], ["0j"], ["0j"], ["(-0.008998168470689209-0.03780861500807937j)"], ["0j"], ["0j"], ["0j"], ["0j"], ["0j"], ["0j"], ["0j"], ["0j"], ["0j"], ["0j"], ["0j"], ["0j"], ["0j"], ["0j"], ["(0.00032755974912908233+0.0013763445847124244j)"], ["0j"], ["0j"], ["(0.0005609998829157599+0.0023572162114806425j)"], ["0j"], ["0j"], ["0j"], ["0j"], ["0j"], ["0j"], ["0j"], ["0j"], ["0j"], ["0j"], ["0j"], ["(0.0042194001830190946+0.01772912761129608j)"], ["0j"], ["0j"], ["0j"], ["0j"], ["0j"], ["0j"], ["0j"], ["0j"], ["(-0.0038874007063969965-0.016334128124969673j)"], ["0j"], ["0j"], ["(0.004987519432326208+0.02095662052520915j)"], ["0j"], ["0j"], ["(-0.009206919615345302-0.03868574813650502j)"], ["0j"], ["0j"], ["(0.011304557147018382+0.04749962732979493j)"], ["0j"], ["0j"], ["0j"], ["0j"], ["0j"], ["(-0.00032003309411019935-0.0013447189930344428j)"], ["0j"], ["0j"], ["0j"], ["0j"], ["0j"], ["(0.0002155015078405156+0.0009054968875218244j)"], ["0j"], ["0j"], ["0j"], ["0j"], ["0j"], ["0j"], ["0j"], ["0j"], ["0j"], ["0j"], ["0j"], ["0j"], ["0j"], ["0j"], ["(-0.0003275597491290676-0.0013763445847126614j)"], ["0j"], ["0j"], ["0j"], ["0j"], ["0j"], ["(-0.0005609998829158016-0.002357216211480208j)"], ["0j"], ["0j"], ["0j"], ["0j"], ["0j"], ["(0.00388740070639699+0.016334128124969666j)"], ["0j"], ["0j"], ["(-0.009206919615345286-0.038685748136505334j)"], ["0j"], ["0j"], ["(0.004987519432326195+0.02095662052520925j)"], ["0j"], ["0j"], ["(-0.011304557147018404-0.04749962732979516j)"], ["0j"], ["0j"], ["0j"], ["0j"], ["0j"], ["0j"], ["0j"], ["0j"], ["(0.00421940018301911+0.017729127611295907j)"], ["0j"], ["0j"], ["0j"], ["0j"], ["0j"], ["0j"], ["0j"], ["0j"], ["0j"], ["0j"], ["0j"], ["(0.00032003309411020623+0.0013447189930338539j)"], ["0j"], ["0j"], ["(-0.00021550150784051353-0.000905496887520982j)"], ["0j"], ["0j"], ["0j"], ["0j"], ["0j"], ["0j"], ["0j"], ["0j"], ["0j"], ["0j"], ["0j"], ["0j"], ["0j"], ["0j"], ["(-0.005379379682737933-0.022603143747468014j)"], ["0j"], ["0j"], ["(-0.0049939065871757345-0.020983458151053628j)"], ["0j"], ["0j"], ["(0.0049939065871757345+0.020983458151054037j)"], ["0j"], ["0j"], ["(-0.05955054921186203-0.25022023048414044j)"], ["0j"], ["0j"], ["0j"], ["0j"], ["0j"], ["(6.3278611211027314e-06+2.6588484727206507e-05j)"], ["0j"], ["0j"], ["0j"], ["0j"], ["0j"], ["(-0.012355632617906136-0.051916049177501006j)"], ["0j"], ["0j"], ["0j"], ["0j"], ["0j"], ["0j"], ["0j"], ["0j"], ["(-6.327861121213305e-06-2.6588484726910124e-05j)"], ["0j"], ["0j"], ["(0.012355632617906544+0.05191604917748915j)"], ["0j"], ["0j"], ["0j"], ["0j"], ["0j"], ["0j"], ["0j"], ["0j"], ["0j"], ["0j"], ["0j"], ["(0.22130562782454094+0.929884710293548j)"], ["0j"], ["0j"], ["0j"], ["0j"], ["0j"], ["0j"], ["0j"], ["0j"], ["0j"], ["0j"], ["0j"], ["0j"], ["0j"], ["0j"], ["0j"]], "hf_energy": -1.5485380649552682}