{"geometry": [["H", [0.0, 0.0, 0.0]], ["H", [0.5749, 0.0, 0.0]], ["H", [0.8367, -0.7543, 0.0]], ["H", [0.9913, -0.2999, -0.4777]]], "multiplicity": 1, "canonical_orbitals": [[0.17829746068441782, 0.7487882031752948, 0.32100596433282846, 1.3701792404182327], [0.40997172037835966, 0.44351927109687184, -0.3736106695860555, -1.9081306057578524], [0.2779802114195143, -0.5759438445245627, 1.308835292117723, -0.044341442547528406], [0.30384789962287395, -0.5747760742169119, -1.1306221853239542, 0.9315261752595798]], "canonical_to_oao": [[0.29333202607481107, 0.6744786768714199, 0.4573284348043249, 0.4998855265398782], [0.6284859653972883, 0.37226232476096244, -0.48341122577208395, -0.4824310724442752], [0.17850238642319596, -0.2077543831713123, 0.7278064865974878, -0.6287071912909478], [0.5421167984098376, -0.7549593691300726, -0.017543865913048306, 0.3685619901908162]], "orbital_energies": [-0.9524303476292449, -0.30096455446370857, 0.5899316170818434, 1.14366280087182], "exact_energy": -1.7399557599422628, "ground_states": [["0j"], ["0j"], ["0j"], ["0j"], ["0j"], ["0j"], ["0j"], ["0j"], ["0j"], ["0j"], ["0j"], ["0j"], ["0j"], ["0j"], ["0j"], ["(0.003530253680499821-0.007994583486945128j)"], ["0j"], ["0j"], ["0j"], ["0j"], ["0j"], ["0j"], ["0j"], ["0j"], ["0j"], ["0j"], ["0j"], ["(-0.0003409756095184355+0.0007721705645020273j)"], ["0j"], ["0j"], ["(-0.0008404444316872569+0.0019032635564904983j)"], ["0j"], ["0j"], ["0j"], ["0j"], ["0j"], ["0j"], ["0j"], ["0j"], ["(0.0003409756095184023-0.0007721705645020008j)"], ["0j"], ["0j"], ["0j"], ["0j"], ["0j"], ["(0.0008404444316872728-0.0019032635564904855j)"], ["0j"], ["0j"], ["0j"], ["0j"], ["0j"], ["(-0.01303533244443356+0.029519706779925357j)"], ["0j"], ["0j"], ["(5.187926670186325e-05-0.00011748536123066116j)"], ["0j"], ["0j"], ["(-5.187926670183868e-05+0.00011748536123066947j)"], ["0j"], ["0j"], ["(-0.02079800004013167+0.0470989800536876j)"], ["0j"], ["0j"], ["0j"], ["0j"], ["0j"], ["0j"], ["0j"], ["0j"], ["0j"], ["0j"], ["0j"], ["0j"], ["0j"], ["0j"], ["(0.00034425959751789066-0.0007796074567505392j)"], ["0j"], ["0j"], ["(0.0006160540427204022-0.0013951109248049659j)"], ["0j"], ["0j"], ["0j"], ["0j"], ["0j"], ["0j"], ["0j"], ["0j"], ["0j"], ["0j"], ["0j"], ["(0.002502261750987366-0.0056666014074165305j)"], ["0j"], ["0j"], ["0j"], ["0j"], ["0j"], ["0j"], ["0j"], ["0j"], ["(-0.008784406669735765+0.019893095188144125j)"], ["0j"], ["0j"], ["(0.007329525725189031-0.016598383751685167j)"], ["0j"], ["0j"], ["(-0.009831787476176424+0.02226498515910172j)"], ["0j"], ["0j"], ["(0.020829764533811416-0.0471709136651575j)"], ["0j"], ["0j"], ["0j"], ["0j"], ["0j"], ["(6.431481779016178e-05-0.00014564680807813794j)"], ["0j"], ["0j"], ["0j"], ["0j"], ["0j"], ["(1.8920591743780392e-05-4.284741664688033e-05j)"], ["0j"], ["0j"], ["0j"], ["0j"], ["0j"], ["0j"], ["0j"], ["0j"], ["0j"], ["0j"], ["0j"], ["0j"], ["0j"], ["0j"], ["(-0.000344259597517842+0.0007796074567505305j)"], ["0j"], ["0j"], ["0j"], ["0j"], ["0j"], ["(-0.0006160540427204186+0.0013951109248049774j)"], ["0j"], ["0j"], ["0j"], ["0j"], ["0j"], ["(0.008784406669735779-0.019893095188144142j)"], ["0j"], ["0j"], ["(-0.00983178747617642+0.022264985159101695j)"], ["0j"], ["0j"], ["(0.007329525725189058-0.016598383751685177j)"], ["0j"], ["0j"], ["(-0.020829764533811454+0.047170913665157445j)"], ["0j"], ["0j"], ["0j"], ["0j"], ["0j"], ["0j"], ["0j"], ["0j"], ["(0.002502261750987361-0.005666601407416498j)"], ["0j"], ["0j"], ["0j"], ["0j"], ["0j"], ["0j"], ["0j"], ["0j"], ["0j"], ["0j"], ["0j"], ["(-6.431481779009056e-05+0.0001456468080781004j)"], ["0j"], ["0j"], ["(-1.8920591743831593e-05+4.284741664719609e-05j)"], ["0j"], ["0j"], ["0j"], ["0j"], ["0j"], ["0j"], ["0j"], ["0j"], ["0j"], ["0j"], ["0j"], ["0j"], ["0j"], ["0j"], ["(-0.02093629920738251+0.047412171211838355j)"], ["0j"], ["0j"], ["(0.0018625176901747933-0.004217842262232576j)"], ["0j"], ["0j"], ["(-0.0018625176901748413+0.0042178422622326205j)"], ["0j"], ["0j"], ["(-0.03370353583085583+0.07632475039778723j)"], ["0j"], ["0j"], ["0j"], ["0j"], ["0j"], ["(0.0029741067610465476-0.006735137741406334j)"], ["0j"], ["0j"], ["0j"], ["0j"], ["0j"], ["(0.0026342918527406138-0.005965595691336045j)"], ["0j"], ["0j"], ["0j"], ["0j"], ["0j"], ["0j"], ["0j"], ["0j"], ["(-0.002974106761046387+0.006735137741406558j)"], ["0j"], ["0j"], ["(-0.002634291852740074+0.005965595691335161j)"], ["0j"], ["0j"], ["0j"], ["0j"], ["0j"], ["0j"], ["0j"], ["0j"], ["0j"], ["0j"], ["0j"], ["(0.39951173164296344-0.9047309858427617j)"], ["0j"], ["0j"], ["0j"], ["0j"], ["0j"], ["0j"], ["0j"], ["0j"], ["0j"], ["0j"], ["0j"], ["0j"], ["0j"], ["0j"], ["0j"]]}