{"geometry": [["H", [0.0, 0.0, 0.0]], ["H", [0.5707, 0.0, 0.0]], ["H", [0.0844, 0.4585, 0.0]], ["H", [-0.0108, -0.0821, 1.0358]]], "multiplicity": 1, "canonical_orbitals": [[0.42864019543665605, 0.11992451122304432, 0.3052510261901035, 2.035518083100406], [0.3085292143104907, -0.3498403010505002, -1.4212858233459515, -0.5568041570491289], [0.36191894947090886, -0.3029092874813874, 1.085058256881918, -1.420962195095655], [-0.033881372350466066, 1.0892584125222233, -0.09493681263559621, -0.3093425139243148]], "canonical_to_oao": [[0.6031964853580658, 0.530877874365645, 0.5748227383234541, 0.15460110629300505], [0.06206403092369783, -0.1910380905553945, -0.1490974364042082, 0.9682057934551641], [0.16459085143308322, -0.7933775728518379, 0.5808906580633475, -0.077639692780119], [0.7779536668348006, -0.22852824193454024, -0.55669993473931, -0.1806879009724883]], "orbital_energies": [-1.1397628069567887, -0.04307351109084886, 0.39828540517403666, 0.8290225188552709], "exact_energy": -1.2807328812009564, "ground_states": [["0j"], ["0j"], ["0j"], ["0j"], ["0j"], ["0j"], ["0j"], ["0j"], ["0j"], ["0j"], ["0j"], ["0j"], ["0j"], ["0j"], ["0j"], ["(0.0027681191665142766+0.002052808311626716j)"], ["0j"], ["0j"], ["0j"], ["0j"], ["0j"], ["0j"], ["0j"], ["0j"], ["0j"], ["0j"], ["0j"], ["(0.0029854088187160573+0.002213948052092401j)"], ["0j"], ["0j"], ["(0.001407960371188981+0.001044128730938005j)"], ["0j"], ["0j"], ["0j"], ["0j"], ["0j"], ["0j"], ["0j"], ["0j"], ["(-0.0029854088187167994-0.0022139480520940893j)"], ["0j"], ["0j"], ["0j"], ["0j"], ["0j"], ["(-0.0014079603711890296-0.0010441287309380322j)"], ["0j"], ["0j"], ["0j"], ["0j"], ["0j"], ["(-0.03718011426160312-0.027572385071686065j)"], ["0j"], ["0j"], ["(-0.0016209513183604147-0.0012020805965746173j)"], ["0j"], ["0j"], ["(0.001620951318360282+0.0012020805965742654j)"], ["0j"], ["0j"], ["(-0.0534886912731596-0.039666655739333305j)"], ["0j"], ["0j"], ["0j"], ["0j"], ["0j"], ["0j"], ["0j"], ["0j"], ["0j"], ["0j"], ["0j"], ["0j"], ["0j"], ["0j"], ["(0.001063498132033775+0.0007886791259741405j)"], ["0j"], ["0j"], ["(-0.0012385583793115824-0.0009185019800601166j)"], ["0j"], ["0j"], ["0j"], ["0j"], ["0j"], ["0j"], ["0j"], ["0j"], ["0j"], ["0j"], ["0j"], ["(0.001437260034871898+0.0010658570560274454j)"], ["0j"], ["0j"], ["0j"], ["0j"], ["0j"], ["0j"], ["0j"], ["0j"], ["(0.0009945078115852226+0.0007375166236679697j)"], ["0j"], ["0j"], ["(0.0008231777156957634+0.0006104600109581997j)"], ["0j"], ["0j"], ["(-0.0022604377505675687-0.0016763170669853954j)"], ["0j"], ["0j"], ["(0.03321075605860351+0.024628750415523988j)"], ["0j"], ["0j"], ["0j"], ["0j"], ["0j"], ["(0.0010375613876659922+0.0007694447067847852j)"], ["0j"], ["0j"], ["0j"], ["0j"], ["0j"], ["(0.0003499828379654421+0.00025954362347927726j)"], ["0j"], ["0j"], ["0j"], ["0j"], ["0j"], ["0j"], ["0j"], ["0j"], ["0j"], ["0j"], ["0j"], ["0j"], ["0j"], ["0j"], ["(-0.00106349813203381-0.0007886791259742643j)"], ["0j"], ["0j"], ["0j"], ["0j"], ["0j"], ["(0.0012385583793114922+0.0009185019800599983j)"], ["0j"], ["0j"], ["0j"], ["0j"], ["0j"], ["(-0.0009945078115856563-0.0007375166236687758j)"], ["0j"], ["0j"], ["(-0.002260437750568257-0.0016763170669868994j)"], ["0j"], ["0j"], ["(0.0008231777156962406+0.0006104600109592761j)"], ["0j"], ["0j"], ["(-0.03321075605860292-0.024628750415522593j)"], ["0j"], ["0j"], ["0j"], ["0j"], ["0j"], ["0j"], ["0j"], ["0j"], ["(0.001437260034871899+0.0010658570560273836j)"], ["0j"], ["0j"], ["0j"], ["0j"], ["0j"], ["0j"], ["0j"], ["0j"], ["0j"], ["0j"], ["0j"], ["(-0.0010375613876660624-0.0007694447067846672j)"], ["0j"], ["0j"], ["(-0.0003499828379663823-0.00025954362348134115j)"], ["0j"], ["0j"], ["0j"], ["0j"], ["0j"], ["0j"], ["0j"], ["0j"], ["0j"], ["0j"], ["0j"], ["0j"], ["0j"], ["0j"], ["(-0.01357184955473069-0.010064742120614558j)"], ["0j"], ["0j"], ["(0.01158130168930701+0.00858857257840152j)"], ["0j"], ["0j"], ["(-0.011581301689305662-0.008588572578398434j)"], ["0j"], ["0j"], ["(-0.03902927665583426-0.02894370462264719j)"], ["0j"], ["0j"], ["0j"], ["0j"], ["0j"], ["(-0.0070496755290232445-0.005227965867695708j)"], ["0j"], ["0j"], ["0j"], ["0j"], ["0j"], ["(-0.04955274958858334-0.036747802424810835j)"], ["0j"], ["0j"], ["0j"], ["0j"], ["0j"], ["0j"], ["0j"], ["0j"], ["(0.007049675529023945+0.0052279658676959j)"], ["0j"], ["0j"], ["(0.049552749588598115+0.036747802424843864j)"], ["0j"], ["0j"], ["0j"], ["0j"], ["0j"], ["0j"], ["0j"], ["0j"], ["0j"], ["0j"], ["0j"], ["(0.7947858038724176+0.5894048651838382j)"], ["0j"], ["0j"], ["0j"], ["0j"], ["0j"], ["0j"], ["0j"], ["0j"], ["0j"], ["0j"], ["0j"], ["0j"], ["0j"], ["0j"], ["0j"]]}