{"geometry": [["H", [0.0, 0.0, 0.0]], ["H", [0.6126, 0.0, 0.0]], ["H", [1.0697, -0.5469, 0.0]], ["H", [-0.0958, -0.6378, -0.6472]]], "multiplicity": 1, "canonical_orbitals": [[0.3597437151332191, 0.4937925764896463, 0.7341016469971323, 1.4089150228952403], [0.4389325128215821, -0.40512394611457914, 0.4250984040450982, -1.7987371265966023], [0.22063311536095165, -0.6815988334610246, -0.6724829305474491, 1.030213171531047], [0.18616239848124447, 0.68509233946179, -0.8737663019384014, -0.45965622340084156]], "canonical_to_oao": [[0.5649949159241218, 0.6893647553680172, 0.34651498614027354, 0.29237705692563204], [0.4262720984188864, -0.3497278874819668, -0.5883980012109156, 0.591413810286807], [0.5276918638393214, 0.30557208264451025, -0.4833986852805666, -0.6280865467553808], [0.5529146428502516, -0.7058964378773592, 0.404296879897112, -0.18038749851166083]], "orbital_energies": [-0.8523615090038285, -0.2505698388787675, 0.3366954952938855, 1.2485986766406434], "exact_energy": -1.835029400378791, "ground_states": [["0j"], ["0j"], ["0j"], ["0j"], ["0j"], ["0j"], ["0j"], ["0j"], ["0j"], ["0j"], ["0j"], ["0j"], ["0j"], ["0j"], ["0j"], ["(0.009004218556396342-0.01316575265048311j)"], ["0j"], ["0j"], ["0j"], ["0j"], ["0j"], ["0j"], ["0j"], ["0j"], ["0j"], ["0j"], ["0j"], ["(-0.00031872601054780674+0.00046603353659900885j)"], ["0j"], ["0j"], ["(-5.524040039051205e-05+8.077119000389803e-05j)"], ["0j"], ["0j"], ["0j"], ["0j"], ["0j"], ["0j"], ["0j"], ["0j"], ["(0.00031872601054775296-0.00046603353659896424j)"], ["0j"], ["0j"], ["0j"], ["0j"], ["0j"], ["(5.524040039052951e-05-8.077119000393437e-05j)"], ["0j"], ["0j"], ["0j"], ["0j"], ["0j"], ["(-0.019012879537366915+0.027800176949790364j)"], ["0j"], ["0j"], ["(-0.00015969693123572305+0.00023350502684065923j)"], ["0j"], ["0j"], ["(0.0001596969312357043-0.00023350502684064194j)"], ["0j"], ["0j"], ["(-0.026074232937226355+0.03812511871546478j)"], ["0j"], ["0j"], ["0j"], ["0j"], ["0j"], ["0j"], ["0j"], ["0j"], ["0j"], ["0j"], ["0j"], ["0j"], ["0j"], ["0j"], ["(0.00018556731799839713-0.00027133208656346153j)"], ["0j"], ["0j"], ["(0.00042782331490919564-0.0006255530012876947j)"], ["0j"], ["0j"], ["0j"], ["0j"], ["0j"], ["0j"], ["0j"], ["0j"], ["0j"], ["0j"], ["0j"], ["(0.015622571222307853-0.022842949356371288j)"], ["0j"], ["0j"], ["0j"], ["0j"], ["0j"], ["0j"], ["0j"], ["0j"], ["(0.005223791899564992-0.007638103364163029j)"], ["0j"], ["0j"], ["(0.017380451311769803-0.025413279507967203j)"], ["0j"], ["0j"], ["(-0.033003022534077615+0.04825622886433854j)"], ["0j"], ["0j"], ["(-0.019506996430494288+0.028522662832889848j)"], ["0j"], ["0j"], ["0j"], ["0j"], ["0j"], ["(9.331447222135095e-05-0.00013644218565800334j)"], ["0j"], ["0j"], ["0j"], ["0j"], ["0j"], ["(-0.007482378558849883+0.01094055466624775j)"], ["0j"], ["0j"], ["0j"], ["0j"], ["0j"], ["0j"], ["0j"], ["0j"], ["0j"], ["0j"], ["0j"], ["0j"], ["0j"], ["0j"], ["(-0.00018556731799839138+0.0002713320865634664j)"], ["0j"], ["0j"], ["0j"], ["0j"], ["0j"], ["(-0.0004278233149092629+0.0006255530012877655j)"], ["0j"], ["0j"], ["0j"], ["0j"], ["0j"], ["(-0.005223791899565034+0.007638103364163058j)"], ["0j"], ["0j"], ["(-0.033003022534077636+0.04825622886433853j)"], ["0j"], ["0j"], ["(0.017380451311769785-0.02541327950796725j)"], ["0j"], ["0j"], ["(0.019506996430494323-0.02852266283288985j)"], ["0j"], ["0j"], ["0j"], ["0j"], ["0j"], ["0j"], ["0j"], ["0j"], ["(0.01562257122230783-0.022842949356371357j)"], ["0j"], ["0j"], ["0j"], ["0j"], ["0j"], ["0j"], ["0j"], ["0j"], ["0j"], ["0j"], ["0j"], ["(-9.331447222126216e-05+0.0001364421856579453j)"], ["0j"], ["0j"], ["(0.007482378558849946-0.01094055466624784j)"], ["0j"], ["0j"], ["0j"], ["0j"], ["0j"], ["0j"], ["0j"], ["0j"], ["0j"], ["0j"], ["0j"], ["0j"], ["0j"], ["0j"], ["(-0.01493383207212299+0.021835891471753747j)"], ["0j"], ["0j"], ["(-0.004727667304214825+0.006912681866973744j)"], ["0j"], ["0j"], ["(0.004727667304214908-0.006912681866973827j)"], ["0j"], ["0j"], ["(-0.15814968705847265+0.23124268347352064j)"], ["0j"], ["0j"], ["0j"], ["0j"], ["0j"], ["(0.0014669582896385909-0.002144951265786143j)"], ["0j"], ["0j"], ["0j"], ["0j"], ["0j"], ["(0.004099678675750434-0.005994451939757766j)"], ["0j"], ["0j"], ["0j"], ["0j"], ["0j"], ["0j"], ["0j"], ["0j"], ["(-0.001466958289638565+0.0021449512657861895j)"], ["0j"], ["0j"], ["(-0.0040996786757488335+0.005994451939756395j)"], ["0j"], ["0j"], ["0j"], ["0j"], ["0j"], ["0j"], ["0j"], ["0j"], ["0j"], ["0j"], ["0j"], ["(0.5366936851853816-0.7847406483939137j)"], ["0j"], ["0j"], ["0j"], ["0j"], ["0j"], ["0j"], ["0j"], ["0j"], ["0j"], ["0j"], ["0j"], ["0j"], ["0j"], ["0j"], ["0j"]]}