{"geometry": [["H", [0.0, 0.0, 0.0]], ["H", [0.7504, 0.0, 0.0]], ["H", [0.3574, -0.6694, 0.0]], ["H", [-0.6735, -0.4881, -0.8262]]], "multiplicity": 1, "canonical_orbitals": [[0.37266756353618646, 0.2837705472359407, 0.7891038690873635, 1.1990778868553615], [0.3660041688301491, -0.6351277004063602, 0.5492658451885799, -1.1090650473676298], [0.3831932492662121, -0.053229744252344266, -1.3599631806129193, 0.19340195691518625], [0.052633027193390025, 0.8736851704833292, 0.050768121092555074, -0.6801781321566392]], "canonical_to_oao": [[0.5733703606775604, 0.5631183468191914, 0.5895647301744309, 0.08097892260616758], [0.25380477361567033, -0.568059101935795, -0.04760875757255183, 0.7814252362191757], [0.473575081199953, 0.32963799497825574, -0.8161722415992944, 0.03046812721445928], [0.6736967102745192, -0.6231233867981034, 0.10866205069974072, -0.38215513358880693]], "orbital_energies": [-0.9093311175174261, -0.16993883997240272, 0.440870061784666, 0.6149103405461478], "exact_energy": -1.8096122843848879, "ground_states": [["0j"], ["0j"], ["0j"], ["0j"], ["0j"], ["0j"], ["0j"], ["0j"], ["0j"], ["0j"], ["0j"], ["0j"], ["0j"], ["0j"], ["0j"], ["(-0.010029950409671935+0.00949102838827399j)"], ["0j"], ["0j"], ["0j"], ["0j"], ["0j"], ["0j"], ["0j"], ["0j"], ["0j"], ["0j"], ["0j"], ["(-0.0001975933685776099+0.00018697642499764804j)"], ["0j"], ["0j"], ["(-0.004329135232026096+0.004096525277354876j)"], ["0j"], ["0j"], ["0j"], ["0j"], ["0j"], ["0j"], ["0j"], ["0j"], ["(0.0001975933685774634-0.0001869764249977141j)"], ["0j"], ["0j"], ["0j"], ["0j"], ["0j"], ["(0.004329135232026155-0.004096525277354833j)"], ["0j"], ["0j"], ["0j"], ["0j"], ["0j"], ["(0.02817608368717167-0.026662146792615984j)"], ["0j"], ["0j"], ["(-0.003261641240649478+0.00308638909894484j)"], ["0j"], ["0j"], ["(0.003261641240649397-0.0030863890989448156j)"], ["0j"], ["0j"], ["(0.05614820162285267-0.05313128717357823j)"], ["0j"], ["0j"], ["0j"], ["0j"], ["0j"], ["0j"], ["0j"], ["0j"], ["0j"], ["0j"], ["0j"], ["0j"], ["0j"], ["0j"], ["(0.004752024026433283-0.004496691717752374j)"], ["0j"], ["0j"], ["(-0.005933449444548488+0.00561463764210567j)"], ["0j"], ["0j"], ["0j"], ["0j"], ["0j"], ["0j"], ["0j"], ["0j"], ["0j"], ["0j"], ["0j"], ["(0.0028347541827888813-0.002682439226886273j)"], ["0j"], ["0j"], ["0j"], ["0j"], ["0j"], ["0j"], ["0j"], ["0j"], ["(-0.008625247261300213+0.008161801730738537j)"], ["0j"], ["0j"], ["(-0.02337058156341944+0.022114850423885838j)"], ["0j"], ["0j"], ["(0.020535827380630634-0.019432411196999667j)"], ["0j"], ["0j"], ["(-0.005150385248300223+0.004873648483349488j)"], ["0j"], ["0j"], ["0j"], ["0j"], ["0j"], ["(0.010048571816469338-0.009508649243146013j)"], ["0j"], ["0j"], ["0j"], ["0j"], ["0j"], ["(-0.006602363537724437+0.006247610128343286j)"], ["0j"], ["0j"], ["0j"], ["0j"], ["0j"], ["0j"], ["0j"], ["0j"], ["0j"], ["0j"], ["0j"], ["0j"], ["0j"], ["0j"], ["(-0.004752024026433333+0.0044966917177523425j)"], ["0j"], ["0j"], ["0j"], ["0j"], ["0j"], ["(0.005933449444548405-0.005614637642105702j)"], ["0j"], ["0j"], ["0j"], ["0j"], ["0j"], ["(0.008625247261300047-0.008161801730738608j)"], ["0j"], ["0j"], ["(0.020535827380630554-0.01943241119699968j)"], ["0j"], ["0j"], ["(-0.02337058156341939+0.022114850423885803j)"], ["0j"], ["0j"], ["(0.005150385248300485-0.004873648483349365j)"], ["0j"], ["0j"], ["0j"], ["0j"], ["0j"], ["0j"], ["0j"], ["0j"], ["(0.0028347541827889555-0.002682439226886266j)"], ["0j"], ["0j"], ["0j"], ["0j"], ["0j"], ["0j"], ["0j"], ["0j"], ["0j"], ["0j"], ["0j"], ["(-0.010048571816469178+0.009508649243146096j)"], ["0j"], ["0j"], ["(0.006602363537724432-0.00624761012834336j)"], ["0j"], ["0j"], ["0j"], ["0j"], ["0j"], ["0j"], ["0j"], ["0j"], ["0j"], ["0j"], ["0j"], ["0j"], ["0j"], ["0j"], ["(0.10619993192136452-0.1004936741986748j)"], ["0j"], ["0j"], ["(0.025896736787771556-0.024505272107764417j)"], ["0j"], ["0j"], ["(-0.02589673678777098+0.02450527210776472j)"], ["0j"], ["0j"], ["(0.006107043946496202-0.005778904690170779j)"], ["0j"], ["0j"], ["0j"], ["0j"], ["0j"], ["(0.028248256430774242-0.026730441602701136j)"], ["0j"], ["0j"], ["0j"], ["0j"], ["0j"], ["(-0.0034744657928551708+0.003287778316658918j)"], ["0j"], ["0j"], ["0j"], ["0j"], ["0j"], ["0j"], ["0j"], ["0j"], ["(-0.028248256430774974+0.026730441602700522j)"], ["0j"], ["0j"], ["(0.003474465792856979-0.003287778316658013j)"], ["0j"], ["0j"], ["0j"], ["0j"], ["0j"], ["0j"], ["0j"], ["0j"], ["0j"], ["0j"], ["0j"], ["(-0.7117898899813735+0.6735445118238259j)"], ["0j"], ["0j"], ["0j"], ["0j"], ["0j"], ["0j"], ["0j"], ["0j"], ["0j"], ["0j"], ["0j"], ["0j"], ["0j"], ["0j"], ["0j"]]}