{"geometry": [["H", [0.0, 0.0, 0.0]], ["H", [0.6223, 0.0, 0.0]], ["H", [-0.2695, -1.1911, 0.0]], ["H", [0.5468, -0.9958, 0.4153]]], "multiplicity": 1, "canonical_orbitals": [[0.3931623738488463, 0.412421423623216, 0.5993395652962096, 1.3049386288464773], [0.39090638017495155, 0.4843983392803998, -0.39486011608383786, -1.3744824020124566], [0.2122184178078838, -0.6355847986014174, 0.8121199866539883, -0.6394655482620423], [0.273256237832063, -0.542001004361937, -0.9451748051048345, 0.6175701902738984]], "canonical_to_oao": [[0.5779347451183696, 0.5749369056068234, 0.36909759490111277, 0.4463249381274028], [0.37380190523914825, 0.4336147920431078, -0.6379960316876689, -0.5149868069298308], [0.38581433121996384, -0.2519092786271151, 0.5900117771383525, -0.6630046153722465], [0.6143377473750411, -0.6465040464175211, -0.3295665817813506, 0.3098508000455804]], "orbital_energies": [-0.7628911184991812, -0.33655290515052233, 0.41508679275711197, 0.9622689072950521], "exact_energy": -2.0244927395129233, "ground_states": [["0j"], ["0j"], ["0j"], ["0j"], ["0j"], ["0j"], ["0j"], ["0j"], ["0j"], ["0j"], ["0j"], ["0j"], ["0j"], ["0j"], ["0j"], ["(0.008538361030993832+0.014837750773898876j)"], ["0j"], ["0j"], ["0j"], ["0j"], ["0j"], ["0j"], ["0j"], ["0j"], ["0j"], ["0j"], ["0j"], ["(0.0011085489599675315+0.0019264087251587856j)"], ["0j"], ["0j"], ["(0.00021582541841699262+0.0003750560274412759j)"], ["0j"], ["0j"], ["0j"], ["0j"], ["0j"], ["0j"], ["0j"], ["0j"], ["(-0.0011085489599674924-0.0019264087251588222j)"], ["0j"], ["0j"], ["0j"], ["0j"], ["0j"], ["(-0.0002158254184170083-0.00037505602744126646j)"], ["0j"], ["0j"], ["0j"], ["0j"], ["0j"], ["(-0.020375253892935444-0.03540760786770102j)"], ["0j"], ["0j"], ["(0.007131666153734444+0.012393231512189327j)"], ["0j"], ["0j"], ["(-0.007131666153734433-0.01239323151218924j)"], ["0j"], ["0j"], ["(-0.02764856981158672-0.04804699480730637j)"], ["0j"], ["0j"], ["0j"], ["0j"], ["0j"], ["0j"], ["0j"], ["0j"], ["0j"], ["0j"], ["0j"], ["0j"], ["0j"], ["0j"], ["(0.0006133802989913972+0.0010659169802046883j)"], ["0j"], ["0j"], ["(0.0003183799751990637+0.0005532727775571012j)"], ["0j"], ["0j"], ["0j"], ["0j"], ["0j"], ["0j"], ["0j"], ["0j"], ["0j"], ["0j"], ["0j"], ["(0.0066166738791188385+0.01149829078603684j)"], ["0j"], ["0j"], ["0j"], ["0j"], ["0j"], ["0j"], ["0j"], ["0j"], ["(-0.012572152790225256-0.021847573452984728j)"], ["0j"], ["0j"], ["(0.01924556771067906+0.03344446740500666j)"], ["0j"], ["0j"], ["(-0.025862241589798038-0.044942758191043486j)"], ["0j"], ["0j"], ["(0.025019858022509188+0.04347888504465297j)"], ["0j"], ["0j"], ["0j"], ["0j"], ["0j"], ["(-0.0002803543979702576-0.0004871928781586926j)"], ["0j"], ["0j"], ["0j"], ["0j"], ["0j"], ["(-0.00039466663270320353-0.0006858418276723528j)"], ["0j"], ["0j"], ["0j"], ["0j"], ["0j"], ["0j"], ["0j"], ["0j"], ["0j"], ["0j"], ["0j"], ["0j"], ["0j"], ["0j"], ["(-0.0006133802989914261-0.001065916980204643j)"], ["0j"], ["0j"], ["0j"], ["0j"], ["0j"], ["(-0.00031837997519905403-0.0005532727775571274j)"], ["0j"], ["0j"], ["0j"], ["0j"], ["0j"], ["(0.012572152790225216+0.02184757345298467j)"], ["0j"], ["0j"], ["(-0.02586224158979802-0.04494275819104349j)"], ["0j"], ["0j"], ["(0.019245567710679062+0.03344446740500671j)"], ["0j"], ["0j"], ["(-0.025019858022509167-0.043478885044652964j)"], ["0j"], ["0j"], ["0j"], ["0j"], ["0j"], ["0j"], ["0j"], ["0j"], ["(0.006616673879118784+0.01149829078603683j)"], ["0j"], ["0j"], ["0j"], ["0j"], ["0j"], ["0j"], ["0j"], ["0j"], ["0j"], ["0j"], ["0j"], ["(0.00028035439797018883+0.00048719287815876907j)"], ["0j"], ["0j"], ["(0.00039466663270319+0.0006858418276722195j)"], ["0j"], ["0j"], ["0j"], ["0j"], ["0j"], ["0j"], ["0j"], ["0j"], ["0j"], ["0j"], ["0j"], ["0j"], ["0j"], ["0j"], ["(-0.025603115889962023-0.04449245601486222j)"], ["0j"], ["0j"], ["(-0.01454628001803615-0.02527816249646717j)"], ["0j"], ["0j"], ["(0.014546280018036114+0.025278162496467103j)"], ["0j"], ["0j"], ["(-0.07304609649770144-0.12693768404788464j)"], ["0j"], ["0j"], ["0j"], ["0j"], ["0j"], ["(-0.00034979120658353794-0.0006078584317703228j)"], ["0j"], ["0j"], ["0j"], ["0j"], ["0j"], ["(-0.009201691836785222-0.01599047049859196j)"], ["0j"], ["0j"], ["0j"], ["0j"], ["0j"], ["0j"], ["0j"], ["0j"], ["(0.00034979120658359475+0.0006078584317703529j)"], ["0j"], ["0j"], ["(0.009201691836784607+0.015990470498591876j)"], ["0j"], ["0j"], ["0j"], ["0j"], ["0j"], ["0j"], ["0j"], ["0j"], ["0j"], ["0j"], ["0j"], ["(0.48691720969081365+0.8461525787781798j)"], ["0j"], ["0j"], ["0j"], ["0j"], ["0j"], ["0j"], ["0j"], ["0j"], ["0j"], ["0j"], ["0j"], ["0j"], ["0j"], ["0j"], ["0j"]]}