{"geometry": [["H", [0.0, 0.0, 0.0]], ["H", [0.9505, 0.0, 0.0]], ["H", [0.2003, -0.3617, 0.0]], ["H", [-0.5177, -0.1003, -0.3425]]], "multiplicity": 1, "canonical_orbitals": [[0.4735474077142442, 0.19715751001598888, 0.3220378379455726, 2.313636831587658], [0.08017452544737341, -0.7998115933637102, -0.9918866308173844, 0.023045273244615427], [0.3831419031870343, -0.3043824101841903, 1.122840363639964, -1.7386750902704333], [0.1699965822408286, 0.7531452599378475, -1.011192901937835, -0.8144475227428585]], "canonical_to_oao": [[0.7428510784585841, 0.1257693141663777, 0.6010324866077851, 0.2666726549331596], [0.1704169863090908, -0.6913329415910247, -0.2630989457357245, 0.6509959749500595], [0.1754036150506805, -0.5402486300234486, 0.6115749011473515, -0.5507641327025092], [0.7695142802864327, 0.0076648446345251465, -0.5782823356175939, -0.2708847779123858]], "orbital_energies": [-1.0417304671310743, -0.2701537236651827, 0.6257208630057771, 1.1647594483280757], "exact_energy": -1.5540105227911687, "ground_states": [["0j"], ["0j"], ["0j"], ["0j"], ["0j"], ["0j"], ["0j"], ["0j"], ["0j"], ["0j"], ["0j"], ["0j"], ["0j"], ["0j"], ["0j"], ["(0.0073906074454434595+0.0027666216162394903j)"], ["0j"], ["0j"], ["0j"], ["0j"], ["0j"], ["0j"], ["0j"], ["0j"], ["0j"], ["0j"], ["0j"], ["(-0.0005756537170335377-0.00021549189681224879j)"], ["0j"], ["0j"], ["(-0.00018830319872926467-7.0489970392438e-05j)"], ["0j"], ["0j"], ["0j"], ["0j"], ["0j"], ["0j"], ["0j"], ["0j"], ["(0.000575653717033524+0.0002154918968123064j)"], ["0j"], ["0j"], ["0j"], ["0j"], ["0j"], ["(0.000188303198729258+7.048997039243573e-05j)"], ["0j"], ["0j"], ["0j"], ["0j"], ["0j"], ["(-0.03864295058727657-0.014465715193133069j)"], ["0j"], ["0j"], ["(-0.0034588495458534392-0.0012947958596797248j)"], ["0j"], ["0j"], ["(0.0034588495458534726+0.001294795859679711j)"], ["0j"], ["0j"], ["(-0.030713007229105183-0.011497196993211955j)"], ["0j"], ["0j"], ["0j"], ["0j"], ["0j"], ["0j"], ["0j"], ["0j"], ["0j"], ["0j"], ["0j"], ["0j"], ["0j"], ["0j"], ["(0.0033595794944729102+0.0012576348181791324j)"], ["0j"], ["0j"], ["(0.0012481540086530071+0.0004672376237306705j)"], ["0j"], ["0j"], ["0j"], ["0j"], ["0j"], ["0j"], ["0j"], ["0j"], ["0j"], ["0j"], ["0j"], ["(0.008869783014550988+0.003320340526885933j)"], ["0j"], ["0j"], ["0j"], ["0j"], ["0j"], ["0j"], ["0j"], ["0j"], ["(-0.004353168210617017-0.0016295777254472941j)"], ["0j"], ["0j"], ["(0.011093737678555855+0.004152862223159451j)"], ["0j"], ["0j"], ["(-0.019963520693106786-0.007473202750045373j)"], ["0j"], ["0j"], ["(0.0039088759341156624+0.0014632600546508742j)"], ["0j"], ["0j"], ["0j"], ["0j"], ["0j"], ["(-0.0013111337707761017-0.0004908136521643224j)"], ["0j"], ["0j"], ["0j"], ["0j"], ["0j"], ["(-0.012563753244080855-0.004703152151262292j)"], ["0j"], ["0j"], ["0j"], ["0j"], ["0j"], ["0j"], ["0j"], ["0j"], ["0j"], ["0j"], ["0j"], ["0j"], ["0j"], ["0j"], ["(-0.003359579494472903-0.0012576348181791383j)"], ["0j"], ["0j"], ["0j"], ["0j"], ["0j"], ["(-0.0012481540086529484-0.0004672376237306843j)"], ["0j"], ["0j"], ["0j"], ["0j"], ["0j"], ["(0.004353168210616997+0.0016295777254473375j)"], ["0j"], ["0j"], ["(-0.019963520693106803-0.007473202750045326j)"], ["0j"], ["0j"], ["(0.01109373767855584+0.004152862223159429j)"], ["0j"], ["0j"], ["(-0.003908875934115711-0.0014632600546509273j)"], ["0j"], ["0j"], ["0j"], ["0j"], ["0j"], ["0j"], ["0j"], ["0j"], ["(0.008869783014550988+0.003320340526885893j)"], ["0j"], ["0j"], ["0j"], ["0j"], ["0j"], ["0j"], ["0j"], ["0j"], ["0j"], ["0j"], ["0j"], ["(0.0013111337707761197+0.0004908136521642656j)"], ["0j"], ["0j"], ["(0.012563753244080707+0.004703152151262329j)"], ["0j"], ["0j"], ["0j"], ["0j"], ["0j"], ["0j"], ["0j"], ["0j"], ["0j"], ["0j"], ["0j"], ["0j"], ["0j"], ["0j"], ["(-0.009298222978394983-0.0034807239965779246j)"], ["0j"], ["0j"], ["(0.02025037383257644+0.007580584193614273j)"], ["0j"], ["0j"], ["(-0.020250373832576482-0.007580584193614305j)"], ["0j"], ["0j"], ["(-0.1497417843915662-0.05605477771754692j)"], ["0j"], ["0j"], ["0j"], ["0j"], ["0j"], ["(0.002330613190922063+0.0008724485613254804j)"], ["0j"], ["0j"], ["0j"], ["0j"], ["0j"], ["(0.007957948097227198+0.0029790015758813654j)"], ["0j"], ["0j"], ["0j"], ["0j"], ["0j"], ["0j"], ["0j"], ["0j"], ["(-0.0023306131909223322-0.0008724485613254997j)"], ["0j"], ["0j"], ["(-0.007957948097227397-0.0029790015758825025j)"], ["0j"], ["0j"], ["0j"], ["0j"], ["0j"], ["0j"], ["0j"], ["0j"], ["0j"], ["0j"], ["0j"], ["(0.9216802613461067+0.3450244858930398j)"], ["0j"], ["0j"], ["0j"], ["0j"], ["0j"], ["0j"], ["0j"], ["0j"], ["0j"], ["0j"], ["0j"], ["0j"], ["0j"], ["0j"], ["0j"]]}