{"geometry": [["H", [0.0, 0.0, 0.0]], ["H", [1.1408, 0.0, 0.0]], ["H", [1.0937, -0.5633, 0.0]], ["H", [0.9687, 0.5699, 0.3078]]], "multiplicity": 1, "canonical_orbitals": [[0.13686281742649464, 0.7442592353111779, 0.8262849796687466, 0.14857011299823752], [0.493848496627868, -0.3332238868612697, -0.21323615171626814, 2.074395068018655], [0.2791588045335701, -0.6806723762645124, 0.47392005931306286, -1.4499909622535574], [0.2766225271960824, 0.5865550229510604, -0.8166570120119264, -1.1212922799416642]], "canonical_to_oao": [[0.3032031762809013, 0.6425558074826943, 0.5067268645742379, 0.4882804039506343], [0.6574141182555598, -0.2189330347532102, -0.5569685157817245, 0.45788762359329804], [0.6869114846232359, -0.1406736193028386, 0.3602541354514461, -0.6152889589575565], [0.06345961947679192, 0.720695007195312, -0.5506640673194456, -0.41634200876540534]], "orbital_energies": [-0.849211736219795, -0.19524867105606347, 0.2412863198736969, 1.388289218768633], "exact_energy": -1.7503150866214763, "ground_states": [["0j"], ["0j"], ["0j"], ["0j"], ["0j"], ["0j"], ["0j"], ["0j"], ["0j"], ["0j"], ["0j"], ["0j"], ["0j"], ["0j"], ["0j"], ["(0.01672193900996816+0.016464841594669814j)"], ["0j"], ["0j"], ["0j"], ["0j"], ["0j"], ["0j"], ["0j"], ["0j"], ["0j"], ["0j"], ["0j"], ["(5.6432973378758005e-05+5.5565324489000307e-05j)"], ["0j"], ["0j"], ["(-0.0013391560792047998-0.0013185667464491613j)"], ["0j"], ["0j"], ["0j"], ["0j"], ["0j"], ["0j"], ["0j"], ["0j"], ["(-5.643297334000554e-05-5.5565324477314294e-05j)"], ["0j"], ["0j"], ["0j"], ["0j"], ["0j"], ["(0.0013391560792131623+0.0013185667464517099j)"], ["0j"], ["0j"], ["0j"], ["0j"], ["0j"], ["(-0.022220777642389167-0.021879136371339737j)"], ["0j"], ["0j"], ["(-0.000997184218700507-0.0009818526542749381j)"], ["0j"], ["0j"], ["(0.0009971842186920438+0.0009818526542724106j)"], ["0j"], ["0j"], ["(-0.01763253666752475-0.01736143894376986j)"], ["0j"], ["0j"], ["0j"], ["0j"], ["0j"], ["0j"], ["0j"], ["0j"], ["0j"], ["0j"], ["0j"], ["0j"], ["0j"], ["0j"], ["(-0.0011920766600826676-0.001173748652316742j)"], ["0j"], ["0j"], ["(-0.0015809327160161125-0.0015566261021377793j)"], ["0j"], ["0j"], ["0j"], ["0j"], ["0j"], ["0j"], ["0j"], ["0j"], ["0j"], ["0j"], ["0j"], ["(0.01839502684368508+0.018112205942768692j)"], ["0j"], ["0j"], ["0j"], ["0j"], ["0j"], ["0j"], ["0j"], ["0j"], ["(0.010938475695807446+0.010770298199945537j)"], ["0j"], ["0j"], ["(0.01761324609057085+0.01734244495667111j)"], ["0j"], ["0j"], ["(-0.03600827293428133-0.03545465089944755j)"], ["0j"], ["0j"], ["(-0.0553916406745682-0.05454000213922859j)"], ["0j"], ["0j"], ["0j"], ["0j"], ["0j"], ["(0.00038909104764749233+0.00038310882857900576j)"], ["0j"], ["0j"], ["0j"], ["0j"], ["0j"], ["(0.011757203097774982+0.011576437785489743j)"], ["0j"], ["0j"], ["0j"], ["0j"], ["0j"], ["0j"], ["0j"], ["0j"], ["0j"], ["0j"], ["0j"], ["0j"], ["0j"], ["0j"], ["(0.0011920766601018426+0.001173748652322564j)"], ["0j"], ["0j"], ["0j"], ["0j"], ["0j"], ["(0.0015809327160573362+0.001556626102150214j)"], ["0j"], ["0j"], ["0j"], ["0j"], ["0j"], ["(-0.010938475695814855-0.010770298199947716j)"], ["0j"], ["0j"], ["(-0.036008272934228217-0.03545465089943149j)"], ["0j"], ["0j"], ["(0.01761324609057063+0.017342444956671126j)"], ["0j"], ["0j"], ["(0.05539164067457929+0.05454000213923152j)"], ["0j"], ["0j"], ["0j"], ["0j"], ["0j"], ["0j"], ["0j"], ["0j"], ["(0.018395026843683066+0.018112205942768127j)"], ["0j"], ["0j"], ["0j"], ["0j"], ["0j"], ["0j"], ["0j"], ["0j"], ["0j"], ["0j"], ["0j"], ["(-0.0003890910476924391-0.00038310882859248256j)"], ["0j"], ["0j"], ["(-0.011757203097852834-0.01157643778551424j)"], ["0j"], ["0j"], ["0j"], ["0j"], ["0j"], ["0j"], ["0j"], ["0j"], ["0j"], ["0j"], ["0j"], ["0j"], ["0j"], ["0j"], ["(-0.010850469889335624-0.010683645470130865j)"], ["0j"], ["0j"], ["(-0.012064439481474077-0.011878950453816895j)"], ["0j"], ["0j"], ["(0.012064439481511527+0.011878950453828089j)"], ["0j"], ["0j"], ["(-0.3619094201335989-0.3563451146763771j)"], ["0j"], ["0j"], ["0j"], ["0j"], ["0j"], ["(0.0028083905278901596+0.0027652119260869377j)"], ["0j"], ["0j"], ["0j"], ["0j"], ["0j"], ["(0.003454704104595488+0.003401588524544748j)"], ["0j"], ["0j"], ["0j"], ["0j"], ["0j"], ["0j"], ["0j"], ["0j"], ["(-0.00280839052788674-0.002765211926086043j)"], ["0j"], ["0j"], ["(-0.0034547041056044434-0.003401588524849093j)"], ["0j"], ["0j"], ["0j"], ["(1.8395439331660973e-12-1.3271987211856399e-12j)"], ["0j"], ["0j"], ["0j"], ["0j"], ["0j"], ["0j"], ["0j"], ["(0.6038865482069254+0.5946018790914087j)"], ["0j"], ["0j"], ["0j"], ["0j"], ["0j"], ["0j"], ["0j"], ["0j"], ["0j"], ["0j"], ["0j"], ["0j"], ["0j"], ["0j"], ["0j"]]}