{"geometry": [["H", [0.0, 0.0, 0.0]], ["H", [0.7629, 0.0, 0.0]], ["H", [-0.3851, -0.8397, 0.0]], ["H", [-0.3152, -0.0473, 0.8464]]], "multiplicity": 1, "canonical_orbitals": [[0.4474560178513881, 0.3204678070650767, 0.03508677845892941, 1.5322432191549256], [0.22333215453674293, 0.7698350124664033, 0.04067010077656982, -1.0449404889830411], [0.28642379467228984, -0.5974379105885461, 0.891037700088645, -0.478092666414846], [0.3090121258674289, -0.532472773188069, -0.9440400817261307, -0.46233222007483643]], "canonical_to_oao": [[0.6170065470611921, 0.41684020129698807, 0.4610784192304091, 0.4826529382343975], [0.23947385373599314, 0.706959946534821, -0.5006045950677788, -0.4384688663626422], [0.025180717107598505, 0.03348474522989951, 0.6912185747863956, -0.721430235846197], [0.7492136716227249, -0.5703776401780296, -0.2429374664132245, -0.23308712802568501]], "orbital_energies": [-0.762482629385652, -0.19630919091941704, 0.260530187298638, 0.8627986252246884], "exact_energy": -1.8705606285369611, "ground_states": [["0j"], ["0j"], ["0j"], ["0j"], ["0j"], ["0j"], ["0j"], ["0j"], ["0j"], ["0j"], ["0j"], ["0j"], ["0j"], ["0j"], ["0j"], ["(-0.021353061619530076-0.01882049024722229j)"], ["0j"], ["0j"], ["0j"], ["0j"], ["0j"], ["0j"], ["0j"], ["0j"], ["0j"], ["0j"], ["0j"], ["(-0.0007999426077705538-0.0007050657332480806j)"], ["0j"], ["0j"], ["(-0.008847982846490294-0.007798571363539478j)"], ["0j"], ["0j"], ["0j"], ["0j"], ["0j"], ["0j"], ["0j"], ["0j"], ["(0.000799942607765463+0.0007050657332454127j)"], ["0j"], ["0j"], ["0j"], ["0j"], ["0j"], ["(0.008847982846490484+0.007798571363539556j)"], ["0j"], ["0j"], ["0j"], ["0j"], ["0j"], ["(0.032586036757762685+0.02872118284125458j)"], ["0j"], ["0j"], ["(-0.0020830885962623397-0.001836024702621126j)"], ["0j"], ["0j"], ["(0.002083088596261002+0.001836024702620394j)"], ["0j"], ["0j"], ["(0.052999617740979985+0.04671361917900807j)"], ["0j"], ["0j"], ["0j"], ["0j"], ["0j"], ["0j"], ["0j"], ["0j"], ["0j"], ["0j"], ["0j"], ["0j"], ["0j"], ["0j"], ["(0.0004579371562278147+0.0004036237021265586j)"], ["0j"], ["0j"], ["(0.006572938951965965+0.005793358144385164j)"], ["0j"], ["0j"], ["0j"], ["0j"], ["0j"], ["0j"], ["0j"], ["0j"], ["0j"], ["0j"], ["0j"], ["(0.0019142494661858684+0.0016872106703496065j)"], ["0j"], ["0j"], ["0j"], ["0j"], ["0j"], ["0j"], ["0j"], ["0j"], ["(0.027880541820597057+0.02457378125776085j)"], ["0j"], ["0j"], ["(-0.0015492093828891893-0.0013654660208026242j)"], ["0j"], ["0j"], ["(-0.00036504008329291566-0.0003217446495452088j)"], ["0j"], ["0j"], ["(-0.10641781148429327-0.09379616932023642j)"], ["0j"], ["0j"], ["0j"], ["0j"], ["0j"], ["(-0.003250001503262591-0.0028645363688580305j)"], ["0j"], ["0j"], ["0j"], ["0j"], ["0j"], ["(-0.002495955332761825-0.0021999235442057606j)"], ["0j"], ["0j"], ["0j"], ["0j"], ["0j"], ["0j"], ["0j"], ["0j"], ["0j"], ["0j"], ["0j"], ["0j"], ["0j"], ["0j"], ["(-0.00045793715622429067-0.0004036237021247705j)"], ["0j"], ["0j"], ["0j"], ["0j"], ["0j"], ["(-0.006572938951965993-0.005793358144385228j)"], ["0j"], ["0j"], ["0j"], ["0j"], ["0j"], ["(-0.027880541820597377-0.024573781257761034j)"], ["0j"], ["0j"], ["(-0.00036504008330178557-0.00032174464954980386j)"], ["0j"], ["0j"], ["(-0.00154920938288919-0.0013654660208025063j)"], ["0j"], ["0j"], ["(0.10641781148429436+0.09379616932023685j)"], ["0j"], ["0j"], ["0j"], ["0j"], ["0j"], ["0j"], ["0j"], ["0j"], ["(0.0019142494661872603+0.0016872106703503073j)"], ["0j"], ["0j"], ["0j"], ["0j"], ["0j"], ["0j"], ["0j"], ["0j"], ["0j"], ["0j"], ["0j"], ["(0.0032500015032626644+0.0028645363688581805j)"], ["0j"], ["0j"], ["(0.002495955332747389+0.002199923544198343j)"], ["0j"], ["0j"], ["0j"], ["0j"], ["0j"], ["0j"], ["0j"], ["0j"], ["0j"], ["0j"], ["0j"], ["0j"], ["0j"], ["0j"], ["(0.049885491189151414+0.043968842367063776j)"], ["0j"], ["0j"], ["(0.009087471535867498+0.008009655592256451j)"], ["0j"], ["0j"], ["(-0.009087471535859995-0.008009655592252248j)"], ["0j"], ["0j"], ["(0.19989760285418753+0.1761888272508597j)"], ["0j"], ["0j"], ["0j"], ["0j"], ["0j"], ["(0.027136439293640954+0.023917932714772536j)"], ["0j"], ["0j"], ["0j"], ["0j"], ["0j"], ["(0.00983876670864135+0.00867184370015725j)"], ["0j"], ["0j"], ["0j"], ["0j"], ["0j"], ["0j"], ["0j"], ["0j"], ["(-0.02713643929364159-0.02391793271477289j)"], ["0j"], ["0j"], ["(-0.009838766708558879-0.008671843700114272j)"], ["0j"], ["0j"], ["0j"], ["0j"], ["0j"], ["0j"], ["0j"], ["0j"], ["0j"], ["0j"], ["0j"], ["(-0.6997726899188204-0.61677642862436j)"], ["0j"], ["0j"], ["0j"], ["0j"], ["0j"], ["0j"], ["0j"], ["0j"], ["0j"], ["0j"], ["0j"], ["0j"], ["0j"], ["0j"], ["0j"]]}