{"geometry": [["H", [0.0, 0.0, 0.0]], ["H", [0.8659, 0.0, 0.0]], ["H", [1.0772, -0.3913, 0.0]], ["H", [0.9434, -0.1747, -0.499]]], "multiplicity": 1, "canonical_orbitals": [[0.018817524322527646, 1.018664778857626, 0.059609149811908076, 0.715559528608724], [-0.40705842019779404, 0.35187829865318954, -0.589527188591576, -2.1350858696074995], [-0.3534364076547648, -0.6023806445767852, -1.0496828671417349, 1.5862942536721172], [-0.3200030760990833, -0.313534750860778, 1.6673678398945955, 0.19204447064039887]], "canonical_to_oao": [[-0.19344666274462924, -0.5813291074333303, -0.574890918642005, -0.5423424095409511], [0.9141029523554683, 0.1769541904145961, -0.31826038120138767, -0.17836293546384918], [0.03945452118800398, -0.2805997887166215, -0.5009875475167563, 0.8177521486142107], [0.35417159954718513, -0.7429720330656242, 0.5632248562107727, 0.07302600566151271]], "orbital_energies": [-1.1657766733076582, -0.13460137926746324, 0.5503205065763734, 1.0080524945452747], "exact_energy": -1.2061295734569646, "ground_states": [["0j"], ["0j"], ["0j"], ["0j"], ["0j"], ["0j"], ["0j"], ["0j"], ["0j"], ["0j"], ["0j"], ["0j"], ["0j"], ["0j"], ["0j"], ["(-0.0006167017516908169-0.0045737517037868405j)"], ["0j"], ["0j"], ["0j"], ["0j"], ["0j"], ["0j"], ["0j"], ["0j"], ["0j"], ["0j"], ["0j"], ["(8.40952058739786e-05+0.0006236897983377776j)"], ["0j"], ["0j"], ["(0.0002591903619069456+0.0019222782424839365j)"], ["0j"], ["0j"], ["0j"], ["0j"], ["0j"], ["0j"], ["0j"], ["0j"], ["(-8.409520587408411e-05-0.000623689798337818j)"], ["0j"], ["0j"], ["0j"], ["0j"], ["0j"], ["(-0.00025919036190695375-0.001922278242483913j)"], ["0j"], ["0j"], ["0j"], ["0j"], ["0j"], ["(0.004855062165039954+0.0360074359906718j)"], ["0j"], ["0j"], ["(1.5243658048446115e-05+0.00011305417372308921j)"], ["0j"], ["0j"], ["(-1.5243658048396403e-05-0.00011305417372307403j)"], ["0j"], ["0j"], ["(0.007949249584146565+0.058955392504778485j)"], ["0j"], ["0j"], ["0j"], ["0j"], ["0j"], ["0j"], ["0j"], ["0j"], ["0j"], ["0j"], ["0j"], ["0j"], ["0j"], ["0j"], ["(0.00024881065915653076+0.0018452974604295366j)"], ["0j"], ["0j"], ["(0.0001282565968422179+0.0009512115487277043j)"], ["0j"], ["0j"], ["0j"], ["0j"], ["0j"], ["0j"], ["0j"], ["0j"], ["0j"], ["0j"], ["0j"], ["(0.00026930534056226113+0.0019972957055151815j)"], ["0j"], ["0j"], ["0j"], ["0j"], ["0j"], ["0j"], ["0j"], ["0j"], ["(-9.76911892967309e-06-7.245240381833266e-05j)"], ["0j"], ["0j"], ["(0.0016128834373874798+0.011961905977297805j)"], ["0j"], ["0j"], ["(-0.0018821887779497475-0.013959201682812934j)"], ["0j"], ["0j"], ["(0.003892350058472719+0.02886750793696374j)"], ["0j"], ["0j"], ["0j"], ["0j"], ["0j"], ["(0.00016845418180892483+0.001249335840130742j)"], ["0j"], ["0j"], ["0j"], ["0j"], ["0j"], ["(-0.0003594416891046743-0.002665789473513904j)"], ["0j"], ["0j"], ["0j"], ["0j"], ["0j"], ["0j"], ["0j"], ["0j"], ["0j"], ["0j"], ["0j"], ["0j"], ["0j"], ["0j"], ["(-0.00024881065915655494-0.0018452974604295405j)"], ["0j"], ["0j"], ["0j"], ["0j"], ["0j"], ["(-0.00012825659684218466-0.0009512115487277188j)"], ["0j"], ["0j"], ["0j"], ["0j"], ["0j"], ["(9.76911892960022e-06+7.245240381836158e-05j)"], ["0j"], ["0j"], ["(-0.0018821887779497928-0.013959201682812934j)"], ["0j"], ["0j"], ["(0.001612883437387516+0.01196190597729784j)"], ["0j"], ["0j"], ["(-0.003892350058472631-0.028867507936963778j)"], ["0j"], ["0j"], ["0j"], ["0j"], ["0j"], ["0j"], ["0j"], ["0j"], ["(0.0002693053405622684+0.00199729570551516j)"], ["0j"], ["0j"], ["0j"], ["0j"], ["0j"], ["0j"], ["0j"], ["0j"], ["0j"], ["0j"], ["0j"], ["(-0.00016845418180899376-0.0012493358401307899j)"], ["0j"], ["0j"], ["(0.00035944168910486253+0.0026657894735139668j)"], ["0j"], ["0j"], ["0j"], ["0j"], ["0j"], ["0j"], ["0j"], ["0j"], ["0j"], ["0j"], ["0j"], ["0j"], ["0j"], ["0j"], ["(0.006876215169589056+0.05099726206595835j)"], ["0j"], ["0j"], ["(0.0003028682305482143+0.0022462139627391045j)"], ["0j"], ["0j"], ["(-0.0003028682305486615-0.0022462139627392186j)"], ["0j"], ["0j"], ["(0.0036260812679400557+0.026892732721838668j)"], ["0j"], ["0j"], ["0j"], ["0j"], ["0j"], ["(-0.0015403364973626426-0.011423863577331958j)"], ["0j"], ["0j"], ["0j"], ["0j"], ["0j"], ["(-0.0010424865709450354-0.007731573190718869j)"], ["0j"], ["0j"], ["0j"], ["0j"], ["0j"], ["0j"], ["0j"], ["0j"], ["(0.0015403364973628334+0.011423863577331715j)"], ["0j"], ["0j"], ["(0.0010424865709474413+0.007731573190719263j)"], ["0j"], ["0j"], ["0j"], ["0j"], ["0j"], ["0j"], ["0j"], ["0j"], ["0j"], ["0j"], ["0j"], ["(-0.13288271323760353-0.9855210146686988j)"], ["0j"], ["0j"], ["0j"], ["0j"], ["0j"], ["0j"], ["0j"], ["0j"], ["0j"], ["0j"], ["0j"], ["0j"], ["0j"], ["0j"], ["0j"]], "hf_energy": -1.1836584828214067}