{"geometry": [["H", [0.0, 0.0, 0.0]], ["H", [1.0724, 0.0, 0.0]], ["H", [0.7318, -0.9231, 0.0]], ["H", [0.2758, -0.1291, 0.4846]]], "multiplicity": 1, "canonical_orbitals": [[0.3452883440867143, 0.6003112207795993, 0.09149721864718488, 1.4075634107357042], [0.25512553763241635, -0.6103502638966518, -1.057153286995442, 0.1688929346313512], [0.20506731852251162, -0.6946306710396231, 0.9578775035698919, 0.14211878679757275], [0.4138776632843244, 0.4344348454516348, 0.06458167803345868, -1.5687636130999425]], "canonical_to_oao": [[0.5480300412864257, 0.4420045965401223, 0.38706955348083044, 0.595375655576506], [0.4895755924045143, -0.5183175311465127, -0.6161370122700209, 0.33472056754691326], [0.06069627118007757, -0.727451086480195, 0.6822609277752114, 0.040631341042674934], [0.6754959480516531, 0.08242445221153555, 0.07122056802941837, -0.7292729698357077]], "orbital_energies": [-0.8294736484840225, -0.24239789395899705, 0.4087985623290259, 0.8677470698047798], "exact_energy": -1.8188064961654817, "ground_states": [["0j"], ["0j"], ["0j"], ["0j"], ["0j"], ["0j"], ["0j"], ["0j"], ["0j"], ["0j"], ["0j"], ["0j"], ["0j"], ["0j"], ["0j"], ["(-0.001975254961300864-0.022047124358000172j)"], ["0j"], ["0j"], ["0j"], ["0j"], ["0j"], ["0j"], ["0j"], ["0j"], ["0j"], ["0j"], ["0j"], ["(-0.00014566974205739523-0.0016259161380485596j)"], ["0j"], ["0j"], ["(0.000249512865832451+0.0027849777824663306j)"], ["0j"], ["0j"], ["0j"], ["0j"], ["0j"], ["0j"], ["0j"], ["0j"], ["(0.00014566974205759318+0.0016259161380483165j)"], ["0j"], ["0j"], ["0j"], ["0j"], ["0j"], ["(-0.0002495128658324504-0.0027849777824663327j)"], ["0j"], ["0j"], ["0j"], ["0j"], ["0j"], ["(0.004498482445187809+0.050210531720938034j)"], ["0j"], ["0j"], ["(0.00010031491384261039+0.0011196809646254803j)"], ["0j"], ["0j"], ["(-0.00010031491384266509-0.001119680964625475j)"], ["0j"], ["0j"], ["(0.0038440087424964154+0.042905518750472854j)"], ["0j"], ["0j"], ["0j"], ["0j"], ["0j"], ["0j"], ["0j"], ["0j"], ["0j"], ["0j"], ["0j"], ["0j"], ["0j"], ["0j"], ["(-6.317273029337994e-05-0.0007051125389368056j)"], ["0j"], ["0j"], ["(-0.00011360948637424917-0.0012680704635173452j)"], ["0j"], ["0j"], ["0j"], ["0j"], ["0j"], ["0j"], ["0j"], ["0j"], ["0j"], ["0j"], ["0j"], ["(-0.0001637475069142487-0.0018276940035491403j)"], ["0j"], ["0j"], ["0j"], ["0j"], ["0j"], ["0j"], ["0j"], ["0j"], ["(0.003913429260443946+0.043680366971169206j)"], ["0j"], ["0j"], ["(-9.330526262819763e-05-0.0010414416208154717j)"], ["0j"], ["0j"], ["(0.000257052769542577+0.0028691356243646235j)"], ["0j"], ["0j"], ["(-0.008067415088046261-0.09004574456384419j)"], ["0j"], ["0j"], ["0j"], ["0j"], ["0j"], ["(2.4624074056035464e-05+0.00027484554325930756j)"], ["0j"], ["0j"], ["0j"], ["0j"], ["0j"], ["(-2.7526513890583174e-05-0.000307241589963456j)"], ["0j"], ["0j"], ["0j"], ["0j"], ["0j"], ["0j"], ["0j"], ["0j"], ["0j"], ["0j"], ["0j"], ["0j"], ["0j"], ["0j"], ["(6.317273029321158e-05+0.0007051125389370211j)"], ["0j"], ["0j"], ["0j"], ["0j"], ["0j"], ["(0.00011360948637427116+0.0012680704635173222j)"], ["0j"], ["0j"], ["0j"], ["0j"], ["0j"], ["(-0.003913429260443933-0.043680366971169234j)"], ["0j"], ["0j"], ["(0.0002570527695424107+0.0028691356243647423j)"], ["0j"], ["0j"], ["(-9.330526262825245e-05-0.0010414416208154862j)"], ["0j"], ["0j"], ["(0.008067415088046205+0.09004574456384423j)"], ["0j"], ["0j"], ["0j"], ["0j"], ["0j"], ["0j"], ["0j"], ["0j"], ["(-0.00016374750691418156-0.001827694003549176j)"], ["0j"], ["0j"], ["0j"], ["0j"], ["0j"], ["0j"], ["0j"], ["0j"], ["0j"], ["0j"], ["0j"], ["(-2.4624074056077365e-05-0.00027484554325920093j)"], ["0j"], ["0j"], ["(2.752651389112633e-05+0.0003072415899626518j)"], ["0j"], ["0j"], ["0j"], ["0j"], ["0j"], ["0j"], ["0j"], ["0j"], ["0j"], ["0j"], ["0j"], ["0j"], ["0j"], ["0j"], ["(0.004269654707650366+0.04765643430825416j)"], ["0j"], ["0j"], ["(-0.0005291790294864878-0.0059065164241132746j)"], ["0j"], ["0j"], ["(0.0005291790294865419+0.0059065164241131635j)"], ["0j"], ["0j"], ["(0.019877530371036158+0.2218662363118656j)"], ["0j"], ["0j"], ["0j"], ["0j"], ["0j"], ["(-0.0008706555554230834-0.009717961316120698j)"], ["0j"], ["0j"], ["0j"], ["0j"], ["0j"], ["(0.0016489690263024666+0.018405231677779958j)"], ["0j"], ["0j"], ["0j"], ["0j"], ["0j"], ["0j"], ["0j"], ["0j"], ["(0.0008706555554229765+0.00971796131612093j)"], ["0j"], ["0j"], ["(-0.001648969026305901-0.018405231677775587j)"], ["0j"], ["0j"], ["0j"], ["0j"], ["0j"], ["0j"], ["0j"], ["0j"], ["0j"], ["0j"], ["0j"], ["(-0.08568480145871359-0.9563846239407486j)"], ["0j"], ["0j"], ["0j"], ["0j"], ["0j"], ["0j"], ["0j"], ["0j"], ["0j"], ["0j"], ["0j"], ["0j"], ["0j"], ["0j"], ["0j"]]}