{"geometry": [["H", [0.0, 0.0, 0.0]], ["H", [0.7697, 0.0, 0.0]], ["H", [-0.184, -1.0141, 0.0]], ["H", [-0.1852, 0.1182, -0.47]]], "multiplicity": 3, "canonical_orbitals": [[0.5089828155946117, 0.11597821574812425, 0.16626503175696358, 1.9720802014199115], [0.16358901847220958, 0.39968177031172497, -1.0508879170442513, -0.6582231548855262], [0.07670614187488695, -1.0755145164679296, -0.2450832998984593, -0.2742008223228675], [0.39293283446450566, 0.18426900367740523, 0.7654575898043201, -1.4457441620021996]], "canonical_to_oao": [[0.6526335892678891, 0.38564950313759694, 0.25762391940485446, 0.5991442022080474], [0.06624846428593056, 0.32042967471054984, -0.936732727527236, 0.12436945655599108], [0.08090955775300947, -0.8202687679032071, -0.20477956265510483, 0.5278997277755991], [0.7504226693026257, -0.27524249798526823, -0.11927717320866979, -0.5889654834121424]], "orbital_energies": [-0.8581634881245694, 0.0077108218670643765, 0.0859659086848347, 1.119269705248243], "exact_energy": -1.7116851459010203, "ground_states": [["0j", "0j", "0j"], ["0j", "0j", "0j"], ["0j", "0j", "0j"], ["0j", "0j", "0j"], ["0j", "0j", "0j"], ["0j", "0j", "0j"], ["0j", "0j", "0j"], ["0j", "0j", "0j"], ["0j", "0j", "0j"], ["0j", "0j", "0j"], ["0j", "0j", "0j"], ["0j", "0j", "0j"], ["0j", "0j", "0j"], ["0j", "0j", "0j"], ["0j", "0j", "0j"], ["0j", "0j", "0j"], ["0j", "0j", "0j"], ["0j", "0j", "0j"], ["0j", "0j", "0j"], ["0j", "0j", "0j"], ["0j", "0j", "0j"], ["0j", "0j", "0j"], ["0j", "0j", "0j"], ["(0.007753513920571732+0.041186388338128876j)", "(-0.001459504549548987-0.01742577295871028j)", "(0.02046516721995005+0.0052260683059886254j)"], ["0j", "0j", "0j"], ["0j", "0j", "0j"], ["0j", "0j", "0j"], ["(-0.0051670497736950255-0.00356948475964755j)", "(0.0015974206054269913+0.0025633803533541243j)", "(0.02922400970856771-0.01612415361887925j)"], ["0j", "0j", "0j"], ["(0.0013368764228782718+0.0071014396926103495j)", "(-0.0002516507020382712-0.0030045867277184515j)", "(0.003528645182930939+0.0009010891802349136j)"], ["(-0.0008909130865121886-0.0006154577222509722j)", "(0.0002754304650371942+0.0004419831823834464j)", "(0.005038862374089951-0.0027801589102400695j)"], ["0j", "0j", "0j"], ["0j", "0j", "0j"], ["0j", "0j", "0j"], ["0j", "0j", "0j"], ["0j", "0j", "0j"], ["0j", "0j", "0j"], ["0j", "0j", "0j"], ["0j", "0j", "0j"], ["(-0.005167049773691875-0.0035694847596535063j)", "(0.0015974206054242036+0.002563380353358807j)", "(0.029224009708565667-0.01612415361887916j)"], ["0j", "0j", "0j"], ["0j", "0j", "0j"], ["0j", "0j", "0j"], ["(-0.004674323199655846+0.028605673529726334j)", "(0.009706453593633507-0.047510002805608555j)", "(0.0007675465534460306+0.0008139618000077059j)"], ["0j", "0j", "0j"], ["(-0.0008909130865115818-0.0006154577222520853j)", "(0.0002754304650366562+0.00044198318238431876j)", "(0.005038862374089586-0.002780158910240087j)"], ["(-0.000805956182261204+0.004932247609820025j)", "(0.0016736061986891296-0.008191769983566131j)", "(0.0001323419163588653+0.00014034492627489905j)"], ["0j", "0j", "0j"], ["0j", "0j", "0j"], ["0j", "0j", "0j"], ["0j", "0j", "0j"], ["0j", "0j", "0j"], ["0j", "0j", "0j"], ["(-0.00020728357443982698-0.0011010829258129066j)", "(3.9018607955164365e-05+0.0004658631613048065j)", "(-0.0005471187717358537-0.0001397144739571386j)"], ["(0.0001381366638878383+9.542712729681935e-05j)", "(-4.2705675950919416e-05-6.852978504215992e-05j)", "(-0.0007812789470567198+0.0004310654796233711j)"], ["0j", "0j", "0j"], ["0j", "0j", "0j"], ["(0.00013813666388886009+9.54271272949289e-05j)", "(-4.270567595183028e-05-6.852978504067661e-05j)", "(-0.0007812789470572565+0.0004310654796234856j)"], ["(0.00012496403963901172-0.0007647482572732316j)", "(-0.00025949374910963713+0.0012701393592735094j)", "(-2.051970174777202e-05-2.176057373360855e-05j)"], ["0j", "0j", "0j"], ["0j", "0j", "0j"], ["0j", "0j", "0j"], ["0j", "0j", "0j"], ["0j", "0j", "0j"], ["0j", "0j", "0j"], ["0j", "0j", "0j"], ["0j", "0j", "0j"], ["0j", "0j", "0j"], ["0j", "0j", "0j"], ["0j", "0j", "0j"], ["0j", "0j", "0j"], ["(-0.0016018153157729322-0.008508785605755693j)", "(0.00030152222138983076+0.003600028361384028j)", "(-0.004227943436819582-0.0010796648254667628j)"], ["0j", "0j", "0j"], ["0j", "0j", "0j"], ["0j", "0j", "0j"], ["(0.001067472058431396+0.0007374276252016453j)", "(-0.00033001459953767005-0.0005295743261974115j)", "(-0.006037451769485132+0.003331123989094763j)"], ["0j", "0j", "0j"], ["(0.0002717276737747681+0.0014434076741141242j)", "(-5.1149424657691045e-05-0.0006106992001696686j)", "(0.0007172170372112646+0.0001831514585930662j)"], ["(-0.0001810831101441133-0.00012509525361694822j)", "(5.5982795619848175e-05+8.983557488315762e-05j)", "(0.0010241771998900097-0.0005650829803529803j)"], ["0j", "0j", "0j"], ["0j", "0j", "0j"], ["0j", "0j", "0j"], ["0j", "0j", "0j"], ["(0.0028074812563569323+0.014913239914297752j)", "(-0.0005284741484186739-0.006309723753678721j)", "(0.007410262490891739+0.0018923147573870554j)"], ["0j", "0j", "0j"], ["0j", "0j", "0j"], ["(0.0054449254788859446+0.02892324919293285j)", "(-0.001024940896450094-0.01223729474714954j)", "(0.014371717335789784+0.003670020169587533j)"], ["0j", "0j", "0j"], ["0j", "0j", "0j"], ["(-0.007791887921570898-0.04139022965748833j)", "(0.0014667279878011583+0.01751201729073582j)", "(-0.020566454243536043-0.005251933372131609j)"], ["(0.0015640484924095122+0.00108047096535156j)", "(-0.00048353381505662784-0.0007759265640414537j)", "(-0.008846008908127525+0.004880726771275481j)"], ["0j", "0j", "0j"], ["(0.0006173079661891585+0.003279117814212014j)", "(-0.00011620070517129907-0.0013873797834909342j)", "(0.0016293658441432091+0.0004160814864310637j)"], ["0j", "0j", "0j"], ["0j", "0j", "0j"], ["0j", "0j", "0j"], ["0j", "0j", "0j"], ["0j", "0j", "0j"], ["0j", "0j", "0j"], ["(-0.0018709446502463876-0.001292479985234532j)", "(0.0005784123758840555+0.0009281781613717309j)", "(0.010581764646698601-0.0058384184930031j)"], ["0j", "0j", "0j"], ["(-0.002261303698469083-0.012011964282219144j)", "(0.00042566287616647525+0.005082207273229369j)", "(-0.005968643224006764-0.0015241770002410913j)"], ["(-0.0021216099395111095-0.0014656437767588584j)", "(0.0006559068680358511+0.0010525335490523097j)", "(0.011999487557822423-0.006620637710555126j)"], ["0j", "0j", "0j"], ["0j", "0j", "0j"], ["(0.006699587053992813+0.004628187250478446j)", "(-0.002071212563574217-0.003323674162624351j)", "(-0.03789179622501543+0.02090654736705507j)"], ["(0.002778162979321254-0.017001653459625555j)", "(-0.005768987055990914+0.028237356576393976j)", "(-0.0004561878433750926-0.0004837745364996121j)"], ["0j", "0j", "0j"], ["(-0.0004113826349800545-0.0002841900330471726j)", "(0.0001271811046176654+0.00020408747939406265j)", "(0.0023267145944269227-0.0012837493527393783j)"], ["0j", "0j", "0j"], ["0j", "0j", "0j"], ["0j", "0j", "0j"], ["0j", "0j", "0j"], ["(-0.00033460724340413783-0.0017774216966361682j)", "(6.298573770075567e-05+0.00075201900888199j)", "(-0.0008831857734986478-0.00022553390986622087j)"], ["(0.0002229869319923609+0.00015404311748618327j)", "(-6.893758247096298e-05-0.0001106241173508799j)", "(-0.001261178535303347+0.0006958468959891116j)"], ["0j", "0j", "0j"], ["(0.0003849704366294111+0.0020449491758383295j)", "(-7.246599534837443e-05-0.0008652086645157237j)", "(0.001016117910030203+0.00025948000070970175j)"], ["0j", "0j", "0j"], ["0j", "0j", "0j"], ["0j", "0j", "0j"], ["(-0.0002565496661077427-0.00017722881786324678j)", "(7.931367819394137e-05+0.00012727463495391573j)", "(0.0014510040083551827-0.0008005818423145418j)"], ["0j", "0j", "0j"], ["0j", "0j", "0j"], ["0j", "0j", "0j"], ["0j", "0j", "0j"], ["0j", "0j", "0j"], ["0j", "0j", "0j"], ["0j", "0j", "0j"], ["0j", "0j", "0j"], ["0j", "0j", "0j"], ["0j", "0j", "0j"], ["0j", "0j", "0j"], ["0j", "0j", "0j"], ["0j", "0j", "0j"], ["0j", "0j", "0j"], ["(0.001067472058429872+0.0007374276252045015j)", "(-0.0003300145995363187-0.0005295743261996573j)", "(-0.006037451769484147+0.003331123989094733j)"], ["0j", "0j", "0j"], ["0j", "0j", 