{"geometry": [["H", [0.0, 0.0, 0.0]], ["H", [1.2951, 0.0, 0.0]], ["H", [0.3922, 1.1632, 0.0]], ["H", [0.5292, 0.6644, -0.6281]]], "multiplicity": 1, "canonical_orbitals": [[0.3173236831937239, 0.5222053286532291, 0.9717100693098372, 0.16694587222182836], [0.20361218893383282, 0.7339988494659753, -0.7611796287581019, 0.2609078421370559], [0.34613826778794266, -0.634892253293434, -0.13736399836926833, 1.0410525532816208], [0.4369890091857045, -0.34054468562365486, -0.17434999739547194, -1.243463744580423]], "canonical_to_oao": [[0.47860032767224, 0.3558673061755976, 0.5262600560334669, 0.6060944977237446], [0.43812551885398165, 0.6659134891254063, -0.5418406447692349, -0.26648446559943406], [0.7541687406711475, -0.6347287041964197, -0.10587163044701961, -0.130920512258845], [0.10108049601901346, 0.16442979494387108, 0.6467227125795111, -0.7378992538911157]], "orbital_energies": [-0.6981117839798103, -0.1743256001750697, 0.2667618374752123, 0.6103653860995338], "exact_energy": -1.8916490556651284, "ground_states": [["0j"], ["0j"], ["0j"], ["0j"], ["0j"], ["0j"], ["0j"], ["0j"], ["0j"], ["0j"], ["0j"], ["0j"], ["0j"], ["0j"], ["0j"], ["(0.027906554511936008+0.04188338297247517j)"], ["0j"], ["0j"], ["0j"], ["0j"], ["0j"], ["0j"], ["0j"], ["0j"], ["0j"], ["0j"], ["0j"], ["(0.005949157689190882+0.008928757211984325j)"], ["0j"], ["0j"], ["(0.005979696393187642+0.008974591040534144j)"], ["0j"], ["0j"], ["0j"], ["0j"], ["0j"], ["0j"], ["0j"], ["0j"], ["(-0.005949157689194995-0.00892875721198631j)"], ["0j"], ["0j"], ["0j"], ["0j"], ["0j"], ["(-0.005979696393187174-0.008974591040533891j)"], ["0j"], ["0j"], ["0j"], ["0j"], ["0j"], ["(-0.03520832562535091-0.05284220183310195j)"], ["0j"], ["0j"], ["(0.004820322865741656+0.007234552318183543j)"], ["0j"], ["0j"], ["(-0.004820322865741706-0.007234552318183553j)"], ["0j"], ["0j"], ["(-0.026492652001161816-0.03976133597024961j)"], ["0j"], ["0j"], ["0j"], ["0j"], ["0j"], ["0j"], ["0j"], ["0j"], ["0j"], ["0j"], ["0j"], ["0j"], ["0j"], ["0j"], ["(-0.001036102796278641-0.001555028593615184j)"], ["0j"], ["0j"], ["(0.0018371335646195181+0.002757250760771399j)"], ["0j"], ["0j"], ["0j"], ["0j"], ["0j"], ["0j"], ["0j"], ["0j"], ["0j"], ["0j"], ["0j"], ["(0.004130506026339845+0.0061992449013119014j)"], ["0j"], ["0j"], ["0j"], ["0j"], ["0j"], ["0j"], ["0j"], ["0j"], ["(0.03578120496530334+0.05370200431362547j)"], ["0j"], ["0j"], ["(-0.00401655350299321-0.006028219948232543j)"], ["0j"], ["0j"], ["(-0.00011395252334852903-0.00017102495308025605j)"], ["0j"], ["0j"], ["(-0.07519078436375755-0.11284963237439553j)"], ["0j"], ["0j"], ["0j"], ["0j"], ["0j"], ["(5.9463273603223895e-05+8.924509330093301e-05j)"], ["0j"], ["0j"], ["0j"], ["0j"], ["0j"], ["(0.00018624525740815304+0.00027952506424168156j)"], ["0j"], ["0j"], ["0j"], ["0j"], ["0j"], ["0j"], ["0j"], ["0j"], ["0j"], ["0j"], ["0j"], ["0j"], ["0j"], ["0j"], ["(0.00103610279627518+0.001555028593613506j)"], ["0j"], ["0j"], ["0j"], ["0j"], ["0j"], ["(-0.001837133564619361-0.0027572507607713484j)"], ["0j"], ["0j"], ["0j"], ["0j"], ["0j"], ["(-0.03578120496530215-0.05370200431362493j)"], ["0j"], ["0j"], ["(-0.00011395252334457999-0.00017102495307839635j)"], ["0j"], ["0j"], ["(-0.004016553502992536-0.006028219948232206j)"], ["0j"], ["0j"], ["(0.07519078436375465+0.11284963237439426j)"], ["0j"], ["0j"], ["0j"], ["0j"], ["0j"], ["0j"], ["0j"], ["0j"], ["(0.00413050602633905+0.006199244901311574j)"], ["0j"], ["0j"], ["0j"], ["0j"], ["0j"], ["0j"], ["0j"], ["0j"], ["0j"], ["0j"], ["0j"], ["(-5.94632736032693e-05-8.924509330087651e-05j)"], ["0j"], ["0j"], ["(-0.0001862452574004114-0.00027952506423793857j)"], ["0j"], ["0j"], ["0j"], ["0j"], ["0j"], ["0j"], ["0j"], ["0j"], ["0j"], ["0j"], ["0j"], ["0j"], ["0j"], ["0j"], ["(-0.042245346270741356-0.0634036715605827j)"], ["0j"], ["0j"], ["(-0.0191667625222451-0.028766319207136914j)"], ["0j"], ["0j"], ["(0.019166762522246555+0.028766319207137563j)"], ["0j"], ["0j"], ["(-0.20986233156124773-0.314970606655035j)"], ["0j"], ["0j"], ["0j"], ["0j"], ["0j"], ["(-0.02205556893786024-0.03310196678364895j)"], ["0j"], ["0j"], ["0j"], ["0j"], ["0j"], ["(-0.05603805276953228-0.08410437140044809j)"], ["0j"], ["0j"], ["0j"], ["0j"], ["0j"], ["0j"], ["0j"], ["0j"], ["(0.022055568937858514+0.03310196678364779j)"], ["0j"], ["0j"], ["(0.05603805276957888+0.08410437140047068j)"], ["0j"], ["0j"], ["0j"], ["0j"], ["0j"], ["0j"], ["0j"], ["0j"], ["0j"], ["0j"], ["0j"], ["(0.4866059946017008+0.7303196537533191j)"], ["0j"], ["0j"], ["0j"], ["0j"], ["0j"], ["0j"], ["0j"], ["0j"], ["0j"], ["0j"], ["0j"], ["0j"], ["0j"], ["0j"], ["0j"]]}