{"geometry": [["H", [0.0, 0.0, 0.0]], ["H", [1.26, 0.0, 0.0]], ["H", [0.6737, 0.5089, 0.0]], ["H", [-0.4523, 0.3091, -0.4607]]], "multiplicity": 1, "canonical_orbitals": [[0.3951654142027651, 0.37706624263009747, 0.48884139737858645, 1.3848035893131434], [0.23373659010071962, -0.608437290543915, -1.0505784289823177, 0.41321460944285704], [0.3680705738801202, -0.41107031991934306, 0.9750795819577757, -1.0020736730525457], [0.2660542937004606, 0.5875306339699837, -0.8064553165403239, -0.8934047022221736]], "canonical_to_oao": [[0.5775433870530922, 0.40281256776634267, 0.5529384401789494, 0.4454713825749029], [0.33780382156955874, -0.6275559947985814, -0.3738513903875831, 0.5935462824672023], [0.2770080191210653, -0.6280778704315896, 0.550753554859926, -0.4748213009395198], [0.6896366953308575, 0.22233690048205607, -0.5011633876161503, -0.4730779957367179]], "orbital_energies": [-0.7995237183429513, -0.3762076407834036, 0.6469811205730486, 0.8044492144644408], "exact_energy": -2.0811043981089394, "ground_states": [["0j"], ["0j"], ["0j"], ["0j"], ["0j"], ["0j"], ["0j"], ["0j"], ["0j"], ["0j"], ["0j"], ["0j"], ["0j"], ["0j"], ["0j"], ["(0.007116126577595084-0.008800443116084269j)"], ["0j"], ["0j"], ["0j"], ["0j"], ["0j"], ["0j"], ["0j"], ["0j"], ["0j"], ["0j"], ["0j"], ["(-0.00032810180050955884+0.00040576024051626193j)"], ["0j"], ["0j"], ["(0.0014493925345679412-0.00179244936332388j)"], ["0j"], ["0j"], ["0j"], ["0j"], ["0j"], ["0j"], ["0j"], ["0j"], ["(0.0003281018005095573-0.00040576024051629337j)"], ["0j"], ["0j"], ["0j"], ["0j"], ["0j"], ["(-0.0014493925345679438+0.0017924493633238708j)"], ["0j"], ["0j"], ["0j"], ["0j"], ["0j"], ["(-0.03079448632970139+0.038083235630858955j)"], ["0j"], ["0j"], ["(-0.0004601619651666592+0.0005690777355457398j)"], ["0j"], ["0j"], ["(0.00046016196516663645-0.0005690777355457304j)"], ["0j"], ["0j"], ["(-0.025844852508861465+0.031962072606174646j)"], ["0j"], ["0j"], ["0j"], ["0j"], ["0j"], ["0j"], ["0j"], ["0j"], ["0j"], ["0j"], ["0j"], ["0j"], ["0j"], ["0j"], ["(-0.00028727765012776283+0.00035527341888936555j)"], ["0j"], ["0j"], ["(2.271226766265847e-05-2.808803601554482e-05j)"], ["0j"], ["0j"], ["0j"], ["0j"], ["0j"], ["0j"], ["0j"], ["0j"], ["0j"], ["0j"], ["0j"], ["(0.005685603068330133-0.0070313288890911235j)"], ["0j"], ["0j"], ["0j"], ["0j"], ["0j"], ["0j"], ["0j"], ["0j"], ["(-0.01089922396382541+0.013478962109120252j)"], ["0j"], ["0j"], ["(0.023312018927834924-0.028829742453066916j)"], ["0j"], ["0j"], ["(-0.02899762199616503+0.03586107134215803j)"], ["0j"], ["0j"], ["(0.013110790043513412-0.016213983931671j)"], ["0j"], ["0j"], ["0j"], ["0j"], ["0j"], ["(-0.00036884227238616666+0.0004561435777663402j)"], ["0j"], ["0j"], ["0j"], ["0j"], ["0j"], ["(-0.002303433397329676+0.002848633222561304j)"], ["0j"], ["0j"], ["0j"], ["0j"], ["0j"], ["0j"], ["0j"], ["0j"], ["0j"], ["0j"], ["0j"], ["0j"], ["0j"], ["0j"], ["(0.00028727765012776484-0.00035527341888936067j)"], ["0j"], ["0j"], ["0j"], ["0j"], ["0j"], ["(-2.2712267662661463e-05+2.808803601550787e-05j)"], ["0j"], ["0j"], ["0j"], ["0j"], ["0j"], ["(0.010899223963825398-0.01347896210912028j)"], ["0j"], ["0j"], ["(-0.02899762199616504+0.03586107134215804j)"], ["0j"], ["0j"], ["(0.02331201892783493-0.028829742453066923j)"], ["0j"], ["0j"], ["(-0.013110790043513404+0.016213983931671005j)"], ["0j"], ["0j"], ["0j"], ["0j"], ["0j"], ["0j"], ["0j"], ["0j"], ["(0.0056856030683301246-0.007031328889091117j)"], ["0j"], ["0j"], ["0j"], ["0j"], ["0j"], ["0j"], ["0j"], ["0j"], ["0j"], ["0j"], ["0j"], ["(0.0003688422723861434-0.00045614357776615263j)"], ["0j"], ["0j"], ["(0.0023034333973297114-0.002848633222561284j)"], ["0j"], ["0j"], ["0j"], ["0j"], ["0j"], ["0j"], ["0j"], ["0j"], ["0j"], ["0j"], ["0j"], ["0j"], ["0j"], ["0j"], ["(-0.0264550904879096+0.03271674785869134j)"], ["0j"], ["0j"], ["(0.0043771051559225865-0.005413122506715445j)"], ["0j"], ["0j"], ["(-0.004377105155922547+0.005413122506715403j)"], ["0j"], ["0j"], ["(-0.06727854841971927+0.08320271313956244j)"], ["0j"], ["0j"], ["0j"], ["0j"], ["0j"], ["(-0.003837993700839492+0.004746408720507033j)"], ["0j"], ["0j"], ["0j"], ["0j"], ["0j"], ["(0.0014813136505585848-0.0018319258906752058j)"], ["0j"], ["0j"], ["0j"], ["0j"], ["0j"], ["0j"], ["0j"], ["0j"], ["(0.0038379937008395657-0.004746408720506884j)"], ["0j"], ["0j"], ["(-0.0014813136505584627+0.0018319258906757032j)"], ["0j"], ["0j"], ["0j"], ["0j"], ["0j"], ["0j"], ["0j"], ["0j"], ["0j"], ["0j"], ["0j"], ["(0.6204469623768073-0.7673006008824621j)"], ["0j"], ["0j"], ["0j"], ["0j"], ["0j"], ["0j"], ["0j"], ["0j"], ["0j"], ["0j"], ["0j"], ["0j"], ["0j"], ["0j"], ["0j"]]}