{"geometry": [["H", [0.0, 0.0, 0.0]], ["H", [0.5063, 0.0, 0.0]], ["H", [-0.7861, -0.5365, 0.0]], ["H", [0.4819, -0.8719, 0.1345]]], "multiplicity": 3, "canonical_orbitals": [[0.4841605968750565, 0.0023549599803079913, 0.5291871383162648, 1.85510903987444], [0.44204444481594274, 0.46978089695416253, 0.30733855328979026, -1.7659403532689226], [0.07944984368111915, -1.034366118543003, -0.05164172862324193, -0.6822561843631652], [0.13344251732407958, 0.13123871448086802, -1.1752235315092994, 0.35975086458533345]], "canonical_to_oao": [[0.7186097501257285, 0.6560993399378725, 0.11792250894376452, 0.19806050853649163], [0.00205923923161645, 0.41078882926301663, -0.9044770649902988, 0.1147585996474423], [0.39908109783859036, 0.2317762439300082, -0.038945084377559044, -0.8862828727333434], [0.6935353406281818, -0.6601994913012275, -0.25506251387250906, 0.13449340876930832]], "orbital_energies": [-0.8429153725231951, -0.04524300992463659, 0.1053924495344932, 1.2903781227769313], "exact_energy": -1.726356584012258, "ground_states": [["0j", "0j", "0j"], ["0j", "0j", "0j"], ["0j", "0j", "0j"], ["0j", "0j", "0j"], ["0j", "0j", "0j"], ["0j", "0j", "0j"], ["0j", "0j", "0j"], ["0j", "0j", "0j"], ["0j", "0j", "0j"], ["0j", "0j", "0j"], ["0j", "0j", "0j"], ["0j", "0j", "0j"], ["0j", "0j", "0j"], ["0j", "0j", "0j"], ["0j", "0j", "0j"], ["0j", "0j", "0j"], ["0j", "0j", "0j"], ["0j", "0j", "0j"], ["0j", "0j", "0j"], ["0j", "0j", "0j"], ["0j", "0j", "0j"], ["0j", "0j", "0j"], ["0j", "0j", "0j"], ["(0.018154109680426425-0.02149152456655167j)", "(-0.02475587744054615+0.02729956112521062j)", "(0.004919962372938435-0.008690820176452502j)"], ["0j", "0j", "0j"], ["0j", "0j", "0j"], ["0j", "0j", "0j"], ["(-0.003838074569411926+0.006831579447982074j)", "(0.00200556007872097-0.002231521164821943j)", "(0.011248591117601863-0.027713095727223386j)"], ["0j", "0j", "0j"], ["(-0.0037608288979240614+0.004452212092641369j)", "(0.0051284596662018985-0.005655412476164179j)", "(-0.0010192257838342695+0.00180040157527j)"], ["(0.000795100503804702-0.0014152388554828682j)", "(-0.000415474426085956+0.0004622848176378138j)", "(-0.0023302727195496156+0.005741080840458515j)"], ["0j", "0j", "0j"], ["0j", "0j", "0j"], ["0j", "0j", "0j"], ["0j", "0j", "0j"], ["0j", "0j", "0j"], ["0j", "0j", "0j"], ["0j", "0j", "0j"], ["0j", "0j", "0j"], ["(-0.0038380745694144357+0.006831579447984677j)", "(0.0020055600787213827-0.0022315211648224146j)", "(0.0112485911176025-0.027713095727224652j)"], ["0j", "0j", "0j"], ["0j", "0j", "0j"], ["0j", "0j", "0j"], ["(0.011797815645943614+0.029532621087691325j)", "(0.007910030586349311+0.022066537378646122j)", "(0.0025085724879756904+0.0055228436755794886j)"], ["0j", "0j", "0j"], ["(0.000795100503805106-0.001415238855483181j)", "(-0.0004154744260860417+0.00046228481763777236j)", "(-0.0023302727195497167+0.005741080840458683j)"], ["(-0.0024440507849021187-0.006118016073119946j)", "(-0.0016386521915023962-0.004571332492290223j)", "(-0.0005196791289350984-0.0011441194561158227j)"], ["0j", "0j", "0j"], ["0j", "0j", "0j"], ["0j", "0j", "0j"], ["0j", "0j", "0j"], ["0j", "0j", "0j"], ["0j", "0j", "0j"], ["(-0.008846567559912068+0.010472902686519594j)", "(0.012063634413249293-0.013303181268675234j)", "(-0.002397516611423421+0.0042350701408909825j)"], ["(0.0018703085183467605-0.003329054973853207j)", "(-0.0009773171499013569+0.0010874288573489929j)", "(-0.005481481770653196+0.013504698272784854j)"], ["0j", "0j", "0j"], ["0j", "0j", "0j"], ["(0.0018703085183458023-0.0033290549738522607j)", "(-0.0009773171499011795+0.0010874288573488522j)", "(-0.005481481770652985+0.013504698272784398j)"], ["(-0.005749120998412761-0.014391359988049145j)", "(-0.0038545883667629273-0.010753108644264408j)", "(-0.0012224370340640314-0.0026913029919349535j)"], ["0j", "0j", "0j"], ["0j", "0j", "0j"], ["0j", "0j", "0j"], ["0j", "0j", "0j"], ["0j", "0j", "0j"], ["0j", "0j", "0j"], ["0j", "0j", "0j"], ["0j", "0j", "0j"], ["0j", "0j", "0j"], ["0j", "0j", "0j"], ["0j", "0j", "0j"], ["0j", "0j", "0j"], ["(-0.005286460464555245+0.006258312687544838j)", "(0.007208889318098891-0.007949607726769286j)", "(-0.0014326886324632743+0.0025307590444334036j)"], ["0j", "0j", "0j"], ["0j", "0j", "0j"], ["0j", "0j", "0j"], ["(0.0011176438739425676-0.0019893498110328156j)", "(-0.0005840172970244484+0.000649816962732656j)", "(-0.003275579649563554+0.008070028632159268j)"], ["0j", "0j", "0j"], ["(-0.004811161541591511+0.005695635769802954j)", "(0.006560747266979763-0.0072348686275456545j)", "(-0.0013038774234288251+0.002303221724110112j)"], ["(0.0010171579376339155-0.001810489904878224j)", "(-0.0005315090461581698+0.0005913927477818235j)", "(-0.002981076457880262+0.0073444626428043345j)"], ["0j", "0j", "0j"], ["0j", "0j", "0j"], ["0j", "0j", "0j"], ["0j", "0j", "0j"], ["(0.009690618077537998-0.011472121747894262j)", "(-0.013214625099975529+0.014572437051763207j)", "(0.002626263537639044-0.004639137946895133j)"], ["0j", "0j", "0j"], ["0j", "0j", "0j"], ["(0.0028269256629151426-0.0033466219716553666j)", "(-0.003854941193845344+0.004251039091957627j)", "(0.0007661277880034243-0.001353319056735877j)"], ["0j", "0j", "0j"], ["0j", "0j", "0j"], ["(0.013021639649895472-0.015415511603647966j)", "(-0.017756977396436915+0.019581519216889328j)", "(0.0035290068331207784-0.006233780151819994j)"], ["(-0.0033506449261100466+0.005963979229878414j)", "(0.0017508569935900228-0.0019481213648131744j)", "(0.009820037123419431-0.02419357464423762j)"], ["0j", "0j", "0j"], ["(-0.0006606448190983535+0.0007820964293680531j)", "(0.0009008892455334091-0.0009934562442615567j)", "(-0.00017904197501599035+0.0003162669733938541j)"], ["0j", "0j", "0j"], ["0j", "0j", "0j"], ["0j", "0j", "0j"], ["0j", "0j", "0j"], ["0j", "0j", "0j"], ["0j", "0j", "0j"], ["(-0.0020487545497979327+0.00364667992328772j)", "(0.0010705629246803659-0.0011911803839960492j)", "(0.006004469640755754-0.014793180781998823j)"], ["0j", "0j", "0j"], ["(-0.019017781053603276+0.02251397154196419j)", "(0.025933624134801755-0.02859832211427518j)", "(-0.005154026765707633+0.009104280970066811j)"], ["(0.003423010625470979-0.0060927865304005666j)", "(-0.0017886712035747067+0.0019901960006253852j)", "(-0.010032125801820245+0.02471609642369707j)"], ["0j", "0j", "0j"], ["0j", "0j", "0j"], ["(0.0012676819872336964-0.002256410096767039j)", "(-0.0006624187050385886+0.0007370516475429806j)", "(-0.0037153098731329166+0.009153389708451072j)"], ["(-0.002059578999481782-0.005155595579489701j)", "(-0.0013808770512959007-0.003852219626093678j)", "(-0.00043792879715736483-0.0009641388874859324j)"], ["0j", "0j", "0j"], ["(0.0001396710785730617-0.0002486074860198947j)", "(-7.298418367650168e-05+8.120711630596566e-05j)", "(-0.0004093466203972437+0.0010085051503853505j)"], ["0j", "0j", "0j"], ["0j", "0j", "0j"], ["0j", "0j", "0j"], ["0j", "0j", "0j"], ["(0.006236870767270001-0.007383444502250164j)", "(-0.008504917676768909+0.009378803903818107j)", "(0.0016902602242693456-0.0029857439035172436j)"], ["(-0.0013185760968706303+0.0023469990488905264j)", "(0.0006890130800777535-0.0007666423396367336j)", "(0.0038644698280074904-0.009520874317402488j)"], ["0j", "0j", "0j"], ["(-0.0038344838630816574+0.004539407637947564j)", "(0.005228899364013-0.005766172423024332j)", "(-0.0010391870853541528+0.001835662024201742j)"], ["0j", "0j", "0j"], ["0j", "0j", "0j"], ["0j", "0j", "0j"], ["(0.0008106723634920465-0.001442955981525204j)", "(-0.0004236113967400841+0.00047133855899631687j)", "(-0.0023759105724338045+0.005853518582442472j)"], ["0j", "0j", "0j"], ["0j", "0j", "0j"], ["0j", "0j", "0j"], ["0j", "0j", "0j"], ["0j", "0j", "0j"], ["0j", "0j", "0j"], ["0j", "0j", "0j"], ["0j", "0j", "0j"], ["0j", "0j", "0j"], ["0j", "0j", "0j"], ["0j", "0j", "0j"], ["0j", "0j", "0j"], ["0j", "0j", "0j"], ["0j", "0j", "0j"], ["(0.0011176438739433834-0.001989349811033581j)", "(-0.000584017297024657+0.0006498169627327121j)", "(-0.0032755796495637338+0.008070028632159667j)"], ["0j", "0j", "0j"], ["0j", "0j", "0j"], ["0j", "0j", "0j"], 