{"geometry": [["H", [0.0, 0.0, 0.0]], ["H", [0.4382, 0.0, 0.0]], ["H", [-0.5068, -0.1176, 0.0]], ["H", [-0.441, 0.3441, -0.337]]], "multiplicity": 1, "canonical_orbitals": [[0.5323956528878775, 0.45794691572236546, 0.32118111288237294, 3.1495318238946535], [0.08485078210401287, 0.824653305844617, -0.3748578431368541, -2.031419030881148], [0.2605292998944625, -0.5964614341604468, 1.346252097239432, -1.4580707548054561], [0.21763636936575587, -0.6578082869476629, -1.4603490715930008, -0.18155821296395613]], "canonical_to_oao": [[0.8356655958779048, 0.13318455739267496, 0.4089352936279707, 0.34160914970701356], [0.3534982526701485, 0.6365661448224852, -0.4604203402664194, -0.5077751853861561], [0.1569317787960409, -0.18315867826467802, 0.6577900376260872, -0.7135387738449239], [0.7823831779729236, -0.5046299469392598, -0.36220304941812487, -0.04510133555982641]], "orbital_energies": [-1.1091394138987822, -0.2964633406083339, 0.6698918459421129, 1.9923491230161305], "exact_energy": -1.2980969968593217, "ground_states": [["0j"], ["0j"], ["0j"], ["0j"], ["0j"], ["0j"], ["0j"], ["0j"], ["0j"], ["0j"], ["0j"], ["0j"], ["0j"], ["0j"], ["0j"], ["(0.004216892028080728+0.0006201823641325163j)"], ["0j"], ["0j"], ["0j"], ["0j"], ["0j"], ["0j"], ["0j"], ["0j"], ["0j"], ["0j"], ["0j"], ["(0.00035674299518808033+5.246653522785588e-05j)"], ["0j"], ["0j"], ["(0.0010171534232199437+0.00014959373170982682j)"], ["0j"], ["0j"], ["0j"], ["0j"], ["0j"], ["0j"], ["0j"], ["0j"], ["(-0.00035674299518806814-5.246653522789704e-05j)"], ["0j"], ["0j"], ["0j"], ["0j"], ["0j"], ["(-0.0010171534232199396-0.000149593731709836j)"], ["0j"], ["0j"], ["0j"], ["0j"], ["0j"], ["(-0.02202024154516556-0.003238538091397503j)"], ["0j"], ["0j"], ["(0.00040990953597139744+6.028578948817452e-05j)"], ["0j"], ["0j"], ["(-0.00040990953597142433-6.0285789488172634e-05j)"], ["0j"], ["0j"], ["(-0.044102534757738496-0.006486202181168856j)"], ["0j"], ["0j"], ["0j"], ["0j"], ["0j"], ["0j"], ["0j"], ["0j"], ["0j"], ["0j"], ["0j"], ["0j"], ["0j"], ["0j"], ["(-0.00038280902338752316-5.630009105158716e-05j)"], ["0j"], ["0j"], ["(-0.0007352869613612652-0.00010813936021512691j)"], ["0j"], ["0j"], ["0j"], ["0j"], ["0j"], ["0j"], ["0j"], ["0j"], ["0j"], ["0j"], ["0j"], ["(0.006683221748778841+0.0009829078469590275j)"], ["0j"], ["0j"], ["0j"], ["0j"], ["0j"], ["0j"], ["0j"], ["0j"], ["(-0.01017274553855461-0.0014961154650883466j)"], ["0j"], ["0j"], ["(0.007783728423734587+0.0011447604215264438j)"], ["0j"], ["0j"], ["(-0.014466950172513413-0.002127668268485452j)"], ["0j"], ["0j"], ["(0.042318787804151686+0.0062238648020463035j)"], ["0j"], ["0j"], ["0j"], ["0j"], ["0j"], ["(-0.0002139616036334841-3.146753872077105e-05j)"], ["0j"], ["0j"], ["0j"], ["0j"], ["0j"], ["(-0.0009302867114384745-0.00013681816090606728j)"], ["0j"], ["0j"], ["0j"], ["0j"], ["0j"], ["0j"], ["0j"], ["0j"], ["0j"], ["0j"], ["0j"], ["0j"], ["0j"], ["0j"], ["(0.00038280902338754273+5.630009105161428e-05j)"], ["0j"], ["0j"], ["0j"], ["0j"], ["0j"], ["(0.0007352869613612554+0.00010813936021510269j)"], ["0j"], ["0j"], ["0j"], ["0j"], ["0j"], ["(0.010172745538554588+0.0014961154650883215j)"], ["0j"], ["0j"], ["(-0.014466950172513447-0.0021276682684854943j)"], ["0j"], ["0j"], ["(0.007783728423734572+0.0011447604215264388j)"], ["0j"], ["0j"], ["(-0.042318787804151686-0.006223864802046288j)"], ["0j"], ["0j"], ["0j"], ["0j"], ["0j"], ["0j"], ["0j"], ["0j"], ["(0.0066832217487788545+0.000982907846959045j)"], ["0j"], ["0j"], ["0j"], ["0j"], ["0j"], ["0j"], ["0j"], ["0j"], ["0j"], ["0j"], ["0j"], ["(0.00021396160363349308+3.146753872080017e-05j)"], ["0j"], ["0j"], ["(0.0009302867114383784+0.00013681816090586256j)"], ["0j"], ["0j"], ["0j"], ["0j"], ["0j"], ["0j"], ["0j"], ["0j"], ["0j"], ["0j"], ["0j"], ["0j"], ["0j"], ["0j"], ["(-0.03032033587398032-0.0044592409429500225j)"], ["0j"], ["0j"], ["(0.006734949896119097+0.0009905155553130026j)"], ["0j"], ["0j"], ["(-0.006734949896119056-0.0009905155553129573j)"], ["0j"], ["0j"], ["(-0.07180980374542778-0.010561136865295044j)"], ["0j"], ["0j"], ["0j"], ["0j"], ["0j"], ["(-0.002760236133591421-0.0004059505814935102j)"], ["0j"], ["0j"], ["0j"], ["0j"], ["0j"], ["(-0.003489152583369521-0.0005131530244459496j)"], ["0j"], ["0j"], ["0j"], ["0j"], ["0j"], ["0j"], ["0j"], ["0j"], ["(0.00276023613359143+0.000405950581493499j)"], ["0j"], ["0j"], ["(0.0034891525833706566+0.0005131530244469264j)"], ["0j"], ["0j"], ["0j"], ["0j"], ["0j"], ["0j"], ["0j"], ["0j"], ["0j"], ["0j"], ["0j"], ["(0.9827260150807224+0.14453045970083453j)"], ["0j"], ["0j"], ["0j"], ["0j"], ["0j"], ["0j"], ["0j"], ["0j"], ["0j"], ["0j"], ["0j"], ["0j"], ["0j"], ["0j"], ["0j"]]}