{"geometry": [["H", [0.0, 0.0, 0.0]], ["H", [0.5885, 0.0, 0.0]], ["H", [-0.0052, 1.3178, 0.0]], ["H", [-0.3879, 0.3225, 0.4095]]], "multiplicity": 1, "canonical_orbitals": [[0.4930157958549153, 0.3138703117042839, 0.22061476188668755, 1.9545886528184198], [0.29442338702605175, 0.5843106146850974, -0.6834332746832644, -1.2822658143530852], [0.09390969752961978, -0.762550778737294, -0.762523391660455, 0.24139626412596557], [0.2950950212496072, -0.5263802783723652, 0.8604419154418017, -1.1403241723162882]], "canonical_to_oao": [[0.6472241350281085, 0.5155871557103505, 0.23859143365103833, 0.5082764323593696], [0.2081683463973863, 0.4895417291578657, -0.7379570985745483, -0.41525191827942176], [0.13459620545483408, -0.4790149727528197, -0.6207393767222841, 0.6058969743629732], [0.7208680323557515, -0.5148431180061093, 0.11478708393459376, -0.4495662010550679]], "orbital_energies": [-0.8646990324569576, -0.23169397570433084, 0.3073851260510357, 1.223778364745145], "exact_energy": -1.816860033064547, "ground_states": [["0j"], ["0j"], ["0j"], ["0j"], ["0j"], ["0j"], ["0j"], ["0j"], ["0j"], ["0j"], ["0j"], ["0j"], ["0j"], ["0j"], ["0j"], ["(0.008022377525026396+0.016322548797236672j)"], ["0j"], ["0j"], ["0j"], ["0j"], ["0j"], ["0j"], ["0j"], ["0j"], ["0j"], ["0j"], ["0j"], ["(-0.001200375653877277-0.00244231714654475j)"], ["0j"], ["0j"], ["(0.00016937292534071957+0.00034461078778452617j)"], ["0j"], ["0j"], ["0j"], ["0j"], ["0j"], ["0j"], ["0j"], ["0j"], ["(0.0012003756538772024+0.002442317146544536j)"], ["0j"], ["0j"], ["0j"], ["0j"], ["0j"], ["(-0.00016937292534069712-0.0003446107877845413j)"], ["0j"], ["0j"], ["0j"], ["0j"], ["0j"], ["(-0.01649898915126579-0.03356929472422566j)"], ["0j"], ["0j"], ["(0.002459525439344224+0.00500421774922754j)"], ["0j"], ["0j"], ["(-0.0024595254393442304-0.005004217749227604j)"], ["0j"], ["0j"], ["(-0.0156722749054662-0.0318872393015857j)"], ["0j"], ["0j"], ["0j"], ["0j"], ["0j"], ["0j"], ["0j"], ["0j"], ["0j"], ["0j"], ["0j"], ["0j"], ["0j"], ["0j"], ["(-9.982589303138568e-06-2.0310849310529146e-05j)"], ["0j"], ["0j"], ["(-0.0008252116224164372-0.0016789981439940828j)"], ["0j"], ["0j"], ["0j"], ["0j"], ["0j"], ["0j"], ["0j"], ["0j"], ["0j"], ["0j"], ["0j"], ["(0.011095052281533334+0.02257429692236091j)"], ["0j"], ["0j"], ["0j"], ["0j"], ["0j"], ["0j"], ["0j"], ["0j"], ["(-0.005782009933893695-0.011764235601936034j)"], ["0j"], ["0j"], ["(0.011225822256186657+0.022840365090535945j)"], ["0j"], ["0j"], ["(-0.02232087453771994-0.04541466201289659j)"], ["0j"], ["0j"], ["(0.01693144701656722+0.03444918532861476j)"], ["0j"], ["0j"], ["0j"], ["0j"], ["0j"], ["(0.00043158109211360917+0.0008781066976732898j)"], ["0j"], ["0j"], ["0j"], ["0j"], ["0j"], ["(-0.004824087270826456-0.009815219943782424j)"], ["0j"], ["0j"], ["0j"], ["0j"], ["0j"], ["0j"], ["0j"], ["0j"], ["0j"], ["0j"], ["0j"], ["0j"], ["0j"], ["0j"], ["(9.982589303152002e-06+2.0310849310609448e-05j)"], ["0j"], ["0j"], ["0j"], ["0j"], ["0j"], ["(0.0008252116224163483+0.0016789981439938866j)"], ["0j"], ["0j"], ["0j"], ["0j"], ["0j"], ["(0.005782009933893672+0.011764235601935994j)"], ["0j"], ["0j"], ["(-0.022320874537719974-0.04541466201289692j)"], ["0j"], ["0j"], ["(0.011225822256186692+0.02284036509053601j)"], ["0j"], ["0j"], ["(-0.01693144701656736-0.03444918532861461j)"], ["0j"], ["0j"], ["0j"], ["0j"], ["0j"], ["0j"], ["0j"], ["0j"], ["(0.011095052281533293+0.022574296922360855j)"], ["0j"], ["0j"], ["0j"], ["0j"], ["0j"], ["0j"], ["0j"], ["0j"], ["0j"], ["0j"], ["0j"], ["(-0.00043158109211347435-0.0008781066976729807j)"], ["0j"], ["0j"], ["(0.004824087270826322+0.009815219943782101j)"], ["0j"], ["0j"], ["0j"], ["0j"], ["0j"], ["0j"], ["0j"], ["0j"], ["0j"], ["0j"], ["0j"], ["0j"], ["0j"], ["0j"], ["(-0.007715071028730435-0.01569729459225191j)"], ["0j"], ["0j"], ["(-0.001599412495092514-0.0032542084209592564j)"], ["0j"], ["0j"], ["(0.0015994124950924984+0.0032542084209596675j)"], ["0j"], ["0j"], ["(-0.1500291193288338-0.30525335084417954j)"], ["0j"], ["0j"], ["0j"], ["0j"], ["0j"], ["(0.0007211865726552946+0.0014673459317211832j)"], ["0j"], ["0j"], ["0j"], ["0j"], ["0j"], ["(0.024112511673521308+0.049059975946932496j)"], ["0j"], ["0j"], ["0j"], ["0j"], ["0j"], ["0j"], ["0j"], ["0j"], ["(-0.0007211865726552475-0.001467345931721046j)"], ["0j"], ["0j"], ["(-0.02411251167351958-0.04905997594692743j)"], ["0j"], ["0j"], ["0j"], ["0j"], ["0j"], ["0j"], ["0j"], ["0j"], ["0j"], ["0j"], ["0j"], ["(0.40993404089901697+0.8340630150287789j)"], ["0j"], ["0j"], ["0j"], ["0j"], ["0j"], ["0j"], ["0j"], ["0j"], ["0j"], ["0j"], ["0j"], ["0j"], ["0j"], ["0j"], ["0j"]]}