{"geometry": [["H", [0.0, 0.0, 0.0]], ["H", [0.85, 0.0, 0.0]], ["H", [-0.4166, -0.637, 0.0]], ["H", [-0.3391, -0.2579, -1.0092]]], "multiplicity": 1, "canonical_orbitals": [[0.4379099147402602, 0.3387530043725818, 0.16722764169745966, 1.4905283175250013], [0.19584836645282355, 0.7359635074648943, -0.403595997240701, -0.9068132209748953], [0.38139945337698794, -0.41932913790873505, 0.8489212386911595, -0.9041804120879892], [0.24773573415185965, -0.6315935588810448, -0.9247814219310344, -0.06089252137957035]], "canonical_to_oao": [[0.6624663617926705, 0.2962777284090378, 0.576977820696822, 0.3747724930753441], [0.30530144840113277, 0.6632877698474406, -0.377920760872511, -0.5692242602670071], [0.1258118084274809, -0.3036408441303549, 0.6386762090770692, -0.695748752492562], [0.7581450077924737, -0.46124310984168776, -0.4599039531878954, -0.030972481738874034]], "orbital_energies": [-0.7663826945583561, -0.226376662750964, 0.29655046566625487, 0.8454126480330476], "exact_energy": -1.9272054248235435, "ground_states": [["0j"], ["0j"], ["0j"], ["0j"], ["0j"], ["0j"], ["0j"], ["0j"], ["0j"], ["0j"], ["0j"], ["0j"], ["0j"], ["0j"], ["0j"], ["(0.002216499439142047-0.024561916451874163j)"], ["0j"], ["0j"], ["0j"], ["0j"], ["0j"], ["0j"], ["0j"], ["0j"], ["0j"], ["0j"], ["0j"], ["(0.00025397718128402204-0.0028144226870613544j)"], ["0j"], ["0j"], ["(0.0004576427089669097-0.005071321825736773j)"], ["0j"], ["0j"], ["0j"], ["0j"], ["0j"], ["0j"], ["0j"], ["0j"], ["(-0.0002539771812839439+0.002814422687061551j)"], ["0j"], ["0j"], ["0j"], ["0j"], ["0j"], ["(-0.0004576427089668544+0.005071321825736807j)"], ["0j"], ["0j"], ["0j"], ["0j"], ["0j"], ["(-0.004272117533081042+0.047341042396445536j)"], ["0j"], ["0j"], ["(-0.0011464232011021026+0.012703973836717786j)"], ["0j"], ["0j"], ["(0.0011464232011021652-0.012703973836717678j)"], ["0j"], ["0j"], ["(-0.005353252995668064+0.05932153670033711j)"], ["0j"], ["0j"], ["0j"], ["0j"], ["0j"], ["0j"], ["0j"], ["0j"], ["0j"], ["0j"], ["0j"], ["0j"], ["0j"], ["0j"], ["(0.0001630982019126165-0.0018073563828104881j)"], ["0j"], ["0j"], ["(-0.00024323658937729415+0.0026954018940046993j)"], ["0j"], ["0j"], ["0j"], ["0j"], ["0j"], ["0j"], ["0j"], ["0j"], ["0j"], ["0j"], ["0j"], ["(0.0021926073907972627-0.024297159112012984j)"], ["0j"], ["0j"], ["0j"], ["0j"], ["0j"], ["0j"], ["0j"], ["0j"], ["(-0.0025292721551357614+0.0280278759657816j)"], ["0j"], ["0j"], ["(0.001977486415164991-0.021913317574670597j)"], ["0j"], ["0j"], ["(-0.004170093805962284+0.04621047668668353j)"], ["0j"], ["0j"], ["(0.008101999631483127-0.08978149713344008j)"], ["0j"], ["0j"], ["0j"], ["0j"], ["0j"], ["(-1.2890069701464578e-05+0.00014284001587116434j)"], ["0j"], ["0j"], ["0j"], ["0j"], ["0j"], ["(-0.0015598336967285642+0.01728514082218348j)"], ["0j"], ["0j"], ["0j"], ["0j"], ["0j"], ["0j"], ["0j"], ["0j"], ["0j"], ["0j"], ["0j"], ["0j"], ["0j"], ["0j"], ["(-0.00016309820191264283+0.0018073563828104665j)"], ["0j"], ["0j"], ["0j"], ["0j"], ["0j"], ["(0.0002432365893773481-0.002695401894004549j)"], ["0j"], ["0j"], ["0j"], ["0j"], ["0j"], ["(0.0025292721551358806-0.028027875965781494j)"], ["0j"], ["0j"], ["(-0.004170093805962111+0.04621047668668363j)"], ["0j"], ["0j"], ["(0.0019774864151649962-0.02191331757467058j)"], ["0j"], ["0j"], ["(-0.008101999631483331+0.08978149713344j)"], ["0j"], ["0j"], ["0j"], ["0j"], ["0j"], ["0j"], ["0j"], ["0j"], ["(0.002192607390797143-0.024297159112013005j)"], ["0j"], ["0j"], ["0j"], ["0j"], ["0j"], ["0j"], ["0j"], ["0j"], ["0j"], ["0j"], ["0j"], ["(1.2890069701354977e-05-0.00014284001587116946j)"], ["0j"], ["0j"], ["(0.001559833696728149-0.01728514082218331j)"], ["0j"], ["0j"], ["0j"], ["0j"], ["0j"], ["0j"], ["0j"], ["0j"], ["0j"], ["0j"], ["0j"], ["0j"], ["0j"], ["0j"], ["(-0.004344207644649191+0.04813990174469205j)"], ["0j"], ["0j"], ["(0.004954717054883206-0.05490520060398831j)"], ["0j"], ["0j"], ["(-0.004954717054883437+0.05490520060398795j)"], ["0j"], ["0j"], ["(-0.02380889235656949+0.26383585510857976j)"], ["0j"], ["0j"], ["0j"], ["0j"], ["0j"], ["(-0.0011509021136644699+0.012753606457511748j)"], ["0j"], ["0j"], ["0j"], ["0j"], ["0j"], ["(-0.0033208525426218966+0.036799694717019105j)"], ["0j"], ["0j"], ["0j"], ["0j"], ["0j"], ["0j"], ["0j"], ["0j"], ["(0.001150902113664219-0.012753606457511923j)"], ["0j"], ["0j"], ["(0.003320852542620874-0.03679969471702287j)"], ["0j"], ["0j"], ["0j"], ["0j"], ["0j"], ["0j"], ["0j"], ["0j"], ["0j"], ["0j"], ["0j"], ["(0.08462767418234991-0.9377930921506814j)"], ["0j"], ["0j"], ["0j"], ["0j"], ["0j"], ["0j"], ["0j"], ["0j"], ["0j"], ["0j"], ["0j"], ["0j"], ["0j"], ["0j"], ["0j"]]}