{"geometry": [["H", [0.0, 0.0, 0.0]], ["H", [0.5441, 0.0, 0.0]], ["H", [0.5766, -0.4698, 0.0]], ["H", [-0.0884, 0.5252, 0.1177]]], "multiplicity": 1, "canonical_orbitals": [[0.3830165099003715, 0.4239778135612397, 1.7468070779942684, 1.1292503111652359], [0.4088543548089111, -0.37672776532058666, -1.6914966824108617, 1.3795204457440802], [0.19133278790444247, -0.7448061951122101, 0.6519426135075933, -1.6330792328099584], [0.12872838944568654, 0.7767658438562733, -0.7592734907913475, -1.3317924136201087]], "canonical_to_oao": [[0.6322067975501815, 0.6748547272424943, 0.31581377298560764, 0.2124789943556716], [0.3485332340794896, -0.3096910786718741, -0.6122719247133497, 0.6385445252611232], [0.6643234506133537, -0.6432885044469181, 0.2479385228416584, -0.28875723697028066], [0.40911370911236705, 0.4997835473450885, -0.5916448245383746, -0.4824922594368091]], "orbital_energies": [-1.095967027128088, -0.3478127299370278, 0.960496202417766, 1.252368315158111], "exact_energy": -1.4545732756327194, "ground_states": [["0j"], ["0j"], ["0j"], ["0j"], ["0j"], ["0j"], ["0j"], ["0j"], ["0j"], ["0j"], ["0j"], ["0j"], ["0j"], ["0j"], ["0j"], ["(0.004317594336785426-0.0011881835841193442j)"], ["0j"], ["0j"], ["0j"], ["0j"], ["0j"], ["0j"], ["0j"], ["0j"], ["0j"], ["0j"], ["0j"], ["(0.0007848610698376501-0.00021599042574476005j)"], ["0j"], ["0j"], ["(7.729367454080958e-05-2.1270890241613864e-05j)"], ["0j"], ["0j"], ["0j"], ["0j"], ["0j"], ["0j"], ["0j"], ["0j"], ["(-0.0007848610698376641+0.000215990425744745j)"], ["0j"], ["0j"], ["0j"], ["0j"], ["0j"], ["(-7.72936745408071e-05+2.127089024161633e-05j)"], ["0j"], ["0j"], ["0j"], ["0j"], ["0j"], ["(-0.023283464558797675+0.006407510343082812j)"], ["0j"], ["0j"], ["(-0.0023963561382313093+0.0006594670094157119j)"], ["0j"], ["0j"], ["(0.0023963561382313184-0.0006594670094157066j)"], ["0j"], ["0j"], ["(-0.04090930827186129+0.011258067510458583j)"], ["0j"], ["0j"], ["0j"], ["0j"], ["0j"], ["0j"], ["0j"], ["0j"], ["0j"], ["0j"], ["0j"], ["0j"], ["0j"], ["0j"], ["(-0.00018635298641560545+5.1283548670650393e-05j)"], ["0j"], ["0j"], ["(0.0011747117327073045-0.00032327566881017427j)"], ["0j"], ["0j"], ["0j"], ["0j"], ["0j"], ["0j"], ["0j"], ["0j"], ["0j"], ["0j"], ["0j"], ["(-0.0012532562207303573+0.0003448907775981301j)"], ["0j"], ["0j"], ["0j"], ["0j"], ["0j"], ["0j"], ["0j"], ["0j"], ["(0.004324245071572336-0.0011900138380246j)"], ["0j"], ["0j"], ["(0.022078085029563654-0.006075795027202569j)"], ["0j"], ["0j"], ["(-0.020824828808833244+0.0057309042496044545j)"], ["0j"], ["0j"], ["(-0.003418592715031802+0.0009407821643140149j)"], ["0j"], ["0j"], ["0j"], ["0j"], ["0j"], ["(-0.003119288862738546+0.0008584150181166801j)"], ["0j"], ["0j"], ["0j"], ["0j"], ["0j"], ["(-0.0003601539601896515+9.911283688858321e-05j)"], ["0j"], ["0j"], ["0j"], ["0j"], ["0j"], ["0j"], ["0j"], ["0j"], ["0j"], ["0j"], ["0j"], ["0j"], ["0j"], ["0j"], ["(0.0001863529864156111-5.128354867065269e-05j)"], ["0j"], ["0j"], ["0j"], ["0j"], ["0j"], ["(-0.0011747117327073073+0.0003232756688101618j)"], ["0j"], ["0j"], ["0j"], ["0j"], ["0j"], ["(-0.0043242450715723045+0.0011900138380245995j)"], ["0j"], ["0j"], ["(-0.020824828808833257+0.005730904249604424j)"], ["0j"], ["0j"], ["(0.022078085029563606-0.006075795027202595j)"], ["0j"], ["0j"], ["(0.0034185927150317233-0.0009407821643139811j)"], ["0j"], ["0j"], ["0j"], ["0j"], ["0j"], ["0j"], ["0j"], ["0j"], ["(-0.001253256220730398+0.00034489077759812027j)"], ["0j"], ["0j"], ["0j"], ["0j"], ["0j"], ["0j"], ["0j"], ["0j"], ["0j"], ["0j"], ["0j"], ["(0.0031192888627385573-0.0008584150181167758j)"], ["0j"], ["0j"], ["(0.0003601539601896965-9.911283688864655e-05j)"], ["0j"], ["0j"], ["0j"], ["0j"], ["0j"], ["0j"], ["0j"], ["0j"], ["0j"], ["0j"], ["0j"], ["0j"], ["0j"], ["0j"], ["(-0.06177919687327454+0.017001372023188983j)"], ["0j"], ["0j"], ["(0.007958034495953503-0.0021900172207904092j)"], ["0j"], ["0j"], ["(-0.00795803449595343+0.00219001722079049j)"], ["0j"], ["0j"], ["(-0.02454636282247545+0.006755054569859755j)"], ["0j"], ["0j"], ["0j"], ["0j"], ["0j"], ["(-0.0007988435941698077+0.00021983835692589108j)"], ["0j"], ["0j"], ["0j"], ["0j"], ["0j"], ["(-0.004117431976905771+0.0011330997546497698j)"], ["0j"], ["0j"], ["0j"], ["0j"], ["0j"], ["0j"], ["0j"], ["0j"], ["(0.0007988435941697423-0.00021983835692589987j)"], ["0j"], ["0j"], ["(0.004117431976905921-0.0011330997546494708j)"], ["0j"], ["0j"], ["0j"], ["0j"], ["0j"], ["0j"], ["0j"], ["0j"], ["0j"], ["0j"], ["0j"], ["(0.9596052169178806-0.26407927124205666j)"], ["0j"], ["0j"], ["0j"], ["0j"], ["0j"], ["0j"], ["0j"], ["0j"], ["0j"], ["0j"], ["0j"], ["0j"], ["0j"], ["0j"], ["0j"]]}