{"geometry": [["H", [0.0, 0.0, 0.0]], ["H", [1.3694, 0.0, 0.0]], ["H", [0.9007, 0.8266, 0.0]], ["H", [0.8176, 0.0817, 0.3051]]], "multiplicity": 3, "canonical_orbitals": [[0.14315281787257608, 1.0167493292825882, 0.14387309641883886, 0.6892120566027395], [0.3648776740282026, -0.5814717332378802, 0.5919358265687773, 1.2012879365178353], [0.18746296682588737, -0.12258121096437462, -1.2408939527476917, 0.24488396256135242], [0.4864150554808077, -0.024817390837062414, 0.32831999171587906, -1.7184790465899331]], "canonical_to_oao": [[0.21949076899370845, 0.5594530547933299, 0.28742983447997167, 0.7458016975441785], [0.8631625808010943, -0.4936365606246672, -0.10406450377340312, -0.021068558893255485], [0.10126136405037865, 0.41661874749777145, -0.8733711682363156, 0.23107954880858222], [0.3103663325732697, 0.5409646097303478, 0.1102762736636008, -0.7738663799979824]], "orbital_energies": [-0.8405637290565118, -0.028388017955136326, 0.1840434696313153, 0.9600815525424294], "exact_energy": -1.7139101281244054, "ground_states": [["0j", "0j", "0j"], ["0j", "0j", "0j"], ["0j", "0j", "0j"], ["0j", "0j", "0j"], ["0j", "0j", "0j"], ["0j", "0j", "0j"], ["0j", "0j", "0j"], ["0j", "0j", "0j"], ["0j", "0j", "0j"], ["0j", "0j", "0j"], ["0j", "0j", "0j"], ["0j", "0j", "0j"], ["0j", "0j", "0j"], ["0j", "0j", "0j"], ["0j", "0j", "0j"], ["0j", "0j", "0j"], ["0j", "0j", "0j"], ["0j", "0j", "0j"], ["0j", "0j", "0j"], ["0j", "0j", "0j"], ["0j", "0j", "0j"], ["0j", "0j", "0j"], ["0j", "0j", "0j"], ["(0.019466198578727296+0.03637842323324406j)", "(0.026717204273781964+0.004698407531052344j)", "(0.020934209211066465+0.01612035203225621j)"], ["0j", "0j", "0j"], ["0j", "0j", "0j"], ["0j", "0j", "0j"], ["(0.004032968539156952+0.006999642526772033j)", "(0.01739324627119954+0.009652313788967765j)", "(-0.02099529375382569-0.024954862926525084j)"], ["0j", "0j", "0j"], ["(0.0006431138418023263+0.0012018508611028843j)", "(0.000882668684039109+0.000155223471363857j)", "(0.0006916131907508307+0.0005325755557636073j)"], ["(0.0001332390543842344+0.00023125044052277254j)", "(0.0005746287538188348+0.0003188879728108632j)", "(-0.0006936312691551892-0.0008244453945858662j)"], ["0j", "0j", "0j"], ["0j", "0j", "0j"], ["0j", "0j", "0j"], ["0j", "0j", "0j"], ["0j", "0j", "0j"], ["0j", "0j", "0j"], ["0j", "0j", "0j"], ["0j", "0j", "0j"], ["(0.004032968539157016+0.006999642526771862j)", "(0.01739324627119878+0.009652313788967335j)", "(-0.020995293753824775-0.02495486292652397j)"], ["0j", "0j", "0j"], ["0j", "0j", "0j"], ["0j", "0j", "0j"], ["(-0.018533147031420744-0.030411059878836792j)", "(0.0389085927830404+0.007746311561827799j)", "(0.015237636532812012+0.006615497588392623j)"], ["0j", "0j", "0j"], ["(0.00013323905438420214+0.00023125044052284437j)", "(0.0005746287538189431+0.00031888797281093046j)", "(-0.0006936312691553528-0.0008244453945860824j)"], ["(-0.0006122881845605481-0.001004704306948371j)", "(0.0012854412474333065+0.00025591849215846134j)", "(0.0005034128739092048+0.00021855926581138628j)"], ["0j", "0j", "0j"], ["0j", "0j", "0j"], ["0j", "0j", "0j"], ["0j", "0j", "0j"], ["0j", "0j", "0j"], ["0j", "0j", "0j"], ["(-0.004951568055579839-0.009253488176728128j)", "(-0.006795988167973848-0.0011951221266322568j)", "(-0.005324982234159403-0.004100493470504807j)"], ["(-0.0010258560810877196-0.0017804814944155634j)", "(-0.004424276382005924-0.0024552348228951315j)", "(0.005340520155926082+0.006347705824463425j)"], ["0j", "0j", "0j"], ["0j", "0j", "0j"], ["(-0.0010258560810876862-0.0017804814944155283j)", "(-0.004424276382006181-0.00245523482289528j)", "(0.005340520155926406+0.0063477058244638075j)"], ["(0.004714230076252891+0.007735584943478936j)", "(-0.009897081052209373-0.0019704098220815957j)", "(-0.0038759593452858546-0.0016827675109739894j)"], ["0j", "0j", "0j"], ["0j", "0j", "0j"], ["0j", "0j", "0j"], ["0j", "0j", "0j"], ["0j", "0j", "0j"], ["0j", "0j", "0j"], ["0j", "0j", "0j"], ["0j", "0j", "0j"], ["0j", "0j", "0j"], ["0j", "0j", "0j"], ["0j", "0j", "0j"], ["0j", "0j", "0j"], ["(0.003712202092900234+0.0069373616177138475j)", "(0.005094968142879142+0.000895985839224437j)", "(0.003992151571465835+0.003074149496133533j)"], ["0j", "0j", "0j"], ["0j", "0j", "0j"], ["0j", "0j", "0j"], ["(0.000769086691020379+0.0013348311193039691j)", "(0.003316890298285367+0.0018406952597253632j)", "(-0.004003800387569205-0.004758889826857097j)"], ["0j", "0j", "0j"], ["(-0.0037235430038989204-0.006958555507136662j)", "(-0.0051105334539273285-0.0008987231082104558j)", "(-0.004004347738197105-0.003083541133485101j)"], ["(-0.0007714362785414432-0.0013389090764150272j)", "(-0.00332702351752385-0.0018463186499917553j)", "(0.004016032141852843+0.004773428406553974j)"], ["0j", "0j", "0j"], ["0j", "0j", "0j"], ["0j", "0j", "0j"], ["0j", "0j", "0j"], ["(0.010001222368326968+0.018690279907160687j)", "(0.013726598951585291+0.002413918583283498j)", "(0.010755447735632988+0.008282214150763415j)"], ["0j", "0j", "0j"], ["0j", "0j", "0j"], ["(-0.015298561764803952-0.02858994541174301j)", "(-0.02099715556236044-0.0036924968950318897j)", "(-0.016452277074929883-0.012669047849196364j)"], ["0j", "0j", "0j"], ["0j", "0j", "0j"], ["(0.0063031033056782535+0.011779236650108006j)", "(0.008650959656837471+0.001521331857405527j)", "(0.006778441242463723+0.005219727096293444j)"], ["(-0.0018636613005988533-0.0032345808722570443j)", "(-0.008037533556906064-0.00446039771822678j)", "(0.009702063401637553+0.011531806371997239j)"], ["0j", "0j", "0j"], ["(-0.0024600044917202505-0.004597255298385555j)", "(-0.0033763367949782705-0.0005937524773301918j)", "(-0.002645521593831479-0.00203717938287129j)"], ["0j", "0j", "0j"], ["0j", "0j", "0j"], ["0j", "0j", "0j"], ["0j", "0j", "0j"], ["0j", "0j", "0j"], ["0j", "0j", "0j"], ["(0.002072033479030379+0.0035962327788818887j)", "(0.008936193831672365+0.004959105712495092j)", "(-0.010786831371884383-0.012821154181177638j)"], ["0j", "0j", "0j"], ["(0.022105920111520808+0.041311533657937424j)", "(0.030340201292553517+0.005335536936642183j)", "(0.023773000904419726+0.018306358725019553j)"], ["(0.0014103350449265247+0.0024477853128820606j)", "(0.006082443868117974+0.003375428364748172j)", "(-0.0073420851841641726-0.008726752362409863j)"], ["0j", "0j", "0j"], ["0j", "0j", "0j"], ["(0.00588572531027918+0.010215297437292015j)", "(0.02538375115311904+0.01408661312849217j)", "(-0.030640589095562273-0.03641919516979404j)"], ["(-0.01248205254204943-0.020481812755464467j)", "(0.02620489108685849+0.005217131648386157j)", "(0.01026253013029871+0.004455529778624315j)"], ["0j", "0j", "0j"], ["(-0.0005096588674553595-0.000884566752293718j)", "(-0.002198039015151958-0.00121979312911646j)", "(0.0026532410388449444+0.0031536241984392605j)"], ["0j", "0j", "0j"], ["0j", "0j", "0j"], ["0j", "0j", "0j"], ["0j", "0j", "0j"], ["(0.005538502558610671+0.010350351114558317j)", "(0.007601551151901324+0.0013367860204901972j)", "(0.00595617941577387+0.0045865457816670644j)"], ["(0.0011474560111251965+0.001991531006277279j)", "(0.004948708325664171+0.002746266272816552j)", "(-0.005973559126300854-0.0071001316260777495j)"], ["0j", "0j", "0j"], ["(0.004394993970985741+0.008213362775349477j)", "(0.006032094619294977+0.0010607860948658062j)", "(0.004726435050885436+0.0036395832347749673j)"], ["0j", "0j", "0j"], ["0j", "0j", "0j"], ["0j", "0j", "0j"], ["(0.0009105461625228742+0.0015803489612936969j)", "(0.0039269717807832415+0.002179257585244742j)", "(-0.004740226454278874-0.005634200825871428j)"], ["0j", "0j", "0j"], ["0j", "0j", "0j"], ["0j", "0j", "0j"], ["0j", "0j", "0j"], ["0j", "0j", "0j"], ["0j", "0j", "0j"], ["0j", "0j", "0j"], ["0j", "0j", "0j"], ["0j", "0j", "0j"], ["0j", "0j", "0j"], ["0j", "0j", "0j"], ["0j", "0j", "0j"], ["0j", "0j", "0j"], ["0j", "0j", "0j"], ["(0.0007690866910203865+0.001334831119303978j)", "(0.0033168902982851182+0.0018406952597252257j)", "(-0.004003800387568916-0.004758889826856756j)"], ["0j", "0j", "0j"], ["0j", "0j", "0j"], ["0j", "0j", "0j"], ["(-0.0035342692575452755-0.005799386031790519j)", 