{"geometry": [["H", [0.0, 0.0, 0.0]], ["H", [0.8909, 0.0, 0.0]], ["H", [-0.2172, 0.4069, 0.0]], ["H", [-0.2633, 0.0031, 0.5789]]], "multiplicity": 1, "canonical_orbitals": [[0.4395184349604527, 0.3489707233356716, 0.20660279246162466, 2.1602147909251785], [0.012061759278592432, 0.945228721224262, -0.35691572834669905, -0.7044740238719082], [0.3732951583990016, -0.29441634318969934, 1.1210927120383058, -1.4432090748981958], [0.2685144205769452, -0.6280226912273579, -1.2525381284630164, -0.43557953459721155]], "canonical_to_oao": [[0.6029538225155695, 0.21142053580813974, 0.5844354410582884, 0.5001832266154728], [0.19101734329300823, 0.8747471419371353, -0.15676341488326295, -0.41683935033563196], [0.12400820054981948, -0.27142085796115695, 0.6032490356597655, -0.7396237455866237], [0.7645789878564152, -0.3412469964337268, -0.5195681360175062, -0.17034791101952165]], "orbital_energies": [-1.0638034302874864, -0.14766607162647527, 0.43000467778817786, 1.0729834283932025], "exact_energy": -1.448392390037722, "ground_states": [["0j"], ["0j"], ["0j"], ["0j"], ["0j"], ["0j"], ["0j"], ["0j"], ["0j"], ["0j"], ["0j"], ["0j"], ["0j"], ["0j"], ["0j"], ["(-0.009094345822426336+0.000651957015865754j)"], ["0j"], ["0j"], ["0j"], ["0j"], ["0j"], ["0j"], ["0j"], ["0j"], ["0j"], ["0j"], ["0j"], ["(-0.0036579941910885295+0.0002622349120478013j)"], ["0j"], ["0j"], ["(-0.0017880457036130502+0.00012818172564811822j)"], ["0j"], ["0j"], ["0j"], ["0j"], ["0j"], ["0j"], ["0j"], ["0j"], ["(0.0036579941910885026-0.00026223491204776936j)"], ["0j"], ["0j"], ["0j"], ["0j"], ["0j"], ["(0.00178804570361303-0.0001281817256480607j)"], ["0j"], ["0j"], ["0j"], ["0j"], ["0j"], ["(0.03784048371322968-0.002712715056398874j)"], ["0j"], ["0j"], ["(0.008030369136840533-0.0005756824735919414j)"], ["0j"], ["0j"], ["(-0.008030369136840573+0.0005756824735919455j)"], ["0j"], ["0j"], ["(0.058453400388697556-0.004190417345978448j)"], ["0j"], ["0j"], ["0j"], ["0j"], ["0j"], ["0j"], ["0j"], ["0j"], ["0j"], ["0j"], ["0j"], ["0j"], ["0j"], ["0j"], ["(-0.0027137339478410733+0.00019454262252984367j)"], ["0j"], ["0j"], ["(0.0007288575116002662-5.2250461719029115e-05j)"], ["0j"], ["0j"], ["0j"], ["0j"], ["0j"], ["0j"], ["0j"], ["0j"], ["0j"], ["0j"], ["0j"], ["(-0.009099770561003476+0.0006523459054509708j)"], ["0j"], ["0j"], ["0j"], ["0j"], ["0j"], ["0j"], ["0j"], ["0j"], ["(0.0088691405233504-0.0006358124599394725j)"], ["0j"], ["0j"], ["(0.00019477526122215142-1.3963082177676937e-05j)"], ["0j"], ["0j"], ["(0.008904995299781306-0.0006383828232732899j)"], ["0j"], ["0j"], ["(-0.05052502162262571+0.0036220463754975036j)"], ["0j"], ["0j"], ["0j"], ["0j"], ["0j"], ["(0.0008881245982648383-6.366802781723727e-05j)"], ["0j"], ["0j"], ["0j"], ["0j"], ["0j"], ["(0.008644229697590615-0.0006196890142666845j)"], ["0j"], ["0j"], ["0j"], ["0j"], ["0j"], ["0j"], ["0j"], ["0j"], ["0j"], ["0j"], ["0j"], ["0j"], ["0j"], ["0j"], ["(0.0027137339478410833-0.00019454262252982507j)"], ["0j"], ["0j"], ["0j"], ["0j"], ["0j"], ["(-0.0007288575116002699+5.225046171906938e-05j)"], ["0j"], ["0j"], ["0j"], ["0j"], ["0j"], ["(-0.008869140523350404+0.0006358124599395392j)"], ["0j"], ["0j"], ["(0.008904995299781284-0.0006383828232732898j)"], ["0j"], ["0j"], ["(0.00019477526122221758-1.3963082177709909e-05j)"], ["0j"], ["0j"], ["(0.050525021622625774-0.003622046375497572j)"], ["0j"], ["0j"], ["0j"], ["0j"], ["0j"], ["0j"], ["0j"], ["0j"], ["(-0.009099770561003489+0.0006523459054509504j)"], ["0j"], ["0j"], ["0j"], ["0j"], ["0j"], ["0j"], ["0j"], ["0j"], ["0j"], ["0j"], ["0j"], ["(-0.0008881245982648861+6.366802781722075e-05j)"], ["0j"], ["0j"], ["(-0.008644229697590638+0.0006196890142665775j)"], ["0j"], ["0j"], ["0j"], ["0j"], ["0j"], ["0j"], ["0j"], ["0j"], ["0j"], ["0j"], ["0j"], ["0j"], ["0j"], ["0j"], ["(0.03440628831141563-0.0024665238701625522j)"], ["0j"], ["0j"], ["(-0.05065339281768944+0.0036312490716441477j)"], ["0j"], ["0j"], ["(0.050653392817689664-0.0036312490716441507j)"], ["0j"], ["0j"], ["(0.13380424252245834-0.009592181380435452j)"], ["0j"], ["0j"], ["0j"], ["0j"], ["0j"], ["(0.008557423895526634-0.0006134660651095191j)"], ["0j"], ["0j"], ["0j"], ["0j"], ["0j"], ["(0.06456991100572197-0.004628898803276122j)"], ["0j"], ["0j"], ["0j"], ["0j"], ["0j"], ["0j"], ["0j"], ["0j"], ["(-0.00855742389552672+0.0006134660651088566j)"], ["0j"], ["0j"], ["(-0.06456991100572113+0.004628898803275087j)"], ["0j"], ["0j"], ["0j"], ["0j"], ["0j"], ["0j"], ["0j"], ["0j"], ["0j"], ["0j"], ["0j"], ["(-0.9753643722823487+0.06992208763019364j)"], ["0j"], ["0j"], ["0j"], ["0j"], ["0j"], ["0j"], ["0j"], ["0j"], ["0j"], ["0j"], ["0j"], ["0j"], ["0j"], ["0j"], ["0j"]]}