{"geometry": [["H", [0.0, 0.0, 0.0]], ["H", [0.413, 0.0, 0.0]], ["H", [-0.3051, 1.1222, 0.0]], ["H", [0.1887, 0.2988, -0.4119]]], "multiplicity": 1, "canonical_orbitals": [[0.3978370003987013, 0.19198667113998752, 1.0310821425454262, 1.8586040829160653], [0.3786522646532545, 0.6093189865673505, 0.3395083311680592, -1.9825560298806764], [-0.02117384106893777, -0.9397984391030251, 0.5304088667484266, -0.3967587230202915], [0.2998396933691864, -0.42515157868011944, -1.6917863202520294, 0.30258376569448386]], "canonical_to_oao": [[0.5930255708955361, 0.591450967230753, 0.1447558867714541, 0.5268321923258278], [0.11866624785166108, 0.33257572836371424, -0.8987267278335462, -0.26000379843717925], [0.45186861221168106, 0.1726381526786402, 0.35498970427327875, -0.799995709611974], [0.6557848360420672, -0.7139854385804083, -0.21288098032137096, 0.12187177905419488]], "orbital_energies": [-1.1638910361175667, -0.1697329693581699, 0.6152889139515757, 0.9234663366663237], "exact_energy": -1.2565332136494551, "ground_states": [["0j"], ["0j"], ["0j"], ["0j"], ["0j"], ["0j"], ["0j"], ["0j"], ["0j"], ["0j"], ["0j"], ["0j"], ["0j"], ["0j"], ["0j"], ["(-0.005556981298245903-0.0024292175624507704j)"], ["0j"], ["0j"], ["0j"], ["0j"], ["0j"], ["0j"], ["0j"], ["0j"], ["0j"], ["0j"], ["0j"], ["(-0.0021216811323121086-0.0009274864880614305j)"], ["0j"], ["0j"], ["(0.0007215334118790064+0.00031541614807751905j)"], ["0j"], ["0j"], ["0j"], ["0j"], ["0j"], ["0j"], ["0j"], ["0j"], ["(0.0021216811323121107+0.0009274864880614098j)"], ["0j"], ["0j"], ["0j"], ["0j"], ["0j"], ["(-0.0007215334118789927-0.0003154161480775452j)"], ["0j"], ["0j"], ["0j"], ["0j"], ["0j"], ["(0.03937233256846712+0.017211496065348147j)"], ["0j"], ["0j"], ["(-0.006116378520514251-0.002673756365766406j)"], ["0j"], ["0j"], ["(0.006116378520514255+0.0026737563657664373j)"], ["0j"], ["0j"], ["(0.04083350777403535+0.01785024438582646j)"], ["0j"], ["0j"], ["0j"], ["0j"], ["0j"], ["0j"], ["0j"], ["0j"], ["0j"], ["0j"], ["0j"], ["0j"], ["0j"], ["0j"], ["(-0.0014030818893645267-0.0006133530030552444j)"], ["0j"], ["0j"], ["(-0.00226653787845457-0.0009908101763883763j)"], ["0j"], ["0j"], ["0j"], ["0j"], ["0j"], ["0j"], ["0j"], ["0j"], ["0j"], ["0j"], ["0j"], ["(0.0001269260792408299+5.5485351538247135e-05j)"], ["0j"], ["0j"], ["0j"], ["0j"], ["0j"], ["0j"], ["0j"], ["0j"], ["(0.019816899107489645+0.00866289749084176j)"], ["0j"], ["0j"], ["(-0.0019231629229063834-0.0008407048534161281j)"], ["0j"], ["0j"], ["(0.001796236843665523+0.0007852195018778443j)"], ["0j"], ["0j"], ["(-0.01157819609621473-0.005061373394814589j)"], ["0j"], ["0j"], ["0j"], ["0j"], ["0j"], ["(0.0027759698295726476+0.0012135068125854293j)"], ["0j"], ["0j"], ["0j"], ["0j"], ["0j"], ["(-0.002112254024797947-0.0009233654565323557j)"], ["0j"], ["0j"], ["0j"], ["0j"], ["0j"], ["0j"], ["0j"], ["0j"], ["0j"], ["0j"], ["0j"], ["0j"], ["0j"], ["0j"], ["(0.0014030818893645467+0.0006133530030552398j)"], ["0j"], ["0j"], ["0j"], ["0j"], ["0j"], ["(0.002266537878454569+0.0009908101763883364j)"], ["0j"], ["0j"], ["0j"], ["0j"], ["0j"], ["(-0.01981689910748968-0.0086628974908417j)"], ["0j"], ["0j"], ["(0.0017962368436655017+0.0007852195018778917j)"], ["0j"], ["0j"], ["(-0.001923162922906386-0.0008407048534162361j)"], ["0j"], ["0j"], ["(0.011578196096214754+0.005061373394814485j)"], ["0j"], ["0j"], ["0j"], ["0j"], ["0j"], ["0j"], ["0j"], ["0j"], ["(0.00012692607924074973+5.5485351538255145e-05j)"], ["0j"], ["0j"], ["0j"], ["0j"], ["0j"], ["0j"], ["0j"], ["0j"], ["0j"], ["0j"], ["0j"], ["(-0.002775969829572663-0.0012135068125854534j)"], ["0j"], ["0j"], ["(0.0021122540247979606+0.0009233654565323085j)"], ["0j"], ["0j"], ["0j"], ["0j"], ["0j"], ["0j"], ["0j"], ["0j"], ["0j"], ["0j"], ["0j"], ["0j"], ["0j"], ["0j"], ["(0.030753544235378086+0.013443818820799144j)"], ["0j"], ["0j"], ["(0.03487375684874123+0.015244957299449836j)"], ["0j"], ["0j"], ["(-0.03487375684874118-0.015244957299449961j)"], ["0j"], ["0j"], ["(0.07118918218341072+0.031120135615902947j)"], ["0j"], ["0j"], ["0j"], ["0j"], ["0j"], ["(-0.006914487314742103-0.0030226472105667253j)"], ["0j"], ["0j"], ["0j"], ["0j"], ["0j"], ["(0.029495330143046054+0.012893794336934225j)"], ["0j"], ["0j"], ["0j"], ["0j"], ["0j"], ["0j"], ["0j"], ["0j"], ["(0.006914487314742097+0.0030226472105672458j)"], ["0j"], ["0j"], ["(-0.029495330143046204-0.012893794336933974j)"], ["0j"], ["0j"], ["0j"], ["0j"], ["0j"], ["0j"], ["0j"], ["0j"], ["0j"], ["0j"], ["0j"], ["(-0.9082075663209974-0.39702018992830684j)"], ["0j"], ["0j"], ["0j"], ["0j"], ["0j"], ["0j"], ["0j"], ["0j"], ["0j"], ["0j"], ["0j"], ["0j"], ["0j"], ["0j"], ["0j"]]}