{"geometry": [["H", [0.0, 0.0, 0.0]], ["H", [1.0476, 0.0, 0.0]], ["H", [0.1067, 0.4521, 0.0]], ["H", [-0.1041, -0.4485, -0.4815]]], "multiplicity": 1, "canonical_orbitals": [[0.5119450725788173, 0.28000718063547264, 0.20943883668515734, 2.3256060497982927], [0.09717069642501505, -0.8171270347741217, -0.800346381333169, 0.04271091203501545], [0.3443066623678351, -0.41480244822474693, 0.8482190512824572, -1.6677207685427815], [0.1827881341244172, 0.7559912143954675, -0.7082156514923342, -1.0584923160950255]], "canonical_to_oao": [[0.6460116952444491, 0.2823643188257244, 0.5730532437835105, 0.4177909295935919], [0.15209838289573177, -0.7172567821266655, -0.2723203625100736, 0.6230974326509349], [0.13907804875112795, -0.6366973450286545, 0.5430084542432845, -0.5295428271720444], [0.7349777329167708, 0.020726571854723545, -0.5500849194187203, -0.39596050657076237]], "orbital_energies": [-0.9409297231287506, -0.17624362986339778, 0.29340477292680556, 1.3913617141188999], "exact_energy": -1.6006163160823217, "ground_states": [["0j"], ["0j"], ["0j"], ["0j"], ["0j"], ["0j"], ["0j"], ["0j"], ["0j"], ["0j"], ["0j"], ["0j"], ["0j"], ["0j"], ["0j"], ["(0.008559410346706113+0.0173119295858666j)"], ["0j"], ["0j"], ["0j"], ["0j"], ["0j"], ["0j"], ["0j"], ["0j"], ["0j"], ["0j"], ["0j"], ["(-0.0005893756745981102-0.0011920482562421673j)"], ["0j"], ["0j"], ["(-0.0009204680161255298-0.001861702714993596j)"], ["0j"], ["0j"], ["0j"], ["0j"], ["0j"], ["0j"], ["0j"], ["0j"], ["(0.0005893756745969294+0.001192048256242752j)"], ["0j"], ["0j"], ["0j"], ["0j"], ["0j"], ["(0.0009204680161254796+0.0018617027149936197j)"], ["0j"], ["0j"], ["0j"], ["0j"], ["0j"], ["(-0.014838865741341786-0.030012511194430058j)"], ["0j"], ["0j"], ["(-0.0019835683286997027-0.004011887950717895j)"], ["0j"], ["0j"], ["(0.0019835683286993223+0.004011887950718079j)"], ["0j"], ["0j"], ["(-0.01195530398277811-0.02418033162846717j)"], ["0j"], ["0j"], ["0j"], ["0j"], ["0j"], ["0j"], ["0j"], ["0j"], ["0j"], ["0j"], ["0j"], ["0j"], ["0j"], ["0j"], ["(0.002732344696104489+0.005526333832268897j)"], ["0j"], ["0j"], ["(0.00023132126157449526+0.00046786136309517955j)"], ["0j"], ["0j"], ["0j"], ["0j"], ["0j"], ["0j"], ["0j"], ["0j"], ["0j"], ["0j"], ["0j"], ["(0.0099393774586497+0.02010299725350933j)"], ["0j"], ["0j"], ["0j"], ["0j"], ["0j"], ["0j"], ["0j"], ["0j"], ["(-0.0029213659915199495-0.005908640933332094j)"], ["0j"], ["0j"], ["(0.0079787969165054+0.0161376035034504j)"], ["0j"], ["0j"], ["(-0.017918174375154482-0.036240600756960104j)"], ["0j"], ["0j"], ["(0.012946210744690434+0.02618450100386986j)"], ["0j"], ["0j"], ["0j"], ["0j"], ["0j"], ["(-0.00020266443000448078-0.00040990117305898175j)"], ["0j"], ["0j"], ["0j"], ["0j"], ["0j"], ["(-0.015549822797769704-0.031450465212393815j)"], ["0j"], ["0j"], ["0j"], ["0j"], ["0j"], ["0j"], ["0j"], ["0j"], ["0j"], ["0j"], ["0j"], ["0j"], ["0j"], ["0j"], ["(-0.0027323446961042665-0.005526333832269026j)"], ["0j"], ["0j"], ["0j"], ["0j"], ["0j"], ["(-0.00023132126157537707-0.0004678613630947472j)"], ["0j"], ["0j"], ["0j"], ["0j"], ["0j"], ["(0.002921365991519488+0.005908640933332309j)"], ["0j"], ["0j"], ["(-0.01791817437515596-0.036240600756959354j)"], ["0j"], ["0j"], ["(0.007978796916505644+0.0161376035034503j)"], ["0j"], ["0j"], ["(-0.012946210744689534-0.026184501003870198j)"], ["0j"], ["0j"], ["0j"], ["0j"], ["0j"], ["0j"], ["0j"], ["0j"], ["(0.00993937745864959+0.02010299725350939j)"], ["0j"], ["0j"], ["0j"], ["0j"], ["0j"], ["0j"], ["0j"], ["0j"], ["0j"], ["0j"], ["0j"], ["(0.00020266443000547713+0.00040990117305849804j)"], ["0j"], ["0j"], ["(0.015549822797769045+0.03145046521239435j)"], ["0j"], ["0j"], ["0j"], ["0j"], ["0j"], ["0j"], ["0j"], ["0j"], ["0j"], ["0j"], ["0j"], ["0j"], ["0j"], ["0j"], ["(-0.002636361185453196-0.005332201326583349j)"], ["0j"], ["0j"], ["(0.013533652895906226+0.027372638591119183j)"], ["0j"], ["0j"], ["(-0.01353365289590476-0.02737263859111992j)"], ["0j"], ["0j"], ["(-0.20559808626791382-0.41583467181577055j)"], ["0j"], ["0j"], ["0j"], ["0j"], ["0j"], ["(0.003262338239428405+0.0065982781054530594j)"], ["0j"], ["0j"], ["0j"], ["0j"], ["0j"], ["(0.014236620894329814+0.028794434251866986j)"], ["0j"], ["0j"], ["0j"], ["0j"], ["0j"], ["0j"], ["0j"], ["0j"], ["(-0.0032623382394279033-0.006598278105453438j)"], ["0j"], ["0j"], ["(-0.014236620894299236-0.028794434251881988j)"], ["0j"], ["0j"], ["0j"], ["0j"], ["0j"], ["0j"], ["0j"], ["0j"], ["0j"], ["0j"], ["0j"], ["(0.38871511454447977+0.7862000324059453j)"], ["0j"], ["0j"], ["0j"], ["0j"], ["0j"], ["0j"], ["0j"], ["0j"], ["0j"], ["0j"], ["0j"], ["0j"], ["0j"], ["0j"], ["0j"]]}