{"geometry": [["H", [0.0, 0.0, 0.0]], ["H", [0.5234, 0.0, 0.0]], ["H", [-0.212, -0.9403, 0.0]], ["H", [0.4733, -0.4591, -0.3545]]], "multiplicity": 1, "canonical_orbitals": [[0.3422167213390011, 0.20529729603104296, 1.1514865057617303, 1.32405721663242], [0.40948256355080126, 0.7123922112372097, -0.18907707425855597, -1.8596528977242892], [0.05666890955024016, -0.9684129043736938, 0.3270872033091351, -0.7806956793395563], [0.3108930796300849, -0.3523754627133069, -1.1907749264365808, 1.1372708347489067]], "canonical_to_oao": [[0.5517800932502647, 0.660237542503358, 0.09137126927543487, 0.5012747822430847], [0.1617145089775596, 0.5611576911477845, -0.7628274718954109, -0.2775692911211369], [0.6777435262315378, -0.11128724687291508, 0.192517440236348, -0.7008679594185568], [0.49640991625262304, -0.6972131775137205, -0.29269511312011726, 0.4263807581292648]], "orbital_energies": [-1.0395688511121735, -0.17361524198764286, 0.4224894568298166, 1.1609510390749809], "exact_energy": -1.4746866047746823, "ground_states": [["0j"], ["0j"], ["0j"], ["0j"], ["0j"], ["0j"], ["0j"], ["0j"], ["0j"], ["0j"], ["0j"], ["0j"], ["0j"], ["0j"], ["0j"], ["(0.005990144117284086+0.005067543066699985j)"], ["0j"], ["0j"], ["0j"], ["0j"], ["0j"], ["0j"], ["0j"], ["0j"], ["0j"], ["0j"], ["0j"], ["(0.0035830592927930133+0.0030311970665908793j)"], ["0j"], ["0j"], ["(-0.0007831736543594852-0.0006625493718456568j)"], ["0j"], ["0j"], ["0j"], ["0j"], ["0j"], ["0j"], ["0j"], ["0j"], ["(-0.003583059292793024-0.0030311970665908797j)"], ["0j"], ["0j"], ["0j"], ["0j"], ["0j"], ["(0.0007831736543594853+0.0006625493718456629j)"], ["0j"], ["0j"], ["0j"], ["0j"], ["0j"], ["(-0.02194100494928925-0.018561654833375296j)"], ["0j"], ["0j"], ["(0.006318673924130858+0.0053454727645993565j)"], ["0j"], ["0j"], ["(-0.00631867392413083-0.005345472764599355j)"], ["0j"], ["0j"], ["(-0.048184597328224714-0.04076321326023202j)"], ["0j"], ["0j"], ["0j"], ["0j"], ["0j"], ["0j"], ["0j"], ["0j"], ["0j"], ["0j"], ["0j"], ["0j"], ["0j"], ["0j"], ["(0.0020374856186600706+0.0017236724055686064j)"], ["0j"], ["0j"], ["(0.0032766403943046375+0.002771972758437721j)"], ["0j"], ["0j"], ["0j"], ["0j"], ["0j"], ["0j"], ["0j"], ["0j"], ["0j"], ["0j"], ["0j"], ["(0.007035627451267936+0.00595200122275548j)"], ["0j"], ["0j"], ["0j"], ["0j"], ["0j"], ["0j"], ["0j"], ["0j"], ["(-0.011611151018563085-0.009822803373085413j)"], ["0j"], ["0j"], ["(0.014243608167918123+0.012049809888188566j)"], ["0j"], ["0j"], ["(-0.021279235619185946-0.018001811110944135j)"], ["0j"], ["0j"], ["(0.005867627828385301+0.004963896717261409j)"], ["0j"], ["0j"], ["0j"], ["0j"], ["0j"], ["(-0.004254985186247892-0.003599633040090847j)"], ["0j"], ["0j"], ["0j"], ["0j"], ["0j"], ["(-0.0009100547807508051-0.0007698882871954938j)"], ["0j"], ["0j"], ["0j"], ["0j"], ["0j"], ["0j"], ["0j"], ["0j"], ["0j"], ["0j"], ["0j"], ["0j"], ["0j"], ["0j"], ["(-0.0020374856186600484-0.0017236724055685884j)"], ["0j"], ["0j"], ["0j"], ["0j"], ["0j"], ["(-0.0032766403943046553-0.0027719727584377568j)"], ["0j"], ["0j"], ["0j"], ["0j"], ["0j"], ["(0.011611151018563078+0.009822803373085396j)"], ["0j"], ["0j"], ["(-0.02127923561918596-0.018001811110944104j)"], ["0j"], ["0j"], ["(0.014243608167918092+0.012049809888188523j)"], ["0j"], ["0j"], ["(-0.005867627828385133-0.004963896717261407j)"], ["0j"], ["0j"], ["0j"], ["0j"], ["0j"], ["0j"], ["0j"], ["0j"], ["(0.007035627451267974+0.005952001222755519j)"], ["0j"], ["0j"], ["0j"], ["0j"], ["0j"], ["0j"], ["0j"], ["0j"], ["0j"], ["0j"], ["0j"], ["(0.004254985186247879+0.0035996330400908366j)"], ["0j"], ["0j"], ["(0.0009100547807507463+0.0007698882871954735j)"], ["0j"], ["0j"], ["0j"], ["0j"], ["0j"], ["0j"], ["0j"], ["0j"], ["0j"], ["0j"], ["0j"], ["0j"], ["0j"], ["0j"], ["(-0.04184332810058554-0.03539862531720096j)"], ["0j"], ["0j"], ["(-0.024340875605801206-0.02059189779051759j)"], ["0j"], ["0j"], ["(0.024340875605801213+0.02059189779051751j)"], ["0j"], ["0j"], ["(-0.05680894877870482-0.04805924346283731j)"], ["0j"], ["0j"], ["0j"], ["0j"], ["0j"], ["(0.0036280120486412784+0.003069226206085271j)"], ["0j"], ["0j"], ["0j"], ["0j"], ["0j"], ["(-0.06151991138756735-0.0520446243549495j)"], ["0j"], ["0j"], ["0j"], ["0j"], ["0j"], ["0j"], ["0j"], ["0j"], ["(-0.0036280120486412255-0.003069226206085431j)"], ["0j"], ["0j"], ["(0.06151991138756798+0.05204462435495027j)"], ["0j"], ["0j"], ["0j"], ["0j"], ["0j"], ["0j"], ["0j"], ["0j"], ["0j"], ["0j"], ["0j"], ["(0.7512238940410764+0.6355205085638637j)"], ["0j"], ["0j"], ["0j"], ["0j"], ["0j"], ["0j"], ["0j"], ["0j"], ["0j"], ["0j"], ["0j"], ["0j"], ["0j"], ["0j"], ["0j"]]}