{"geometry": [["H", [0.0, 0.0, 0.0]], ["H", [1.0343, 0.0, 0.0]], ["H", [0.55, -0.7207, 0.0]], ["H", [-0.4284, -0.1818, 0.209]]], "multiplicity": 1, "canonical_orbitals": [[0.4402684466128671, 0.3279279875825943, 0.38730662068028476, 1.843335619460987], [0.1979802608444266, -0.6462289883314691, 0.940778122017034, -0.5820640484474535], [0.27296305871218984, -0.5107899084254721, -1.197338679145701, -0.0076536152129476065], [0.3065069005483352, 0.6019207497573532, -0.0715141307961342, -1.6158473322635332]], "canonical_to_oao": [[0.6118469887114875, 0.3757595360209011, 0.46113373875680586, 0.5213479725425363], [0.2779274900049107, -0.6351290847656385, -0.4694325866185863, 0.546809292719973], [0.20809320660615838, 0.6236892299591835, -0.7529535436525002, -0.027747484542390042], [0.7107016181694137, -0.25773544809947724, 0.007048595739542057, -0.6545425624223686]], "orbital_energies": [-0.8504627390849511, -0.3565316711731489, 0.49886154008269845, 1.166635091918876], "exact_energy": -1.9261617462825598, "ground_states": [["0j"], ["0j"], ["0j"], ["0j"], ["0j"], ["0j"], ["0j"], ["0j"], ["0j"], ["0j"], ["0j"], ["0j"], ["0j"], ["0j"], ["0j"], ["(0.006060963546340135+0.008635668742415626j)"], ["0j"], ["0j"], ["0j"], ["0j"], ["0j"], ["0j"], ["0j"], ["0j"], ["0j"], ["0j"], ["0j"], ["(0.0010311309608718366+0.0014691567339181308j)"], ["0j"], ["0j"], ["(0.0014189832552771728+0.0020217691873444j)"], ["0j"], ["0j"], ["0j"], ["0j"], ["0j"], ["0j"], ["0j"], ["0j"], ["(-0.001031130960871835-0.0014691567339181328j)"], ["0j"], ["0j"], ["0j"], ["0j"], ["0j"], ["(-0.0014189832552771711-0.0020217691873444226j)"], ["0j"], ["0j"], ["0j"], ["0j"], ["0j"], ["(-0.020991160850064434-0.029908233275776748j)"], ["0j"], ["0j"], ["(0.0047737404248647565+0.006801631565050962j)"], ["0j"], ["0j"], ["(-0.004773740424864779-0.006801631565051001j)"], ["0j"], ["0j"], ["(-0.025686821941406902-0.036598617304891994j)"], ["0j"], ["0j"], ["0j"], ["0j"], ["0j"], ["0j"], ["0j"], ["0j"], ["0j"], ["0j"], ["0j"], ["0j"], ["0j"], ["0j"], ["(-4.5296063953888356e-05-6.453789082384714e-05j)"], ["0j"], ["0j"], ["(-5.876446375660127e-06-8.372768437714253e-06j)"], ["0j"], ["0j"], ["0j"], ["0j"], ["0j"], ["0j"], ["0j"], ["0j"], ["0j"], ["0j"], ["0j"], ["(0.001274597608074092+0.00181604832945248j)"], ["0j"], ["0j"], ["0j"], ["0j"], ["0j"], ["0j"], ["0j"], ["0j"], ["(-0.015541005001668261-0.02214284413567729j)"], ["0j"], ["0j"], ["(0.007051266496767682+0.010046653673960518j)"], ["0j"], ["0j"], ["(-0.008325864104841773-0.011862702003413082j)"], ["0j"], ["0j"], ["(0.03602028258507975+0.051321745467481285j)"], ["0j"], ["0j"], ["0j"], ["0j"], ["0j"], ["(-0.0003198929873268351-0.0004557839443274363j)"], ["0j"], ["0j"], ["0j"], ["0j"], ["0j"], ["(0.0012454280673652692+0.0017744875299190515j)"], ["0j"], ["0j"], ["0j"], ["0j"], ["0j"], ["0j"], ["0j"], ["0j"], ["0j"], ["0j"], ["0j"], ["0j"], ["0j"], ["0j"], ["(4.529606395388311e-05+6.453789082384168e-05j)"], ["0j"], ["0j"], ["0j"], ["0j"], ["0j"], ["(5.876446375694544e-06+8.372768437713252e-06j)"], ["0j"], ["0j"], ["0j"], ["0j"], ["0j"], ["(0.015541005001668273+0.02214284413567731j)"], ["0j"], ["0j"], ["(-0.00832586410484174-0.011862702003413056j)"], ["0j"], ["0j"], ["(0.007051266496767694+0.010046653673960555j)"], ["0j"], ["0j"], ["(-0.03602028258507972-0.05132174546748123j)"], ["0j"], ["0j"], ["0j"], ["0j"], ["0j"], ["0j"], ["0j"], ["0j"], ["(0.0012745976080741485+0.0018160483294524512j)"], ["0j"], ["0j"], ["0j"], ["0j"], ["0j"], ["0j"], ["0j"], ["0j"], ["0j"], ["0j"], ["0j"], ["(0.00031989298732680804+0.00045578394432755715j)"], ["0j"], ["0j"], ["(-0.0012454280673654882-0.0017744875299189487j)"], ["0j"], ["0j"], ["0j"], ["0j"], ["0j"], ["0j"], ["0j"], ["0j"], ["0j"], ["0j"], ["0j"], ["0j"], ["0j"], ["0j"], ["(-0.02389342467549621-0.034043382548314294j)"], ["0j"], ["0j"], ["(-0.012609152721023649-0.017965537193676006j)"], ["0j"], ["0j"], ["(0.012609152721023606+0.017965537193676103j)"], ["0j"], ["0j"], ["(-0.06755139416505498-0.09624731424923605j)"], ["0j"], ["0j"], ["0j"], ["0j"], ["0j"], ["(-0.00332604221386065-0.0047389492714462874j)"], ["0j"], ["0j"], ["0j"], ["0j"], ["0j"], ["(-0.00825604394009204-0.01176322214188427j)"], ["0j"], ["0j"], ["0j"], ["0j"], ["0j"], ["0j"], ["0j"], ["0j"], ["(0.0033260422138606132+0.004738949271446321j)"], ["0j"], ["0j"], ["(0.008256043940091868+0.011763222141884357j)"], ["0j"], ["0j"], ["0j"], ["0j"], ["0j"], ["0j"], ["0j"], ["0j"], ["0j"], ["0j"], ["0j"], ["(0.5656010707964414+0.8058691411703018j)"], ["0j"], ["0j"], ["0j"], ["0j"], ["0j"], ["0j"], ["0j"], ["0j"], ["0j"], ["0j"], ["0j"], ["0j"], ["0j"], ["0j"], ["0j"]]}