{"geometry": [["H", [0.0, 0.0, 0.0]], ["H", [0.6975, 0.0, 0.0]], ["H", [0.5697, 1.0759, 0.0]], ["H", [1.0368, 0.6705, -0.7992]]], "multiplicity": 1, "canonical_orbitals": [[0.32973452199231906, 0.596838063596844, 0.15154880190228903, 1.2048783853851486], [0.41323060016961266, 0.3827235893762621, -0.34973596242808197, -1.3418418773911216], [0.29258252298870113, -0.5336028917425952, 1.0401664488287696, -0.13887405486237395], [0.24733720632617356, -0.6389888964326964, -0.8543236528902871, 0.49754028974966946]], "canonical_to_oao": [[0.5160580394316279, 0.5906749431049012, 0.46265441879046504, 0.41320467119778], [0.5445949593367636, 0.3251858784270508, -0.4847761294654681, -0.6022147283462072], [0.10486827291070558, -0.23256209712542447, 0.7379455506858335, -0.6247830667842498], [0.6527657125950279, -0.7009080731738501, -0.07987087890539227, 0.2761257686687449]], "orbital_energies": [-0.7471899626135685, -0.2827281843968912, 0.39377250277244774, 0.7824830412970489], "exact_energy": -1.9812529921979545, "ground_states": [["0j"], ["0j"], ["0j"], ["0j"], ["0j"], ["0j"], ["0j"], ["0j"], ["0j"], ["0j"], ["0j"], ["0j"], ["0j"], ["0j"], ["0j"], ["(-0.019601640874443115+0.012482273670498693j)"], ["0j"], ["0j"], ["0j"], ["0j"], ["0j"], ["0j"], ["0j"], ["0j"], ["0j"], ["0j"], ["0j"], ["(0.002979763000271082-0.0018975052895241853j)"], ["0j"], ["0j"], ["(0.003385018368393273-0.002155570848613994j)"], ["0j"], ["0j"], ["0j"], ["0j"], ["0j"], ["0j"], ["0j"], ["0j"], ["(-0.0029797630002710014+0.001897505289524225j)"], ["0j"], ["0j"], ["0j"], ["0j"], ["0j"], ["(-0.003385018368393283+0.0021555708486139863j)"], ["0j"], ["0j"], ["0j"], ["0j"], ["0j"], ["(0.042599907924272554-0.027127510010761947j)"], ["0j"], ["0j"], ["(-0.0071796164576499845+0.004571960992839556j)"], ["0j"], ["0j"], ["(0.0071796164576499975-0.004571960992839563j)"], ["0j"], ["0j"], ["(0.04784951209444459-0.030470444223953938j)"], ["0j"], ["0j"], ["0j"], ["0j"], ["0j"], ["0j"], ["0j"], ["0j"], ["0j"], ["0j"], ["0j"], ["0j"], ["0j"], ["0j"], ["(-4.975531453633819e-05+3.168405423717784e-05j)"], ["0j"], ["0j"], ["(-0.0012374095235020495+0.0007879791499992624j)"], ["0j"], ["0j"], ["0j"], ["0j"], ["0j"], ["0j"], ["0j"], ["0j"], ["0j"], ["0j"], ["0j"], ["(-0.0041726410760355905+0.00265712693000861j)"], ["0j"], ["0j"], ["0j"], ["0j"], ["0j"], ["0j"], ["0j"], ["0j"], ["(0.03714036736796182-0.023650888855646934j)"], ["0j"], ["0j"], ["(-0.024738050333995065+0.01575312578785685j)"], ["0j"], ["0j"], ["(0.02891069141003064-0.01841025271786543j)"], ["0j"], ["0j"], ["(-0.0714548650831728+0.045502271303195944j)"], ["0j"], ["0j"], ["0j"], ["0j"], ["0j"], ["(-4.121403440607892e-05+2.6244989376978373e-05j)"], ["0j"], ["0j"], ["0j"], ["0j"], ["0j"], ["(0.001055555073510902-0.000672174711609006j)"], ["0j"], ["0j"], ["0j"], ["0j"], ["0j"], ["0j"], ["0j"], ["0j"], ["0j"], ["0j"], ["0j"], ["0j"], ["0j"], ["0j"], ["(4.975531453626853e-05-3.168405423721899e-05j)"], ["0j"], ["0j"], ["0j"], ["0j"], ["0j"], ["(0.0012374095235021159-0.0007879791499992427j)"], ["0j"], ["0j"], ["0j"], ["0j"], ["0j"], ["(-0.03714036736796189+0.02365088885564692j)"], ["0j"], ["0j"], ["(0.0289106914100306-0.018410252717865463j)"], ["0j"], ["0j"], ["(-0.024738050333995107+0.015753125787856835j)"], ["0j"], ["0j"], ["(0.07145486508317293-0.04550227130319594j)"], ["0j"], ["0j"], ["0j"], ["0j"], ["0j"], ["0j"], ["0j"], ["0j"], ["(-0.004172641076035575+0.002657126930008637j)"], ["0j"], ["0j"], ["0j"], ["0j"], ["0j"], ["0j"], ["0j"], ["0j"], ["0j"], ["0j"], ["0j"], ["(4.1214034405986444e-05-2.6244989376994876e-05j)"], ["0j"], ["0j"], ["(-0.0010555550735106536+0.0006721747116091865j)"], ["0j"], ["0j"], ["0j"], ["0j"], ["0j"], ["0j"], ["0j"], ["0j"], ["0j"], ["0j"], ["0j"], ["0j"], ["0j"], ["0j"], ["(0.05566395485811536-0.03544666094904265j)"], ["0j"], ["0j"], ["(0.017833470841946333-0.011356307615770268j)"], ["0j"], ["0j"], ["(-0.017833470841946402+0.011356307615770342j)"], ["0j"], ["0j"], ["(0.14689079261969315-0.09353967277025588j)"], ["0j"], ["0j"], ["0j"], ["0j"], ["0j"], ["(-0.010314785651705023+0.006568428540336375j)"], ["0j"], ["0j"], ["0j"], ["0j"], ["0j"], ["(-0.022796662381409573+0.014516855014403994j)"], ["0j"], ["0j"], ["0j"], ["0j"], ["0j"], ["0j"], ["0j"], ["0j"], ["(0.01031478565170498-0.0065684285403363124j)"], ["0j"], ["0j"], ["(0.02279666238140831-0.01451685501440469j)"], ["0j"], ["0j"], ["0j"], ["0j"], ["0j"], ["0j"], ["0j"], ["0j"], ["0j"], ["0j"], ["0j"], ["(-0.8150969198096791+0.5190515878857003j)"], ["0j"], ["0j"], ["0j"], ["0j"], ["0j"], ["0j"], ["0j"], ["0j"], ["0j"], ["0j"], ["0j"], ["0j"], ["0j"], ["0j"], ["0j"]]}