{"geometry": [["H", [0.0, 0.0, 0.0]], ["H", [0.9182, 0.0, 0.0]], ["H", [-0.2903, 0.6788, 0.0]], ["H", [-0.2682, -0.4826, -0.3174]]], "multiplicity": 3, "canonical_orbitals": [[0.5177389436516002, 0.06030709851837254, 0.05102010089785369, 1.9737883319789518], [0.13172130937858878, -1.0493780763904148, -0.1797184568094468, -0.5602969146650426], [0.22394148651107207, 0.4657734925808579, -0.9088254331530574, -0.8793110212741576], [0.3154344082259208, 0.26513992222294014, 0.8724684476008674, -1.1451555058669516]], "canonical_to_oao": [[0.6543184674341422, 0.32194301484962135, 0.4363167971998173, 0.5271125978815724], [0.02844804380390145, -0.9029827765189579, 0.37702803889171954, 0.20411436011046954], [0.020646458500177767, -0.15177021622221165, -0.7272587183111979, 0.669054767459], [0.755401731352109, -0.2407085415341758, -0.372252961050828, -0.4825508836295042]], "orbital_energies": [-0.8244802050445948, 0.006583071879440158, 0.047892827862773504, 1.2097580506630665], "exact_energy": -1.8085899908931427, "ground_states": [["0j", "0j", "0j"], ["0j", "0j", "0j"], ["0j", "0j", "0j"], ["0j", "0j", "0j"], ["0j", "0j", "0j"], ["0j", "0j", "0j"], ["0j", "0j", "0j"], ["0j", "0j", "0j"], ["0j", "0j", "0j"], ["0j", "0j", "0j"], ["0j", "0j", "0j"], ["0j", "0j", "0j"], ["0j", "0j", "0j"], ["0j", "0j", "0j"], ["0j", "0j", "0j"], ["0j", "0j", "0j"], ["0j", "0j", "0j"], ["0j", "0j", "0j"], ["0j", "0j", "0j"], ["0j", "0j", "0j"], ["0j", "0j", "0j"], ["0j", "0j", "0j"], ["0j", "0j", "0j"], ["(-0.02224937064950277-0.017384541560475596j)", "(0.002383146772303206+0.011278794305171752j)", "(0.016491969801461642-0.031248568562809158j)"], ["0j", "0j", "0j"], ["0j", "0j", "0j"], ["0j", "0j", "0j"], ["(-0.0041173790018436+0.02303859572818819j)", "(0.007105015382327075-0.007419681466959224j)", "(0.022342728443961273-0.0001619889229226249j)"], ["0j", "0j", "0j"], ["(-0.0023580265874080064-0.0018424436293175354j)", "(0.00025256999576804675+0.0011953460286345404j)", "(0.001747847338389571-0.0033117770677793383j)"], ["(-0.0004363669116636071+0.0024416700193192996j)", "(0.0007530017562921367-0.0007863506094083413j)", "(0.002367920807111731-1.716786479646804e-05j)"], ["0j", "0j", "0j"], ["0j", "0j", "0j"], ["0j", "0j", "0j"], ["0j", "0j", "0j"], ["0j", "0j", "0j"], ["0j", "0j", "0j"], ["0j", "0j", "0j"], ["0j", "0j", "0j"], ["(-0.00411737900184398+0.02303859572818923j)", "(0.00710501538232737-0.007419681466959571j)", "(0.022342728443962342-0.0001619889229226071j)"], ["0j", "0j", "0j"], ["0j", "0j", "0j"], ["0j", "0j", "0j"], ["(-0.012858929363186663+0.014057065075163092j)", "(-0.04284111811593527+0.008737934776386146j)", "(-0.002739948986234692-0.001120889529563261j)"], ["0j", "0j", "0j"], ["(-0.0004363669116636758+0.0024416700193192827j)", "(0.0007530017562921475-0.000786350609408354j)", "(0.002367920807111776-1.7167864796472457e-05j)"], ["(-0.0013628114611265914+0.0014897919455937525j)", "(-0.00454037541749164+0.0009260613635476454j)", "(-0.0002903845083738262-0.00011879380113237933j)"], ["0j", "0j", "0j"], ["0j", "0j", "0j"], ["0j", "0j", "0j"], ["0j", "0j", "0j"], ["0j", "0j", "0j"], ["0j", "0j", "0j"], ["(0.0019767572771033416+0.0015445389256232014j)", "(-0.000211731954074888-0.001002070533630948j)", "(-0.0014652379086298544+0.002776295845787263j)"], ["(0.00036581074731078465-0.0020468764028147408j)", "(-0.0006312489050678907+0.0006592055822455744j)", "(-0.001985051700459635+1.439199280023964e-05j)"], ["0j", "0j", "0j"], ["0j", "0j", "0j"], ["(0.00036581074731061936-0.00204687640281412j)", "(-0.0006312489050677252+0.0006592055822453744j)", "(-0.0019850517004590296+1.4391992800217679e-05j)"], ["(0.001142458480955058-0.001248907491352566j)", "(0.003806242132822374-0.0007763265050583199j)", "(0.00024343223827557697+9.958603186120167e-05j)"], ["0j", "0j", "0j"], ["0j", "0j", "0j"], ["0j", "0j", "0j"], ["0j", "0j", "0j"], ["0j", "0j", "0j"], ["0j", "0j", "0j"], ["0j", "0j", "0j"], ["0j", "0j", "0j"], ["0j", "0j", "0j"], ["0j", "0j", "0j"], ["0j", "0j", "0j"], ["0j", "0j", "0j"], ["(0.003432593649519487+0.002682056400621352j)", "(-0.00036766767947494995-0.001740072486366442j)", "(-0.002544352004393851+0.004820974026412252j)"], ["0j", "0j", "0j"], ["0j", "0j", "0j"], ["0j", "0j", "0j"], ["(0.0006352219681641969-0.0035543539022389473j)", "(-0.0010961492378957747+0.0011446953662713518j)", "(-0.003446996725338333+2.4991365233476646e-05j)"], ["0j", "0j", "0j"], ["(-0.00018615886172283517-0.00014545519149522154j)", "(1.993961525649529e-05+9.436884946244146e-05j)", "(0.0001379871086770021-0.00026145449441064084j)"], ["(-3.444980985481347e-05+0.00019276225040317603j)", "(5.9447145581483726e-05-6.207993376506752e-05j)", "(0.00018693997958113765-1.3553495052606018e-06j)"], ["0j", "0j", "0j"], ["0j", "0j", "0j"], ["0j", "0j", "0j"], ["0j", "0j", "0j"], ["(-0.0031754083842329005-0.0024811047420981104j)", "(0.000340120372878858+0.0016096984748411815j)", "(0.002353717774990087-0.004459765095056246j)"], ["0j", "0j", "0j"], ["0j", "0j", "0j"], ["(-0.02319865341336086-0.01812626346896938j)", "(0.0024848251608891067+0.011760010839323036j)", "(0.01719560959969319-0.03258180751141628j)"], ["0j", "0j", "0j"], ["0j", "0j", "0j"], ["(0.0279741646926599+0.021857608306327624j)", "(-0.0029963337545765756-0.0141808437819593j)", "(-0.020735376591102424+0.03928886875752737j)"], ["(0.0008837369008858329-0.004944907228718799j)", "(-0.0015249906000668679+0.0015925292041939479j)", "(-0.00479554920340336+3.476862068255416e-05j)"], ["0j", "0j", "0j"], ["(-0.0019270252114279923-0.001505680785487944j)", "(0.00020640511523251846+0.0009768600345134667j)", "(0.001428374855818133-0.0027064486627588j)"], ["0j", "0j", "0j"], ["0j", "0j", "0j"], ["0j", "0j", "0j"], ["0j", "0j", "0j"], ["0j", "0j", "0j"], ["0j", "0j", "0j"], ["(-0.0005876282978733478+0.003288045814360087j)", "(0.00101402083549049-0.0010589296708510413j)", "(0.003188732317207436-2.3118900399678906e-05j)"], ["0j", "0j", "0j"], ["(0.015460153623945858+0.012079788118089069j)", "(-0.001655948646306623-0.007837160672890219j)", "(-0.01145957747338667+0.021713318462795773j)"], ["(-0.0014320556316240601+0.008012998255076271j)", "(0.002471178214704224-0.0025806214644941696j)", "(0.007770970338094663-5.634097546716851e-05j)"], ["0j", "0j", "0j"], ["0j", "0j", "0j"], ["(0.00803778016975917-0.04497501148186923j)", "(-0.013870122648492977+0.014484401007133158j)", "(-0.04361656761370973+0.00031622820046563335j)"], ["(0.011695116671255399-0.012784813685975676j)", "(0.03896373178060079-0.007947097599603834j)", "(0.0024919666452978993+0.001019442089895898j)"], ["0j", "0j", "0j"], ["(-0.00035660753135636754+0.0019953802515811745j)", "(0.000615367687698444-0.0006426210193912499j)", "(0.001935110960299158-1.4029913176399946e-05j)"], ["0j", "0j", "0j"], ["0j", "0j", "0j"], ["0j", "0j", "0j"], ["0j", "0j", "0j"], ["(0.0002066131886966079+0.00016143717601827377j)", "(-2.2130493554811885e-05-0.00010473768866344235j)", "(-0.0001531485327044432+0.00029018197838829045j)"], ["(3.8235005297184765e-05-0.00021394212903722354j)", "(-6.597893967458367e-05+6.890100718582567e-05j)", "(-0.00020748013239162556+1.504269420732785e-06j)"], ["0j", "0j", "0j"], ["(0.00041316110781653386+0.000322823353664971j)", "(-4.425399603634604e-05-0.00020944229045253185j)", "(-0.0003062486854385733+0.0005802722876290744j)"], ["0j", "0j", "0j"], ["0j", "0j", "0j"], ["0j", "0j", "0j"], ["(7.645793206990147e-05-0.0004278166732706749j)", "(-0.00013193703645244528+0.0001377802483871584j)", "(-0.0004148947213388979+3.0080636396100636e-06j)"], ["0j", "0j", "0j"], ["0j", "0j", "0j"], ["0j", "0j", "0j"], ["0j", "0j", "0j"], ["0j", "0j", "0j"], ["0j", "0j", "0j"], ["0j", "0j", "0j"], ["0j", "0j", "0j"], ["0j", "0j", "0j"], ["0j", "0j", "0j"], ["0j", "0j", "0j"], ["0j", "0j", "0j"], ["0j", "0j", "0j"], ["0j", "0j", "0j"], ["(0.0006352219681644124-0.0035543539022394877j)", "(-0.0010961492378959218+0.001144695366271564j)", "(-0.003446996725338895+2.4991365233452618e-05j)"], ["0j", "0j", "0j"], ["0j", "0j", "0j"], ["0j", "0j", 