{"geometry": [["H", [0.0, 0.0, 0.0]], ["H", [0.4611, 0.0, 0.0]], ["H", [0.0331, -1.2489, 0.0]], ["H", [-0.2251, -0.3534, -0.5206]]], "multiplicity": 1, "canonical_orbitals": [[0.48390106925164955, 0.35434978474240675, 0.1401435184014314, 2.1219069246543625], [0.3304793595886346, 0.535462164001495, -0.7002459416667409, -1.606501386892922], [0.06580400518205815, -0.8008583584199034, -0.7691622724503173, 0.21276072905122934], [0.25574983780885724, -0.5551331584539474, 1.056469318475799, -0.8810031019526559]], "canonical_to_oao": [[0.6389596546384451, 0.5620368852158141, 0.22195016172783216, 0.476007589340981], [0.23145996215118983, 0.406693559503406, -0.7714252791635555, -0.43119563222144397], [0.06216068845560645, -0.4211199292973564, -0.5878696966714583, 0.687897720373256], [0.7309534147098673, -0.5842712499036243, 0.10025160403618529, -0.3380589119491081]], "orbital_energies": [-0.9437697784216131, -0.2365557097087336, 0.39126118909104335, 1.1994081113121424], "exact_energy": -1.6626280800356203, "ground_states": [["0j"], ["0j"], ["0j"], ["0j"], ["0j"], ["0j"], ["0j"], ["0j"], ["0j"], ["0j"], ["0j"], ["0j"], ["0j"], ["0j"], ["0j"], ["(-0.008271638049622717-0.011707746454605959j)"], ["0j"], ["0j"], ["0j"], ["0j"], ["0j"], ["0j"], ["0j"], ["0j"], ["0j"], ["0j"], ["0j"], ["(0.0018686387134989808+0.0026448870395030305j)"], ["0j"], ["0j"], ["(-0.00040493337943002587-0.0005731461300569801j)"], ["0j"], ["0j"], ["0j"], ["0j"], ["0j"], ["0j"], ["0j"], ["0j"], ["(-0.0018686387134989654-0.002644887039503012j)"], ["0j"], ["0j"], ["0j"], ["0j"], ["0j"], ["(0.0004049333794300194+0.0005731461300570023j)"], ["0j"], ["0j"], ["0j"], ["0j"], ["0j"], ["(0.022558574095288053+0.0319295965684959j)"], ["0j"], ["0j"], ["(-0.004184812591750039-0.0059232191363216774j)"], ["0j"], ["0j"], ["(0.004184812591750022+0.005923219136321665j)"], ["0j"], ["0j"], ["(0.020466759650424268+0.028968824711262074j)"], ["0j"], ["0j"], ["0j"], ["0j"], ["0j"], ["0j"], ["0j"], ["0j"], ["0j"], ["0j"], ["0j"], ["0j"], ["0j"], ["0j"], ["(0.000846787865958472+0.001198550707369357j)"], ["0j"], ["0j"], ["(0.0007843969068478706+0.0011102420161591556j)"], ["0j"], ["0j"], ["0j"], ["0j"], ["0j"], ["0j"], ["0j"], ["0j"], ["0j"], ["0j"], ["0j"], ["(-0.009224294652248983-0.013056144667262638j)"], ["0j"], ["0j"], ["0j"], ["0j"], ["0j"], ["0j"], ["0j"], ["0j"], ["(0.010525997656098778+0.014898586108346696j)"], ["0j"], ["0j"], ["(-0.011062706565297854-0.015658248437758877j)"], ["0j"], ["0j"], ["(0.020287001217546837+0.02871439310502162j)"], ["0j"], ["0j"], ["(-0.023702756013550746-0.033549081332771236j)"], ["0j"], ["0j"], ["0j"], ["0j"], ["0j"], ["(-0.00043014918442852644-0.0006088367937201265j)"], ["0j"], ["0j"], ["0j"], ["0j"], ["0j"], ["(0.001939196497910323+0.0027447551243164224j)"], ["0j"], ["0j"], ["0j"], ["0j"], ["0j"], ["0j"], ["0j"], ["0j"], ["0j"], ["0j"], ["0j"], ["0j"], ["0j"], ["0j"], ["(-0.0008467878659584656-0.0011985507073693506j)"], ["0j"], ["0j"], ["0j"], ["0j"], ["0j"], ["(-0.0007843969068478709-0.0011102420161590856j)"], ["0j"], ["0j"], ["0j"], ["0j"], ["0j"], ["(-0.010525997656098804-0.0148985861083467j)"], ["0j"], ["0j"], ["(0.02028700121754677+0.02871439310502159j)"], ["0j"], ["0j"], ["(-0.011062706565297828-0.01565824843775884j)"], ["0j"], ["0j"], ["(0.023702756013550822+0.0335490813327713j)"], ["0j"], ["0j"], ["0j"], ["0j"], ["0j"], ["0j"], ["0j"], ["0j"], ["(-0.009224294652248954-0.01305614466726258j)"], ["0j"], ["0j"], ["0j"], ["0j"], ["0j"], ["0j"], ["0j"], ["0j"], ["0j"], ["0j"], ["0j"], ["(0.0004301491844285829+0.0006088367937199158j)"], ["0j"], ["0j"], ["(-0.0019391964979101368-0.002744755124316398j)"], ["0j"], ["0j"], ["0j"], ["0j"], ["0j"], ["0j"], ["0j"], ["0j"], ["0j"], ["0j"], ["0j"], ["0j"], ["0j"], ["0j"], ["(0.010894937089662568+0.015420786102998003j)"], ["0j"], ["0j"], ["(0.006481115746953135+0.009173426043677203j)"], ["0j"], ["0j"], ["(-0.0064811157469531425-0.009173426043677194j)"], ["0j"], ["0j"], ["(0.14644376747469423+0.20727774706355673j)"], ["0j"], ["0j"], ["0j"], ["0j"], ["0j"], ["(0.0011033076598802784+0.0015616309932579605j)"], ["0j"], ["0j"], ["0j"], ["0j"], ["0j"], ["(-0.03438334845333175-0.04866648220546101j)"], ["0j"], ["0j"], ["0j"], ["0j"], ["0j"], ["0j"], ["0j"], ["0j"], ["(-0.001103307659880203-0.0015616309932579824j)"], ["0j"], ["0j"], ["(0.03438334845333173+0.048666482205461034j)"], ["0j"], ["0j"], ["0j"], ["0j"], ["0j"], ["0j"], ["0j"], ["0j"], ["0j"], ["0j"], ["0j"], ["(-0.5525489447401204-0.7820824496875148j)"], ["0j"], ["0j"], ["0j"], ["0j"], ["0j"], ["0j"], ["0j"], ["0j"], ["0j"], ["0j"], ["0j"], ["0j"], ["0j"], ["0j"], ["0j"]]}