{"geometry": [["H", [0.0, 0.0, 0.0]], ["H", [1.0611, 0.0, 0.0]], ["H", [0.1254, 1.0803, 0.0]], ["H", [-0.3355, 0.0966, -0.4318]]], "multiplicity": 3, "canonical_orbitals": [[0.5065525232452381, 0.15985151225260005, 0.2501056806415669, 1.6830368095741655], [0.08548209380867725, -0.970627771428499, 0.3955469319387489, -0.46513485869050375], [0.10337162307803019, -0.26090234740669677, -1.0943234001013122, -0.04273046235912484], [0.45946290022881714, 0.4864850397832551, 0.17956279106375647, -1.4760907792977458]], "canonical_to_oao": [[0.6660939628475835, 0.24565934227903002, 0.284376250896142, 0.6442829100133668], [0.07567570675817806, -0.8900858456383461, -0.25182545837242953, 0.3722960022837173], [0.1670108986620285, 0.32286277653728673, -0.9247862021333516, 0.11241649166606672], [0.722979515472435, -0.20774576402887568, -0.022012877720579742, -0.6585269553706707]], "orbital_energies": [-0.7751639240966772, -0.03816349367654717, 0.0605239472221135, 1.0065724540838517], "exact_energy": -1.8501912272735141, "ground_states": [["0j", "0j", "0j"], ["0j", "0j", "0j"], ["0j", "0j", "0j"], ["0j", "0j", "0j"], ["0j", "0j", "0j"], ["0j", "0j", "0j"], ["0j", "0j", "0j"], ["0j", "0j", "0j"], ["0j", "0j", "0j"], ["0j", "0j", "0j"], ["0j", "0j", "0j"], ["0j", "0j", "0j"], ["0j", "0j", "0j"], ["0j", "0j", "0j"], ["0j", "0j", "0j"], ["0j", "0j", "0j"], ["0j", "0j", "0j"], ["0j", "0j", "0j"], ["0j", "0j", "0j"], ["0j", "0j", "0j"], ["0j", "0j", "0j"], ["0j", "0j", "0j"], ["0j", "0j", "0j"], ["(0.011069484570615141-0.03026250369317555j)", "(-0.04912156557270232+0.015412354552776909j)", "(0.006097855614989672-0.004476045909836375j)"], ["0j", "0j", "0j"], ["0j", "0j", "0j"], ["0j", "0j", "0j"], ["(0.018833987117169004+0.013571586593976065j)", "(0.0039201461393206455+0.01729413810879015j)", "(0.031220197586243413+0.00834025842831439j)"], ["0j", "0j", "0j"], ["(-0.0012064917950405818+0.0032983886621175884j)", "(0.005353886664275034-0.001679832443106137j)", "(-0.0006646210778736+0.00048785583736917783j)"], ["(-0.002052765038860983-0.001479202375400613j)", "(-0.0004272668815136815-0.0018849329069883878j)", "(-0.0034027702000990864-0.0009090263686703294j)"], ["0j", "0j", "0j"], ["0j", "0j", "0j"], ["0j", "0j", "0j"], ["0j", "0j", "0j"], ["0j", "0j", "0j"], ["0j", "0j", "0j"], ["0j", "0j", "0j"], ["0j", "0j", "0j"], ["(0.018833987117172973+0.013571586593975546j)", "(0.003920146139320616+0.017294138108788746j)", "(0.031220197586240388+0.008340258428313489j)"], ["0j", "0j", "0j"], ["0j", "0j", "0j"], ["0j", "0j", "0j"], ["(-0.025825033005766558+0.031864802575851676j)", "(-0.022326304193449942-0.004541189792248626j)", "(0.0174480482071261-0.03671907060267209j)"], ["0j", "0j", "0j"], ["(-0.0020527650388605123-0.0014792023754007096j)", "(-0.000427266881513665-0.0018849329069885415j)", "(-0.003402770200099382-0.0009090263686704226j)"], ["(0.0028147372381565716-0.0034730273675440985j)", "(0.0024334017226496007+0.000494956037846096j)", "(-0.0019017079672573043+0.004002106613097599j)"], ["0j", "0j", "0j"], ["0j", "0j", "0j"], ["0j", "0j", "0j"], ["0j", "0j", "0j"], ["0j", "0j", "0j"], ["0j", "0j", "0j"], ["(-0.0030818658311256453+0.0084254127192057j)", "(0.013675982250499454-0.004290968434021472j)", "(-0.0016977098385286403+0.001246180240830124j)"], ["(-0.005243588442623685-0.0037784784586236777j)", "(-0.0010914116518001757-0.004814877601232506j)", "(-0.008692045195802451-0.0023220193595290843j)"], ["0j", "0j", "0j"], ["0j", "0j", "0j"], ["(-0.005243588442622159-0.003778478458623851j)", "(-0.0010914116518001677-0.0048148776012330455j)", "(-0.008692045195803579-0.0023220193595294043j)"], ["(0.007189972243101614-0.00887151029007897j)", "(0.006215887794068034+0.0012643170117007457j)", "(-0.004857727859535491+0.010222991713766647j)"], ["0j", "0j", "0j"], ["0j", "0j", "0j"], ["0j", "0j", "0j"], ["0j", "0j", "0j"], ["0j", "0j", "0j"], ["0j", "0j", "0j"], ["0j", "0j", "0j"], ["0j", "0j", "0j"], ["0j", "0j", "0j"], ["0j", "0j", "0j"], ["0j", "0j", "0j"], ["0j", "0j", "0j"], ["(-0.0043655420205226765+0.011934813285659545j)", "(0.019372379739409636-0.006078266879196062j)", "(-0.0024048495440323874+0.0017652462840998826j)"], ["0j", "0j", "0j"], ["0j", "0j", "0j"], ["0j", "0j", "0j"], ["(-0.007427677562535179-0.005352311680206084j)", "(-0.0015460126068763576-0.006820397656369803j)", "(-0.01231250502968907-0.0032891999982977414j)"], ["0j", "0j", "0j"], ["(0.0007316024030277785-0.002000104005053421j)", "(-0.0032465337644422888+0.001018630592526387j)", "(0.00040301838742209446-0.0002958300291950263j)"], ["(0.0012447725226606508+0.0008969708843904908j)", "(0.0002590896005546506+0.001143001096209181j)", "(0.0020633997392911934+0.0005512228748413913j)"], ["0j", "0j", "0j"], ["0j", "0j", "0j"], ["0j", "0j", "0j"], ["0j", "0j", "0j"], ["(0.0034056174604915074-0.009310506764628908j)", "(-0.015112651391660745+0.004741736928886309j)", "(0.0018760551515734224-0.001377092131729969j)"], ["0j", "0j", "0j"], ["0j", "0j", "0j"], ["(0.004101038174944918-0.01121169482855407j)", "(-0.018198626534199916+0.005709990739271773j)", "(0.0022591421039386463-0.001658291768866448j)"], ["0j", "0j", "0j"], ["0j", "0j", "0j"], ["(0.00018671938354854794-0.0005104660472833536j)", "(-0.0008285795408236618+0.00025997464676590933j)", "(0.00010285825271587183-7.550166655803306e-05j)"], ["(0.007295332506500401+0.005256945129454729j)", "(0.0015184660254092834+0.006698873007189447j)", "(0.012093122974616934+0.003230593609636032j)"], ["0j", "0j", "0j"], ["(-0.0012719655900839952+0.003477385340026722j)", "(0.005644430934516418-0.0017709934485429528j)", "(-0.0007006886785096352+0.0005143307568323208j)"], ["0j", "0j", "0j"], ["0j", "0j", "0j"], ["0j", "0j", "0j"], ["0j", "0j", "0j"], ["0j", "0j", "0j"], ["0j", "0j", "0j"], ["(0.0057944301713192545+0.0041754096115467106j)", "(0.0012060650208762745+0.005320683030155478j)", "(0.009605149123377883+0.002565948716697639j)"], ["0j", "0j", "0j"], ["(-0.007958626241870322+0.021757829328075084j)", "(0.03531692720783473-0.011081019049283849j)", "(-0.0043841746566432695+0.0032181422911420074j)"], ["(-0.00656342790780868-0.004729541846342375j)", "(-0.0013661258454427136-0.006026808237604915j)", "(-0.010879879807180885-0.0029064841441256797j)"], ["0j", "0j", "0j"], ["0j", "0j", "0j"], ["(-0.013223379346319293-0.009528637603238339j)", "(-0.0027523423038762792-0.012142248333157855j)", "(-0.02191976204409673-0.005855711823408782j)"], ["(0.008564111933422614-0.010567023706613318j)", "(0.007403861521867259+0.0015059519065493338j)", "(-0.005786131534941906+0.012176798792950682j)"], ["0j", "0j", "0j"], ["(-0.002164164318973396-0.0015594756052331466j)", "(-0.0004504537646271705-0.0019872242871112875j)", "(-0.0035874314465118382-0.0009583573350270586j)"], ["0j", "0j", "0j"], ["0j", "0j", "0j"], ["0j", "0j", "0j"], ["0j", "0j", "0j"], ["(-0.000852571529876129+0.0023308175648992986j)", "(0.0037833422182457156-0.0011870593085187716j)", "(-0.00046965674485300934+0.00034474498652586617j)"], ["(-0.0014505933955385967-0.0010452833888930555j)", "(-0.00030192959482597937-0.0013319942488054129j)", "(-0.0024045791336839506-0.0006423665747424312j)"], ["0j", "0j", "0j"], ["(-0.001049954674502166+0.0028704369216193885j)", "(0.004659242899966729-0.0014618814096123579j)", "(-0.000578389351966661+0.0004245586410406171j)"], ["0j", "0j", "0j"], ["0j", "0j", "0j"], ["0j", "0j", "0j"], ["(-0.0017864276052833544-0.0012872822301573542j)", "(-0.0003718308415764651-0.0016403709705696554j)", "(-0.002961275404056808-0.000791084107620405j)"], ["0j", "0j", "0j"], ["0j", "0j", "0j"], ["0j", "0j", "0j"], ["0j", "0j", "0j"], ["0j", "0j", "0j"], ["0j", "0j", "0j"], ["0j", "0j", "0j"], ["0j", "0j", "0j"], ["0j", "0j", "0j"], ["0j", "0j", "0j"], ["0j", "0j", "0j"], ["0j", "0j", "0j"], ["0j", "0j", "0j"], ["0j", "0j", "0j"], ["(-0.007427677562536196-0.005352311680205949j)", "(-0.0015460126068763196-0.00682039765636943j)", "(-0.012312505029688234-0.003289199998297511j)"], ["0j", "0j", "0j"], ["0j", "0j", "0j"], ["0j", "0j", "0j"], 