{"geometry": [["H", [0.0, 0.0, 0.0]], ["H", [1.2938, 0.0, 0.0]], ["H", [0.3202, -0.9511, 0.0]], ["H", [-0.329, -0.1658, 0.1763]]], "multiplicity": 1, "canonical_orbitals": [[0.46103173063761727, 0.20393524700300322, 0.3644671754696648, 2.062147767389493], [0.06392937801905041, -0.7520906368395035, 0.6973065719064814, -0.4094097594584383], [0.19040975157704199, -0.5939507683612387, -1.0018333267028263, 0.05472351575016818], [0.4372628505517434, 0.4979506032739097, 0.04188533243203174, -1.970668769983054]], "canonical_to_oao": [[0.6918220387755437, 0.09593212288799279, 0.28572797442073866, 0.6561545695155029], [0.18555198971142944, -0.6842952170345075, -0.540410490484939, 0.45306403171257553], [0.28595582073411296, 0.5470969307890525, -0.7860243403453974, 0.03286264283440168], [0.715497528419497, -0.1420517363671569, 0.0189872621568905, -0.6837573216401067]], "orbital_energies": [-0.8561343747043472, -0.25125775082954377, 0.25634525051044654, 1.24548465967946], "exact_energy": -1.7236067555025045, "ground_states": [["0j"], ["0j"], ["0j"], ["0j"], ["0j"], ["0j"], ["0j"], ["0j"], ["0j"], ["0j"], ["0j"], ["0j"], ["0j"], ["0j"], ["0j"], ["(-0.021218732971332362-0.0007010236045750315j)"], ["0j"], ["0j"], ["0j"], ["0j"], ["0j"], ["0j"], ["0j"], ["0j"], ["0j"], ["0j"], ["0j"], ["(-0.005682258282126415-0.00018773020936007018j)"], ["0j"], ["0j"], ["(-0.003959377314042801-0.00013080974063404076j)"], ["0j"], ["0j"], ["0j"], ["0j"], ["0j"], ["0j"], ["0j"], ["0j"], ["(0.005682258282127347+0.00018773020936010577j)"], ["0j"], ["0j"], ["0j"], ["0j"], ["0j"], ["(0.003959377314042604+0.0001308097406340438j)"], ["0j"], ["0j"], ["0j"], ["0j"], ["0j"], ["(0.04060582262904232+0.0013415334546413014j)"], ["0j"], ["0j"], ["(-0.0105479707122522-0.00034848341131604954j)"], ["0j"], ["0j"], ["(0.01054797071225205+0.0003484834113160184j)"], ["0j"], ["0j"], ["(0.022926217570558745+0.0007574354087161022j)"], ["0j"], ["0j"], ["0j"], ["0j"], ["0j"], ["0j"], ["0j"], ["0j"], ["0j"], ["0j"], ["0j"], ["0j"], ["0j"], ["0j"], ["(-0.002638351270216719-8.716573793925852e-05j)"], ["0j"], ["0j"], ["(-0.0037218841806004-0.00012296345251248174j)"], ["0j"], ["0j"], ["0j"], ["0j"], ["0j"], ["0j"], ["0j"], ["0j"], ["0j"], ["0j"], ["0j"], ["(-0.004793337155539111-0.0001583620706881603j)"], ["0j"], ["0j"], ["0j"], ["0j"], ["0j"], ["0j"], ["0j"], ["0j"], ["(0.022224408814784737+0.0007342490806560901j)"], ["0j"], ["0j"], ["(-0.004725709997561466-0.00015612780749649588j)"], ["0j"], ["0j"], ["(0.009519047153100512+0.0003144898781847386j)"], ["0j"], ["0j"], ["(-0.07547623119328922-0.0024935805414178242j)"], ["0j"], ["0j"], ["0j"], ["0j"], ["0j"], ["(0.002458468451115815+8.122277695204483e-05j)"], ["0j"], ["0j"], ["0j"], ["0j"], ["0j"], ["(0.005568260020353334+0.00018396393959790262j)"], ["0j"], ["0j"], ["0j"], ["0j"], ["0j"], ["0j"], ["0j"], ["0j"], ["0j"], ["0j"], ["0j"], ["0j"], ["0j"], ["0j"], ["(0.0026383512702163148+8.716573793923646e-05j)"], ["0j"], ["0j"], ["0j"], ["0j"], ["0j"], ["(0.003721884180600584+0.0001229634525125013j)"], ["0j"], ["0j"], ["0j"], ["0j"], ["0j"], ["(-0.02222440881478445-0.0007342490806561321j)"], ["0j"], ["0j"], ["(0.00951904715310084+0.00031448987818462527j)"], ["0j"], ["0j"], ["(-0.004725709997561292-0.00015612780749649476j)"], ["0j"], ["0j"], ["(0.07547623119328829+0.0024935805414177904j)"], ["0j"], ["0j"], ["0j"], ["0j"], ["0j"], ["0j"], ["0j"], ["0j"], ["(-0.004793337155539487-0.0001583620706881863j)"], ["0j"], ["0j"], ["0j"], ["0j"], ["0j"], ["0j"], ["0j"], ["0j"], ["0j"], ["0j"], ["0j"], ["(-0.0024584684511160582-8.122277695206828e-05j)"], ["0j"], ["0j"], ["(-0.005568260020351624-0.000183963939597872j)"], ["0j"], ["0j"], ["0j"], ["0j"], ["0j"], ["0j"], ["0j"], ["0j"], ["0j"], ["0j"], ["0j"], ["0j"], ["0j"], ["0j"], ["(0.017196807144828633+0.0005681473888254604j)"], ["0j"], ["0j"], ["(0.03007748786126867+0.000993698774830296j)"], ["0j"], ["0j"], ["(-0.030077487861268074-0.0009936987748302285j)"], ["0j"], ["0j"], ["(0.3676874335787131+0.01214764191587416j)"], ["0j"], ["0j"], ["0j"], ["0j"], ["0j"], ["(0.013721326409622403+0.00045332460294507344j)"], ["0j"], ["0j"], ["0j"], ["0j"], ["0j"], ["(0.09874094017865039+0.0032621990152153497j)"], ["0j"], ["0j"], ["0j"], ["0j"], ["0j"], ["0j"], ["0j"], ["0j"], ["(-0.013721326409622026-0.000453324602945067j)"], ["0j"], ["0j"], ["(-0.09874094017866909-0.0032621990152154456j)"], ["0j"], ["0j"], ["0j"], ["0j"], ["0j"], ["0j"], ["0j"], ["0j"], ["0j"], ["0j"], ["0j"], ["(-0.9088578718445273-0.03002680802042083j)"], ["0j"], ["0j"], ["0j"], ["0j"], ["0j"], ["0j"], ["0j"], ["0j"], ["0j"], ["0j"], ["0j"], ["0j"], ["0j"], ["0j"], ["0j"]]}