{"geometry": [["H", [0.0, 0.0, 0.0]], ["H", [1.0591, 0.0, 0.0]], ["H", [0.5312, 0.2491, 0.0]], ["H", [-0.1184, 0.4066, 0.1785]]], "multiplicity": 1, "canonical_orbitals": [[0.37109940816060305, 0.4193529474590501, 1.9629549266262525, 0.3484778899906399], [0.08574197520823806, -0.7517192003889903, -0.024763045474017614, 1.4741278830932774], [0.3815937367949429, -0.487322232804715, -0.428877231695766, -2.1552257811552566], [0.2783243486023268, 0.6153659682803704, -1.6089148089480438, 0.7974987955451276]], "canonical_to_oao": [[0.611619040681937, 0.1413136843385683, 0.6289150294946114, 0.4587139384951788], [0.3599766020113565, -0.6452829890963078, -0.41832209004983506, 0.5282360636719434], [0.7625585836853408, -0.009619819909394152, -0.16660801016909055, -0.6250229087483228], [0.12661052114874993, 0.5355866322634028, -0.7830461190884108, 0.28975077334800514]], "orbital_energies": [-1.0670432496307143, -0.3639495200793606, 0.9406998964286408, 1.2787001059751497], "exact_energy": -1.5627933937587728, "ground_states": [["0j"], ["0j"], ["0j"], ["0j"], ["0j"], ["0j"], ["0j"], ["0j"], ["0j"], ["0j"], ["0j"], ["0j"], ["0j"], ["0j"], ["0j"], ["(0.0029943803998729985+0.003188556199452292j)"], ["0j"], ["0j"], ["0j"], ["0j"], ["0j"], ["0j"], ["0j"], ["0j"], ["0j"], ["0j"], ["0j"], ["(0.00017559464369827114+0.00018698138345363814j)"], ["0j"], ["0j"], ["(0.000603610084272407+0.0006427522289220003j)"], ["0j"], ["0j"], ["0j"], ["0j"], ["0j"], ["0j"], ["0j"], ["0j"], ["(-0.00017559464369826472-0.0001869813834536466j)"], ["0j"], ["0j"], ["0j"], ["0j"], ["0j"], ["(-0.0006036100842723838-0.0006427522289219797j)"], ["0j"], ["0j"], ["0j"], ["0j"], ["0j"], ["(-0.01756696731802364-0.018706127835273048j)"], ["0j"], ["0j"], ["(0.0016731314563410502+0.0017816285725892377j)"], ["0j"], ["0j"], ["(-0.00167313145634106-0.0017816285725892477j)"], ["0j"], ["0j"], ["(-0.029248066956442074-0.03114470867492821j)"], ["0j"], ["0j"], ["0j"], ["0j"], ["0j"], ["0j"], ["0j"], ["0j"], ["0j"], ["0j"], ["0j"], ["0j"], ["0j"], ["0j"], ["(0.00039901429709101325+0.0004248890724483916j)"], ["0j"], ["0j"], ["(0.00032429362061874473+0.00034532300388773917j)"], ["0j"], ["0j"], ["0j"], ["0j"], ["0j"], ["0j"], ["0j"], ["0j"], ["0j"], ["0j"], ["0j"], ["(0.0013459718977506293+0.0014332537840026536j)"], ["0j"], ["0j"], ["0j"], ["0j"], ["0j"], ["0j"], ["0j"], ["0j"], ["(0.010886153962145454+0.011592085529835603j)"], ["0j"], ["0j"], ["(-0.005450962197957069-0.005804439312391076j)"], ["0j"], ["0j"], ["(0.004104990300206426+0.004371185528388439j)"], ["0j"], ["0j"], ["(-0.020310117579226693-0.02162716244121665j)"], ["0j"], ["0j"], ["0j"], ["0j"], ["0j"], ["(0.0009729937975284086+0.0010360892708452761j)"], ["0j"], ["0j"], ["0j"], ["0j"], ["0j"], ["(-0.0008725504052769599-0.0009291324523091543j)"], ["0j"], ["0j"], ["0j"], ["0j"], ["0j"], ["0j"], ["0j"], ["0j"], ["0j"], ["0j"], ["0j"], ["0j"], ["0j"], ["0j"], ["(-0.00039901429709100886-0.00042488907244838856j)"], ["0j"], ["0j"], ["0j"], ["0j"], ["0j"], ["(-0.0003242936206187522-0.0003453230038877494j)"], ["0j"], ["0j"], ["0j"], ["0j"], ["0j"], ["(-0.010886153962145439-0.011592085529835613j)"], ["0j"], ["0j"], ["(0.0041049903002064415+0.004371185528388436j)"], ["0j"], ["0j"], ["(-0.005450962197957068-0.005804439312391077j)"], ["0j"], ["0j"], ["(0.0203101175792267+0.02162716244121662j)"], ["0j"], ["0j"], ["0j"], ["0j"], ["0j"], ["0j"], ["0j"], ["0j"], ["(0.0013459718977506109+0.0014332537840026542j)"], ["0j"], ["0j"], ["0j"], ["0j"], ["0j"], ["0j"], ["0j"], ["0j"], ["0j"], ["0j"], ["0j"], ["(-0.0009729937975283999-0.0010360892708452425j)"], ["0j"], ["0j"], ["(0.0008725504052769971+0.0009291324523091847j)"], ["0j"], ["0j"], ["0j"], ["0j"], ["0j"], ["0j"], ["0j"], ["0j"], ["0j"], ["0j"], ["0j"], ["0j"], ["0j"], ["0j"], ["(-0.038976674607920085-0.041504184792416486j)"], ["0j"], ["0j"], ["(-0.007235539594172184-0.007704740730455879j)"], ["0j"], ["0j"], ["(0.007235539594172191+0.007704740730455876j)"], ["0j"], ["0j"], ["(-0.020616372521831763-0.02195327701767386j)"], ["0j"], ["0j"], ["0j"], ["0j"], ["0j"], ["(-0.0027899525892287834-0.0029708719122461947j)"], ["0j"], ["0j"], ["0j"], ["0j"], ["0j"], ["(-0.0005245479427404223-0.0005585631654570367j)"], ["0j"], ["0j"], ["0j"], ["0j"], ["0j"], ["0j"], ["0j"], ["0j"], ["(0.0027899525892286455+0.0029708719122461327j)"], ["0j"], ["0j"], ["(0.0005245479427405413+0.0005585631654570365j)"], ["0j"], ["0j"], ["0j"], ["0j"], ["0j"], ["0j"], ["0j"], ["0j"], ["0j"], ["0j"], ["0j"], ["(0.6813359500226587+0.7255183634806776j)"], ["0j"], ["0j"], ["0j"], ["0j"], ["0j"], ["0j"], ["0j"], ["0j"], ["0j"], ["0j"], ["0j"], ["0j"], ["0j"], ["0j"], ["0j"]]}