{"geometry": [["H", [0.0, 0.0, 0.0]], ["H", [1.2456, 0.0, 0.0]], ["H", [0.4495, 0.9989, 0.0]], ["H", [0.9264, 0.4188, -0.5514]]], "multiplicity": 1, "canonical_orbitals": [[0.24654027501033612, 0.6524233836157546, 0.9076393018797446, 0.17344594117529877], [0.3114405668750148, -0.6538241463881407, 0.33506241110089097, -1.0561959212621477], [0.3042220633890621, 0.5910859397553416, -0.8516812867743478, -0.6078418077526243], [0.41648542254887144, -0.41640743135621605, -0.25902025292528497, 1.313203252152889]], "canonical_to_oao": [[0.41315471328949066, 0.4987610615506428, 0.4797136621292229, 0.591958941763804], [0.5719494827249607, -0.5651132415825172, 0.4972371817147595, -0.3259999977286987], [0.7011796008393336, 0.25565274055838605, -0.6387091585015465, -0.18718828611327754], [0.1025872285624339, -0.6054139938207252, -0.33864523964346405, 0.7129299813366929]], "orbital_energies": [-0.742242953069729, -0.2029122388455225, 0.3188778957674394, 0.7233726989940188], "exact_energy": -1.881291936932039, "ground_states": [["0j"], ["0j"], ["0j"], ["0j"], ["0j"], ["0j"], ["0j"], ["0j"], ["0j"], ["0j"], ["0j"], ["0j"], ["0j"], ["0j"], ["0j"], ["(-0.026286293235918544+0.024834892894407472j)"], ["0j"], ["0j"], ["0j"], ["0j"], ["0j"], ["0j"], ["0j"], ["0j"], ["0j"], ["0j"], ["0j"], ["(-0.0011531124736751707+0.0010894432517322267j)"], ["0j"], ["0j"], ["(0.004217511835117654-0.0039846414922785935j)"], ["0j"], ["0j"], ["0j"], ["0j"], ["0j"], ["0j"], ["0j"], ["0j"], ["(0.0011531124736748612-0.0010894432517320578j)"], ["0j"], ["0j"], ["0j"], ["0j"], ["0j"], ["(-0.004217511835117712+0.003984641492278606j)"], ["0j"], ["0j"], ["0j"], ["0j"], ["0j"], ["(0.03960665616151035-0.037419770632881405j)"], ["0j"], ["0j"], ["(0.001140296824083389-0.0010773352195299108j)"], ["0j"], ["0j"], ["(-0.001140296824083325+0.001077335219529818j)"], ["0j"], ["0j"], ["(0.038267334966336476-0.036154400193054555j)"], ["0j"], ["0j"], ["0j"], ["0j"], ["0j"], ["0j"], ["0j"], ["0j"], ["0j"], ["0j"], ["0j"], ["0j"], ["0j"], ["0j"], ["(-0.0007817401117573858+0.0007385762523651141j)"], ["0j"], ["0j"], ["(0.002613439430465687-0.0024691381078010173j)"], ["0j"], ["0j"], ["0j"], ["0j"], ["0j"], ["0j"], ["0j"], ["0j"], ["0j"], ["0j"], ["0j"], ["(-0.013938983520785321+0.01316934113489186j)"], ["0j"], ["0j"], ["0j"], ["0j"], ["0j"], ["0j"], ["0j"], ["0j"], ["(-0.03196165862483585+0.03019689240896031j)"], ["0j"], ["0j"], ["(-0.029781657548853903+0.028137260313031126j)"], ["0j"], ["0j"], ["(0.04372064106963923-0.04130660144792307j)"], ["0j"], ["0j"], ["(0.07156668125240961-0.06761511970364689j)"], ["0j"], ["0j"], ["0j"], ["0j"], ["0j"], ["(-0.0007545855121085001+0.0007129209966843146j)"], ["0j"], ["0j"], ["0j"], ["0j"], ["0j"], ["(-0.002686153691480149+0.0025378374435339177j)"], ["0j"], ["0j"], ["0j"], ["0j"], ["0j"], ["0j"], ["0j"], ["0j"], ["0j"], ["0j"], ["0j"], ["0j"], ["0j"], ["0j"], ["(0.0007817401117571325-0.0007385762523650118j)"], ["0j"], ["0j"], ["0j"], ["0j"], ["0j"], ["(-0.0026134394304659346+0.0024691381078011543j)"], ["0j"], ["0j"], ["0j"], ["0j"], ["0j"], ["(0.03196165862483586-0.03019689240896037j)"], ["0j"], ["0j"], ["(0.043720641069638994-0.0413066014479229j)"], ["0j"], ["0j"], ["(-0.029781657548853955+0.02813726031303113j)"], ["0j"], ["0j"], ["(-0.07156668125240974+0.06761511970364699j)"], ["0j"], ["0j"], ["0j"], ["0j"], ["0j"], ["0j"], ["0j"], ["0j"], ["(-0.013938983520785276+0.013169341134891795j)"], ["0j"], ["0j"], ["0j"], ["0j"], ["0j"], ["0j"], ["0j"], ["0j"], ["0j"], ["0j"], ["0j"], ["(0.0007545855121088675-0.0007129209966845632j)"], ["0j"], ["0j"], ["(0.0026861536914809586-0.0025378374435341706j)"], ["0j"], ["0j"], ["0j"], ["0j"], ["0j"], ["0j"], ["0j"], ["0j"], ["0j"], ["0j"], ["0j"], ["0j"], ["0j"], ["0j"], ["(0.04764552555473438-0.045014773038928244j)"], ["0j"], ["0j"], ["(0.005933418756489844-0.005605804439316587j)"], ["0j"], ["0j"], ["(-0.005933418756490256+0.005605804439316978j)"], ["0j"], ["0j"], ["(0.22669992499920985-0.21418266569561217j)"], ["0j"], ["0j"], ["0j"], ["0j"], ["0j"], ["(-0.014286016403170801+0.01349721256155258j)"], ["0j"], ["0j"], ["0j"], ["0j"], ["0j"], ["(0.010447539730578548-0.009870677766935912j)"], ["0j"], ["0j"], ["0j"], ["0j"], ["0j"], ["0j"], ["0j"], ["0j"], ["(0.01428601640317089-0.013497212561552754j)"], ["0j"], ["0j"], ["(-0.010447539730573921+0.009870677766933669j)"], ["0j"], ["0j"], ["0j"], ["0j"], ["0j"], ["0j"], ["0j"], ["0j"], ["0j"], ["0j"], ["0j"], ["(-0.6722657013930023+0.6351464826491939j)"], ["0j"], ["0j"], ["0j"], ["0j"], ["0j"], ["0j"], ["0j"], ["0j"], ["0j"], ["0j"], ["0j"], ["0j"], ["0j"], ["0j"], ["0j"]]}