{"geometry": [["H", [0.0, 0.0, 0.0]], ["H", [0.7517, 0.0, 0.0]], ["H", [1.2705, -0.5622, 0.0]], ["H", [-0.0385, -0.0274, -0.4529]]], "multiplicity": 1, "canonical_orbitals": [[0.42693977725390375, 0.38857767335936366, 0.5439653787120334, 1.9053656143358098], [0.2808906393731882, -0.5253825340776843, 1.1670545891699158, -1.0518817424219882], [0.10701578448859078, -0.6758977745170615, -0.9712331202848931, 0.6098918326335012], [0.3516409063779954, 0.45948959151339985, -1.091911460305313, -1.380086546366751]], "canonical_to_oao": [[0.6104998678399591, 0.487645888665838, 0.26107832365760175, 0.5668593366531356], [0.3083072184849305, -0.4563081216587742, -0.7335227569923819, 0.39833895379766837], [0.22856290927029072, 0.6091983422958619, -0.5608879386754355, -0.5118994984352849], [0.6928171237082554, -0.4276233916889034, 0.28140219284655876, -0.5078931716790936]], "orbital_energies": [-0.9332787395559528, -0.3910192329684093, 0.7310783230624401, 1.1395335571070793], "exact_energy": -1.8575694784068826, "ground_states": [["0j"], ["0j"], ["0j"], ["0j"], ["0j"], ["0j"], ["0j"], ["0j"], ["0j"], ["0j"], ["0j"], ["0j"], ["0j"], ["0j"], ["0j"], ["(-0.0026644743296732223+0.006255463925490569j)"], ["0j"], ["0j"], ["0j"], ["0j"], ["0j"], ["0j"], ["0j"], ["0j"], ["0j"], ["0j"], ["0j"], ["(0.0003707909866824508-0.0008705167902193931j)"], ["0j"], ["0j"], ["(-0.00020356130044372613+0.00047790678910683825j)"], ["0j"], ["0j"], ["0j"], ["0j"], ["0j"], ["0j"], ["0j"], ["0j"], ["(-0.00037079098668244855+0.0008705167902194099j)"], ["0j"], ["0j"], ["0j"], ["0j"], ["0j"], ["(0.00020356130044373353-0.0004779067891068404j)"], ["0j"], ["0j"], ["0j"], ["0j"], ["0j"], ["(0.014347784549138258-0.03368471133623313j)"], ["0j"], ["0j"], ["(-0.003953917671315674+0.009282727584134141j)"], ["0j"], ["0j"], ["(0.00395391767131567-0.009282727584134141j)"], ["0j"], ["0j"], ["(0.014362483588532308-0.03371922069879097j)"], ["0j"], ["0j"], ["0j"], ["0j"], ["0j"], ["0j"], ["0j"], ["0j"], ["0j"], ["0j"], ["0j"], ["0j"], ["0j"], ["0j"], ["(0.0005796090809140687-0.0013607651070856363j)"], ["0j"], ["0j"], ["(-3.8793998324822074e-05+9.107779885283606e-05j)"], ["0j"], ["0j"], ["0j"], ["0j"], ["0j"], ["0j"], ["0j"], ["0j"], ["0j"], ["0j"], ["0j"], ["(-0.0031993935852444653+0.007511309429052493j)"], ["0j"], ["0j"], ["0j"], ["0j"], ["0j"], ["0j"], ["0j"], ["0j"], ["(0.00508316291325654-0.011933889502012098j)"], ["0j"], ["0j"], ["(-0.00911695292220966+0.021404135697667998j)"], ["0j"], ["0j"], ["(0.01231634650745414-0.028915445126720486j)"], ["0j"], ["0j"], ["(-0.004942195655058475+0.011602936567501576j)"], ["0j"], ["0j"], ["0j"], ["0j"], ["0j"], ["(-2.5975595401166444e-05+6.0983661266848755e-05j)"], ["0j"], ["0j"], ["0j"], ["0j"], ["0j"], ["(0.00034947124658874743-0.0008204638159529291j)"], ["0j"], ["0j"], ["0j"], ["0j"], ["0j"], ["0j"], ["0j"], ["0j"], ["0j"], ["0j"], ["0j"], ["0j"], ["0j"], ["0j"], ["(-0.0005796090809140837+0.0013607651070856371j)"], ["0j"], ["0j"], ["0j"], ["0j"], ["0j"], ["(3.8793998324826316e-05-9.107779885281317e-05j)"], ["0j"], ["0j"], ["0j"], ["0j"], ["0j"], ["(-0.005083162913256541+0.011933889502012105j)"], ["0j"], ["0j"], ["(0.0123163465074541-0.02891544512672044j)"], ["0j"], ["0j"], ["(-0.009116952922209648+0.021404135697668008j)"], ["0j"], ["0j"], ["(0.004942195655058459-0.011602936567501563j)"], ["0j"], ["0j"], ["0j"], ["0j"], ["0j"], ["0j"], ["0j"], ["0j"], ["(-0.003199393585244462+0.0075113094290524905j)"], ["0j"], ["0j"], ["0j"], ["0j"], ["0j"], ["0j"], ["0j"], ["0j"], ["0j"], ["0j"], ["0j"], ["(2.597559540114592e-05-6.0983661266924636e-05j)"], ["0j"], ["0j"], ["(-0.0003494712465887516+0.0008204638159528928j)"], ["0j"], ["0j"], ["0j"], ["0j"], ["0j"], ["0j"], ["0j"], ["0j"], ["0j"], ["0j"], ["0j"], ["0j"], ["0j"], ["0j"], ["(0.011916573563866661-0.027976886552840242j)"], ["0j"], ["0j"], ["(0.00902580205926589-0.021190138164056214j)"], ["0j"], ["0j"], ["(-0.009025802059265906+0.021190138164056183j)"], ["0j"], ["0j"], ["(0.03450225444026022-0.08100194683640113j)"], ["0j"], ["0j"], ["0j"], ["0j"], ["0j"], ["(0.0009234320075564357-0.0021679681979227513j)"], ["0j"], ["0j"], ["0j"], ["0j"], ["0j"], ["(-0.0032527692034476363+0.007636620921248883j)"], ["0j"], ["0j"], ["0j"], ["0j"], ["0j"], ["0j"], ["0j"], ["0j"], ["(-0.000923432007556477+0.002167968197922615j)"], ["0j"], ["0j"], ["(0.003252769203447613-0.0076366209212493374j)"], ["0j"], ["0j"], ["0j"], ["0j"], ["0j"], ["0j"], ["0j"], ["0j"], ["0j"], ["0j"], ["0j"], ["(-0.3885949085475688+0.9123155757131118j)"], ["0j"], ["0j"], ["0j"], ["0j"], ["0j"], ["0j"], ["0j"], ["0j"], ["0j"], ["0j"], ["0j"], ["0j"], ["0j"], ["0j"], ["0j"]]}