{"params": [-0.1133027219124949, -0.0007712073545691384, 0.0027133254739505073, 1.0015184560808066, 0.500704036762348, 1.0003281343862471, 0.00023403871156020109, 0.0014880360019201002, 1.0040084531891884, -0.000531174036996836, -0.0029744257115487827, 1.0000631157254287, 1.0040893139692093, 0.00022216446197397967, -0.003688868757423172, 0.9953555271794778, 0.005884869493233325, 0.0006388793015547259, -0.0032844960713761615, -0.002202778172080277, -0.0016453165586074099, -0.011067743959362357, 0.014307322874408734, 0.016566356206847755, -0.015066531750648012, 0.0009197690425232538, 0.0006365356895353476, 0.0001191226345280795, 5.6773543232464024e-05, -0.17859488038345936, 0.17841059642407292, 0.0048494221257658, -5.3278807747357235e-05, -0.011894129840925464, 0.23146594623521521, -0.1798205780902047, 0.18065195502607087, 0.0026845820964450586, 8.98232184859806e-05, 0.0005836925553554951, 0.0010383118952066723, 5.314121198565903e-05, -0.0013206806946004864, -0.0026007059205162665, 0.0019171292356966122, 0.0030587584104001474, 0.005870906974922153, 0.0008749238878261788, 0.003938997725883549, 0.01862567281013246, -0.022084701979777164, 0.0022787160654156287], "infidelity": 0.007009177642010811, "energy_expval": -1.7848302659296542, "energy_error": 0.009058019936561523, "optimizer_success": true, "optimizer_nfev": 770}