{"params": [-0.016743202099598037, 0.9975465331456712, 1.0082484761598314, 0.9996091560474629, 1.1355979689585145, 0.017002349178565843, -0.0007878601137733762, 0.011535526248500402, -0.12377122451876517, 0.0008110983727072197, -0.0016918038033503279, -8.903746582141198e-05, -0.0028701169253945663, -0.008496930355009216, -0.0013491937619927107, 0.06831895680744776, 0.05488279712116987, 0.053897684418361555, -0.012245848553881994, 0.003242770672505882, -0.018240239849890545, -0.01762252168902881, 0.043567675255148645, -0.018006476429848484, -0.015825801989825767, -0.00022104110537645504, -0.0002668132798102752, 0.0001521960589731548, 3.4255048562463204e-05, -0.02439930167436058, -0.016585449666689105, 0.003952335070043004, -3.738592710188304e-05, -0.013866668003714328, -0.026004520564754902, 0.10328474901782005, -0.0029959940181930656, 0.12556494639757698, -0.0005795476406400191, -0.001311856714771484, -0.0001718462395882083, 6.885095633103803e-05, 0.12369419700454003, 0.0007660633374937789, -0.0012707268081452552, -0.00617876135770323, 0.12735936758368557, 0.003086704083619306, -0.028304860041258702, 0.014050019435876379, 0.1387854271676134, -0.02810725916912208], "infidelity": 0.00044013225208516804, "energy_expval": -1.2554311625450127, "energy_error": 0.0007619339076070375, "optimizer_success": true, "optimizer_nfev": 1153}