{"params": [0.0047574136524648055, -0.9994383091564312, 1.007047203379408, 0.9996032216969422, 0.5606123996636527, 1.0010549615325508, 0.9997877432523101, -0.008505632222309703, -0.03264035742996224, 9.905210913774406e-05, 1.0023663781523617, 0.9997658538281063, -0.000507379393470038, -0.054026907608770956, -0.0003980222852253443, 0.005329599174742887, 0.004557433777810564, 0.024473215879467124, -0.0011867524161352132, -0.00036973716642380136, 0.0008136781158354432, 0.0010799804185917558, -0.009681482625840145, -0.024003366600958302, 0.025792000916797356, -0.0001396959221868319, -0.00016387752978594774, 2.6443218064427383e-05, -1.457208284203027e-05, 0.0008988816483202739, 0.00044546746151461977, 0.0033554326231628392, -3.1062206636682064e-05, -0.0030290198544506096, 0.00870514175108833, -0.0014146429118043844, -0.0021529965622915904, -0.0017010926317917747, 0.0009276410887562423, -0.0028285866797400456, 0.0006168282372566638, 5.053448329263791e-05, -0.003819876317992661, 0.002245339743022799, -0.0007257132748414724, -0.0017730395892718602, 0.02550201224046823, 0.018694844708550592, -0.020928003019156528, 0.000810720910727668, 0.00019835406845865664, 0.008136743962689824], "infidelity": 0.0031016331730271407, "energy_expval": -1.5909900931845007, "energy_error": 0.005639516613625384, "optimizer_success": true, "optimizer_nfev": 887}