{"params": [0.5373209341899873, 1.0004864109471667, 1.0064957574509679, 1.0000340201354339, 1.2500420201443998, -0.0015458504331475897, -0.00017196299617420506, 0.008594892837885604, 1.02007959271108, 0.00040174883323784597, -0.0007509188760965063, -0.0002776103379262654, -0.0020670499599837904, 0.017393502691641118, 0.0028069454628815403, -0.0005840549650411181, 0.004039822198496823, -0.004073247841105394, -0.0002745361870858598, -0.0009051256957484789, 0.008267813291708212, -0.0004766066845336369, 0.001153099435719256, -0.009809692566363902, 0.015208860274784417, -0.0004436395725041076, 9.153077229812394e-05, -1.3477103836314396e-05, -1.1836761379182683e-05, -0.008806895553604465, -0.009489506471466845, 0.005166833940648945, 6.0253582603132154e-05, 0.007897692335908089, -0.003879926662994588, -0.002520544668964464, -0.002040988834475278, 0.001128694110623377, 0.000595473436476373, 0.010528034095157644, 0.001197869342399311, -0.00038094201650814576, -0.0026913780147128194, -0.0016474007472396482, 0.0008772267169849132, -0.0008519615564551635, 0.028089237680951087, 0.0005731217764284595, -0.23645016091585586, 0.06557358939706111, 0.026254802866054323, 0.05910702554217963], "infidelity": 0.0033036560734390763, "energy_expval": -1.7683314930666167, "energy_error": 0.0042568088226351275, "optimizer_success": true, "optimizer_nfev": 1180}