{"geometry": [["H", [0.0, 0.0, 0.0]], ["H", [1.0053, 0.0, 0.0]], ["H", [-0.0044, -0.58, 0.0]], ["H", [-0.2287, -0.0408, 0.5511]]], "multiplicity": 1, "canonical_orbitals": [[0.44875249565351233, 0.06270450145284373, 0.1478765677811386, 1.9006252088045859], [0.029931820098375056, 0.9522788225446879, 0.4772429398120415, -0.45128942004723316], [0.3509479796293401, 0.11111423627427003, -1.2657424033972913, -0.8376654479426813], [0.29035280856503015, -0.7254801478864188, 0.8762862534491462, -0.9887805082667409]], "canonical_to_oao": [[0.6133655862396304, 0.21504852759365256, 0.5554491684138304, 0.5186646408857046], [0.03598183247808623, 0.8668479120201135, 0.08255362320763562, -0.4903722101151138], [0.08141562122044604, 0.37603274857942864, -0.7447055486613292, 0.5453297299892214], [0.7847671386912946, -0.24683638346478137, -0.36065879498038433, -0.43947419882355354]], "orbital_energies": [-1.0031383565159615, -0.1272585288049913, 0.39091970849023205, 0.8734428343469914], "exact_energy": -1.5690260772959588, "ground_states": [["0j"], ["0j"], ["0j"], ["0j"], ["0j"], ["0j"], ["0j"], ["0j"], ["0j"], ["0j"], ["0j"], ["0j"], ["0j"], ["0j"], ["0j"], ["(-0.01386457796352295+0j)"], ["0j"], ["0j"], ["0j"], ["0j"], ["0j"], ["0j"], ["0j"], ["0j"], ["0j"], ["0j"], ["0j"], ["(0.006876848536731854+0j)"], ["0j"], ["0j"], ["(-0.0011433206932853768+0j)"], ["0j"], ["0j"], ["0j"], ["0j"], ["0j"], ["0j"], ["0j"], ["0j"], ["(-0.006876848536731854+0j)"], ["0j"], ["0j"], ["0j"], ["0j"], ["0j"], ["(0.0011433206932852128+0j)"], ["0j"], ["0j"], ["0j"], ["0j"], ["0j"], ["(0.045511526890770926+0j)"], ["0j"], ["0j"], ["(-0.011200255644443425+0j)"], ["0j"], ["0j"], ["(0.011200255644443427+0j)"], ["0j"], ["0j"], ["(0.051392916657982055+0j)"], ["0j"], ["0j"], ["0j"], ["0j"], ["0j"], ["0j"], ["0j"], ["0j"], ["0j"], ["0j"], ["0j"], ["0j"], ["0j"], ["0j"], ["(0.007681099649964128+0j)"], ["0j"], ["0j"], ["(-0.008084840148698239+0j)"], ["0j"], ["0j"], ["0j"], ["0j"], ["0j"], ["0j"], ["0j"], ["0j"], ["0j"], ["0j"], ["0j"], ["(-0.002253190002815936+0j)"], ["0j"], ["0j"], ["0j"], ["0j"], ["0j"], ["0j"], ["0j"], ["0j"], ["(-0.006637809039379442+0j)"], ["0j"], ["0j"], ["(-0.018394691746947595+0j)"], ["0j"], ["0j"], ["(0.020647881749763532+0j)"], ["0j"], ["0j"], ["(-0.008311210849212793+0j)"], ["0j"], ["0j"], ["0j"], ["0j"], ["0j"], ["(0.006541750211629692+0j)"], ["0j"], ["0j"], ["0j"], ["0j"], ["0j"], ["(-0.0196673944317543+0j)"], ["0j"], ["0j"], ["0j"], ["0j"], ["0j"], ["0j"], ["0j"], ["0j"], ["0j"], ["0j"], ["0j"], ["0j"], ["0j"], ["0j"], ["(-0.007681099649964132+0j)"], ["0j"], ["0j"], ["0j"], ["0j"], ["0j"], ["(0.008084840148698234+0j)"], ["0j"], ["0j"], ["0j"], ["0j"], ["0j"], ["(0.006637809039379451+0j)"], ["0j"], ["0j"], ["(0.020647881749763605+0j)"], ["0j"], ["0j"], ["(-0.01839469174694763+0j)"], ["0j"], ["0j"], ["(0.008311210849212769+0j)"], ["0j"], ["0j"], ["0j"], ["0j"], ["0j"], ["0j"], ["0j"], ["0j"], ["(-0.002253190002815941+0j)"], ["0j"], ["0j"], ["0j"], ["0j"], ["0j"], ["0j"], ["0j"], ["0j"], ["0j"], ["0j"], ["0j"], ["(-0.006541750211629716+0j)"], ["0j"], ["0j"], ["(0.0196673944317543+0j)"], ["0j"], ["0j"], ["0j"], ["0j"], ["0j"], ["0j"], ["0j"], ["0j"], ["0j"], ["0j"], ["0j"], ["0j"], ["0j"], ["0j"], ["(0.030294853140976193+0j)"], ["0j"], ["0j"], ["(0.08400607679277122+0j)"], ["0j"], ["0j"], ["(-0.08400607679277126+0j)"], ["0j"], ["0j"], ["(0.2011976774153755+0j)"], ["0j"], ["0j"], ["0j"], ["0j"], ["0j"], ["(0.003637849040793206+0j)"], ["0j"], ["0j"], ["0j"], ["0j"], ["0j"], ["(-0.10837049694487756+0j)"], ["0j"], ["0j"], ["0j"], ["0j"], ["0j"], ["0j"], ["0j"], ["0j"], ["(-0.003637849040793119+0j)"], ["0j"], ["0j"], ["(0.10837049694487703+0j)"], ["0j"], ["0j"], ["0j"], ["0j"], ["0j"], ["0j"], ["0j"], ["0j"], ["0j"], ["0j"], ["0j"], ["(-0.9554298905859998+0j)"], ["0j"], ["0j"], ["0j"], ["0j"], ["0j"], ["0j"], ["0j"], ["0j"], ["0j"], ["0j"], ["0j"], ["0j"], ["0j"], ["0j"], ["0j"]], "hf_energy": -1.5206537557322752}