{"geometry": [["H", [0.0, 0.0, 0.0]], ["H", [0.8748, 0.0, 0.0]], ["H", [-0.3425, -0.2952, 0.0]], ["H", [-0.4758, 0.4916, -0.3948]]], "multiplicity": 1, "canonical_orbitals": [[0.48128842705495695, 0.3022740781925828, 0.11410762612965475, 2.292228629979344], [0.0571604950480179, 0.848304013529864, -0.4997480174547506, -0.8197789400511806], [0.38379123787863834, -0.23629692332600935, 0.9641175658113295, -1.6219575163755693], [0.20379934943340267, -0.7034649265986133, -1.0044359054054701, -0.38376001757453726]], "canonical_to_oao": [[0.6307075000274669, 0.2531504185291161, 0.598915768866127, 0.4235833056331795], [0.172386433512217, 0.8057805484681182, -0.13253736214396494, -0.5508488657402095], [0.09115460552287796, -0.40673358445390695, 0.5742633906876351, -0.7046135020599484], [0.7511203664140709, -0.3481384273334791, -0.5421764542613003, -0.14374464517472502]], "orbital_energies": [-0.966881875736713, -0.18526100199369672, 0.3250598254928993, 1.3245841721190645], "exact_energy": -1.6217338537516413, "ground_states": [["0j"], ["0j"], ["0j"], ["0j"], ["0j"], ["0j"], ["0j"], ["0j"], ["0j"], ["0j"], ["0j"], ["0j"], ["0j"], ["0j"], ["0j"], ["(0.013984236905190989+0j)"], ["0j"], ["0j"], ["0j"], ["0j"], ["0j"], ["0j"], ["0j"], ["0j"], ["0j"], ["0j"], ["0j"], ["(0.004233062829318819+0j)"], ["0j"], ["0j"], ["(0.00014918744326536393+0j)"], ["0j"], ["0j"], ["0j"], ["0j"], ["0j"], ["0j"], ["0j"], ["0j"], ["(-0.004233062829318755+0j)"], ["0j"], ["0j"], ["0j"], ["0j"], ["0j"], ["(-0.00014918744326534517+0j)"], ["0j"], ["0j"], ["0j"], ["0j"], ["0j"], ["(-0.03490567675463263+0j)"], ["0j"], ["0j"], ["(-0.012898278150879336+0j)"], ["0j"], ["0j"], ["(0.012898278150879353+0j)"], ["0j"], ["0j"], ["(-0.048245721038555726+0j)"], ["0j"], ["0j"], ["0j"], ["0j"], ["0j"], ["0j"], ["0j"], ["0j"], ["0j"], ["0j"], ["0j"], ["0j"], ["0j"], ["0j"], ["(0.0052709050456719465+0j)"], ["0j"], ["0j"], ["(0.0027257073742961036+0j)"], ["0j"], ["0j"], ["0j"], ["0j"], ["0j"], ["0j"], ["0j"], ["0j"], ["0j"], ["0j"], ["0j"], ["(0.013958722378573802+0j)"], ["0j"], ["0j"], ["0j"], ["0j"], ["0j"], ["0j"], ["0j"], ["0j"], ["(-0.00901009760908689+0j)"], ["0j"], ["0j"], ["(-0.00042794262101561887+0j)"], ["0j"], ["0j"], ["(-0.013530779757558188+0j)"], ["0j"], ["0j"], ["(0.0515667733718587+0j)"], ["0j"], ["0j"], ["0j"], ["0j"], ["0j"], ["(-0.0025470085630925265+0j)"], ["0j"], ["0j"], ["0j"], ["0j"], ["0j"], ["(-0.027208784813084096+0j)"], ["0j"], ["0j"], ["0j"], ["0j"], ["0j"], ["0j"], ["0j"], ["0j"], ["0j"], ["0j"], ["0j"], ["0j"], ["0j"], ["0j"], ["(-0.005270905045671959+0j)"], ["0j"], ["0j"], ["0j"], ["0j"], ["0j"], ["(-0.0027257073742960854+0j)"], ["0j"], ["0j"], ["0j"], ["0j"], ["0j"], ["(0.009010097609086913+0j)"], ["0j"], ["0j"], ["(-0.013530779757558124+0j)"], ["0j"], ["0j"], ["(-0.00042794262101565617+0j)"], ["0j"], ["0j"], ["(-0.05156677337185884+0j)"], ["0j"], ["0j"], ["0j"], ["0j"], ["0j"], ["0j"], ["0j"], ["0j"], ["(0.013958722378573785+0j)"], ["0j"], ["0j"], ["0j"], ["0j"], ["0j"], ["0j"], ["0j"], ["0j"], ["0j"], ["0j"], ["0j"], ["(0.0025470085630925183+0j)"], ["0j"], ["0j"], ["(0.027208784813084086+0j)"], ["0j"], ["0j"], ["0j"], ["0j"], ["0j"], ["0j"], ["0j"], ["0j"], ["0j"], ["0j"], ["0j"], ["0j"], ["0j"], ["0j"], ["(-0.01903448489755338+0j)"], ["0j"], ["0j"], ["(0.06342710836097161+0j)"], ["0j"], ["0j"], ["(-0.06342710836097169+0j)"], ["0j"], ["0j"], ["(-0.2837654584349506+0j)"], ["0j"], ["0j"], ["0j"], ["0j"], ["0j"], ["(0.0020376913095255496+0j)"], ["0j"], ["0j"], ["0j"], ["0j"], ["0j"], ["(-0.09151552389395753+0j)"], ["0j"], ["0j"], ["0j"], ["0j"], ["0j"], ["0j"], ["0j"], ["0j"], ["(-0.002037691309525627+0j)"], ["0j"], ["0j"], ["(0.09151552389395613+0j)"], ["0j"], ["0j"], ["0j"], ["0j"], ["0j"], ["0j"], ["0j"], ["0j"], ["0j"], ["0j"], ["0j"], ["(0.9393610902096765+0j)"], ["0j"], ["0j"], ["0j"], ["0j"], ["0j"], ["0j"], ["0j"], ["0j"], ["0j"], ["0j"], ["0j"], ["0j"], ["0j"], ["0j"], ["0j"]], "hf_energy": -1.55516266060534}