{"geometry": [["H", [0.0, 0.0, 0.0]], ["H", [0.7539, 0.0, 0.0]], ["H", [1.1532, 0.3893, 0.0]], ["H", [-0.2288, 0.6352, 0.1659]]], "multiplicity": 1, "canonical_orbitals": [[0.32810360611777145, 0.4973711500720425, 0.9017365221075725, 1.3993242441848532], [0.41057022666665655, -0.42300845586082797, 0.6129649229285187, -1.8731131531244267], [0.2589514334086066, -0.5710270130976125, -0.8054397162138758, 1.3361338685627904], [0.21925038623504722, 0.5908663412025041, -1.0297100556853018, -0.7263758745294411]], "canonical_to_oao": [[0.5262770546496368, 0.5883927750446838, 0.4651841221965056, 0.40053730972380663], [0.43781057151718195, -0.35239515960673473, -0.5676039779498432, 0.601635503580911], [0.5252141307327419, 0.3289337783917196, -0.46738443099789617, -0.630479563485107], [0.5054745118161267, -0.6491642035678697, 0.49293128358073807, -0.2830196183620281]], "orbital_energies": [-0.8682429453146381, -0.39958647598942576, 0.5572836663688105, 1.4568170152427566], "exact_energy": -1.9658035386069854, "ground_states": [["0j"], ["0j"], ["0j"], ["0j"], ["0j"], ["0j"], ["0j"], ["0j"], ["0j"], ["0j"], ["0j"], ["0j"], ["0j"], ["0j"], ["0j"], ["(-0.007463117817204351+0j)"], ["0j"], ["0j"], ["0j"], ["0j"], ["0j"], ["0j"], ["0j"], ["0j"], ["0j"], ["0j"], ["0j"], ["(0.00019609005519938272+0j)"], ["0j"], ["0j"], ["(-0.0004463523281700854+0j)"], ["0j"], ["0j"], ["0j"], ["0j"], ["0j"], ["0j"], ["0j"], ["0j"], ["(-0.0001960900551993883+0j)"], ["0j"], ["0j"], ["0j"], ["0j"], ["0j"], ["(0.0004463523281701271+0j)"], ["0j"], ["0j"], ["0j"], ["0j"], ["0j"], ["(0.02516129964408883+0j)"], ["0j"], ["0j"], ["(0.003912126794496541+0j)"], ["0j"], ["0j"], ["(-0.003912126794496536+0j)"], ["0j"], ["0j"], ["(0.04899042958489009+0j)"], ["0j"], ["0j"], ["0j"], ["0j"], ["0j"], ["0j"], ["0j"], ["0j"], ["0j"], ["0j"], ["0j"], ["0j"], ["0j"], ["0j"], ["(0.0013601820806687758+0j)"], ["0j"], ["0j"], ["(-0.0005188257496216887+0j)"], ["0j"], ["0j"], ["0j"], ["0j"], ["0j"], ["0j"], ["0j"], ["0j"], ["0j"], ["0j"], ["0j"], ["(-0.01700412647389271+0j)"], ["0j"], ["0j"], ["0j"], ["0j"], ["0j"], ["0j"], ["0j"], ["0j"], ["(-0.008153595862248285+0j)"], ["0j"], ["0j"], ["(-0.026517612066586142+0j)"], ["0j"], ["0j"], ["(0.043521738540478874+0j)"], ["0j"], ["0j"], ["(0.02115482197059128+0j)"], ["0j"], ["0j"], ["0j"], ["0j"], ["0j"], ["(8.360473683596156e-05+0j)"], ["0j"], ["0j"], ["0j"], ["0j"], ["0j"], ["(0.0012717212679971722+0j)"], ["0j"], ["0j"], ["0j"], ["0j"], ["0j"], ["0j"], ["0j"], ["0j"], ["0j"], ["0j"], ["0j"], ["0j"], ["0j"], ["0j"], ["(-0.0013601820806687693+0j)"], ["0j"], ["0j"], ["0j"], ["0j"], ["0j"], ["(0.0005188257496216867+0j)"], ["0j"], ["0j"], ["0j"], ["0j"], ["0j"], ["(0.008153595862248283+0j)"], ["0j"], ["0j"], ["(0.043521738540478846+0j)"], ["0j"], ["0j"], ["(-0.026517612066586153+0j)"], ["0j"], ["0j"], ["(-0.02115482197059126+0j)"], ["0j"], ["0j"], ["0j"], ["0j"], ["0j"], ["0j"], ["0j"], ["0j"], ["(-0.017004126473892708+0j)"], ["0j"], ["0j"], ["0j"], ["0j"], ["0j"], ["0j"], ["0j"], ["0j"], ["0j"], ["0j"], ["0j"], ["(-8.360473683596625e-05+0j)"], ["0j"], ["0j"], ["(-0.0012717212679972103+0j)"], ["0j"], ["0j"], ["0j"], ["0j"], ["0j"], ["0j"], ["0j"], ["0j"], ["0j"], ["0j"], ["0j"], ["0j"], ["0j"], ["0j"], ["(0.03373465931976588+0j)"], ["0j"], ["0j"], ["(-0.0034544224309104444+0j)"], ["0j"], ["0j"], ["(0.003454422430910444+0j)"], ["0j"], ["0j"], ["(0.09810423714140681+0j)"], ["0j"], ["0j"], ["0j"], ["0j"], ["0j"], ["(0.0016378230780483198+0j)"], ["0j"], ["0j"], ["0j"], ["0j"], ["0j"], ["(8.935262997187889e-06+0j)"], ["0j"], ["0j"], ["0j"], ["0j"], ["0j"], ["0j"], ["0j"], ["0j"], ["(-0.001637823078048344+0j)"], ["0j"], ["0j"], ["(-8.935262997190857e-06+0j)"], ["0j"], ["0j"], ["0j"], ["0j"], ["0j"], ["0j"], ["0j"], ["0j"], ["0j"], ["0j"], ["0j"], ["(-0.9895857366610815+0j)"], ["0j"], ["0j"], ["0j"], ["0j"], ["0j"], ["0j"], ["0j"], ["0j"], ["0j"], ["0j"], ["0j"], ["0j"], ["0j"], ["0j"], ["0j"]], "hf_energy": -1.9294903509378478}