{"geometry": [["H", [0.0, 0.0, 0.0]], ["H", [1.4196, 0.0, 0.0]], ["H", [0.3552, -0.3627, 0.0]], ["H", [1.2401, 0.632, -0.0534]]], "multiplicity": 1, "canonical_orbitals": [[0.3415415025084691, 0.4640823051577263, 0.734613697052826, 1.4753682957125565], [0.27987821676270846, -0.510706931240778, -1.0183341441040248, 0.973283166813653], [0.3913487930506614, 0.40294190645714234, -0.696827302786014, -1.5978701263300261], [0.2574662036298173, -0.5211751453693166, 1.092320753305115, -0.7600345847187141]], "canonical_to_oao": [[0.5313223740469315, 0.4552826547049531, 0.574625033645247, 0.42452362698693336], [0.48193965687221846, -0.536939247116921, 0.39825739579895725, -0.5664110333766771], [0.38107632584329837, -0.58098256402287, -0.35438526132306647, 0.6258204061391464], [0.5832765517769373, 0.4085011744557615, -0.620973593606535, -0.3275775490763333]], "orbital_energies": [-0.8025098437924405, -0.4853566628765321, 0.6368424185461343, 1.2238803353922474], "exact_energy": -2.0658420734578904, "ground_states": [["0j"], ["0j"], ["0j"], ["0j"], ["0j"], ["0j"], ["0j"], ["0j"], ["0j"], ["0j"], ["0j"], ["0j"], ["0j"], ["0j"], ["0j"], ["(-0.00763070148274873+0j)"], ["0j"], ["0j"], ["0j"], ["0j"], ["0j"], ["0j"], ["0j"], ["0j"], ["0j"], ["0j"], ["0j"], ["(0.0003202033610531507+0j)"], ["0j"], ["0j"], ["(0.00040916777772763424+0j)"], ["0j"], ["0j"], ["0j"], ["0j"], ["0j"], ["0j"], ["0j"], ["0j"], ["(-0.0003202033610531614+0j)"], ["0j"], ["0j"], ["0j"], ["0j"], ["0j"], ["(-0.0004091677777276423+0j)"], ["0j"], ["0j"], ["0j"], ["0j"], ["0j"], ["(0.029106178187395616+0j)"], ["0j"], ["0j"], ["(-0.008429682845934663+0j)"], ["0j"], ["0j"], ["(0.00842968284593466+0j)"], ["0j"], ["0j"], ["(0.04585798172430958+0j)"], ["0j"], ["0j"], ["0j"], ["0j"], ["0j"], ["0j"], ["0j"], ["0j"], ["0j"], ["0j"], ["0j"], ["0j"], ["0j"], ["0j"], ["(-0.0006476851101309605+0j)"], ["0j"], ["0j"], ["(-0.00022458881466010298+0j)"], ["0j"], ["0j"], ["0j"], ["0j"], ["0j"], ["0j"], ["0j"], ["0j"], ["0j"], ["0j"], ["0j"], ["(-0.010491031073082751+0j)"], ["0j"], ["0j"], ["0j"], ["0j"], ["0j"], ["0j"], ["0j"], ["0j"], ["(0.014346385566969358+0j)"], ["0j"], ["0j"], ["(-0.03056914037286279+0j)"], ["0j"], ["0j"], ["(0.04106017144594553+0j)"], ["0j"], ["0j"], ["(-0.025790780674199917+0j)"], ["0j"], ["0j"], ["0j"], ["0j"], ["0j"], ["(7.948864153574045e-05+0j)"], ["0j"], ["0j"], ["0j"], ["0j"], ["0j"], ["(0.0002647065850437285+0j)"], ["0j"], ["0j"], ["0j"], ["0j"], ["0j"], ["0j"], ["0j"], ["0j"], ["0j"], ["0j"], ["0j"], ["0j"], ["0j"], ["0j"], ["(0.0006476851101309551+0j)"], ["0j"], ["0j"], ["0j"], ["0j"], ["0j"], ["(0.00022458881466010282+0j)"], ["0j"], ["0j"], ["0j"], ["0j"], ["0j"], ["(-0.014346385566969355+0j)"], ["0j"], ["0j"], ["(0.04106017144594556+0j)"], ["0j"], ["0j"], ["(-0.030569140372862798+0j)"], ["0j"], ["0j"], ["(0.025790780674199914+0j)"], ["0j"], ["0j"], ["0j"], ["0j"], ["0j"], ["0j"], ["0j"], ["0j"], ["(-0.010491031073082755+0j)"], ["0j"], ["0j"], ["0j"], ["0j"], ["0j"], ["0j"], ["0j"], ["0j"], ["0j"], ["0j"], ["0j"], ["(-7.948864153574075e-05+0j)"], ["0j"], ["0j"], ["(-0.0002647065850437277+0j)"], ["0j"], ["0j"], ["0j"], ["0j"], ["0j"], ["0j"], ["0j"], ["0j"], ["0j"], ["0j"], ["0j"], ["0j"], ["0j"], ["0j"], ["(0.03983859882267948+0j)"], ["0j"], ["0j"], ["(0.01252260956843003+0j)"], ["0j"], ["0j"], ["(-0.012522609568430026+0j)"], ["0j"], ["0j"], ["(0.0679255129373668+0j)"], ["0j"], ["0j"], ["0j"], ["0j"], ["0j"], ["(-0.0014413883460469867+0j)"], ["0j"], ["0j"], ["0j"], ["0j"], ["0j"], ["(-0.0008698386407514823+0j)"], ["0j"], ["0j"], ["0j"], ["0j"], ["0j"], ["0j"], ["0j"], ["0j"], ["(0.001441388346046988+0j)"], ["0j"], ["0j"], ["(0.0008698386407514794+0j)"], ["0j"], ["0j"], ["0j"], ["0j"], ["0j"], ["0j"], ["0j"], ["0j"], ["0j"], ["0j"], ["0j"], ["(-0.9915264482804017+0j)"], ["0j"], ["0j"], ["0j"], ["0j"], ["0j"], ["0j"], ["0j"], ["0j"], ["0j"], ["0j"], ["0j"], ["0j"], ["0j"], ["0j"], ["0j"]], "hf_energy": -2.032355174231367}