{"geometry": [["H", [0.0, 0.0, 0.0]], ["H", [0.7239, 0.0, 0.0]], ["H", [0.9511, 0.9578, 0.0]], ["H", [-0.4108, 0.557, -0.1814]]], "multiplicity": 1, "canonical_orbitals": [[0.44364543873438866, 0.39446911687530783, 0.41751458728667007, 1.6099352531887199], [0.3399515271327602, -0.5071801874671165, 0.7213512448419667, -1.2072068303006172], [0.17911179513714282, -0.6721430318081922, -0.8017088646227652, 0.5234641441231195], [0.28004047424260337, 0.5879094117119481, -0.6953571357793716, -1.0395075032186707]], "canonical_to_oao": [[0.6174117071341304, 0.5331056828937819, 0.3342862271541673, 0.47207396994020534], [0.30222592856057223, -0.4214829816617153, -0.6576293212731464, 0.5463838029051291], [0.28121035045641074, 0.5184215452517057, -0.6264478550529767, -0.5096301846579926], [0.669614076013642, -0.5190274833327612, 0.25167335781996714, -0.4678546587491495]], "orbital_energies": [-0.7917937459594776, -0.2794834519924666, 0.3236534533291002, 1.146487506874501], "exact_energy": -1.9489321558448642, "ground_states": [["0j"], ["0j"], ["0j"], ["0j"], ["0j"], ["0j"], ["0j"], ["0j"], ["0j"], ["0j"], ["0j"], ["0j"], ["0j"], ["0j"], ["0j"], ["(-0.017612269038499148+0j)"], ["0j"], ["0j"], ["0j"], ["0j"], ["0j"], ["0j"], ["0j"], ["0j"], ["0j"], ["0j"], ["0j"], ["(0.0006147770914929906+0j)"], ["0j"], ["0j"], ["(-0.0005853150207155988+0j)"], ["0j"], ["0j"], ["0j"], ["0j"], ["0j"], ["0j"], ["0j"], ["0j"], ["(-0.0006147770914930312+0j)"], ["0j"], ["0j"], ["0j"], ["0j"], ["0j"], ["(0.0005853150207155955+0j)"], ["0j"], ["0j"], ["0j"], ["0j"], ["0j"], ["(0.03589365270032454+0j)"], ["0j"], ["0j"], ["(-0.006010181182622026+0j)"], ["0j"], ["0j"], ["(0.006010181182622036+0j)"], ["0j"], ["0j"], ["(0.05122995113407675+0j)"], ["0j"], ["0j"], ["0j"], ["0j"], ["0j"], ["0j"], ["0j"], ["0j"], ["0j"], ["0j"], ["0j"], ["0j"], ["0j"], ["0j"], ["(0.0013865484206687993+0j)"], ["0j"], ["0j"], ["(0.001298218738495502+0j)"], ["0j"], ["0j"], ["0j"], ["0j"], ["0j"], ["0j"], ["0j"], ["0j"], ["0j"], ["0j"], ["0j"], ["(-0.028652684249657445+0j)"], ["0j"], ["0j"], ["0j"], ["0j"], ["0j"], ["0j"], ["0j"], ["0j"], ["(0.010515748040949416+0j)"], ["0j"], ["0j"], ["(-0.036435307594398295+0j)"], ["0j"], ["0j"], ["(0.0650879918440558+0j)"], ["0j"], ["0j"], ["(-0.02969572888226161+0j)"], ["0j"], ["0j"], ["0j"], ["0j"], ["0j"], ["(-0.0004221252257138126+0j)"], ["0j"], ["0j"], ["0j"], ["0j"], ["0j"], ["(0.00728480519558265+0j)"], ["0j"], ["0j"], ["0j"], ["0j"], ["0j"], ["0j"], ["0j"], ["0j"], ["0j"], ["0j"], ["0j"], ["0j"], ["0j"], ["0j"], ["(-0.0013865484206687997+0j)"], ["0j"], ["0j"], ["0j"], ["0j"], ["0j"], ["(-0.0012982187384954992+0j)"], ["0j"], ["0j"], ["0j"], ["0j"], ["0j"], ["(-0.010515748040949412+0j)"], ["0j"], ["0j"], ["(0.0650879918440558+0j)"], ["0j"], ["0j"], ["(-0.036435307594398315+0j)"], ["0j"], ["0j"], ["(0.029695728882261536+0j)"], ["0j"], ["0j"], ["0j"], ["0j"], ["0j"], ["0j"], ["0j"], ["0j"], ["(-0.02865268424965744+0j)"], ["0j"], ["0j"], ["0j"], ["0j"], ["0j"], ["0j"], ["0j"], ["0j"], ["0j"], ["0j"], ["0j"], ["(0.00042212522571379523+0j)"], ["0j"], ["0j"], ["(-0.007284805195582648+0j)"], ["0j"], ["0j"], ["0j"], ["0j"], ["0j"], ["0j"], ["0j"], ["0j"], ["0j"], ["0j"], ["0j"], ["0j"], ["0j"], ["0j"], ["(0.032639838475274616+0j)"], ["0j"], ["0j"], ["(0.00865518786637509+0j)"], ["0j"], ["0j"], ["(-0.008655187866375114+0j)"], ["0j"], ["0j"], ["(0.25357994931600847+0j)"], ["0j"], ["0j"], ["0j"], ["0j"], ["0j"], ["(-0.0010035588453429262+0j)"], ["0j"], ["0j"], ["0j"], ["0j"], ["0j"], ["(-0.012177879646228205+0j)"], ["0j"], ["0j"], ["0j"], ["0j"], ["0j"], ["0j"], ["0j"], ["0j"], ["(0.00100355884534293+0j)"], ["0j"], ["0j"], ["(0.012177879646227997+0j)"], ["0j"], ["0j"], ["0j"], ["0j"], ["0j"], ["0j"], ["0j"], ["0j"], ["0j"], ["0j"], ["0j"], ["(-0.9565658457848801+0j)"], ["0j"], ["0j"], ["0j"], ["0j"], ["0j"], ["0j"], ["0j"], ["0j"], ["0j"], ["0j"], ["0j"], ["0j"], ["0j"], ["0j"], ["0j"]], "hf_energy": -1.8807058729020354}