{"geometry": [["H", [0.0, 0.0, 0.0]], ["H", [0.6569, 0.0, 0.0]], ["H", [0.8973, -0.8183, 0.0]], ["H", [-0.146, -1.2103, 0.1725]]], "multiplicity": 1, "canonical_orbitals": [[0.3632474933408904, 0.4575981144754017, 0.6403420440735292, 1.2305648811389713], [0.44476223206401355, 0.45993465178468207, -0.3124946904040687, -1.5054220758666625], [0.28106726966214346, -0.5587524429026046, -0.8254217192549335, 0.8416622943103185], [0.15115177295780544, -0.7395376513183253, 0.68138858751232, -0.5603977524224558]], "canonical_to_oao": [[0.5557723618877831, 0.6193656903094209, 0.4667825858645432, 0.29936138856376115], [0.38679598222275274, 0.3523291005557984, -0.47370765916973295, -0.7084166335439975], [0.46982887641689075, -0.21936675598799826, -0.6353359043320687, 0.57226509758913], [0.5663627607663279, -0.6664297209281553, 0.39250905702174016, -0.28467752007608643]], "orbital_energies": [-0.7788508988598417, -0.23998084354810167, 0.2755289122998114, 1.040198092704618], "exact_energy": -1.9077098228697573, "ground_states": [["0j"], ["0j"], ["0j"], ["0j"], ["0j"], ["0j"], ["0j"], ["0j"], ["0j"], ["0j"], ["0j"], ["0j"], ["0j"], ["0j"], ["0j"], ["(0.025456931097679564+0j)"], ["0j"], ["0j"], ["0j"], ["0j"], ["0j"], ["0j"], ["0j"], ["0j"], ["0j"], ["0j"], ["0j"], ["(0.005244593086429649+0j)"], ["0j"], ["0j"], ["(0.0002084303558410605+0j)"], ["0j"], ["0j"], ["0j"], ["0j"], ["0j"], ["0j"], ["0j"], ["0j"], ["(-0.005244593086429635+0j)"], ["0j"], ["0j"], ["0j"], ["0j"], ["0j"], ["(-0.0002084303558408202+0j)"], ["0j"], ["0j"], ["0j"], ["0j"], ["0j"], ["(-0.03915411670265728+0j)"], ["0j"], ["0j"], ["(0.014635325581573688+0j)"], ["0j"], ["0j"], ["(-0.014635325581573674+0j)"], ["0j"], ["0j"], ["(-0.04630581383631222+0j)"], ["0j"], ["0j"], ["0j"], ["0j"], ["0j"], ["0j"], ["0j"], ["0j"], ["0j"], ["0j"], ["0j"], ["0j"], ["0j"], ["0j"], ["(0.0026822495506844493+0j)"], ["0j"], ["0j"], ["(0.0027692861176458663+0j)"], ["0j"], ["0j"], ["0j"], ["0j"], ["0j"], ["0j"], ["0j"], ["0j"], ["0j"], ["0j"], ["0j"], ["(0.027790034371497418+0j)"], ["0j"], ["0j"], ["0j"], ["0j"], ["0j"], ["0j"], ["0j"], ["0j"], ["(-0.019094014388865304+0j)"], ["0j"], ["0j"], ["(0.040749780431966386+0j)"], ["0j"], ["0j"], ["(-0.06853981480346374+0j)"], ["0j"], ["0j"], ["(0.04822842891164858+0j)"], ["0j"], ["0j"], ["0j"], ["0j"], ["0j"], ["(-0.001823331970420565+0j)"], ["0j"], ["0j"], ["0j"], ["0j"], ["0j"], ["(-0.0013086054056459246+0j)"], ["0j"], ["0j"], ["0j"], ["0j"], ["0j"], ["0j"], ["0j"], ["0j"], ["0j"], ["0j"], ["0j"], ["0j"], ["0j"], ["0j"], ["(-0.002682249550684433+0j)"], ["0j"], ["0j"], ["0j"], ["0j"], ["0j"], ["(-0.0027692861176458763+0j)"], ["0j"], ["0j"], ["0j"], ["0j"], ["0j"], ["(0.019094014388865287+0j)"], ["0j"], ["0j"], ["(-0.0685398148034637+0j)"], ["0j"], ["0j"], ["(0.04074978043196632+0j)"], ["0j"], ["0j"], ["(-0.048228428911648524+0j)"], ["0j"], ["0j"], ["0j"], ["0j"], ["0j"], ["0j"], ["0j"], ["0j"], ["(0.02779003437149743+0j)"], ["0j"], ["0j"], ["0j"], ["0j"], ["0j"], ["0j"], ["0j"], ["0j"], ["0j"], ["0j"], ["0j"], ["(0.0018233319704205934+0j)"], ["0j"], ["0j"], ["(0.0013086054056458756+0j)"], ["0j"], ["0j"], ["0j"], ["0j"], ["0j"], ["0j"], ["0j"], ["0j"], ["0j"], ["0j"], ["0j"], ["0j"], ["0j"], ["0j"], ["(-0.03513326618855057+0j)"], ["0j"], ["0j"], ["(-0.031333910197325586+0j)"], ["0j"], ["0j"], ["(0.031333910197325544+0j)"], ["0j"], ["0j"], ["(-0.3412230211881741+0j)"], ["0j"], ["0j"], ["0j"], ["0j"], ["0j"], ["(-0.004001729717116044+0j)"], ["0j"], ["0j"], ["0j"], ["0j"], ["0j"], ["(-0.0832529586585099+0j)"], ["0j"], ["0j"], ["0j"], ["0j"], ["0j"], ["0j"], ["0j"], ["0j"], ["(0.004001729717115942+0j)"], ["0j"], ["0j"], ["(0.08325295865851032+0j)"], ["0j"], ["0j"], ["0j"], ["0j"], ["0j"], ["0j"], ["0j"], ["0j"], ["0j"], ["0j"], ["0j"], ["(0.9175968206124928+0j)"], ["0j"], ["0j"], ["0j"], ["0j"], ["0j"], ["0j"], ["0j"], ["0j"], ["0j"], ["0j"], ["0j"], ["0j"], ["0j"], ["0j"], ["0j"]], "hf_energy": -1.818558998298483}