{"geometry": [["H", [0.0, 0.0, 0.0]], ["H", [0.9231, 0.0, 0.0]], ["H", [0.6933, 0.4032, 0.0]], ["H", [0.0001, 0.7299, 0.715]]], "multiplicity": 1, "canonical_orbitals": [[0.26021591079082285, 0.5193705276430136, 1.2005974350404751, 0.0619841106199322], [0.34669079701232686, -0.6358283270510808, -0.12443792803488052, 1.71632045193308], [0.449099919279488, -0.27581783108886015, -0.41554590791181467, -1.9446111062768492], [0.10799949651674651, 0.777625060821015, -0.7786666371402704, 0.47628201818926974]], "canonical_to_oao": [[0.46109725884540104, 0.5682700983916866, 0.6195553833335314, 0.28391819269219665], [0.4231732859430389, -0.48284137843898367, -0.2099726689370886, 0.7373601912435668], [0.7796812720786673, -0.09116494204665845, -0.23373781302529847, -0.5737183124788441], [0.020268249041843253, 0.660016857271597, -0.7193255452463971, 0.21572599786320523]], "orbital_energies": [-0.9136464616409186, -0.26057712549857764, 0.41273230704203334, 1.1282724074322283], "exact_energy": -1.7144065241680542, "ground_states": [["0j"], ["0j"], ["0j"], ["0j"], ["0j"], ["0j"], ["0j"], ["0j"], ["0j"], ["0j"], ["0j"], ["0j"], ["0j"], ["0j"], ["0j"], ["(-0.013832177678327532+0j)"], ["0j"], ["0j"], ["0j"], ["0j"], ["0j"], ["0j"], ["0j"], ["0j"], ["0j"], ["0j"], ["0j"], ["(-0.003681847876702865+0j)"], ["0j"], ["0j"], ["(-0.002520923314541179+0j)"], ["0j"], ["0j"], ["0j"], ["0j"], ["0j"], ["0j"], ["0j"], ["0j"], ["(0.0036818478767029162+0j)"], ["0j"], ["0j"], ["0j"], ["0j"], ["0j"], ["(0.002520923314541136+0j)"], ["0j"], ["0j"], ["0j"], ["0j"], ["0j"], ["(0.040251614726428145+0j)"], ["0j"], ["0j"], ["(-0.009543453001619207+0j)"], ["0j"], ["0j"], ["(0.009543453001619212+0j)"], ["0j"], ["0j"], ["(0.03988640279337607+0j)"], ["0j"], ["0j"], ["0j"], ["0j"], ["0j"], ["0j"], ["0j"], ["0j"], ["0j"], ["0j"], ["0j"], ["0j"], ["0j"], ["0j"], ["(0.0008594906334598092+0j)"], ["0j"], ["0j"], ["(0.002180204911633539+0j)"], ["0j"], ["0j"], ["0j"], ["0j"], ["0j"], ["0j"], ["0j"], ["0j"], ["0j"], ["0j"], ["0j"], ["(0.00010235751536701802+0j)"], ["0j"], ["0j"], ["0j"], ["0j"], ["0j"], ["0j"], ["0j"], ["0j"], ["(-0.027042755014884522+0j)"], ["0j"], ["0j"], ["(0.006167404016360211+0j)"], ["0j"], ["0j"], ["(-0.0062697615317272165+0j)"], ["0j"], ["0j"], ["(0.06488974340381752+0j)"], ["0j"], ["0j"], ["0j"], ["0j"], ["0j"], ["(-0.0021029794092528938+0j)"], ["0j"], ["0j"], ["0j"], ["0j"], ["0j"], ["(0.0033638174399683745+0j)"], ["0j"], ["0j"], ["0j"], ["0j"], ["0j"], ["0j"], ["0j"], ["0j"], ["0j"], ["0j"], ["0j"], ["0j"], ["0j"], ["0j"], ["(-0.0008594906334598178+0j)"], ["0j"], ["0j"], ["0j"], ["0j"], ["0j"], ["(-0.002180204911633536+0j)"], ["0j"], ["0j"], ["0j"], ["0j"], ["0j"], ["(0.02704275501488453+0j)"], ["0j"], ["0j"], ["(-0.006269761531727211+0j)"], ["0j"], ["0j"], ["(0.006167404016360215+0j)"], ["0j"], ["0j"], ["(-0.06488974340381755+0j)"], ["0j"], ["0j"], ["0j"], ["0j"], ["0j"], ["0j"], ["0j"], ["0j"], ["(0.0001023575153670207+0j)"], ["0j"], ["0j"], ["0j"], ["0j"], ["0j"], ["0j"], ["0j"], ["0j"], ["0j"], ["0j"], ["0j"], ["(0.0021029794092528873+0j)"], ["0j"], ["0j"], ["(-0.003363817439968344+0j)"], ["0j"], ["0j"], ["0j"], ["0j"], ["0j"], ["0j"], ["0j"], ["0j"], ["0j"], ["0j"], ["0j"], ["0j"], ["0j"], ["0j"], ["(0.034162953323954456+0j)"], ["0j"], ["0j"], ["(0.03461474730478869+0j)"], ["0j"], ["0j"], ["(-0.034614747304788716+0j)"], ["0j"], ["0j"], ["(0.19276973077793888+0j)"], ["0j"], ["0j"], ["0j"], ["0j"], ["0j"], ["(0.007616583355035713+0j)"], ["0j"], ["0j"], ["0j"], ["0j"], ["0j"], ["(0.05105336834086809+0j)"], ["0j"], ["0j"], ["0j"], ["0j"], ["0j"], ["0j"], ["0j"], ["0j"], ["(-0.00761658335503569+0j)"], ["0j"], ["0j"], ["(-0.05105336834086779+0j)"], ["0j"], ["0j"], ["0j"], ["0j"], ["0j"], ["0j"], ["0j"], ["0j"], ["0j"], ["0j"], ["0j"], ["(-0.9696606972240533+0j)"], ["0j"], ["0j"], ["0j"], ["0j"], ["0j"], ["0j"], ["0j"], ["0j"], ["0j"], ["0j"], ["0j"], ["0j"], ["0j"], ["0j"], ["0j"]], "hf_energy": -1.6604543853270854}