{"geometry": [["H", [0.0, 0.0, 0.0]], ["H", [0.52, 0.0, 0.0]], ["H", [-0.4074, -0.2965, 0.0]], ["H", [0.8624, 0.1755, -0.4493]]], "multiplicity": 1, "canonical_orbitals": [[0.44266868332171505, 0.4128877554511646, 0.7010784405961442, 2.5883861588706574], [0.3633592151176013, -0.4572974220280015, 1.0922874244231258, -2.093673697266614], [0.17466849542109164, 0.6450132010341028, -1.0707699626281606, -1.3844526518208353], [0.1542761288217461, -0.6608917126174753, -1.225812455711489, 0.7486731695743869]], "canonical_to_oao": [[0.5988625087705721, 0.5659719124967402, 0.423980998188597, 0.3758717906797516], [0.29296303164743864, -0.3400321300001723, 0.6149269314653616, -0.6483946958559136], [0.3009683559850346, 0.4914679961139218, -0.5287107834786693, -0.6231710559106559], [0.6818756531601846, -0.5679024155857161, -0.4031995654349922, 0.22352304228493972]], "orbital_energies": [-1.0157883297801664, -0.39535374536431805, 0.790295015967173, 1.8492868378002092], "exact_energy": -1.6913106214628937, "ground_states": [["0j"], ["0j"], ["0j"], ["0j"], ["0j"], ["0j"], ["0j"], ["0j"], ["0j"], ["0j"], ["0j"], ["0j"], ["0j"], ["0j"], ["0j"], ["(-0.004058709526877505+0j)"], ["0j"], ["0j"], ["0j"], ["0j"], ["0j"], ["0j"], ["0j"], ["0j"], ["0j"], ["0j"], ["0j"], ["(-5.5239349243396685e-06+0j)"], ["0j"], ["0j"], ["(0.00015431901602869225+0j)"], ["0j"], ["0j"], ["0j"], ["0j"], ["0j"], ["0j"], ["0j"], ["0j"], ["(5.5239349242648585e-06+0j)"], ["0j"], ["0j"], ["0j"], ["0j"], ["0j"], ["(-0.00015431901602871206+0j)"], ["0j"], ["0j"], ["0j"], ["0j"], ["0j"], ["(0.023617470322624498+0j)"], ["0j"], ["0j"], ["(-0.0006698477784460871+0j)"], ["0j"], ["0j"], ["(0.0006698477784460894+0j)"], ["0j"], ["0j"], ["(0.03494227226629234+0j)"], ["0j"], ["0j"], ["0j"], ["0j"], ["0j"], ["0j"], ["0j"], ["0j"], ["0j"], ["0j"], ["0j"], ["0j"], ["0j"], ["0j"], ["(0.00013376143691960898+0j)"], ["0j"], ["0j"], ["(9.231777509161962e-05+0j)"], ["0j"], ["0j"], ["0j"], ["0j"], ["0j"], ["0j"], ["0j"], ["0j"], ["0j"], ["0j"], ["0j"], ["(-0.013814936675327384+0j)"], ["0j"], ["0j"], ["0j"], ["0j"], ["0j"], ["0j"], ["0j"], ["0j"], ["(0.0037596109732384608+0j)"], ["0j"], ["0j"], ["(-0.0144435430324168+0j)"], ["0j"], ["0j"], ["(0.028258479707744186+0j)"], ["0j"], ["0j"], ["(-0.009273125400581523+0j)"], ["0j"], ["0j"], ["0j"], ["0j"], ["0j"], ["(7.519258934933303e-05+0j)"], ["0j"], ["0j"], ["0j"], ["0j"], ["0j"], ["(0.0042203373482984415+0j)"], ["0j"], ["0j"], ["0j"], ["0j"], ["0j"], ["0j"], ["0j"], ["0j"], ["0j"], ["0j"], ["0j"], ["0j"], ["0j"], ["0j"], ["(-0.00013376143691961158+0j)"], ["0j"], ["0j"], ["0j"], ["0j"], ["0j"], ["(-9.23177750916202e-05+0j)"], ["0j"], ["0j"], ["0j"], ["0j"], ["0j"], ["(-0.0037596109732384577+0j)"], ["0j"], ["0j"], ["(0.028258479707744182+0j)"], ["0j"], ["0j"], ["(-0.014443543032416793+0j)"], ["0j"], ["0j"], ["(0.00927312540058153+0j)"], ["0j"], ["0j"], ["0j"], ["0j"], ["0j"], ["0j"], ["0j"], ["0j"], ["(-0.013814936675327384+0j)"], ["0j"], ["0j"], ["0j"], ["0j"], ["0j"], ["0j"], ["0j"], ["0j"], ["0j"], ["0j"], ["0j"], ["(-7.519258934933212e-05+0j)"], ["0j"], ["0j"], ["(-0.0042203373482984285+0j)"], ["0j"], ["0j"], ["0j"], ["0j"], ["0j"], ["0j"], ["0j"], ["0j"], ["0j"], ["0j"], ["0j"], ["0j"], ["0j"], ["0j"], ["(0.018904374183180403+0j)"], ["0j"], ["0j"], ["(-0.0030647191474096995+0j)"], ["0j"], ["0j"], ["(0.0030647191474097025+0j)"], ["0j"], ["0j"], ["(0.09085023453699803+0j)"], ["0j"], ["0j"], ["0j"], ["0j"], ["0j"], ["(-0.0004930788729675963+0j)"], ["0j"], ["0j"], ["0j"], ["0j"], ["0j"], ["(-0.0005500938567336228+0j)"], ["0j"], ["0j"], ["0j"], ["0j"], ["0j"], ["0j"], ["0j"], ["0j"], ["(0.0004930788729676003+0j)"], ["0j"], ["0j"], ["(0.000550093856733642+0j)"], ["0j"], ["0j"], ["0j"], ["0j"], ["0j"], ["0j"], ["0j"], ["0j"], ["0j"], ["0j"], ["0j"], ["(-0.9934489718607385+0j)"], ["0j"], ["0j"], ["0j"], ["0j"], ["0j"], ["0j"], ["0j"], ["0j"], ["0j"], ["0j"], ["0j"], ["0j"], ["0j"], ["0j"], ["0j"]], "hf_energy": -1.663763389699338}