{"geometry": [["H", [0.0, 0.0, 0.0]], ["H", [0.7111, 0.0, 0.0]], ["H", [-0.4279, -0.0264, 0.0]], ["H", [0.0089, 0.2488, 0.5862]]], "multiplicity": 1, "canonical_orbitals": [[0.509533898349299, 0.019695214273910633, 0.5304367362085112, 2.701436631216366], [0.07344474355103048, -0.9493641084855925, 0.4784389010727357, -1.0785769085474795], [0.24556315518383798, 0.8873433555449206, 0.38930378564966395, -1.9129340964131014], [0.2797238795045872, -0.20520886649152104, -1.4010010150052574, -0.24201577391303639]], "canonical_to_oao": [[0.6140249991738943, 0.32583423064080297, 0.5225860424676553, 0.4936691024868899], [0.038884814315757854, -0.7962146958012974, 0.5864315820276214, -0.14362495955180407], [0.28263789084318225, 0.35479213352902966, 0.253736800418515, -0.8543161011938204], [0.7359192172139862, -0.3660556710647765, -0.5644638730086731, -0.07620162389686719]], "orbital_energies": [-1.0519254758611678, -0.17696313288460427, 0.3831757972186243, 1.6644970338433858], "exact_energy": -1.333853050522951, "ground_states": [["0j"], ["0j"], ["0j"], ["0j"], ["0j"], ["0j"], ["0j"], ["0j"], ["0j"], ["0j"], ["0j"], ["0j"], ["0j"], ["0j"], ["0j"], ["(-0.00711647851726087+0j)"], ["0j"], ["0j"], ["0j"], ["0j"], ["0j"], ["0j"], ["0j"], ["0j"], ["0j"], ["0j"], ["0j"], ["(-0.0030152907091645954+0j)"], ["0j"], ["0j"], ["(-0.0011336696277343128+0j)"], ["0j"], ["0j"], ["0j"], ["0j"], ["0j"], ["0j"], ["0j"], ["0j"], ["(0.0030152907091645464+0j)"], ["0j"], ["0j"], ["0j"], ["0j"], ["0j"], ["(0.0011336696277343705+0j)"], ["0j"], ["0j"], ["0j"], ["0j"], ["0j"], ["(0.02546590100674637+0j)"], ["0j"], ["0j"], ["(-0.01104415502579553+0j)"], ["0j"], ["0j"], ["(0.011044155025795548+0j)"], ["0j"], ["0j"], ["(0.054907606286639085+0j)"], ["0j"], ["0j"], ["0j"], ["0j"], ["0j"], ["0j"], ["0j"], ["0j"], ["0j"], ["0j"], ["0j"], ["0j"], ["0j"], ["0j"], ["(0.0010036601713612715+0j)"], ["0j"], ["0j"], ["(-0.006254600990507908+0j)"], ["0j"], ["0j"], ["0j"], ["0j"], ["0j"], ["0j"], ["0j"], ["0j"], ["0j"], ["0j"], ["0j"], ["(-0.0013086210645123957+0j)"], ["0j"], ["0j"], ["0j"], ["0j"], ["0j"], ["0j"], ["0j"], ["0j"], ["(0.009659782947525276+0j)"], ["0j"], ["0j"], ["(0.0005223289737039041+0j)"], ["0j"], ["0j"], ["(0.0007862920908085118+0j)"], ["0j"], ["0j"], ["(-0.028652531307111307+0j)"], ["0j"], ["0j"], ["0j"], ["0j"], ["0j"], ["(0.0045760663526297025+0j)"], ["0j"], ["0j"], ["0j"], ["0j"], ["0j"], ["(-0.012307454675208088+0j)"], ["0j"], ["0j"], ["0j"], ["0j"], ["0j"], ["0j"], ["0j"], ["0j"], ["0j"], ["0j"], ["0j"], ["0j"], ["0j"], ["0j"], ["(-0.0010036601713612528+0j)"], ["0j"], ["0j"], ["0j"], ["0j"], ["0j"], ["(0.006254600990507907+0j)"], ["0j"], ["0j"], ["0j"], ["0j"], ["0j"], ["(-0.009659782947525314+0j)"], ["0j"], ["0j"], ["(0.0007862920908084275+0j)"], ["0j"], ["0j"], ["(0.0005223289737038658+0j)"], ["0j"], ["0j"], ["(0.02865253130711148+0j)"], ["0j"], ["0j"], ["0j"], ["0j"], ["0j"], ["0j"], ["0j"], ["0j"], ["(-0.0013086210645123322+0j)"], ["0j"], ["0j"], ["0j"], ["0j"], ["0j"], ["0j"], ["0j"], ["0j"], ["0j"], ["0j"], ["0j"], ["(-0.00457606635262971+0j)"], ["0j"], ["0j"], ["(0.012307454675208029+0j)"], ["0j"], ["0j"], ["0j"], ["0j"], ["0j"], ["0j"], ["0j"], ["0j"], ["0j"], ["0j"], ["0j"], ["0j"], ["0j"], ["0j"], ["(0.03867703041200624+0j)"], ["0j"], ["0j"], ["(0.046483487604774075+0j)"], ["0j"], ["0j"], ["(-0.04648348760477414+0j)"], ["0j"], ["0j"], ["(0.12048077625689364+0j)"], ["0j"], ["0j"], ["0j"], ["0j"], ["0j"], ["(0.004899885843601638+0j)"], ["0j"], ["0j"], ["0j"], ["0j"], ["0j"], ["(0.07699936877775924+0j)"], ["0j"], ["0j"], ["0j"], ["0j"], ["0j"], ["0j"], ["0j"], ["0j"], ["(-0.004899885843601626+0j)"], ["0j"], ["0j"], ["(-0.07699936877775712+0j)"], ["0j"], ["0j"], ["0j"], ["0j"], ["0j"], ["0j"], ["0j"], ["0j"], ["0j"], ["0j"], ["0j"], ["(-0.9805731319720753+0j)"], ["0j"], ["0j"], ["0j"], ["0j"], ["0j"], ["0j"], ["0j"], ["0j"], ["0j"], ["0j"], ["0j"], ["0j"], ["0j"], ["0j"], ["0j"]], "hf_energy": -1.3021586684498403}