{"geometry": [["H", [0.0, 0.0, 0.0]], ["H", [1.2565, 0.0, 0.0]], ["H", [0.687, 0.7018, 0.0]], ["H", [-0.3991, 0.1318, 0.7349]]], "multiplicity": 1, "canonical_orbitals": [[0.39325041013983697, 0.39480007233077874, 0.1696342121298441, 1.2628974195824152], [0.2903782616203648, -0.5728910393163639, -1.0260413304978249, 0.056733766945968045], [0.3778522146673038, -0.4149830296459031, 1.0214116062687908, -0.5965635414058871], [0.2564505768580691, 0.6157776620663835, -0.4217572577214609, -0.9597874996051665]], "canonical_to_oao": [[0.5686324545154151, 0.4500869765609061, 0.5497872123390249, 0.4145031560199759], [0.360641985371564, -0.5699611545157048, -0.3825003068781019, 0.6314864653882438], [0.11367107601182642, -0.6863922942496767, 0.6592927976409184, -0.2850921111707407], [0.7305295179096775, 0.03783667887184241, -0.3417024193146019, -0.5900292076068364]], "orbital_energies": [-0.7192079182255123, -0.3306382542834387, 0.4979347748122393, 0.6539545642228641], "exact_energy": -2.0850676434502575, "ground_states": [["0j"], ["0j"], ["0j"], ["0j"], ["0j"], ["0j"], ["0j"], ["0j"], ["0j"], ["0j"], ["0j"], ["0j"], ["0j"], ["0j"], ["0j"], ["(0.019490923213135353+0j)"], ["0j"], ["0j"], ["0j"], ["0j"], ["0j"], ["0j"], ["0j"], ["0j"], ["0j"], ["0j"], ["0j"], ["(-0.0009275631643187454+0j)"], ["0j"], ["0j"], ["(0.004462828913434771+0j)"], ["0j"], ["0j"], ["0j"], ["0j"], ["0j"], ["0j"], ["0j"], ["0j"], ["(0.0009275631643187812+0j)"], ["0j"], ["0j"], ["0j"], ["0j"], ["0j"], ["(-0.004462828913434775+0j)"], ["0j"], ["0j"], ["0j"], ["0j"], ["0j"], ["(-0.05408879145713661+0j)"], ["0j"], ["0j"], ["(-0.007169238762318399+0j)"], ["0j"], ["0j"], ["(0.007169238762318407+0j)"], ["0j"], ["0j"], ["(-0.057683856832285385+0j)"], ["0j"], ["0j"], ["0j"], ["0j"], ["0j"], ["0j"], ["0j"], ["0j"], ["0j"], ["0j"], ["0j"], ["0j"], ["0j"], ["0j"], ["(-0.0009325937971162563+0j)"], ["0j"], ["0j"], ["(-0.001940747418143253+0j)"], ["0j"], ["0j"], ["0j"], ["0j"], ["0j"], ["0j"], ["0j"], ["0j"], ["0j"], ["0j"], ["0j"], ["(0.0093773822739609+0j)"], ["0j"], ["0j"], ["0j"], ["0j"], ["0j"], ["0j"], ["0j"], ["0j"], ["(-0.04626307550120948+0j)"], ["0j"], ["0j"], ["(0.028905943906327187+0j)"], ["0j"], ["0j"], ["(-0.03828332618028808+0j)"], ["0j"], ["0j"], ["(0.06299428709964217+0j)"], ["0j"], ["0j"], ["0j"], ["0j"], ["0j"], ["(-0.00014280824817564805+0j)"], ["0j"], ["0j"], ["0j"], ["0j"], ["0j"], ["(-0.0032500626491263223+0j)"], ["0j"], ["0j"], ["0j"], ["0j"], ["0j"], ["0j"], ["0j"], ["0j"], ["0j"], ["0j"], ["0j"], ["0j"], ["0j"], ["0j"], ["(0.0009325937971162524+0j)"], ["0j"], ["0j"], ["0j"], ["0j"], ["0j"], ["(0.0019407474181432568+0j)"], ["0j"], ["0j"], ["0j"], ["0j"], ["0j"], ["(0.046263075501209464+0j)"], ["0j"], ["0j"], ["(-0.038283326180288076+0j)"], ["0j"], ["0j"], ["(0.0289059439063272+0j)"], ["0j"], ["0j"], ["(-0.06299428709964218+0j)"], ["0j"], ["0j"], ["0j"], ["0j"], ["0j"], ["0j"], ["0j"], ["0j"], ["(0.009377382273960892+0j)"], ["0j"], ["0j"], ["0j"], ["0j"], ["0j"], ["0j"], ["0j"], ["0j"], ["0j"], ["0j"], ["0j"], ["(0.0001428082481756201+0j)"], ["0j"], ["0j"], ["(0.003250062649126314+0j)"], ["0j"], ["0j"], ["0j"], ["0j"], ["0j"], ["0j"], ["0j"], ["0j"], ["0j"], ["0j"], ["0j"], ["0j"], ["0j"], ["0j"], ["(-0.0749282306320971+0j)"], ["0j"], ["0j"], ["(0.02531206853875206+0j)"], ["0j"], ["0j"], ["(-0.025312068538752053+0j)"], ["0j"], ["0j"], ["(-0.11870949570813522+0j)"], ["0j"], ["0j"], ["0j"], ["0j"], ["0j"], ["(-0.013889119317898314+0j)"], ["0j"], ["0j"], ["0j"], ["0j"], ["0j"], ["(0.0028765708006648553+0j)"], ["0j"], ["0j"], ["0j"], ["0j"], ["0j"], ["0j"], ["0j"], ["0j"], ["(0.01388911931789828+0j)"], ["0j"], ["0j"], ["(-0.0028765708006649056+0j)"], ["0j"], ["0j"], ["0j"], ["0j"], ["0j"], ["0j"], ["0j"], ["0j"], ["0j"], ["0j"], ["0j"], ["(0.9771422776535766+0j)"], ["0j"], ["0j"], ["0j"], ["0j"], ["0j"], ["0j"], ["0j"], ["0j"], ["0j"], ["0j"], ["0j"], ["0j"], ["0j"], ["0j"], ["0j"]], "hf_energy": -2.029122438649229}