{"geometry": [["H", [0.0, 0.0, 0.0]], ["H", [1.0671, 0.0, 0.0]], ["H", [-0.0118, -0.721, 0.0]], ["H", [0.3209, 0.5993, -0.0382]]], "multiplicity": 1, "canonical_orbitals": [[0.42880250756651145, 0.3903928737935311, 0.3850711062722705, 1.7459850639521428], [0.24621393558343074, -0.5806820782519275, -0.9848124729294186, 0.2749270469979945], [0.20436619474458315, 0.734953347870982, -0.42205031337600657, -1.1378753055500879], [0.34900424762360366, -0.5480048519004139, 0.7344015860951827, -1.216053181974391]], "canonical_to_oao": [[0.6040079348412387, 0.4222127738423397, 0.40145584185958305, 0.5438234964489769], [0.2855689470143807, -0.5087818329029948, 0.6886467319922612, -0.4305311853110601], [0.2645760307830701, -0.7399769257309443, -0.32908593625150795, 0.5235800988218753], [0.6954310282731103, 0.12373992685470069, -0.5062621179929032, -0.49473506374860543]], "orbital_energies": [-0.8225756061773529, -0.24648745183135684, 0.3025616160896928, 1.221520436854893], "exact_energy": -1.8655029316333942, "ground_states": [["0j"], ["0j"], ["0j"], ["0j"], ["0j"], ["0j"], ["0j"], ["0j"], ["0j"], ["0j"], ["0j"], ["0j"], ["0j"], ["0j"], ["0j"], ["(-0.017240562392820836+0j)"], ["0j"], ["0j"], ["0j"], ["0j"], ["0j"], ["0j"], ["0j"], ["0j"], ["0j"], ["0j"], ["0j"], ["(-0.0038043396875504787+0j)"], ["0j"], ["0j"], ["(-0.0029313123659874263+0j)"], ["0j"], ["0j"], ["0j"], ["0j"], ["0j"], ["0j"], ["0j"], ["0j"], ["(0.0038043396875505463+0j)"], ["0j"], ["0j"], ["0j"], ["0j"], ["0j"], ["(0.002931312365987442+0j)"], ["0j"], ["0j"], ["0j"], ["0j"], ["0j"], ["(0.03196543847124413+0j)"], ["0j"], ["0j"], ["(0.0024251295016869128+0j)"], ["0j"], ["0j"], ["(-0.0024251295016869084+0j)"], ["0j"], ["0j"], ["(0.05843746535135145+0j)"], ["0j"], ["0j"], ["0j"], ["0j"], ["0j"], ["0j"], ["0j"], ["0j"], ["0j"], ["0j"], ["0j"], ["0j"], ["0j"], ["0j"], ["(0.0010556268268129697+0j)"], ["0j"], ["0j"], ["(0.0017747762567808007+0j)"], ["0j"], ["0j"], ["0j"], ["0j"], ["0j"], ["0j"], ["0j"], ["0j"], ["0j"], ["0j"], ["0j"], ["(-0.024982875948907787+0j)"], ["0j"], ["0j"], ["0j"], ["0j"], ["0j"], ["0j"], ["0j"], ["0j"], ["(0.01578896258772674+0j)"], ["0j"], ["0j"], ["(-0.02915866606496619+0j)"], ["0j"], ["0j"], ["(0.05414154201387394+0j)"], ["0j"], ["0j"], ["(-0.07491841326590858+0j)"], ["0j"], ["0j"], ["0j"], ["0j"], ["0j"], ["(0.0003132588350075196+0j)"], ["0j"], ["0j"], ["0j"], ["0j"], ["0j"], ["(0.005996493546531096+0j)"], ["0j"], ["0j"], ["0j"], ["0j"], ["0j"], ["0j"], ["0j"], ["0j"], ["0j"], ["0j"], ["0j"], ["0j"], ["0j"], ["0j"], ["(-0.001055626826812984+0j)"], ["0j"], ["0j"], ["0j"], ["0j"], ["0j"], ["(-0.0017747762567807775+0j)"], ["0j"], ["0j"], ["0j"], ["0j"], ["0j"], ["(-0.015788962587726725+0j)"], ["0j"], ["0j"], ["(0.05414154201387398+0j)"], ["0j"], ["0j"], ["(-0.02915866606496619+0j)"], ["0j"], ["0j"], ["(0.07491841326590862+0j)"], ["0j"], ["0j"], ["0j"], ["0j"], ["0j"], ["0j"], ["0j"], ["0j"], ["(-0.024982875948907794+0j)"], ["0j"], ["0j"], ["0j"], ["0j"], ["0j"], ["0j"], ["0j"], ["0j"], ["0j"], ["0j"], ["0j"], ["(-0.000313258835007552+0j)"], ["0j"], ["0j"], ["(-0.005996493546531029+0j)"], ["0j"], ["0j"], ["0j"], ["0j"], ["0j"], ["0j"], ["0j"], ["0j"], ["0j"], ["0j"], ["0j"], ["0j"], ["0j"], ["0j"], ["(0.03970046196814497+0j)"], ["0j"], ["0j"], ["(-0.019941238609290014+0j)"], ["0j"], ["0j"], ["(0.019941238609289983+0j)"], ["0j"], ["0j"], ["(0.2529922159229197+0j)"], ["0j"], ["0j"], ["0j"], ["0j"], ["0j"], ["(0.006191170256094306+0j)"], ["0j"], ["0j"], ["0j"], ["0j"], ["0j"], ["(0.06063658162912831+0j)"], ["0j"], ["0j"], ["0j"], ["0j"], ["0j"], ["0j"], ["0j"], ["0j"], ["(-0.006191170256094306+0j)"], ["0j"], ["0j"], ["(-0.060636581629128855+0j)"], ["0j"], ["0j"], ["0j"], ["0j"], ["0j"], ["0j"], ["0j"], ["0j"], ["0j"], ["0j"], ["0j"], ["(-0.949097086746197+0j)"], ["0j"], ["0j"], ["0j"], ["0j"], ["0j"], ["0j"], ["0j"], ["0j"], ["0j"], ["0j"], ["0j"], ["0j"], ["0j"], ["0j"], ["0j"]], "hf_energy": -1.7992121094551026}