{"geometry": [["H", [0.0, 0.0, 0.0]], ["H", [1.1465, 0.0, 0.0]], ["H", [1.1053, -0.5306, 0.0]], ["H", [0.1784, -0.5808, 1.1121]]], "multiplicity": 1, "canonical_orbitals": [[0.20328336018402735, 0.6031717208470007, 0.9370460379258957, 0.199564813896651], [0.4562155479943618, -0.3684626652424281, 0.03320785534812481, -1.5807892296836972], [0.44594202789544707, -0.3373788216722613, -0.28164641110010435, 1.5487235788363645], [0.11698673173165747, 0.6890846922022067, -0.8062406325176781, -0.20011800209131003]], "canonical_to_oao": [[0.36457897948197104, 0.6399238633943289, 0.633882436596666, 0.23616238767558634], [0.5740654631943145, -0.30457362518481707, -0.28518012399653025, 0.7045254059908691], [0.726332675559694, 0.01648552460462495, -0.18817471718758524, -0.6608777100978516], [0.09985918135894005, -0.705308856727864, 0.6938700377325503, -0.10541314555873618]], "orbital_energies": [-0.7573855960253292, -0.28927687824105347, 0.299795637988498, 0.9490683616312268], "exact_energy": -1.9555742445377922, "ground_states": [["0j"], ["0j"], ["0j"], ["0j"], ["0j"], ["0j"], ["0j"], ["0j"], ["0j"], ["0j"], ["0j"], ["0j"], ["0j"], ["0j"], ["0j"], ["(-0.024882485216637884+0j)"], ["0j"], ["0j"], ["0j"], ["0j"], ["0j"], ["0j"], ["0j"], ["0j"], ["0j"], ["0j"], ["0j"], ["(-0.0030721040891640294+0j)"], ["0j"], ["0j"], ["(0.0004452490572372757+0j)"], ["0j"], ["0j"], ["0j"], ["0j"], ["0j"], ["0j"], ["0j"], ["0j"], ["(0.0030721040891641582+0j)"], ["0j"], ["0j"], ["0j"], ["0j"], ["0j"], ["(-0.00044524905723725914+0j)"], ["0j"], ["0j"], ["0j"], ["0j"], ["0j"], ["(0.05541284352350897+0j)"], ["0j"], ["0j"], ["(0.009487281093361914+0j)"], ["0j"], ["0j"], ["(-0.00948728109336191+0j)"], ["0j"], ["0j"], ["(0.027675985032856835+0j)"], ["0j"], ["0j"], ["0j"], ["0j"], ["0j"], ["0j"], ["0j"], ["0j"], ["0j"], ["0j"], ["0j"], ["0j"], ["0j"], ["0j"], ["(0.0026258681949705635+0j)"], ["0j"], ["0j"], ["(-0.001034666242227014+0j)"], ["0j"], ["0j"], ["0j"], ["0j"], ["0j"], ["0j"], ["0j"], ["0j"], ["0j"], ["0j"], ["0j"], ["(-0.0066394880382177985+0j)"], ["0j"], ["0j"], ["0j"], ["0j"], ["0j"], ["0j"], ["0j"], ["0j"], ["(-0.03223227994130865+0j)"], ["0j"], ["0j"], ["(-0.010856618895030546+0j)"], ["0j"], ["0j"], ["(0.01749610693324835+0j)"], ["0j"], ["0j"], ["(0.07941223333217118+0j)"], ["0j"], ["0j"], ["0j"], ["0j"], ["0j"], ["(0.0005172176835325069+0j)"], ["0j"], ["0j"], ["0j"], ["0j"], ["0j"], ["(-0.004339992874120995+0j)"], ["0j"], ["0j"], ["0j"], ["0j"], ["0j"], ["0j"], ["0j"], ["0j"], ["0j"], ["0j"], ["0j"], ["0j"], ["0j"], ["0j"], ["(-0.002625868194970529+0j)"], ["0j"], ["0j"], ["0j"], ["0j"], ["0j"], ["(0.0010346662422270258+0j)"], ["0j"], ["0j"], ["0j"], ["0j"], ["0j"], ["(0.03223227994130864+0j)"], ["0j"], ["0j"], ["(0.017496106933248337+0j)"], ["0j"], ["0j"], ["(-0.01085661889503054+0j)"], ["0j"], ["0j"], ["(-0.07941223333217123+0j)"], ["0j"], ["0j"], ["0j"], ["0j"], ["0j"], ["0j"], ["0j"], ["0j"], ["(-0.006639488038217806+0j)"], ["0j"], ["0j"], ["0j"], ["0j"], ["0j"], ["0j"], ["0j"], ["0j"], ["0j"], ["0j"], ["0j"], ["(-0.0005172176835325277+0j)"], ["0j"], ["0j"], ["(0.004339992874120889+0j)"], ["0j"], ["0j"], ["0j"], ["0j"], ["0j"], ["0j"], ["0j"], ["0j"], ["0j"], ["0j"], ["0j"], ["0j"], ["0j"], ["0j"], ["(0.022605257929586165+0j)"], ["0j"], ["0j"], ["(-0.020441622158385672+0j)"], ["0j"], ["0j"], ["(0.020441622158385672+0j)"], ["0j"], ["0j"], ["(0.30413089465837073+0j)"], ["0j"], ["0j"], ["0j"], ["0j"], ["0j"], ["(-0.0018918500944462506+0j)"], ["0j"], ["0j"], ["0j"], ["0j"], ["0j"], ["(0.036394304881844926+0j)"], ["0j"], ["0j"], ["0j"], ["0j"], ["0j"], ["0j"], ["0j"], ["0j"], ["(0.0018918500944462254+0j)"], ["0j"], ["0j"], ["(-0.0363943048818457+0j)"], ["0j"], ["0j"], ["0j"], ["0j"], ["0j"], ["0j"], ["0j"], ["0j"], ["0j"], ["0j"], ["0j"], ["(-0.9397689893810502+0j)"], ["0j"], ["0j"], ["0j"], ["0j"], ["0j"], ["0j"], ["0j"], ["0j"], ["0j"], ["0j"], ["0j"], ["0j"], ["0j"], ["0j"], ["0j"]], "hf_energy": -1.8664168082024992}