{"geometry": [["H", [0.0, 0.0, 0.0]], ["H", [1.2884, 0.0, 0.0]], ["H", [0.658, -0.3915, 0.0]], ["H", [0.5171, 0.749, -0.4173]]], "multiplicity": 1, "canonical_orbitals": [[0.3262834827227718, 0.5867230933656564, 0.6893530619384424, 1.074075948207006], [0.28436502383212997, -0.6610918050836627, -0.5420435960566007, 1.0838495003117363], [0.41239715783839803, -0.4477606061683615, 0.45438673605599805, -1.4729237985887593], [0.22910613650854103, 0.6547750257848258, -0.8257077555588749, -0.5579585354991099]], "canonical_to_oao": [[0.5140576163721682, 0.47569619838643556, 0.5916534863859798, 0.39925436245302726], [0.47299602234831256, -0.5745479459283486, -0.33785511109700705, 0.5762146688325617], [0.5244719121166335, -0.4244634797918355, 0.33081832709944436, -0.6597872400849015], [0.486773811223612, 0.5132626413379537, -0.6529619517307802, -0.2706536667136726]], "orbital_energies": [-0.7839505051229007, -0.21915003889336407, 0.27406426681759066, 1.0613538235862867], "exact_energy": -1.860787462581467, "ground_states": [["0j"], ["0j"], ["0j"], ["0j"], ["0j"], ["0j"], ["0j"], ["0j"], ["0j"], ["0j"], ["0j"], ["0j"], ["0j"], ["0j"], ["0j"], ["(0.026744874993827588+0j)"], ["0j"], ["0j"], ["0j"], ["0j"], ["0j"], ["0j"], ["0j"], ["0j"], ["0j"], ["0j"], ["0j"], ["(-0.002364783967948071+0j)"], ["0j"], ["0j"], ["(0.0007796772912448402+0j)"], ["0j"], ["0j"], ["0j"], ["0j"], ["0j"], ["0j"], ["0j"], ["0j"], ["(0.002364783967948022+0j)"], ["0j"], ["0j"], ["0j"], ["0j"], ["0j"], ["(-0.0007796772912446474+0j)"], ["0j"], ["0j"], ["0j"], ["0j"], ["0j"], ["(-0.03654466437674964+0j)"], ["0j"], ["0j"], ["(-0.0025870527279422267+0j)"], ["0j"], ["0j"], ["(0.002587052727942215+0j)"], ["0j"], ["0j"], ["(-0.043994622742922575+0j)"], ["0j"], ["0j"], ["0j"], ["0j"], ["0j"], ["0j"], ["0j"], ["0j"], ["0j"], ["0j"], ["0j"], ["0j"], ["0j"], ["0j"], ["(0.00017544569599863306+0j)"], ["0j"], ["0j"], ["(0.0012025945337943462+0j)"], ["0j"], ["0j"], ["0j"], ["0j"], ["0j"], ["0j"], ["0j"], ["0j"], ["0j"], ["0j"], ["0j"], ["(0.03449300056055261+0j)"], ["0j"], ["0j"], ["0j"], ["0j"], ["0j"], ["0j"], ["0j"], ["0j"], ["(0.0146847414477994+0j)"], ["0j"], ["0j"], ["(0.04635423233711194+0j)"], ["0j"], ["0j"], ["(-0.08084723289766456+0j)"], ["0j"], ["0j"], ["(-0.05205168889673805+0j)"], ["0j"], ["0j"], ["0j"], ["0j"], ["0j"], ["(0.00016705573787516388+0j)"], ["0j"], ["0j"], ["0j"], ["0j"], ["0j"], ["(-0.011072791625753154+0j)"], ["0j"], ["0j"], ["0j"], ["0j"], ["0j"], ["0j"], ["0j"], ["0j"], ["0j"], ["0j"], ["0j"], ["0j"], ["0j"], ["0j"], ["(-0.0001754456959986195+0j)"], ["0j"], ["0j"], ["0j"], ["0j"], ["0j"], ["(-0.0012025945337943657+0j)"], ["0j"], ["0j"], ["0j"], ["0j"], ["0j"], ["(-0.014684741447799408+0j)"], ["0j"], ["0j"], ["(-0.08084723289766454+0j)"], ["0j"], ["0j"], ["(0.04635423233711191+0j)"], ["0j"], ["0j"], ["(0.05205168889673815+0j)"], ["0j"], ["0j"], ["0j"], ["0j"], ["0j"], ["0j"], ["0j"], ["0j"], ["(0.03449300056055259+0j)"], ["0j"], ["0j"], ["0j"], ["0j"], ["0j"], ["0j"], ["0j"], ["0j"], ["0j"], ["0j"], ["0j"], ["(-0.00016705573787514477+0j)"], ["0j"], ["0j"], ["(0.011072791625753163+0j)"], ["0j"], ["0j"], ["0j"], ["0j"], ["0j"], ["0j"], ["0j"], ["0j"], ["0j"], ["0j"], ["0j"], ["0j"], ["0j"], ["0j"], ["(-0.03322917467108542+0j)"], ["0j"], ["0j"], ["(-0.004838955772448039+0j)"], ["0j"], ["0j"], ["(0.004838955772448064+0j)"], ["0j"], ["0j"], ["(-0.40215885089550346+0j)"], ["0j"], ["0j"], ["0j"], ["0j"], ["0j"], ["(-2.818863855421012e-05+0j)"], ["0j"], ["0j"], ["0j"], ["0j"], ["0j"], ["(0.03610400249860542+0j)"], ["0j"], ["0j"], ["0j"], ["0j"], ["0j"], ["0j"], ["0j"], ["0j"], ["(2.8188638554181836e-05+0j)"], ["0j"], ["0j"], ["(-0.036104002498605216+0j)"], ["0j"], ["0j"], ["0j"], ["0j"], ["0j"], ["0j"], ["0j"], ["0j"], ["0j"], ["0j"], ["0j"], ["(0.8970230539352171+0j)"], ["0j"], ["0j"], ["0j"], ["0j"], ["0j"], ["0j"], ["0j"], ["0j"], ["0j"], ["0j"], ["0j"], ["0j"], ["0j"], ["0j"], ["0j"]], "hf_energy": -1.7668648182227176}