{"geometry": [["H", [0.0, 0.0, 0.0]], ["H", [0.4576, 0.0, 0.0]], ["H", [-0.1513, 0.6202, 0.0]], ["H", [-0.068, -0.3203, 0.6919]]], "multiplicity": 1, "canonical_orbitals": [[0.514336086439738, 0.05944526696610064, 0.019074435302910753, 2.361087310580878], [0.3422946917534194, -0.11722222098172813, 1.1743643897384584, -1.3866126047684952], [0.15656946327175444, 0.8857319752834293, -0.7740255649259711, -0.8720821164608642], [0.09503389916625221, -0.9331091631416024, -0.7446103560276999, -0.5462743949616505]], "canonical_to_oao": [[0.6300226812407566, 0.5665564844117729, 0.411974819950164, 0.335204294155384], [0.031149621496124436, -0.07499012101298733, 0.661847689351187, -0.7452273605629364], [0.026037842665141656, 0.6658558890339003, -0.5235559335775158, -0.5308927859784842], [0.775514766430788, -0.47961043228885675, -0.34369109421586913, -0.22455981840969175]], "orbital_energies": [-1.0343880448601201, -0.13864485715314145, 0.39136192650600604, 1.1944829143181779], "exact_energy": -1.3914108740038242, "ground_states": [["0j"], ["0j"], ["0j"], ["0j"], ["0j"], ["0j"], ["0j"], ["0j"], ["0j"], ["0j"], ["0j"], ["0j"], ["0j"], ["0j"], ["0j"], ["(-0.015130673209656192+0j)"], ["0j"], ["0j"], ["0j"], ["0j"], ["0j"], ["0j"], ["0j"], ["0j"], ["0j"], ["0j"], ["0j"], ["(0.0017290852741526919+0j)"], ["0j"], ["0j"], ["(8.352955563895037e-06+0j)"], ["0j"], ["0j"], ["0j"], ["0j"], ["0j"], ["0j"], ["0j"], ["0j"], ["(-0.0017290852741526246+0j)"], ["0j"], ["0j"], ["0j"], ["0j"], ["0j"], ["(-8.352955563797838e-06+0j)"], ["0j"], ["0j"], ["0j"], ["0j"], ["0j"], ["(0.03855576790892642+0j)"], ["0j"], ["0j"], ["(0.010256617645778345+0j)"], ["0j"], ["0j"], ["(-0.01025661764577833+0j)"], ["0j"], ["0j"], ["(0.040614203543115665+0j)"], ["0j"], ["0j"], ["0j"], ["0j"], ["0j"], ["0j"], ["0j"], ["0j"], ["0j"], ["0j"], ["0j"], ["0j"], ["0j"], ["0j"], ["(-0.008023540545777537+0j)"], ["0j"], ["0j"], ["(-0.005527555655193597+0j)"], ["0j"], ["0j"], ["0j"], ["0j"], ["0j"], ["0j"], ["0j"], ["0j"], ["0j"], ["0j"], ["0j"], ["(-0.004705501274266747+0j)"], ["0j"], ["0j"], ["0j"], ["0j"], ["0j"], ["0j"], ["0j"], ["0j"], ["(0.0037763257936536455+0j)"], ["0j"], ["0j"], ["(-0.005899130424551389+0j)"], ["0j"], ["0j"], ["(0.010604631698818088+0j)"], ["0j"], ["0j"], ["(-0.008146311851160368+0j)"], ["0j"], ["0j"], ["0j"], ["0j"], ["0j"], ["(0.003798246945700167+0j)"], ["0j"], ["0j"], ["0j"], ["0j"], ["0j"], ["(0.030253439954134754+0j)"], ["0j"], ["0j"], ["0j"], ["0j"], ["0j"], ["0j"], ["0j"], ["0j"], ["0j"], ["0j"], ["0j"], ["0j"], ["0j"], ["0j"], ["(0.008023540545777528+0j)"], ["0j"], ["0j"], ["0j"], ["0j"], ["0j"], ["(0.005527555655193615+0j)"], ["0j"], ["0j"], ["0j"], ["0j"], ["0j"], ["(-0.0037763257936536242+0j)"], ["0j"], ["0j"], ["(0.010604631698818213+0j)"], ["0j"], ["0j"], ["(-0.005899130424551412+0j)"], ["0j"], ["0j"], ["(0.00814631185116038+0j)"], ["0j"], ["0j"], ["0j"], ["0j"], ["0j"], ["0j"], ["0j"], ["0j"], ["(-0.004705501274266754+0j)"], ["0j"], ["0j"], ["0j"], ["0j"], ["0j"], ["0j"], ["0j"], ["0j"], ["0j"], ["0j"], ["0j"], ["(-0.003798246945700176+0j)"], ["0j"], ["0j"], ["(-0.03025343995413473+0j)"], ["0j"], ["0j"], ["0j"], ["0j"], ["0j"], ["0j"], ["0j"], ["0j"], ["0j"], ["0j"], ["0j"], ["0j"], ["0j"], ["0j"], ["(0.014227340184253829+0j)"], ["0j"], ["0j"], ["(-0.06918301386300259+0j)"], ["0j"], ["0j"], ["(0.06918301386300263+0j)"], ["0j"], ["0j"], ["(0.3094985431919983+0j)"], ["0j"], ["0j"], ["0j"], ["0j"], ["0j"], ["(0.0010600800200144121+0j)"], ["0j"], ["0j"], ["0j"], ["0j"], ["0j"], ["(-0.035266521598169745+0j)"], ["0j"], ["0j"], ["0j"], ["0j"], ["0j"], ["0j"], ["0j"], ["0j"], ["(-0.0010600800200145338+0j)"], ["0j"], ["0j"], ["(0.03526652159816769+0j)"], ["0j"], ["0j"], ["0j"], ["0j"], ["0j"], ["0j"], ["0j"], ["0j"], ["0j"], ["0j"], ["0j"], ["(-0.941177601104915+0j)"], ["0j"], ["0j"], ["0j"], ["0j"], ["0j"], ["0j"], ["0j"], ["0j"], ["0j"], ["0j"], ["0j"], ["0j"], ["0j"], ["0j"], ["0j"]], "hf_energy": -1.3271941733626091}