{"geometry": [["H", [0.0, 0.0, 0.0]], ["H", [1.2139, 0.0, 0.0]], ["H", [1.1849, 0.4284, 0.0]], ["H", [0.1561, 0.1015, -0.6521]]], "multiplicity": 1, "canonical_orbitals": [[0.2305692634188667, 0.5472235380323444, 1.285336738226647, 0.17472037001134294], [0.39433806188709497, -0.4075129124825281, 0.14286310289520154, -1.8745295170706946], [0.3840363022053662, -0.4227964800359971, -0.15755813286471002, 1.8563114460204826], [0.22667513191558408, 0.5505159337782329, -1.282475818873276, -0.12966936332276036]], "canonical_to_oao": [[0.4028181532956443, 0.58646108164941, 0.5795434427408799, 0.3974044955233127], [0.579821020891485, -0.39160588883868674, -0.4086153399522596, 0.5860767147011703], [0.7040433781674571, 0.0637985238435086, -0.07139047950218358, -0.7036732689610948], [0.07660313809758418, -0.7061430279290833, 0.7014743768436544, -0.05854640870754996]], "orbital_energies": [-0.8390760279436796, -0.47833604000566476, 0.7136161964753508, 1.1061189979926374], "exact_energy": -1.9485124209089282, "ground_states": [["0j"], ["0j"], ["0j"], ["0j"], ["0j"], ["0j"], ["0j"], ["0j"], ["0j"], ["0j"], ["0j"], ["0j"], ["0j"], ["0j"], ["0j"], ["(-0.0074011201825473945+0j)"], ["0j"], ["0j"], ["0j"], ["0j"], ["0j"], ["0j"], ["0j"], ["0j"], ["0j"], ["0j"], ["0j"], ["(-1.766076113990378e-05+0j)"], ["0j"], ["0j"], ["(-0.00013958916674636918+0j)"], ["0j"], ["0j"], ["0j"], ["0j"], ["0j"], ["0j"], ["0j"], ["0j"], ["(1.766076113964434e-05+0j)"], ["0j"], ["0j"], ["0j"], ["0j"], ["0j"], ["(0.0001395891667463547+0j)"], ["0j"], ["0j"], ["0j"], ["0j"], ["0j"], ["(0.04148774197780073+0j)"], ["0j"], ["0j"], ["(0.0028005898062785123+0j)"], ["0j"], ["0j"], ["(-0.0028005898062785114+0j)"], ["0j"], ["0j"], ["(0.029327986250150064+0j)"], ["0j"], ["0j"], ["0j"], ["0j"], ["0j"], ["0j"], ["0j"], ["0j"], ["0j"], ["0j"], ["0j"], ["0j"], ["0j"], ["0j"], ["(5.0928219141887556e-05+0j)"], ["0j"], ["0j"], ["(-6.0741830827944433e-05+0j)"], ["0j"], ["0j"], ["0j"], ["0j"], ["0j"], ["0j"], ["0j"], ["0j"], ["0j"], ["0j"], ["0j"], ["(-0.0014737403876891111+0j)"], ["0j"], ["0j"], ["0j"], ["0j"], ["0j"], ["0j"], ["0j"], ["0j"], ["(-0.031258189060184384+0j)"], ["0j"], ["0j"], ["(-0.006516761883866581+0j)"], ["0j"], ["0j"], ["(0.007990502271555696+0j)"], ["0j"], ["0j"], ["(0.04689844350363586+0j)"], ["0j"], ["0j"], ["0j"], ["0j"], ["0j"], ["(2.4911103024807224e-05+0j)"], ["0j"], ["0j"], ["0j"], ["0j"], ["0j"], ["(-3.3982802653359055e-05+0j)"], ["0j"], ["0j"], ["0j"], ["0j"], ["0j"], ["0j"], ["0j"], ["0j"], ["0j"], ["0j"], ["0j"], ["0j"], ["0j"], ["0j"], ["(-5.092821914189513e-05+0j)"], ["0j"], ["0j"], ["0j"], ["0j"], ["0j"], ["(6.074183082794193e-05+0j)"], ["0j"], ["0j"], ["0j"], ["0j"], ["0j"], ["(0.03125818906018438+0j)"], ["0j"], ["0j"], ["(0.007990502271555696+0j)"], ["0j"], ["0j"], ["(-0.006516761883866583+0j)"], ["0j"], ["0j"], ["(-0.04689844350363587+0j)"], ["0j"], ["0j"], ["0j"], ["0j"], ["0j"], ["0j"], ["0j"], ["0j"], ["(-0.001473740387689111+0j)"], ["0j"], ["0j"], ["0j"], ["0j"], ["0j"], ["0j"], ["0j"], ["0j"], ["0j"], ["0j"], ["0j"], ["(-2.4911103024804402e-05+0j)"], ["0j"], ["0j"], ["(3.39828026533599e-05+0j)"], ["0j"], ["0j"], ["0j"], ["0j"], ["0j"], ["0j"], ["0j"], ["0j"], ["0j"], ["0j"], ["0j"], ["0j"], ["0j"], ["0j"], ["(0.026812874153861615+0j)"], ["0j"], ["0j"], ["(-0.004591744368723839+0j)"], ["0j"], ["0j"], ["(0.004591744368723839+0j)"], ["0j"], ["0j"], ["(0.08383173198658946+0j)"], ["0j"], ["0j"], ["0j"], ["0j"], ["0j"], ["(0.0004034815415633768+0j)"], ["0j"], ["0j"], ["0j"], ["0j"], ["0j"], ["(0.00018732164216123248+0j)"], ["0j"], ["0j"], ["0j"], ["0j"], ["0j"], ["0j"], ["0j"], ["0j"], ["(-0.0004034815415633757+0j)"], ["0j"], ["0j"], ["(-0.0001873216421612097+0j)"], ["0j"], ["0j"], ["0j"], ["0j"], ["0j"], ["0j"], ["0j"], ["0j"], ["0j"], ["0j"], ["0j"], ["(-0.991457921879462+0j)"], ["0j"], ["0j"], ["0j"], ["0j"], ["0j"], ["0j"], ["0j"], ["0j"], ["0j"], ["0j"], ["0j"], ["0j"], ["0j"], ["0j"], ["0j"]], "hf_energy": -1.916166019684412}