{"geometry": [["H", [0.0, 0.0, 0.0]], ["H", [0.6747, 0.0, 0.0]], ["H", [0.035, -0.9211, 0.0]], ["H", [0.0466, 0.1081, -0.9889]]], "multiplicity": 3, "canonical_orbitals": [[0.47627265602382707, 0.0379364681938153, 0.2555934437222832, 1.5011455968595375], [0.41783503454836646, 0.05208646916675959, 0.7655435481369914, -1.1116199224486303], [0.16760072489809885, 0.7246206829588798, -0.8559377159569038, -0.3775036317805281], [0.13823336721037888, -0.928811506645694, -0.6083298350397666, -0.29665693810068805]], "canonical_to_oao": [[0.6356343251073943, 0.5966973820520941, 0.3660080530188417, 0.325513969166913], [0.022762417918791966, 0.03640034448983989, 0.6069241348031863, -0.7935993837226155], [0.13634581117654476, 0.535453004794886, -0.6755594118433424, -0.48817966006441915], [0.7595134606117055, -0.5965880729861457, -0.2032256892930513, -0.1610009115864678]], "orbital_energies": [-0.7872514918590867, 0.021880223926689472, 0.11992671206169951, 0.7440161369651868], "exact_energy": -1.7913055697031077, "ground_states": [["0j", "0j", "0j"], ["0j", "0j", "0j"], ["0j", "0j", "0j"], ["0j", "0j", "0j"], ["0j", "0j", "0j"], ["0j", "0j", "0j"], ["0j", "0j", "0j"], ["0j", "0j", "0j"], ["0j", "0j", "0j"], ["0j", "0j", "0j"], ["0j", "0j", "0j"], ["0j", "0j", "0j"], ["0j", "0j", "0j"], ["0j", "0j", "0j"], ["0j", "0j", "0j"], ["0j", "0j", "0j"], ["0j", "0j", "0j"], ["0j", "0j", "0j"], ["0j", "0j", "0j"], ["0j", "0j", "0j"], ["0j", "0j", "0j"], ["0j", "0j", "0j"], ["0j", "0j", "0j"], ["(0.010676754170556992+0j)", "(0.0725194335909421+0j)", "(0.0003285156839042484+0j)"], ["0j", "0j", "0j"], ["0j", "0j", "0j"], ["0j", "0j", "0j"], ["(0.0003222577028663857+0j)", "(0.00018735127459350374+0j)", "(-0.05183093356997262+0j)"], ["0j", "0j", "0j"], ["(0.0014555840304273499+0j)", "(0.009886724724046447+0j)", "(4.478722424413923e-05+0j)"], ["(4.393406071555518e-05+0j)", "(2.5541987669836336e-05+0j)", "(-0.007066218626129156+0j)"], ["0j", "0j", "0j"], ["0j", "0j", "0j"], ["0j", "0j", "0j"], ["0j", "0j", "0j"], ["0j", "0j", "0j"], ["0j", "0j", "0j"], ["0j", "0j", "0j"], ["0j", "0j", "0j"], ["(0.0003222577028663899+0j)", "(0.00018735127459351843+0j)", "(-0.05183093356997295+0j)"], ["0j", "0j", "0j"], ["0j", "0j", "0j"], ["0j", "0j", "0j"], ["(0.07251874565139359+0j)", "(-0.010678520551691247+0j)", "(0.0004122844888252552+0j)"], ["0j", "0j", "0j"], ["(4.393406071560358e-05+0j)", "(2.5541987669815533e-05+0j)", "(-0.007066218626129282+0j)"], ["(0.009886630935821638+0j)", "(-0.0014558248448294287+0j)", "(5.620759908304268e-05+0j)"], ["0j", "0j", "0j"], ["0j", "0j", "0j"], ["0j", "0j", "0j"], ["0j", "0j", "0j"], ["0j", "0j", "0j"], ["0j", "0j", "0j"], ["(-0.00014679404897673467+0j)", "(-0.0009970653174413654+0j)", "(-4.516742319086312e-06+0j)"], ["(-4.430701715275794e-06+0j)", "(-2.575881371734976e-06+0j)", "(0.0007126203787629146+0j)"], ["0j", "0j", "0j"], ["0j", "0j", "0j"], ["(-4.430701715342757e-06+0j)", "(-2.5758813717445983e-06+0j)", "(0.0007126203787623014+0j)"], ["(-0.0009970558590019442+0j)", "(0.00014681833484431138+0j)", "(-5.668474564286815e-06+0j)"], ["0j", "0j", "0j"], ["0j", "0j", "0j"], ["0j", "0j", "0j"], ["0j", "0j", "0j"], ["0j", "0j", "0j"], ["0j", "0j", "0j"], ["0j", "0j", "0j"], ["0j", "0j", "0j"], ["0j", "0j", "0j"], ["0j", "0j", "0j"], ["0j", "0j", "0j"], ["0j", "0j", "0j"], ["(-0.0008293285826621063+0j)", "(-0.005633026490512023+0j)", "(-2.5517815823267777e-05+0j)"], ["0j", "0j", "0j"], ["0j", "0j", "0j"], ["0j", "0j", "0j"], ["(-2.503172028685727e-05+0j)", "(-1.4552715604053044e-05+0j)", "(0.004026024575349903+0j)"], ["0j", "0j", "0j"], ["(0.0003873929798974106+0j)", "(0.0026312790414073843+0j)", "(1.1919790200056976e-05+0j)"], ["(1.169272700428612e-05+0j)", "(6.797812087145695e-06+0j)", "(-0.0018806220959824318+0j)"], ["0j", "0j", "0j"], ["0j", "0j", "0j"], ["0j", "0j", "0j"], ["0j", "0j", "0j"], ["(0.005953874925821871+0j)", "(0.04044034641938281+0j)", "(0.00018319624690157557+0j)"], ["0j", "0j", "0j"], ["0j", "0j", "0j"], ["(0.007413443589232415+0j)", "(0.05035413586013969+0j)", "(0.0002281060753012865+0j)"], ["0j", "0j", "0j"], ["0j", "0j", "0j"], ["(-0.008464297063926379+0j)", "(-0.057491819987215635+0j)", "(-0.00026044004519582724+0j)"], ["(-3.171803165961767e-05+0j)", "(-1.8439942959047824e-05+0j)", "(0.005101430244487257+0j)"], ["0j", "0j", "0j"], ["(6.577039532358612e-05+0j)", "(0.0004467305081418504+0j)", "(2.0237055246630798e-06+0j)"], ["0j", "0j", "0j"], ["0j", "0j", "0j"], ["0j", "0j", "0j"], ["0j", "0j", "0j"], ["0j", "0j", "0j"], ["0j", "0j", "0j"], ["(0.00017970649376197582+0j)", "(0.0001044761393120056+0j)", "(-0.028903437396283326+0j)"], ["0j", "0j", "0j"], ["(-0.0048320090334162255+0j)", "(-0.032820326534818256+0j)", "(-0.0001486772784018882+0j)"], ["(7.79157370085502e-05+0j)", "(4.5297947914334e-05+0j)", "(-0.01253172648169744+0j)"], ["0j", "0j", "0j"], ["0j", "0j", "0j"], ["(-0.00040132394088042395+0j)", "(-0.00023331809039777658+0j)", "(0.0645477030798247+0j)"], ["(-0.03995763160907419+0j)", "(0.005883835779310432+0j)", "(-0.00022716763196387952+0j)"], ["0j", "0j", "0j"], ["(1.9851554299154157e-06+0j)", "(1.154111745731447e-06+0j)", "(-0.0003192862677583496+0j)"], ["0j", "0j", "0j"], ["0j", "0j", "0j"], ["0j", "0j", "0j"], ["0j", "0j", "0j"], ["(-0.00047330024420608966+0j)", "(-0.003214784669569999+0j)", "(-1.4563092015940199e-05+0j)"], ["(-1.4285675873517736e-05+0j)", "(-8.305277296971419e-06+0j)", "(0.0022976639832865613+0j)"], ["0j", "0j", "0j"], ["(0.00020196541197200918+0j)", "(0.0013718042999955411+0j)", "(6.214323602385803e-06+0j)"], ["0j", "0j", "0j"], ["0j", "0j", "0j"], ["0j", "0j", "0j"], ["(6.095945329395609e-06+0j)", "(3.544005673630638e-06+0j)", "(-0.0009804530182224193+0j)"], ["0j", "0j", "0j"], ["0j", "0j", "0j"], ["0j", "0j", "0j"], ["0j", "0j", "0j"], ["0j", "0j", "0j"], ["0j", "0j", "0j"], ["0j", "0j", "0j"], ["0j", "0j", "0j"], ["0j", "0j", "0j"], ["0j", "0j", "0j"], ["0j", "0j", "0j"], ["0j", "0j", "0j"], ["0j", "0j", "0j"], ["0j", "0j", "0j"], ["(-2.5031720286907428e-05+0j)", "(-1.455271560405944e-05+0j)", "(0.004026024575350947+0j)"], ["0j", "0j", "0j"], ["0j", "0j", "0j"], ["0j", "0j", "0j"], ["(-0.005632973054053574+0j)", "(0.0008294657882527405+0j)", "(-3.202464956193893e-05+0j)"], ["0j", "0j", "0j"], ["(1.16927270043259e-05+0j)", "(6.797812087098708e-06+0j)", "(-0.0018806220959822059+0j)"], ["(0.002631254080361394+0j)", "(-0.00038745707087826654+0j)", "(1.4959238935354451e-05+0j)"], ["0j", "0j", "0j"], ["0j", "0j", "0j"], ["0j", "0j", "0j"], ["0j", "0j", "0j"], ["(0.00017970649376187304+0j)", "(0.00010447613931198451+0j)", "(-0.02890343739628319+0j)"], ["0j", "0j", "0j"], ["(0.005882862508110159+0j)", "(0.0399580106618944+0j)", "(0.00018101124829642315+0j)"], ["(0.0004013239408802795+0j)", "(0.00023331809039781807+0j)", "(-0.06454770307982424+0j)"], ["0j", "0j", "0j"], ["0j", "0j", "0j"], ["(-7.791573700840663e-05+0j)", "(-4.529794791432972e-05+0j)", "(0.012531726481697128+0j)"], ["(0.03282001519205814+0j)", "(-0.004832808449555299+0j)", "(0.00018658876494835331+0j)"], ["0j", "0j", "0j"], ["(1.9851554299534407e-06+0j)", "(1.1541117457413379e-06+0j)", "(-0.00031928626775777613+0j)"], ["0j", "0j", "0j"], ["0j", "0j", "0j"], ["0j", "0j", "0j"], ["0j", "0j", "0j"], ["0j", "0j", "0j"], ["0j", "0j", "0j"], ["(0.040439962790991435+0j)", "(-0.005954859945442767+0j)", "(0.00022990978729206068+0j)"], ["0j", "0j", "0j"], ["(3.171803165968655e-05+0j)", "(1.8439942959026835e-05+0j)", "(-0.005101430244487463+0j)"], ["(0.05749127460379594+0j)", "(-0.00846569741223534+0j)", "(0.0003268501206003299+0j)"], ["0j", "0j", "0j"], ["0j", "0j", "0j"], ["(-0.05035365818677981+0j)", "(0.007414670082479923+0j)", "(-0.0002862712535847944+0j)"], ["0j", "0j", "0j"], ["0j", "0j", "0j"], ["(0.00044672627033177253+0j)", "(-6.578127649421855e-05+0j)", "(2.5397338350866113e-06+0j)"], ["0j", "0j", "0j"], ["0j", "0j", "0j"], ["0j", "0j", "0j"], ["0j", "0j", "0j"], ["(-1.4285675873622002e-05+0j)", "(-8.30527729694617e-06+0j)", 