{"params": [-0.0009173264378645728, 0.0010736463140503844, 0.0018234110229824795, 0.0007829712048941706, 0.0009651658342820592, -0.0028543484940631195, 0.00047306413074226286, -0.0006279399441420673, 0.012101804530090425, -0.0014761282376105815, 0.0002072515548627143, -0.001108097826357136, 0.00021821985726042144, 0.011413266560012188, -0.0011374397904781331, 0.0013434275980678608, 0.003009795856093132, -1.3001351820701873e-05, 0.0005886419495200383, -6.0991556249757416e-05, 0.0014861594728899513, 1.0506536764444418e-05, -0.00077892076283105, 4.3215675402245686e-05, 0.0023885469346979276, -0.0005197828959375772, -1.555973539835511e-05, 9.714271254665945e-06, -9.28577679695743e-05, -0.0009544364987580304, -1.4754179237839934e-05, 0.0021195732317979767, -1.5732366647483858e-06, 0.0006703649294276091, 0.0008337319350729754, 2.5974952876725623e-05, -0.0009235218004549947, 5.2409179426076155e-05, 3.043756002989718e-05, -1.0123249584031391e-05, 0.0024707805403060942, -3.6087454570895325e-05, 4.075738117926593e-06, 0.0015140473600818711, -0.0004920765183936177, -7.184288071300153e-05, 0.01614442671266351, -2.586287378358044e-06, -0.001310956326484342, 0.0013016248678547288, 5.4884027553946075e-05, 0.001031125774611632], "infidelity": 0.000231814458643953, "energy_expval": -1.5244468482180573, "energy_error": 0.0003087093288698384, "optimizer_success": true, "optimizer_nfev": 1167}