{"params": [0.0005508954216365479, 1.6485736265945678e-05, 3.751580050966327e-05, -0.0014255768454387932, -0.00018370599581948556, 3.784821011405962e-05, 0.0014773368776111132, -0.001076912178001276, -0.001047336619705959, -0.0007117899764499841, -0.001906490191049651, -0.0005984655306294443, -0.001696962688914872, -0.0010842293095041993, -0.0021940049495287866, -0.0014997889565549019, 0.003215307688192626, 7.234873724149565e-05, 0.0008736216230859602, 5.362530173229297e-05, 0.0007249166802038884, 2.0171933186433923e-05, -0.003126815351724704, 4.806524800073195e-05, 0.002577006052152115, -0.0007356400514746591, 5.602546148552538e-05, -6.778466091039245e-05, 3.6547283165639084e-05, -0.0018667602371924285, -4.434136606072902e-05, 0.0025500486719473975, -7.723731260882714e-05, 0.0015345595686316487, 0.0030282763276079376, -5.419315405181363e-06, -0.001917102513244277, -7.927560311905344e-05, 3.8448596184594025e-05, -8.011542876575474e-05, 0.0026200538157012004, -1.2859826608659847e-06, -5.545744274416142e-05, 0.000691228926645667, -0.0016161726653632384, 1.6289951593476034e-05, 0.006766075850040785, -6.356244181182206e-05, -0.0013392592123239438, 0.0013643522328177038, -4.43116271899529e-05, 0.0028563134428797065], "infidelity": 0.00019228379990865463, "energy_expval": -1.954143378420091, "energy_error": 0.00027201498680740066, "optimizer_success": true, "optimizer_nfev": 1064}