{"params": [-0.0063542225638852845, 0.0009688751348093514, 0.0005833489443106705, -0.0002636084582869301, 0.0006696246756150099, -0.006923832865463748, -0.0006720655280976868, 0.0006127789449897755, 0.010667347457826779, -0.0012351413793686935, 0.0002536981169060288, 0.000816875490526081, -0.00022588483332333255, 0.012713618012382447, -0.0010836656008014628, -0.0016976313053100153, 0.003365065928778723, 6.176568222141716e-06, 0.000676976403852309, -1.2999839554980755e-05, 0.0009447372485341265, -9.02713772085418e-05, 0.0024677869382393413, 3.3822368344643065e-05, 0.001794641081654764, -0.0008256273010384378, 5.645837346537649e-05, 7.706096773075778e-05, 5.9461244484847845e-05, -0.0009563910633870993, -3.8104290872363786e-05, 0.004219157768161545, -4.902361718291927e-06, -0.0008199032753307377, -0.0024485234266632713, 1.8196510537320214e-05, -0.0009772641714220955, -1.7260547149300867e-05, -2.816740149047115e-06, -3.894600954545662e-07, 0.0018861059863740956, 6.272052576257418e-07, -5.818983042461627e-05, 0.0009598207515627042, 0.0008218920757819728, 8.524613685940891e-06, 0.0188404189521568, -1.2329588025376897e-05, -0.004062527031192973, 0.003943735496603744, 7.052714894921914e-05, 0.0010559698504064058], "infidelity": 0.00026206426965702523, "energy_expval": -1.6412330601569407, "energy_error": 0.00042751840547761155, "optimizer_success": true, "optimizer_nfev": 1434}