{"params": [-0.013927079394006248, 0.0007220028901553476, 0.005103429644781447, 0.00043489500189413315, 0.001486035918819593, -0.013702787628388332, -0.0007085066696102415, 0.004190417981920245, -0.022004446463780542, -0.0009776805652688789, -0.0018657301496741731, -0.0005629334114830421, 3.589423478353868e-05, -0.02131770245809092, 0.00046208800900039693, 0.000503575971595507, 0.004010145963885922, -5.736559145748447e-05, 0.0018186232793774158, 3.2073073611708843e-06, 0.00021342922773944908, 1.7858056691873456e-05, -0.00017600809099581428, -8.735382222261178e-05, 0.0007124989448710616, -0.0017164071057671714, 0.00015297810612065129, -2.154371843404236e-05, 1.5392260609751123e-05, -0.0006126468525102302, 5.912926570697949e-05, 0.00369734861972267, 1.2086461031437264e-05, -0.00014612006921457346, 0.00016787303393638354, 1.2486439227900838e-05, -0.0005036649829772989, -2.188839287882018e-05, 5.027281730823943e-05, 2.756082965337215e-05, 0.000805110505527627, -3.853078185952898e-05, 5.059387137959346e-05, 0.0002463761816281594, 0.00010288843012511242, 1.6189709920153724e-05, 0.029519977350007526, 4.108015711363394e-05, -0.009421512270920666, 0.009338367806929216, 3.249074925633345e-05, 0.002172498868117628], "infidelity": 0.0008902630646119292, "energy_expval": -1.7487884822072626, "energy_error": 0.001661732150180173, "optimizer_success": true, "optimizer_nfev": 1507}