{"params": [0.00698461855779717, 0.00027095698644487553, -0.0028801829150503053, 0.0025003475423931603, 0.00039327574771116095, 0.006344967151351617, 2.4514010648732827e-05, -0.0015984597217735068, 0.005938533650960537, 0.0009889251440517576, -0.0005834532068549131, -0.0005708343445367508, 0.0007469321126691645, 0.005302249805954694, -0.0004886395461587576, 0.0016895137035339751, 0.004772112350630445, 0.00010073137317577389, 0.0012660731577907036, -1.549619193978733e-05, 8.134424154171539e-05, -8.989848376629841e-05, -0.00016836827725479848, -8.061003548574659e-05, 0.0002310076463446869, -0.0013029146223140387, -5.298146349186479e-05, 7.288684721012147e-05, -4.253358370177794e-05, -0.00011846675233306347, -7.991062170908135e-05, 0.002780077681076479, -1.971655316748677e-05, -9.07763429177186e-05, 0.00010397298860203014, -2.9827232180743386e-05, -0.0002721052122214944, 6.51224188507041e-05, -0.00012156041370766618, 4.2876863170882766e-05, 0.00026137465779183287, 4.630212931417313e-05, -3.465137848003998e-05, 5.005569886073043e-05, 5.3106808609056764e-05, -5.8496550275629435e-05, 0.015444544357799584, 1.725278156417714e-05, -0.006626954730008203, 0.006627901517751974, -1.729027906455745e-05, 0.003010689793484853], "infidelity": 0.00047815403409323665, "energy_expval": -1.6547321822795698, "energy_error": 0.0008434489607320739, "optimizer_success": true, "optimizer_nfev": 1056}