{"params": [-0.004928756243438923, 0.0001907657806445525, -0.001073247557598287, -0.000816516098925686, -0.0005760033975408309, -0.005635526503572264, -0.0007773949640049548, -0.0013645089547521594, 0.029519150329406666, -0.0005393957444699872, -0.0008862991443814582, -0.0002453485458668484, -0.0004722704343654468, 0.02926465995839251, -0.0009422541271390356, 0.0006423886259576292, 0.003316977733871347, 2.3623004434940764e-05, -0.00040451392743808803, 6.613291385247405e-05, 0.0008336259217618263, -3.8231213254887626e-05, -0.0005684827843925889, 8.658620863929618e-05, 0.002531488883514813, 0.00038933584758314103, 2.3566574751401438e-05, -7.522251395094344e-05, -4.2301322992146206e-05, -0.0016048393409262836, -6.263609282837243e-05, 0.004060469756416963, -7.977434442257625e-05, 0.0009932573336170368, 0.0005103923820828876, 7.642773098206266e-05, -0.0015747755335605137, 3.441892624659069e-05, -7.388462581328279e-05, 7.735758695139914e-05, 0.0025606737766455637, -7.523789132479487e-05, -5.861500744017611e-05, 0.000862838557527707, -0.0009914530382186906, 5.0219079939779176e-05, 0.021178644454385137, -0.00010627894436069548, 0.003766756272219869, -0.003670155714169967, -1.0135943377855646e-05, 0.0009823932508188221], "infidelity": 0.0002211708097478171, "energy_expval": -1.5898530362745136, "energy_error": 0.00032901160483289615, "optimizer_success": true, "optimizer_nfev": 1854}