{"params": [0.00019849415929128553, 0.001035692527914556, -0.001288957393314361, 0.00076588786821597, 0.00049950647535032, -0.0004481550708423307, -8.461844539599199e-05, 2.093607977649209e-05, -0.005379710486448358, -0.0004847862591741223, -0.0018111780907116713, 0.002410149325187446, -0.0008352716992959228, -0.0034565370609441655, -0.0012348912757022014, -0.0013209803121625996, 0.0024924862700913993, -6.710662440603656e-05, 0.0006341616008859853, -1.5865964902079445e-05, 7.729537089060018e-06, -8.606975510001545e-05, -0.004060767280741451, 3.981011732370172e-05, 0.0004185141477277996, -0.0005958661915567274, -1.0403357578611696e-05, -4.968472540603525e-05, 6.579424554469891e-06, -0.000344363252799173, -2.597202170260931e-05, 0.003982492921100052, 5.438540431862285e-05, 0.0025214348011386055, 0.003991798892772563, 1.2676472513537613e-06, -0.0003334313483256902, 2.661637529913845e-05, -2.9221910322888552e-05, -5.0676177897092654e-05, 0.00037816788411779856, 4.2910919862518805e-05, -5.088187259193694e-05, 4.33120116318461e-05, -0.0024550202357452064, -6.337027333691286e-05, 0.010031045492464176, -1.597908089057488e-05, -0.001870651028896431, 0.0017564258970911581, -4.0108135680713954e-05, 0.0024830392260082987], "infidelity": 0.0001728482816030219, "energy_expval": -2.0313398812200734, "energy_error": 0.0001857579177424462, "optimizer_success": true, "optimizer_nfev": 1333}