{"params": [0.00415208434480488, 0.0007154204719324156, -0.00019017134037206063, -0.000277990297727779, -0.0017787069762972881, 0.0016463072582323746, 0.0013063871277760753, -5.8612691620876435e-05, -0.014536763889273899, 0.001863560138101675, 0.0023993005824267614, 0.0008257125886817904, 0.0014991830557675493, -0.014810240030675503, -9.398222238374831e-05, 0.002437310372942969, 0.004124653427680396, -4.5168326762275385e-05, -0.0007234183148672769, -9.637266350638903e-06, 0.000105453621930704, -4.551557783442064e-05, -0.005561350505184831, 1.724602459209927e-05, -0.0003268832340171153, 0.000748931830861269, -1.6039154608846576e-05, 8.571129168303998e-05, -3.828243040273672e-05, 0.0004834298510826737, -3.085670530579694e-05, 0.0028182056951174773, 7.629705007190831e-05, 0.0016913853143912165, 0.005308764277519228, -4.447969957586563e-05, 0.0005850911546994259, 3.634630474941199e-05, -6.660740619779206e-05, -6.421017576236657e-05, -0.0004018022629823597, -1.1270734451874402e-06, 3.488814235744301e-05, 0.00016203477510302712, -0.0017516383286996682, 2.4696399635999588e-05, 0.013062891904922406, -8.500265354423765e-05, 0.003300592791635485, -0.0032802887089477015, 9.499567515791091e-05, 0.003780638510963102], "infidelity": 0.00024534207605586555, "energy_expval": -1.6557157073914552, "energy_error": 0.0002652151322486418, "optimizer_success": true, "optimizer_nfev": 1293}