{"params": [-0.0019333325985082857, -0.0003839780383088415, 0.0006897297624784759, -0.0007911042823621751, 0.0002395922806318861, 0.0002726251574050645, 0.00016168198516543816, 0.0003662580994395466, 0.001978434072114459, -0.0009562536618540268, 0.00035415124433817234, 8.641999531676708e-05, -0.0003421409635300392, 0.002646783038418717, 0.00017859504383130255, 0.0027509848558469768, 0.0036879584115189186, -9.777541636873947e-06, 0.0006030661793252134, -1.6271507523888198e-05, 0.0008415771515659164, 6.556398443075001e-05, -0.0031179282428452867, 1.5348534876879556e-05, 0.0026432441696181436, -0.0005921162005342978, 0.00015553450292157733, -4.9441197844658655e-05, -5.438040331290676e-05, -0.001920939994678251, -3.932501205284004e-05, 0.002269795374446271, -0.0001504689480125385, 0.0014525851911631781, 0.003284816209491906, -4.9733944990667525e-05, -0.0018304181141539958, 6.53829227272072e-05, -0.0001038103102202956, -7.695396213969372e-05, 0.002802739531783371, -5.738378408100816e-05, -6.706819445357096e-05, 0.0008512539282682233, -0.0013692479952716944, 4.7069116481912934e-05, 0.006746537387865191, 8.141057741973737e-05, -0.0009743862662465009, 0.0009139436442329397, 3.833499258243799e-05, 0.003089654771101382], "infidelity": 0.00013742708412922688, "energy_expval": -1.9236313961858162, "energy_error": 0.00017961500662622143, "optimizer_success": true, "optimizer_nfev": 1038}