{"params": [-0.004134529706078899, -0.0023127428237846395, 0.0004758993889189653, -0.0008878082800325846, -6.38208086930232e-05, -0.0016634504973297168, -0.000517280107423337, -0.000844426540887118, 0.001831711596939914, -0.0006644539348865721, -0.001511653429824044, -0.0007828186728390787, 0.0005010650996064396, 0.0024574205539154657, -0.0005560050037943891, -0.00045386883283830127, 0.0033331513301888827, 5.979127869877889e-05, 0.00044347225639741685, -3.157499899514313e-05, 0.0015949619263094209, 6.931314254458103e-05, -0.0024221249632834776, 2.033451982176953e-05, 0.003001919676102684, -0.0004043435906191678, 7.07455274420022e-05, 8.51414629090072e-05, -6.959284061595002e-05, -0.0014411320054083345, 3.2514137819176726e-05, 0.0023298849087630886, -3.9794687151959105e-05, 0.0006942924034485159, 0.0022386295972331278, 7.544330460138558e-05, -0.0012412971207041534, 8.119165414322543e-05, 8.831804384064784e-05, 5.790832473609055e-05, 0.0030405351106535653, -0.00015768197248598834, 4.7450740183458594e-05, 0.0016350928566661136, -0.0007426482684406305, 7.895320033068795e-05, 0.014519390914440227, 8.517566345368871e-05, -0.00044512562612455535, 0.0003649259860277794, -5.6251302278238566e-05, 0.001642410784373776], "infidelity": 0.00023220533679557676, "energy_expval": -1.8889548486830887, "energy_error": 0.00028873226921088957, "optimizer_success": true, "optimizer_nfev": 1199}