{"params": [0.0007986125377108728, 0.0007260460737755389, -0.0013003581894991433, -0.0011962950774917498, 0.0007901193592891143, 0.0010252831892652201, 0.0003059553896289986, -0.002347474272885717, -0.07844839012996299, 0.0006020194060623231, -0.009673567978237183, -0.0017931671322993735, 0.00034523781476339084, -0.07893842392420233, 0.0006579940142905976, -0.011988372648238325, 0.004854160519887173, -4.685254108624608e-05, 0.0007460789508127385, 5.7321166052452864e-05, 0.0010798280000772905, -0.00016353434674738716, -0.010244253414231352, -7.499519205598254e-05, 0.003077529778098742, -0.0007455988177632663, 2.4390879386257283e-05, -2.7693647366624253e-05, -7.959638884567727e-05, -0.002131826278194176, -3.344491655236722e-05, 0.0033164475985866626, -3.771930971921066e-05, 0.002221857364640573, 0.010447588226651063, -6.972192641781264e-05, -0.002083381913151703, -5.27026836252594e-05, 2.6350437942018326e-05, -1.5771563565460766e-06, 0.0031155306155002407, -2.452998094724652e-05, 2.8153794304819306e-05, 0.0009577196025746644, -0.0022273541773296384, 8.209935516532926e-05, 0.0300487409431424, 9.909417810548575e-05, -0.0018784078530982855, 0.0022027702970854476, -0.00016023517227692886, 0.004498555328091482], "infidelity": 0.0006062755983111678, "energy_expval": -1.8279408907657109, "energy_error": 0.0009679811961840201, "optimizer_success": true, "optimizer_nfev": 1927}