{"params": [0.009211923718763013, -0.00015719920752731799, -0.006988299995570389, 0.999270874883891, -0.22642725042940523, -0.00027457359959404517, -0.0008322803266568698, 0.9915512398646695, 0.023490032019995822, -0.0015089147321620713, 0.0024477641965769577, 0.0008190102234972194, 0.000294491292601685, 0.03116005247878807, -0.03071977928598748, -0.021358224738510283, 0.0028794981174748947, 0.009179448292904319, 0.004969613552100045, -0.004544618981269476, 0.049476869995721054, -0.0008132521205850703, -0.01754380161473497, -0.013025981424885754, 0.0015972510263152738, 0.0007588215800801832, 1.4634059540830407e-05, 3.137777555978406e-05, 4.6342112887268473e-05, -0.014336056813851259, -0.01215233530614976, 0.006182111495251428, 0.00012666753150797585, -0.01988440401345549, 0.1125389847239251, 0.010770642061965355, -0.007318545496011009, -0.006126831818512654, -0.0009746833215816162, -0.0013846619984183408, 0.002303216811389686, -0.0011990520387294987, 0.019754243291750778, -0.008682286038996751, -0.0021099040356363607, -0.0011538201998686525, 0.1291554340308144, -0.012952318723874277, -0.02490033644851309, 0.13735865891225119, -0.039366124291957794, -0.031401034140925425], "infidelity": 0.0027705665372284027, "energy_expval": -1.827761642850045, "energy_error": 0.0029235238363483074, "optimizer_success": true, "optimizer_nfev": 892}