{"params": [0.00478518746858986, -0.00041377191683839216, 0.9956811603608885, 0.00018025028028788558, 0.029621088575696404, -0.0011721034115508126, -9.130693961084682e-05, 1.0061868326492303, -0.013571335231209793, 6.532182763052151e-05, -0.0012750310025946231, 0.000676821574412173, 0.005681138456742207, -0.011151974814649067, -0.006899711507710006, 0.00630399232985969, -0.005025139549880886, 0.09123898966710653, -0.022990691980957295, -0.016730117785842553, 0.011479070847043105, 0.011679224085711527, 0.0004240357283269606, 0.04430406713927865, -0.01407779705922639, -0.0005625868893033251, 0.0005125497498453108, 7.97201410730968e-05, -0.00022033049564952362, -0.0272015200288115, 0.12558646472715332, 0.0036922792538896633, -1.4531368026500356e-05, 0.0018570351221098517, 0.11601819772770193, 0.10723251877999448, 0.08421771054337651, 0.032151655033546035, -0.004894529902928851, -0.009518885523778341, 0.0011200846452754255, -3.4093005960892547e-05, -0.0011973909957413824, 0.11739498917320886, -0.0005562219902879076, -0.0042905461520072715, 0.014265613047448458, 0.0030320244053640305, -0.0158244163142894, -0.005950451792022537, -0.014065238778165281, -0.005356296242799429], "infidelity": 0.001642757832300612, "energy_expval": -1.731996481780823, "energy_error": 0.0031018946094494293, "optimizer_success": true, "optimizer_nfev": 895}