{"params": [-0.12846942748671092, -0.0008243968641554321, 0.9970952247755035, 1.0006979882401263, -0.0006902224346090323, -0.004076246899363662, 0.9971153556703005, 0.0018689529423131961, 1.0093670775537698, -0.0007150070098346116, 1.0006441028908035, -0.00041854196833851194, -0.005751527746575855, 0.014903447136941013, -0.003575253363947019, 0.9969704895797341, 0.009638310546017315, 0.10101033462188623, 0.019319437864505667, 0.08237109118243723, -0.06893454533264219, -0.08308373175559788, 0.003997492575277949, 0.015528986185653338, 0.07020645825342645, -0.00014661904062798761, -0.00035153757511985925, -7.66021251865432e-05, -0.0003569259223829193, 0.0994572782519638, 0.09096920890553044, 0.0037848334694934403, 7.893997602651797e-05, -0.023000437506738455, 0.10245990719637711, 0.02450743613440337, -0.006959952279929723, -0.012187971868434073, -0.009306449464666702, -0.007576483632168256, 1.9984122385254238e-07, -0.0011264487103356292, 0.11762249205865187, -0.0013461486060539034, 3.9365916563810635e-05, 0.007324068876644205, 0.13254087744808468, 0.12720423001285122, 0.1262605539562123, -0.02724490699005129, 0.01990155251946976, 0.14465690823407126], "infidelity": 0.005906308378762937, "energy_expval": -1.7342784157278484, "energy_error": 0.009327451378849938, "optimizer_success": true, "optimizer_nfev": 820}