{"params": [-0.001873918309125884, 1.00049099635659, -0.006151565498847143, -0.005650423246280874, -0.2435447970333647, -0.001581857075765789, -5.489615339512577e-05, 0.012360368963906037, 1.0007841507575441, -7.574542362396487e-05, -0.0007177772624695702, 0.9997287435870463, -0.010144115543294864, -0.006872166749324174, 1.0112625251454443, 0.002029906658055537, 0.006374172970171657, 0.009819436028986734, 0.0055524691074514305, -0.007621667393022942, 0.011457664305063417, -0.028994070078480753, 0.0029958677385229404, -0.05838111513498289, 0.07238290007711277, -0.00020513932930733549, 5.863852783030171e-05, 0.00021592168800786655, -0.00013094041830128084, 0.02104163865950947, -0.02866233161649712, 0.003431049823243389, -4.511145471721376e-05, -0.00714364684494402, 0.01353634020158634, 0.04017753448854812, -0.032555301343959474, 0.005089592838084238, -0.00018627144264424635, 0.003047051118351228, 0.002787332258975148, -0.0002470310941863462, 0.0012117767784031184, 0.002880474096881269, -0.0007836333113098268, 0.026831765941322906, -0.00921527883995732, 0.01670752463448661, -0.02241009846670377, 0.01844664976787995, -0.01716828801786729, 0.0056667560919062875], "infidelity": 0.004986092115119023, "energy_expval": -1.8515288460871744, "energy_error": 0.007745236516781384, "optimizer_success": true, "optimizer_nfev": 1334}