{"params": [0.0020606757309124934, 1.0000503396598655, -0.0013695726267312623, 0.0002994061161914677, 8.499438186157106e-05, -0.0021027106289914104, -0.00040451603433587697, -0.0015716302301399033, -0.07132066352884546, -0.0005504719109264385, -0.010190387893585865, 8.829598621158148e-06, -0.00041438939060285126, -0.07173883415570262, 0.00022332786876884338, -0.008864427726330434, 0.0020231304449441763, -3.012182115223754e-05, 0.0006653062533683494, -3.871000210547576e-05, -0.00018515731555380808, 1.4778247663563355e-05, -0.008303637081488674, -2.044748500761089e-06, 0.00010708404648676964, -0.0007161681059665484, 8.755210235600988e-05, 7.68228481629767e-05, -3.7683494819595744e-05, -0.0003412283466734865, -8.842195840043046e-06, 0.005150771844766528, -9.265341347351418e-05, 0.003092011412353979, 0.008290907493678178, 1.7584466270740927e-05, -0.0003943533614780778, -5.145234879609753e-05, -9.034873408398177e-06, 2.570085931850887e-05, 0.00010810232355373554, -5.503152874880575e-05, -2.7779090716791083e-05, -0.00013412088205624106, -0.003199215847250815, -7.231994650407008e-05, 0.043773134717576635, -1.290205275080561e-05, -0.0028690741524216965, 0.002797586822953566, 1.3201411325157297e-05, 0.003379499493950551], "infidelity": 0.0005380443693987491, "energy_expval": -1.7822038726609228, "energy_error": 0.0008907845750554255, "optimizer_success": true, "optimizer_nfev": 1826}