{"params": [-0.0009146162323321874, 0.00016030510160630916, -0.0009154355600403256, 0.00010628367582507183, -0.00023248821112917405, -0.0003258358892803548, -0.00016054905540863722, -0.00014832542253081954, -0.03962572480847968, -0.00043107548738830463, 0.0003108752768615048, 0.00016507834651206577, 0.0004720671940367754, -0.03902539370073287, -0.0004743079359607616, -0.00011219558192935173, 0.004624883890021082, 5.2345596917194914e-05, -6.088091016161957e-05, 4.480879399431943e-05, 0.00043618920826411756, -1.3251648745593611e-05, -0.0021448566967160972, -3.0352509807260274e-05, 0.0013951483830740923, 0.00011779820605980615, -9.528233923276441e-05, -2.8269548471278346e-06, 5.7952165018921816e-05, -0.0010211821852797911, 1.3173140914930909e-05, 0.0041386784339864915, -7.643246166924597e-05, 5.9534753259885486e-05, 0.0022087573702112466, -0.00011638978417658888, -0.0008796154855225229, 2.04594653854751e-05, -2.8067843996225843e-06, 4.7681972151271924e-05, 0.0013648373747488492, -7.158391839621897e-05, 9.728897696993635e-06, 0.00043396661698118916, 4.006081012079757e-05, 8.62329856946518e-05, 0.00975299452910006, 1.103692861111612e-05, 0.00041009284869416874, -0.0003226789578050318, 6.524137054306235e-05, 1.6019348897359463e-05], "infidelity": 0.0001307521955467017, "energy_expval": -1.3411991680626603, "energy_error": 0.00011935989874634068, "optimizer_success": true, "optimizer_nfev": 1719}