{"params": [0.0011645460020939884, -2.7510605333449398e-05, -0.0006520382408633837, -0.001058134526823252, -0.0008526572262450636, 0.0018235656998706622, -0.0007643790381312963, -0.0008893391463894473, -0.012299873862976301, 0.0011425552046495778, 0.001827804897462886, -0.0006148234094910775, 0.0006809202531040965, -0.010211242811433466, 0.0005536130421446595, 0.0011302557351199661, 0.00232293727171963, -5.470201820507409e-05, -0.0007679855973776613, -3.7587106056008957e-06, 0.0005399485595804477, 1.7610454242297065e-05, 0.006265832956226035, 8.265506702535906e-05, 0.001393954925522559, 0.0007975630452257613, 3.448222490093659e-05, -0.00010917258208678703, 6.887019124001429e-05, -0.0009313203450188259, -4.881014744652449e-05, 0.004716263700991263, 3.408432109879883e-05, -0.002599720328157475, -0.006394139375763158, 3.885148219960272e-05, -0.000847013464300554, 7.71175464135404e-05, 1.7921378109518608e-06, -6.284485006941301e-05, 0.0014127742798425455, 1.9915182594436765e-05, 4.917802910073795e-05, 0.0004650624807212526, 0.002585100780808746, -1.4024615908745974e-07, 0.024939465031991202, 1.01661140101324e-05, 0.0017581770838424645, -0.0016511330768273847, -5.46212994207751e-05, 0.0018511778304732068], "infidelity": 0.00013917447623734702, "energy_expval": -1.9554169151238594, "energy_error": 0.0001573294139327608, "optimizer_success": true, "optimizer_nfev": 1507}