{"params": [-0.0006284442859491174, 0.001987292076977709, -0.0014383209069012439, 0.00022098561458640958, 0.000302283948347669, -0.0028936927762443668, -0.0011109842260294495, -0.0007266480937541339, 0.004210464177328532, -0.001343513992452581, 0.0015671562101788991, 0.0004269385944694977, -0.00045899599111032436, 0.0038245687782730293, -4.700814383974043e-05, -0.00010103862624082741, 0.0028354192447198, -1.5733125162700587e-05, -5.723201674351489e-05, -2.7233891117025553e-05, 0.0007415186717889121, 4.192566029822536e-05, -0.0021110601356617597, 7.817415180644265e-05, 0.001797453767819121, 0.00019376061395558027, -8.220127716333773e-05, 4.7064944540740485e-05, 0.00011093974496330584, -0.0010802853647147637, -4.613319542593903e-05, 0.003012333758973517, 3.5598000085136895e-05, 0.0014961634725090597, 0.002134641063126076, 3.240294817801996e-05, -0.0010821014524857446, 4.788184955163354e-05, -7.886542774884052e-05, 1.878707946715422e-07, 0.0018107281416966043, -2.3257405576516007e-05, 2.9527404567120832e-05, 0.000605826362690452, -0.0013709601983559394, -3.865724465483943e-05, 0.009675269333300577, 5.481884355913924e-05, 0.001074377998082662, -0.0012496372721690836, -0.0001269679428066101, 0.0019176029357228176], "infidelity": 0.00018893372841310985, "energy_expval": -1.5210780459328213, "energy_error": 0.00022630616808072546, "optimizer_success": true, "optimizer_nfev": 1108}