{"params": [0.004851715270946659, 0.00034061636284218253, 0.00034659492226903863, -0.0009356041932255393, 0.0013214778145547714, 0.003056169738356883, 0.0017741990517896717, 0.00067295359727462, -0.019814277984019024, 0.001045552282806228, -0.0005918042259436473, -0.0004195544941851457, -1.3906101515559714e-05, -0.020287743552414823, 0.00024983393655177784, -4.728209746921309e-05, 0.00276084374458535, 3.5367678081645184e-05, -0.00018896337937544997, 2.62667485262358e-05, 0.0009859113161564026, -4.9037252516974654e-05, -0.002582005836618749, -5.5441258354669255e-05, 0.0018666680919229668, 0.00020690935531207606, -0.0001284762708236546, 0.0001629261651875484, -2.2390085796698096e-05, -0.0009540075809022572, -1.3029228796644775e-05, 0.00265974667207921, -5.993123817016667e-05, 0.0008478183476341362, 0.0024761455746872504, 6.216829121330819e-05, -0.0008894868122424946, 5.925071255811454e-05, 0.00010063132666619294, 1.7485620583339975e-05, 0.0018518939767269472, 2.4526565581173033e-05, 5.460458957634976e-05, 0.00100652309449551, -0.0008091330166354842, 2.1759068058483755e-05, 0.02117450806362894, -7.28092926150219e-05, 0.002069084059033876, -0.002215803397811883, -5.6001308091386057e-05, 0.0010113527398717534], "infidelity": 0.00015954238506210583, "energy_expval": -1.4232298993424393, "energy_error": 0.00021657019987864068, "optimizer_success": true, "optimizer_nfev": 1418}