{"params": [0.0013780259077563043, 0.0007090761584243055, -0.001524017031944092, -0.00017371407099839854, -0.0006187877394079529, 0.0030780253017552005, -0.0019186122721780953, -0.0014182906862964713, -0.0190483593731514, -0.00019545886018711438, -0.0030690648010020267, 0.0008009612122597237, 0.0009661669108208717, -0.01948881327432132, 0.0009547537676784998, -0.0031150305518924033, 0.003040734367438858, 3.1464350468981875e-05, 0.0008368075897516965, -1.1250053107558362e-05, -0.0009666097519989258, -2.9968511077032262e-05, -0.005814088843657986, 0.00013051685119300105, -0.0020324461725497157, -0.0008732992521496695, -3.7311437349481347e-05, 3.4981906223326865e-05, -1.2687738915627567e-05, 0.0009410114982102506, -7.507358717887153e-05, 0.004835885436460034, -0.00011259276244668503, 0.0025736301708548367, 0.005857084188859419, -4.3215201623195857e-07, 0.0010147405851228869, 4.137452232466075e-05, -1.535113764254041e-05, -1.2195402330045482e-05, -0.002007540721831709, 6.578134459324441e-05, -2.5925414376879316e-05, -0.0009543690179390699, -0.002685071875539764, 4.829813101111949e-05, 0.023242644918726046, -8.079213278878132e-05, -0.0036699665312945233, 0.0037147195153976005, -1.9830287846639565e-05, 0.0026527108367644845], "infidelity": 0.00022372755998067984, "energy_expval": -1.973306026861956, "energy_error": 0.00030323620873540236, "optimizer_success": true, "optimizer_nfev": 1341}