{"params": [-0.0017292976123160285, -0.00014717137905096618, 4.6658395542729585e-06, 6.123209297268334e-05, 0.00015088674834236914, -0.0018412714308339128, 0.0008067683728628394, -0.0008630569851764074, -0.005944750533972221, 0.0011310610208608378, -0.0003746498367911599, -0.0018830186903812255, -0.0005340731571761487, -0.006198912378658192, 0.00022989751673253508, -0.0010293603713634983, 0.0043560132123383905, 2.187919132740785e-05, -7.748969566515628e-05, -2.8210603180013006e-05, 0.0022545106604345334, 3.584354223016614e-05, -0.005355251019103081, 1.4837325049552513e-05, 0.004984382869678136, 2.7421390609994667e-05, -6.532240422019208e-06, 4.141599182383728e-05, -5.408723566785898e-05, -0.002747564254481604, 3.310709622396991e-05, 0.0035361124318118373, 2.6994961893891306e-05, 0.0014928588129766403, 0.005396901912423419, -1.2950991665793911e-05, -0.0027487317297046096, -1.2699769611590177e-05, -5.644829393830627e-06, -3.764354003960315e-05, 0.005080394680161996, 8.809961549226979e-05, 3.007961187222682e-05, 0.0021855966464185486, -0.0015345848785264726, -2.5779299134210747e-05, 0.02206650217696699, 5.5196447141095646e-05, 0.0010203018944865885, -0.0009612641512962016, 6.206746407927777e-05, 0.0031389608351030125], "infidelity": 0.00011849258822849151, "energy_expval": -1.986506907809667, "energy_error": 0.00014541750183205693, "optimizer_success": true, "optimizer_nfev": 1364}