{"params": [-0.24556268305909626, -3.1068555730196475e-05, -0.008872975221430476, -0.0011493484971135735, 0.008905696016607435, 0.0004517664759393513, 8.656516134045584e-05, 0.012420263532796658, -0.00197361855269894, -5.718043477774815e-05, 0.0028689605479724593, 0.00022176614330553959, -0.0022548801019302315, -0.0015420289600667435, -0.0027894352412283717, 0.0015042016986002796, -0.0010339145262674508, -0.0015833131547604668, -0.01791710333582433, -0.0010402533748478055, -0.0056093905760743225, 0.0012693773720546672, -0.0003428357569953791, 0.004186406742205801, 0.012299915506218872, 0.0003306671208463147, 4.4586276014935554e-05, -9.715377483838334e-06, -1.7208310607848007e-05, -0.0059839868480196295, 0.0032266022929938365, 0.005027637532795856, -8.980856881886966e-05, 0.001611003607782832, -0.0034627379591177375, 0.005869102608514147, -0.0018878157873330834, 0.0032421486537138147, -0.0008083115748389849, -0.0020844414963, 0.00042359468424086976, 5.321818044511517e-05, -0.017408446808011287, -0.005524625022911702, 0.0010512769231597351, -0.0029876183807736106, -0.0012344051369498866, -0.014688299780309005, 0.00014531904544146898, -0.016206697775899583, 0.005713789168692532, -0.0017449704947880293], "infidelity": 0.0043891121509946895, "energy_expval": -1.5550919434723582, "energy_error": 0.005183672304311049, "optimizer_success": true, "optimizer_nfev": 1072}