{"params": [-0.001977814987651403, 0.0007281573807497524, -0.0011542472680705245, 8.779300749208562e-05, 0.0009059469403830158, -0.0019345117608943567, -0.0003273431960349336, -0.0006336806694319986, -0.0005451718812258292, 0.0004657925198854613, -0.004029748295623434, -0.00033364226438523326, -0.0004172010680596641, 2.1484126923160986e-05, 0.0001317456068917199, -0.0026939837616559853, 0.004175084356693968, -7.00680212763636e-05, -0.00026591267656971625, -3.3232806003276657e-05, 0.0011715670786108673, -6.913418293269789e-05, -0.0024515896613194503, -9.820899222908488e-05, 0.0046703799348326415, 0.0002145556215287232, -0.0001339753550468154, -2.4858391292662614e-05, -3.795202157116276e-05, -0.0035198101834493303, -6.897126196991514e-05, 0.004037128276818922, -3.693469554827064e-05, 0.0014364476189927952, 0.00238673882470513, -3.294831495533008e-05, -0.003498358549754322, -4.398705859540481e-05, 3.25959622550435e-05, 1.914845179549361e-05, 0.004787549553804854, 5.279463647951495e-05, 4.666207136326255e-05, 0.0012206945185432544, -0.0013605884414295923, 5.0394153461796174e-05, 0.012090895633245698, 6.069147485761862e-05, 0.001126074449613023, -0.0010999844817135135, 7.27861794605995e-06, 0.004354623032728727], "infidelity": 9.461467086413489e-05, "energy_expval": -1.9417507372310556, "energy_error": 0.00011410494261809845, "optimizer_success": true, "optimizer_nfev": 1454}