{"params": [0.002625360069704151, 0.0008929675389832497, 0.0005018315668607209, 0.0009573047107248844, -0.0002373767254841796, 0.0009035211918742876, -0.00014133506379501815, -0.0001910558238298463, 0.01887568346301248, -0.00045964122977207723, -0.0009809049154653777, -0.0009380481686230361, -0.0009417752198852635, 0.018423041800973733, -0.00048107861307595135, -0.002573147457468993, 0.001681299311041194, 1.0452011182975567e-06, 0.000468320736713551, 1.476070085017657e-05, 0.0008221302663294387, 1.2770110070551337e-05, -0.006261796179824782, 6.277779347116311e-05, 0.001769606697222251, -0.0006658973942175024, 2.955003027089432e-05, 5.162033568440518e-05, -6.535388605256805e-05, -0.0008945445058707762, -1.538992179776546e-05, 0.0044396262028684385, 4.653852788131129e-05, 0.0020264368763731923, 0.006270592467762751, -4.310072116236949e-05, -0.0008494904963721495, -7.195725543460503e-06, -3.930759377607641e-06, 6.389336663388156e-06, 0.0017220117187887395, -5.723507161592431e-05, -2.567756451500078e-06, 0.000835303947845828, -0.0019902178447032447, 2.9552540153780805e-05, 0.03474085772263977, -0.00013646170244537912, -0.0008979987398119579, 0.0008892940308090038, 8.605278415320029e-06, 0.001379543435250948], "infidelity": 0.00015330433931282084, "energy_expval": -1.8393312386029135, "energy_error": 0.00022873327995487358, "optimizer_success": true, "optimizer_nfev": 1713}