{"params": [-0.0022972293918771857, 0.0012496981122617598, 0.0005024796009185072, -0.0003864931076626447, 0.0006345951114179413, -0.002036826367022421, -0.0006665944398405598, 0.0006011199108739627, -0.03983188056777414, 0.00029321315308629485, -0.005453092077768339, 0.00019547099710384345, 5.690580245229481e-06, -0.03992893039421247, 0.00046248495219700125, -0.005632106326605179, 0.0015614891769992526, -0.00012184474537019172, 0.0007751494419970612, -0.00012969553233313413, 0.0035542649210527112, -0.00010414741909678744, -0.004791028631392107, -6.026770420962156e-05, 0.008093162387886758, -0.0006240460314037718, -4.892729818725751e-05, 7.814959251942713e-06, 0.00010396801607667538, -0.004476758722774086, -5.8760578894695255e-05, 0.005655477679995057, -6.943327427735175e-05, 0.0018220321275168566, 0.0048367045225748365, -4.7350362541808585e-05, -0.0045787359441322615, 2.2527519348452044e-06, -6.522393967740241e-05, -3.242445462374804e-06, 0.00815956533538836, -7.124003839670706e-06, 3.506135892940215e-05, 0.003633692797226334, -0.0018778324830764537, -9.510131179144169e-05, 0.054371956717207195, 5.517562454517861e-07, -0.00015516163212283095, 0.0003177035126980709, -5.3733267860040865e-05, 0.0021696841486888926], "infidelity": 0.000253667862296747, "energy_expval": -1.953284339658584, "energy_error": 0.0004457435934526188, "optimizer_success": true, "optimizer_nfev": 1925}