{"params": [0.000549079691395371, 0.0007415661890746319, -0.0009744823582007844, -0.0012902385873394119, -2.2887541791168637e-05, 3.518762647199252e-05, 0.0009603817809886505, 0.0009307715419309218, 0.003357331823821771, -0.0007363141098471702, -0.0023525372657052274, -0.0010497589806011316, 0.0010912469599690074, 0.003208463372978615, -0.0011182344637232305, -0.0016915768068923637, 0.002878486890190469, 4.1689554853149625e-05, -0.0005930299739052726, -1.6000337921820327e-05, 0.0005047781880225317, 4.263520576902765e-05, 0.006099242993268758, 3.471143660233697e-05, 0.0011810902316266322, 0.0006275180238546954, 2.657564924637505e-05, 1.6350829611847492e-05, 3.1580852951811075e-05, -0.0006650496351912102, 0.00011387122970441226, 0.0028880339869178143, 1.880265836288898e-05, -0.0015817952002988372, -0.006091998072532767, -5.483724213486391e-05, -0.0006741646692821194, 3.30774212757264e-05, 9.25983258006454e-06, 7.664573341216502e-06, 0.0011775479477393073, 4.856759588129226e-05, -2.48558800243107e-05, 0.0005901368204864643, 0.0016170931283204586, 8.825708429218579e-05, 0.015262888313004399, -4.3622018560295265e-05, 0.0010015648094700968, -0.0009980574261617642, -6.509689965425428e-05, 0.002024921629783761], "infidelity": 0.0001355694541911312, "energy_expval": -1.8220230371887072, "energy_error": 0.0002286469458543383, "optimizer_success": true, "optimizer_nfev": 1443}