{"params": [-0.0019008384328441513, 0.0008841933319018586, 0.0012232833924770074, 0.0004624208310739867, -0.0009616942860779114, -0.0016763615241664749, -0.0011867204657914853, 0.000267947408214217, 0.003353487833309595, 0.00033657165049541223, -0.00022870725807503802, -0.0011190248780205462, 0.0003440473004340221, 0.0019995693772047476, 0.00039334652891997237, -0.00044767803045076216, 0.0034130314835551746, 1.2421564862769011e-05, 0.0005323073772334906, -4.82966219625835e-05, 0.000892330862540428, 1.3294769152898063e-05, 0.002639692096577724, -4.64700618416022e-05, 0.0013062797038296853, -0.0004779181127779049, -4.382542588110952e-05, -0.00011751001800699011, 9.171376378125183e-06, -0.0004780112517371625, 6.883154738580604e-05, 0.002526956053217809, -8.846279973883158e-05, -0.0006445398388398675, -0.002703409597790009, -6.659233416739935e-05, -0.0005455890404536773, -4.30814423798677e-05, 3.702494735367945e-05, -2.655180476708477e-05, 0.0014116548763716595, 3.2413018844397596e-05, -2.693827984830947e-05, 0.0009182963579588251, 0.0006396439691723672, 1.5055392002445777e-05, 0.010000657104252596, -1.22177030147581e-05, -0.002607495519755834, 0.002611019566889342, -3.777554391257378e-05, 0.002161898366913622], "infidelity": 0.00010710753562370723, "energy_expval": -1.5283320750176579, "energy_error": 0.00017479932224007122, "optimizer_success": true, "optimizer_nfev": 1100}