{"params": [-0.00029866894518513766, -0.00021084143996099697, 0.00024850674566354215, -0.0001026501060767662, 0.0015161634946278355, -0.003546480994518018, -0.00029014196493165156, 0.0004802633393884519, -0.0061955878678069546, 4.16421627925277e-05, -0.0003112404949506111, 0.0001439876046839357, -0.0007883508085002592, -0.0038274929595761426, -0.00016522116162334468, -0.0008155098699116059, 0.003341962069256834, 4.370816066783835e-05, 2.819965656459672e-05, -2.0924219674890557e-05, 0.001295184329715795, -1.4227300603678903e-05, 0.0027782787542048205, -3.145144929864436e-05, 0.0031523534519775137, -2.7631320443653095e-05, -1.2607685438517505e-05, -5.44229903320494e-05, -3.864183612525964e-05, -0.001904664266737771, 1.8680219223303475e-05, 0.0035003450482355403, -5.57804213902142e-05, -0.0013450441606281274, -0.0028841484187529464, -4.8377567283007015e-05, -0.0018344732080096925, -3.335154203052238e-05, -5.895920803596902e-05, 3.431446705971844e-05, 0.003224577219781818, -5.135640006870499e-05, 3.119132091730464e-05, 0.0014378459572979823, 0.0012964032251976789, -2.3373922657686284e-05, 0.015395190320292684, 2.8686430581377535e-05, -0.0013524264900504018, 0.0013014482171671221, 3.8167674130239914e-05, 0.0019984899132627996], "infidelity": 0.00017729734942328879, "energy_expval": -1.8156918410678682, "energy_error": 0.00014555499510970904, "optimizer_success": true, "optimizer_nfev": 1182}