{"params": [0.0025066380419711725, 0.001269418230655553, 0.00040821409014229777, -0.0002054789458517079, -0.0003218263043560477, -0.0010056038796419327, 0.001111733843851402, -0.002355336418305339, -0.006915684217065851, -0.0002993468761641149, 0.006447860571480163, -0.00025793046523240665, -0.0004100528117661411, -0.0072290337347874324, -0.00037754239341958947, 0.005913114838750946, 0.0035878047606285888, -1.4636963524329398e-05, 0.00010039483008943113, 4.607661218925448e-05, 0.00116571184103139, -5.130554334237373e-05, -0.00921891403689725, -1.624590532919332e-05, 0.002602817077631459, -4.619409979271004e-05, -4.856181624090586e-05, 2.6276986487670886e-05, 3.654494811639351e-05, -0.0015281715224274163, 5.683757318934779e-05, 0.005235634896791823, -9.73706470197941e-07, 0.003487182987794563, 0.009216115768635841, 5.5990966759325796e-05, -0.001617028004802319, -1.9252058651104445e-05, -6.038645209916427e-05, 2.4420666282057718e-05, 0.002662069016734577, -2.2303884916350144e-06, 4.300233582384117e-05, 0.0010432562901140253, -0.0035535924182858005, -3.9677594209666985e-05, 0.028755539491934025, 5.1238464868972844e-05, 0.0006755334595857038, -0.0005875921453164558, -6.765635943384861e-05, 0.003991083885693006], "infidelity": 0.00031445995334311583, "energy_expval": -1.943211460761213, "energy_error": 0.0003998408638230533, "optimizer_success": true, "optimizer_nfev": 1542}