{"params": [7.641819976754607e-06, 0.0003093884292641238, 0.000525701876047695, 0.00029066902984225233, -0.0007575515985879449, 0.00028211855660765497, -0.0002594550872098206, 0.00029384942536335706, -0.004159139736355305, 0.0015242688526058018, -0.004705963387749187, -0.0005756219553748845, -0.000477745338062143, -0.00509035738087204, 0.0002762777677123364, -0.0018119191207573732, 0.003800643838907742, -3.268523610994719e-05, -0.0003030878657962561, -4.058840589032255e-06, -4.458672596826446e-05, -5.746823912223332e-05, -5.865438529614908e-05, -3.635202189712816e-05, -0.0006767527112380253, 0.00021732760087902084, -2.652967442361578e-05, 5.202185177155384e-05, -2.719185396525494e-05, 0.0007168210383452111, -6.953119566597029e-05, 0.0037938377923299295, 5.0740761044913916e-05, 0.001656115296138321, 5.7194126340810746e-05, 6.902099738786318e-05, 0.0006248646522160293, 3.725965530124546e-05, -2.8225664868832084e-05, -6.550257872666789e-05, -0.000581553554267398, -7.18443180309367e-05, -2.137105272734304e-05, -6.319335052446463e-05, -0.0016537424212928035, 5.812541553601852e-06, 0.003942267050261293, -0.00014851840955595774, 0.0008333455566366362, -0.0009210985720275813, -2.1677111747310044e-05, 0.001665326282656378], "infidelity": 0.00022617424011928122, "energy_expval": -1.0026784475016062, "energy_error": 0.0001398202829681061, "optimizer_success": true, "optimizer_nfev": 1142}