{"params": [0.0019137176021846625, 0.0009743392741938231, 0.0013353356383221456, 1.2180486866151112e-05, 0.00036970445694078826, 0.0015135367683285893, 0.0015295480870720591, 0.0017708324454946834, -0.0028755622525688932, 0.0007819932439197965, -0.0008590177086580533, -0.00011974544975806853, 0.0009292715435244379, -0.002760543270268291, -0.0011269945296310685, -0.00014084591859832112, 0.0038247584626784647, 5.6519241694857866e-05, -0.0005773414879249111, -2.1677460881651978e-05, 8.534445754108231e-05, 6.24010396786092e-05, -0.0006725496036600459, -5.997394430002579e-05, -5.092396052776012e-05, 0.0006941596355620041, 1.240768462671901e-05, 8.803045897966299e-06, -1.7305388405052767e-05, 1.494141891353216e-05, -6.813451344553204e-05, 0.002503692682111859, 2.8326943257838394e-05, 0.0008603180921381228, 0.0005799781779268684, 1.2582877946688635e-05, 5.9596795622063624e-05, 3.756240562491015e-06, -6.301283699438333e-05, -1.9579717002046606e-05, -6.246925807447801e-05, 2.1049820714932715e-05, -9.125229883104911e-05, 0.00014603518057160954, -0.0008843829194672172, -2.0465828863880256e-05, 0.0036828304677621443, 5.5587821373210666e-05, 0.003353481092185202, -0.0032961124136857162, -6.885647019462378e-05, 0.004604232245094673], "infidelity": 0.0001119761867058866, "energy_expval": -1.0455871324380386, "energy_error": 0.00019771753784869617, "optimizer_success": true, "optimizer_nfev": 897}