{"params": [0.0010991074817517463, -0.0003561020761490271, -0.001704204724112179, -0.0005496442531682409, 0.0006565027663259996, 0.000944501969995263, 0.00015380617911449392, -0.0023402694576130146, -0.028984021037561085, -0.000534973605421226, -0.005058799064844462, -0.00032747324848750266, 0.0015268489819593378, -0.029058130561094936, 0.0006467833025264702, -0.004643455616152649, 0.0051475041253931314, 5.650852031743117e-05, -0.0007465828375153121, -3.494933269997705e-05, 0.0008315066273801562, -6.249545705247236e-06, -2.903653769815e-06, -1.2852346681141705e-05, 0.002056695264922702, 0.0007683951555888424, -3.128105957464775e-05, 8.067372496988968e-05, -3.247564383455079e-05, -0.0011976703010106048, -3.182897714526578e-05, 0.0031246792845826352, 2.056194991111661e-05, -0.0011273827827165098, 6.928950282329066e-05, 3.0322840837410446e-05, -0.0012176026922920361, 6.009638398260001e-06, 6.866763458842086e-05, 3.732757488760407e-05, 0.0020247084499531685, 2.4348505816090372e-05, -2.8252937823736058e-05, 0.0008107891939663937, 0.0010286481549440084, -1.779872200765205e-05, 0.006254028566579826, -9.517623429315218e-05, 0.003994443168506834, -0.003985208744314551, 6.201070068355657e-05, 0.004608445602726638], "infidelity": 0.00020175122986032523, "energy_expval": -1.5979420552536296, "energy_error": 0.0003692687116312321, "optimizer_success": true, "optimizer_nfev": 1560}