{"params": [-0.00019628084035533484, -0.0007962799584251212, -0.00015675219374408639, -0.000794206672783399, 0.0005031436566741143, -6.254471053566765e-05, -0.0008483991675319075, 0.00011728881961765296, -0.0007871502984922732, -1.1105248239459685e-05, 0.0014346609153134571, -0.0002572300839471625, -0.0001287555788138337, -0.0013407000906911755, 8.727277979989721e-05, -0.001253781080925826, 0.004237890130987482, -5.409691603658653e-05, -0.0010656836240699314, -2.0137693759402062e-05, 0.0009934091388128466, -2.0862483245521908e-05, 0.0031370515035397555, -1.6121794760459928e-05, 0.004145466530686113, 0.0009254043188139805, 3.1798327926713124e-05, -9.018880370279617e-06, -3.924294435323238e-06, -0.0030445609120103015, -1.1281009253231427e-05, 0.002941377146257997, 5.807523716336378e-05, -0.001570774341003558, -0.003019601404681517, 1.0022118308128e-05, -0.003007765006646864, -7.356714987787216e-06, -3.1752149602690445e-06, -2.318594448784207e-05, 0.004103061657699434, 7.351889728362403e-05, -0.00016418169902763225, 0.001046142761927803, 0.0016323154525061012, 7.35301867223845e-05, 0.008587409144453323, -3.270929042990978e-05, 0.0018576200118347156, -0.0016906568687557063, -5.246667112057363e-05, 0.0038458543890080633], "infidelity": 9.021838781808622e-05, "energy_expval": -2.065174535896727, "energy_error": 0.00010557842490799274, "optimizer_success": true, "optimizer_nfev": 1093}