{"params": [0.5832196259787927, 0.9035014534828911, -1.5196662909438028, 1.0888464685139683, 0.022316339624462035, -0.5022912449124164, -1.1193170801429664, -2.747708060071887, 1.4865566481738655, -2.02729141306066, -2.416168157049972, 3.0776587831970503, 2.0869506847928814, -1.457671742919667, 0.7012210334311337, -1.4942390641601586, 1.8458078209380189, 2.902132909412266, -1.2397802863127225, 2.291714229624494, 1.7466175580793286, -1.2361195001655765, -0.6477246569828005, -1.5292104161725868, 0.39244996993800385, 0.7977521701428996, -0.7607219918834182, -2.4285001259110657, 0.6191581315534733, 1.2210849416817475, -2.7988836840802525, -0.8680396599701505, 2.7198145149834287, -2.2979569753521756, 0.8262399435313554, 1.9221472392348118, -2.7134508742252237, -0.5581266992349639, 2.1930138794173453, 1.8934110780217854, 0.5081210402385697, 2.5990509232041825, 1.581697934506154, -0.5076491313460206, 0.33586375890120085, -1.0446271455380105, -1.1106972065523955, 2.5225748012695495, 1.785127619827504, 3.0346011865590157, 3.1304127097736454, -3.148649842058519], "infidelity": 0.009782847128037231, "energy_expval": -0.8180687639488841, "energy_error": 0.021626372944938743, "optimizer_success": true, "optimizer_nfev": 4101}