{"params": [-0.0026734661864304603, 0.000842699283410143, 0.00035180535512947727, 0.00108680389964899, -0.00062489509002501, -0.00048443488919582987, 0.00015208131307418171, 0.00014662240868957297, 0.0024083169025751034, -0.00018315833352440078, -4.988608502199099e-05, -0.00014738113501609745, 0.0003688787516048092, 0.0023680203633097687, 0.000534389260229206, -0.0008586535065429094, 0.004182710626424048, -2.4082963537172667e-05, -0.00016377760133298323, -2.054494418764527e-05, 0.00027889414543303147, -1.2581473717456267e-05, 0.0014656122162012041, -1.848934678678454e-06, 0.003351179082958009, 0.00018933026082330876, -7.209639145283129e-05, 6.262340517583513e-05, 2.9067376147428534e-05, -0.0030557629241783264, -5.196846340584041e-05, 0.002525758814991528, 3.338441799501698e-05, -0.0010746324863194535, -0.0013840717187311728, 2.1440019828795423e-05, -0.00319369352943997, 1.886324099944515e-05, 2.5428711375688575e-05, -4.727353873601045e-05, 0.0034068533028156853, 2.8097634227958833e-05, 9.246930198878402e-05, 0.00024687210235878527, 0.001044389965715809, -3.841738164217255e-05, 0.004581856566697523, 1.9952328457091445e-05, 0.00039445180803237504, -0.0004631551312169632, -5.757803099676856e-05, 0.005457208454478347], "infidelity": 0.0001652879617071168, "energy_expval": -1.9255587423435054, "energy_error": 0.00021324607591033384, "optimizer_success": true, "optimizer_nfev": 1136}