{"params": [1.6393375400551358, 2.52042566593193, -2.1833439415765703, 1.7207677300843343, 0.576094474767221, 1.2702178318783712, 0.4776331839635045, 2.163838901154918, 0.1880324942835705, -2.4411314966367783, -1.6812674353652886, -1.4136752270333435, -1.5399678078134063, 1.3279864399714392, 0.3672195439177674, -2.3998514328515648, 2.1127839936779043, 1.7465777338734692, -1.5223132310548433, -2.1585717438846945, 1.0740028490134306, 0.4019976616242214, -2.1492342739043955, -2.362468898635981, -2.8779862344759115, 2.7299752262560446, -2.763111896472909, 1.266800383503229, -0.8800253604467037, 0.0875173093286604, 0.3117098533743993, 2.8133690662674478, -2.118193650778306, -0.00044018778349875007, -0.33842512389286805, 2.939750666300886, 1.5044824000040438, 2.411743634553385, -2.227282327332631, 1.1133956292330367, -2.824546984469898, 0.3326844326613821, -1.6230539621421023, 1.6995550976465352, -2.985444532787961, -0.5939695597202559, -2.0939556203242167, -3.0055507603769858, -2.647238684761344, -1.7350811895329443, 1.617898106886391, -0.12011776648105123], "infidelity": 0.011269310561509704, "energy_expval": -1.646577231509719, "energy_error": 0.019961070646059564, "optimizer_success": true, "optimizer_nfev": 3968}