{"params": [2.6705854595182994, -0.29375554526386116, -1.9068787127207112, 1.4355774109560975, 1.4675829779874496, 0.8984104541292236, -0.6330310670552365, 0.303971796103619, 0.2617508235017206, 1.502067397942431, -0.039790453521596165, -2.9229371162162385, 3.783598274178526, -3.10107332926483, -2.551730187187409, 2.625285734456875, -0.8344419172310054, -2.0403118926443566, 0.9678510634867289, 1.6203297153270628, -2.5704606488585817, 1.8296563890270383, 0.8534615666681415, -0.6829675804627624, -2.7735928331876765, -0.33583403978406734, 1.882721269712127, 2.5352324280496172, -2.1028765124127187, 2.7365496575214836, -2.099264686070642, 1.7956340206266286, -1.8379831915846643, -2.01536550833532, 0.15633337904959113, -1.0540368805723985, 0.8757312379288421, -0.3322235750987535, -2.0830869036730646, -2.61070907883262, -0.5396681902181532, 3.151824058869145, -1.2726279908254727, 1.12084424896738, 1.3546515392360565, 2.124110726787576, -1.8913579110719447, 2.5023047013522577, 0.48739052452434256, 2.593748674168697, -2.5724211431847865, -1.3998071881683587], "infidelity": 0.016138761847771632, "energy_expval": -1.6982601453922959, "energy_error": 0.024161417185323275, "optimizer_success": true, "optimizer_nfev": 3441}