{"params": [1.0069944977427652, -0.28953918614049917, 0.10858271888660699, 0.49042987353249856, 0.007440204431052301, -0.3603758137957735, 0.47279482640509796, -0.14276689133474363, 0.004975574967415617, 0.06378282475839857, 0.07669861428342305, 0.31115936916995884, 0.012815252158306844, 0.44055879811820203, 0.3712038518346881, 0.13647557267442426, 0.09060209559568759, 0.10080404190996471, 0.16884832708595493, 0.04428274368096826, 0.1015746491125878, 0.09952961378037896, 0.033782664553493144, 0.1257224225372838, 0.07192231525458428, 0.11267561491580093, 0.1265674091701488, 0.11298411452606132, 0.021799823248149938, 0.06896520539426088, 0.10838552975090227, 0.0933018341092786, 0.12996247822561963, 0.028092324331238372, 0.11589908107817538, 0.10551057868482953, -0.013590990647182062, 0.1349573253631455, 0.045079682271483436, 0.11041512217134992, 0.07894648360625166, 0.021452354968080078, -0.12192159951912905, 0.13717979529912736, 0.05119924056499121, 0.0021376040433354723, 0.1679498668323829, 0.036149843287568734, 0.15675821253025615, 0.21807130695757138, 0.01731683936079268, 0.0927988013734185], "infidelity": 0.003913870348034698, "energy_expval": -1.5034632974311384, "energy_error": 0.00982773984569163, "optimizer_success": true, "optimizer_nfev": 5117}