{"params": [0.4953394709559377, 1.9207614805885145, 0.9023749114997285, -0.9906441969998316, -0.04026070241303895, 2.508246174819366, 1.0301171953917623, 1.2845061769336639, -0.8215634318942172, 1.3405343149753681, -3.2620841284171846, -2.50837612635889, -1.5077372790009183, -3.4049055332077818, -1.498656794671248, 2.7394684094057506, -1.3959107493387284, 2.8165820418115026, 0.6442884091984822, -0.1528015271762936, -1.9565363071713622, -1.5667012217697662, 2.943200986908876, 0.2000477859424147, 2.6628899237360413, -2.198397142035212, 2.5376681084606103, 0.1370217023129001, -1.2864490228043548, 0.13596995261769698, -1.2115152977210952, -1.3596285444761986, -2.240096927899471, 3.0370397052482923, 0.7839594206504901, -0.717599322486709, 0.999645803471639, -1.210533284840979, -2.1621960957346347, 0.2929354368675108, -1.4312962653495394, 1.186017812892688, -1.8351092928761146, 2.5297126080936962, -1.2817278009013378, 1.58170174856883, -2.550153765762587, 2.98382755947548, 0.7834773410128272, 1.1008602491481485, -2.3175082484918645, -2.641473426934451], "infidelity": 0.00745369379862415, "energy_expval": -1.2151033961300917, "energy_error": 0.017462017860023993, "optimizer_success": true, "optimizer_nfev": 2117}