{"params": [1.4479096670394547, -1.695712686988888, -0.8800967367821451, -3.1634341392180088, 1.1932438107725036, 2.57570555268107, 3.5079840623268312, 1.2847916828950012, -0.527158651059525, -2.502764773391976, -0.22298153042063357, 1.471124939698324, 2.9480740857949193, -1.3920500970027974, -1.4581216119280829, -0.1229008211725175, 1.905714153041823, -1.3410569677163473, 2.5561105885740405, 3.1202667223770884, -1.1676565154851983, 0.6488237092874153, 2.2854137755824007, -2.285415355031537, 1.5794251913856796, 0.097484626473238, 2.9117919438207727, -0.5558150321159318, -1.3952673276233012, 2.9808163874306564, 2.7778009286140377, 1.7587201346188868, 3.3097972895032672, -2.509969992257075, -0.002418313640999835, -1.3816967787408032, 2.760658113347737, 0.6333530463543906, 1.8822819462957088, 1.8628888334680065, 1.9853376121431183, 2.686567565447063, -1.3140306042111014, 1.8844568871742382, 0.9221492670832185, 1.1195598096496266, -0.6231686306386439, -1.8590637775386292, -1.0290385391514003, 2.165345865671728, 1.1048968118928943, 1.5990656857470602], "infidelity": 0.008913303844623077, "energy_expval": -1.317090228598873, "energy_error": 0.016762821924077853, "optimizer_success": true, "optimizer_nfev": 4240}