{"params": [-0.0005985106932600773, 0.0012657346997901882, -0.00010374167039148704, -0.00039613156381560437, 0.0001123890789039083, 8.433320055266618e-05, 0.00020440825338456298, 0.0001402138336543434, 1.9411306418682536e-05, 0.00018555685470023517, -0.00364983495840014, 0.00046736256244167085, 0.0012825629556806797, 0.000728953702020892, 0.0005053539196503251, -0.002960045919480029, 0.0031493640336032244, -9.665069162687641e-06, -0.0003169016736570955, -3.399964434700045e-05, 0.0009429137920402222, -3.697518192281408e-05, 0.007847544895799523, -4.344832982371974e-06, 0.001803416740869523, 0.00028764116035173725, -8.145349588256818e-05, -3.194190604500371e-05, -5.797225169108293e-05, -0.001031756076689184, -8.135453615725239e-05, 0.0034300244070691946, -1.6310774559548134e-05, -0.001809738549005267, -0.007909041189246712, -2.8335999390700213e-05, -0.0009303113332713696, 3.4209749205020096e-05, 3.09992105876591e-05, -4.8685457325434465e-05, 0.0018773350411523677, -7.947582001805177e-05, -2.724949501526723e-05, 0.0008284295103869872, 0.0019686825531911186, 7.440775609110827e-05, 0.02356495804040303, -7.099582215482747e-05, 5.420301765147664e-05, 5.130148089109908e-05, -3.072445380985502e-05, 0.0022895302274066934], "infidelity": 0.00016006186539141432, "energy_expval": -1.877284017230931, "energy_error": 0.0002689066086134506, "optimizer_success": true, "optimizer_nfev": 1697}