{"params": [-1.2558524910886935, 0.21911908238960262, 1.5381735308095623, 1.5628230681646658, -1.4971689631153065, 1.12936364531296, 0.26857247845156185, -0.2783320655126493, 0.6255289411492183, -2.07631014464134, 0.5144685270315286, -2.458013726335941, -1.8507333636422865, 2.4969539432888683, 3.090323736200531, -2.7620525765230215, 3.282341903359139, -0.1270984246736579, -2.5292391056097627, 2.018178823698128, 2.773398914728117, -0.6893383516583526, -0.03943822964088296, 1.3182205104675142, -2.651040524024015, 0.9454950909437123, 2.662434627411184, 2.0095002776742397, 1.9423465232419355, -1.3987299756147917, 1.9801767015165535, -0.3805835554328144, 0.23934763406642853, 2.3335455216264154, 0.10635752650863989, 2.908661833640681, 3.1250316695813316, -1.832544168477344, 1.6277689040101644, -1.3413546847103641, -1.6750270975927013, 0.09006016172772907, -0.7500840086028867, 1.1750840085265692, -1.349496039875591, -1.3983925944746327, -2.5254817966932634, 0.3269350663519028, -1.704171507776227, -2.6087032612671655, 1.1257798999455557, 2.7849095128782495], "infidelity": 0.012852836476743734, "energy_expval": -1.4035925669463345, "energy_error": 0.024473987210289483, "optimizer_success": true, "optimizer_nfev": 1534}