{"params": [1.4989959958063426, 1.676965312860454, 2.7868112236478053, 1.7672898094455505, 2.8788190079554647, -1.5230505131368643, 1.6259576411512113, -2.7324652765207746, 2.3984155308404382, -1.8374469219177394, 2.4404910157320234, -0.5108691012084015, -1.2846361798754138, -2.5403180382364945, -1.3641488751865765, 1.4472206127189569, -1.3736911713268245, 1.8390850120673652, -2.042019097675029, -2.9142003682952433, 1.6739555097305738, 2.7301497254369043, -1.7310782376693672, 2.579450528605184, -0.05843319812656426, 3.046943805514732, -2.4371122593253998, 0.5545040633696445, -2.3926839179904786, -2.84076188649907, -1.0028618958827435, 1.134241913582531, 0.38056875918531097, 2.5593537816343552, 2.1197312418079184, 2.976286860610787, 1.8025689273505068, -1.0527481843526696, -2.6752894910646847, -2.1847585843783266, -2.784709261052642, 1.9038214792204156, 1.2193607630569705, -2.0344493242983295, -0.33533738436473, 0.327770272430626, -2.706827391420103, -1.3211704855921274, 0.04767273729075483, -1.490698823673664, -0.018759080618386947, -2.623642081461343], "infidelity": 0.01607998744199368, "energy_expval": -1.9573004826451477, "energy_error": 0.031566829502438276, "optimizer_success": true, "optimizer_nfev": 3486}