{"params": [0.0008064897608376935, -0.0002717736098077918, -0.0007116390504515697, 0.0011969192534764246, -0.00010440184601189935, -9.376012458281778e-06, -0.00043565411925795074, -0.0001606309306279634, -0.0022957115804577025, -0.0005336517373313305, 0.0007041499554289319, 0.0003613821043299635, 0.0009472194639696963, -0.0018825726866483806, -0.00028908624601996403, 0.0026907175536723103, 0.003942648197517484, 8.386470506822622e-05, 0.0004801026896960707, 7.096607241807896e-06, 0.0012656665671887774, 5.138432998794117e-05, 7.919228029727334e-05, 4.957481536573055e-05, 0.004076140266972778, -0.00048549755636568214, -6.802174871426736e-05, -3.279086336638588e-05, 9.257767657054795e-05, -0.002789207409215593, -8.200015637245718e-05, 0.0029556422264958126, 7.408668994185012e-05, 9.690867785627403e-05, -8.087099229158845e-05, -4.576164308378581e-05, -0.0028320891223747842, 5.658210988569979e-05, -3.320419774189757e-05, 8.30215126270653e-05, 0.00412062303451402, 7.999004214335034e-05, 3.140977691324128e-05, 0.0012975509282452317, -8.454161113698266e-05, 3.273143240083048e-05, 0.009220491652872862, -4.6966500386881504e-05, -0.0012465100486673336, 0.0010927897663979517, -1.4936798098663484e-05, 0.0032769552603469777], "infidelity": 9.675518496110591e-05, "energy_expval": -1.975404218015813, "energy_error": 0.00013288977239978017, "optimizer_success": true, "optimizer_nfev": 1250}