{"params": [-0.0005982816215383106, -0.001633258519470815, -0.0012303558294712194, -0.0002902362815494187, -0.0001260799910766742, 0.001113538218049164, 0.00033309102307411487, 0.00016574239737027305, 0.002532190731618519, -0.0010024867236554057, -0.0003892338962495321, 5.211271064029354e-05, 0.00018503404191311105, 0.0016634740514412738, -0.0013289740321418653, -0.0014525432198199636, 0.005894276634249527, 6.419452820167912e-06, -0.0005270928123191224, -1.6371898085549995e-05, 0.001945109288661671, 6.931851444842627e-05, 0.0026041404275953255, 2.5073837515239203e-05, 0.007237781798106794, 0.00040709289510795186, 5.866938071257479e-05, -0.00010225658693131096, -5.406055798121432e-06, -0.005285144113102144, -0.00010597643313167354, 0.004014156012711595, 9.924605979416658e-05, -0.001243307430790276, -0.002667809015083438, -2.5096782337669214e-05, -0.005233623145222286, -3.130457177801869e-05, -7.385285058309594e-06, 4.5357702470617245e-05, 0.007243209555459663, 5.0461717664114175e-05, -2.0314218253374123e-05, 0.00203009278216948, 0.0012306336977018122, -7.103113463288349e-06, 0.01825115419167181, 1.3846668186008007e-05, 0.0008847249948860285, -0.0008610603146659444, -6.437238284176744e-05, 0.005789782618816148], "infidelity": 0.00013036809981603614, "energy_expval": -1.9997578344319995, "energy_error": 0.00011243660964099789, "optimizer_success": true, "optimizer_nfev": 1443}