{"params": [-0.003398388078346491, -0.0004510478245273553, -0.003323528448967223, -0.0011415356764596066, 0.00023693774534411024, -0.0032784568308249344, 0.0006030566040056401, -0.005258593188195811, 0.07468679739920941, 9.060891030182483e-05, -0.011914532983440609, 0.00032434139161712037, -0.00026228213742174794, 0.07189767305739651, 0.0007327591487707474, -0.011942936829260883, 0.004869050254590816, 2.9322855161981214e-05, 0.001591245859843908, 2.839112894663615e-05, 0.0030840279291369775, 0.00013350431284861372, 0.006371389297586998, 3.6534500234552128e-06, 0.00856267688688708, -0.0016602396843366295, -3.79178776523162e-05, 4.59718580165713e-05, 1.3387383025924484e-05, -0.005452089330112651, -1.8197023466562636e-05, 0.0058787261991695575, 9.65201924358019e-06, -0.0026258115115536094, -0.006410434649797037, -1.8906879252044976e-05, -0.005390449007757838, 2.6669855707711163e-05, -9.877776377265786e-05, 2.9978247032033907e-06, 0.008580462212548524, 9.28425703300836e-05, -6.365455521173323e-05, 0.003172966096309914, 0.002698609168642089, 1.1280798711939144e-05, 0.03514544315853605, 4.689034652841966e-05, -0.007013991004968905, 0.007139599471635065, -3.9737370569242856e-05, 0.008252538578577792], "infidelity": 0.0008381912914511291, "energy_expval": -1.8250182727756048, "energy_error": 0.0010570888083381025, "optimizer_success": true, "optimizer_nfev": 2110}