{"params": [0.5557584408989075, -1.614451106902192, 0.9513935462915464, 1.7027982749889616, -2.551187363344969, -0.4210511157975798, -1.8485319609193607, -2.7464332141744507, 1.0052294384365983, 2.1660931277973994, 2.739689754324009, 2.491120265118538, 2.6111252298785423, 1.4721323070821195, -0.5152533376590663, 3.7520997310196873, 2.070251633389725, 1.8322334935905082, -1.7979321725476676, 1.6163998042876728, -1.208634637722511, -1.4705142136557228, 3.069532649006177, 2.392011841431491, -1.7817179961272605, 1.2389530981061496, 3.0032869425796407, 1.304304732628487, -1.788040737905163, 1.315644629840881, -0.023998414354378377, -2.339824933868962, -0.10973335792448699, -2.2419723488608163, 0.22235923917486133, 2.0405579129401934, -1.7820069332533612, -0.3705908649204164, -0.5247313539102749, -0.34682541795470767, 1.9622705875542694, -2.81262193225428, -2.0373158462585343, 1.5038719424949059, 0.9331669577422261, 1.1267517903908801, -2.427079148065483, -2.499954907382526, -1.544398964086003, 0.10409313969936061, -2.3453417802870646, 0.3314775048772614], "infidelity": 0.034214073400629874, "energy_expval": -1.712458327757981, "energy_error": 0.03995000770173629, "optimizer_success": true, "optimizer_nfev": 3850}