{"params": [0.002137308607225465, 2.5950451123370787e-05, -0.00034315496392236405, 1.5012726798065927e-05, -0.000945953201748709, 0.0011636548784931845, -0.00023506767998822034, -0.0009626751573562451, -0.050142057951976675, 0.00016359784316496688, -0.004635281290187045, -0.0004745198531170772, -7.687684222217289e-05, -0.04996868823985492, 0.0015285534319081327, -0.004770806901642511, 0.003689715089079124, -2.149174600440037e-05, 0.0006822539950264847, -4.66774125463885e-05, 0.00039575848955420345, 6.688997754400819e-05, -0.006321087078864784, -6.989392628133339e-05, 0.0011477983020800127, -0.0006715889813648444, 2.2796003434311138e-06, -0.00010688821250828804, 0.00012412458408797705, -0.0008263142604467834, -3.122698460000136e-05, 0.0021601389970097445, 1.23271809566177e-05, 0.0009542718931033448, 0.006452111489627908, 3.5256322738464306e-05, -0.0007511692821420973, 7.571868518682696e-05, -1.4568507207626451e-05, 9.78441824820709e-06, 0.0011858870807841082, 2.2068773449474555e-05, 5.547408061694861e-05, 0.0003120268143482063, -0.0010056244744657376, 1.994668542244573e-05, 0.020647727727396942, 2.8944303416433413e-05, -0.002233306121833623, 0.002119828870252487, 4.728825365883403e-06, 0.0026169317558983095], "infidelity": 0.00014097191993023284, "energy_expval": -1.268105627533226, "energy_error": 0.00027803604277587546, "optimizer_success": true, "optimizer_nfev": 1747}