{"params": [-2.3703690623240443, 3.363052914222492, 2.541725869081831, 2.206621115877068, 0.38572773872218813, 0.31758934729077976, 0.5654036087740232, -1.0926896273743538, 1.6546308346994747, 0.764331246364669, -1.8606261569226146, -0.5056782828140723, 0.39794084145108666, -1.5318440947346708, -0.738481807774308, -2.9497531085420343, -2.1480150451789948, -1.6880372790043092, -0.9441299607936614, 1.6380786751260765, -0.9085009274583098, -1.324994496785459, 0.40501975946552543, -2.7944379670851447, -2.9004726351493, 2.6217475268952066, -1.9019146093011852, 2.875248561819663, 1.152342426841389, -0.8486738405827329, -0.6605139007362502, -0.1313844167992533, 1.2081364263197678, -0.9023107371252763, 0.014975324142477054, 0.7895357561884194, -0.6739496225144925, 2.15918175992837, 0.20264135785958673, -2.335102946425665, -2.866398366702412, 0.6329976900691939, -0.3975817205200168, -1.6572323006782002, -2.8353635670276622, 2.8659421677684143, 0.37645114423461157, -2.0826732223943667, 0.5443008852466305, -2.880911409749019, 1.4208481542094964, -2.3542994571469706], "infidelity": 0.0085460734919377, "energy_expval": -1.839331717973642, "energy_error": 0.018889220817410513, "optimizer_success": true, "optimizer_nfev": 4206}