{"params": [0.07047428456686278, -2.4973629924900163, 0.29326677170352583, 1.2185479879890584, -0.5950319523967723, -3.7580068400987137, 2.497055132506329, -1.1448017664358148, 1.5521962085936871, -3.0168458715924236, 1.1336112057996288, 0.49948555078527873, -0.26702151551868447, -0.48593425695650777, 2.803860602352096, 1.0018318351588809, -1.4078319144497655, -1.8647215246938522, 1.8575982811639407, -2.316181700616983, -1.998998315992533, -0.5391044941483599, 2.5121310848123115, 2.4514157326821366, 0.44790386585323994, -1.7728861120540893, -1.1513492060214154, 1.0281142303676798, 1.4076948507324096, 1.8773492099119444, -0.32863406592405964, -2.578832923314891, 1.9026754528055447, -0.015909720178313037, -2.484669744623059, -2.7627276061718806, 2.8016001914238835, -0.36674487961719704, 2.9284495337448977, -2.5212848495536684, -0.8973725512290314, 2.898741598270876, -2.771329257853724, 2.302234588232196, -2.3959016029775335, 2.9040770502220843, -1.508321249225928, 2.3728020426629106, 2.094734281526407, -2.8546735706850868, -2.6150862677723956, -0.1553985537347727], "infidelity": 0.009006860013636264, "energy_expval": -1.7967501297842898, "energy_error": 0.021712580958842098, "optimizer_success": true, "optimizer_nfev": 2221}