{"params": [2.352039515963507, 1.3603937348348345, 4.495254005943342, 1.493833629178404, -1.4543501432927184, -0.5011784827179094, 0.3757460878664228, 2.760988749365078, -1.0278472909434848, 1.5205881197830318, -0.37580044222553577, 1.6034477582108273, -3.3087898887436413, 1.1251847358798976, 1.2628533586286754, 1.5284182963329365, 1.9887526028597764, -0.5711106955825982, 0.40196289676136954, -2.6314779552964875, 3.596691965587013, -0.7139851244682742, -2.394129487524285, -1.5161924758080247, -2.9220587464392205, 2.928924054105031, 2.9822153788495527, 1.3584556859026118, -2.793330654284428, -2.8692643811378176, 1.3798677028133766, 2.619067577558632, 1.3339071236279745, 2.821844257815047, -1.2029455349147065, -1.155946385930806, 0.2820006370877646, 0.33615250563931576, 2.7916238953658827, 1.6822729265621428, 2.253323932281066, -0.6379507727035163, 1.424267362071927, 2.5241283565374393, 1.4310627283871806, -2.1234546500441063, -3.1244297257366456, -0.8858981392384239, 1.253485864870043, -1.3733366293269045, -1.3233874684557563, -2.5104929076821922], "infidelity": 0.00619893743612987, "energy_expval": -1.5246246255857214, "energy_error": 0.014986564302045924, "optimizer_success": true, "optimizer_nfev": 3461}