{"params": [-0.007877798011203758, -0.00156754040541802, 0.0008348756135427512, 1.5170623334174562e-05, -0.0010653194660408803, -0.007951249498559151, -0.0010655584467348515, -0.0006529939713063196, 0.007469507846293711, -0.0004036124324024182, -1.0654610458154038e-05, 0.0010759993311135227, -0.0004927008607448963, 0.007743566179406692, -0.0005100907061827731, 0.0003487605800795356, 0.002922250368710184, 7.094134028201417e-05, -0.00024054176270544845, -7.139620572248814e-05, 0.001647242907499942, 8.286052074832808e-06, -0.003678516895206826, -8.573457948806916e-05, 0.002921697641039634, 0.00033741420445195647, 2.953418878317903e-06, 1.7782919506344228e-05, 1.2454580433705998e-05, -0.001278636678431618, -7.870508809299279e-05, 0.0028264509871612923, 2.4036291810499807e-05, 0.0007386003447755681, 0.0037388536724567707, 3.8902849581390645e-05, -0.0012731207430376605, -5.8021285906853116e-05, -1.0951155704855395e-05, 3.3820725275556875e-05, 0.0029058244171655885, -2.468667482246063e-05, -2.6031068377791766e-05, 0.0017738860841820866, -0.0006911567879458826, -4.833859198295911e-05, 0.029856991094136108, -5.1695027350109975e-05, 0.0024087235789614293, -0.002363819122820298, -4.273040413108065e-05, 0.000986006995246588], "infidelity": 0.00011145014843738643, "energy_expval": -1.6845616423640812, "energy_error": 0.00018670811340926186, "optimizer_success": true, "optimizer_nfev": 1494}