{"params": [-0.0007158669204056108, -0.0011673303425856186, -0.0003485165574988283, -0.00036131574095484893, 0.00014946903648619116, -0.00034968508561280875, -0.0004378350634017634, 0.00018091486202208542, -0.003595368946837913, 0.0001116558007334222, -0.003193267083097191, -0.00035378717271499415, 0.000552069722365087, -0.004776776188277895, -8.489006494546826e-05, -0.0024059193653787397, 0.004712006894757371, 5.344434834461234e-06, -0.00020171107732444083, 5.38373160074345e-06, 0.0006822472493267983, -9.894075964656656e-05, -0.004332892891608493, 6.630755295413738e-05, 0.002374533634014798, 0.00017796689413896366, -3.264556802073975e-05, 5.3276762194855214e-05, 2.1724430289671943e-06, -0.0016618348945024878, -4.152605015307816e-05, 0.0025497008353422353, -3.942385840922442e-06, 0.0015612576383876348, 0.004267566320840489, -0.00010152404543183262, -0.0016135828358164366, -5.085117126018349e-05, 3.655863984247608e-05, -1.3107921388141353e-06, 0.0024124913571099732, 2.3374673546373186e-05, 7.666653894618708e-06, 0.0006883927883890896, -0.001590744452774586, -3.225891187115684e-05, 0.00687353542040559, -1.884988397890004e-05, 0.0008815572798747293, -0.0007869653806811708, -6.722478287816956e-05, 0.0046706190626594375], "infidelity": 8.424024681064068e-05, "energy_expval": -1.827013393698437, "energy_error": 0.0001445629870886478, "optimizer_success": true, "optimizer_nfev": 1339}