{"params": [2.4067789276198734, 3.521426334404452, 3.626497182035028, 0.35398274228070215, 2.0117165268221964, 0.1646077985648321, -0.49382183641311095, -0.3402224975364507, 0.668589048912746, -1.4610203421248347, -1.1245832537060438, 1.5076360814437009, -1.5845207632876035, -0.6277910905345364, 0.6496896819774504, 1.1829209845056197, -1.056214564838583, 2.3899254409283803, 0.7179628346279863, -0.8673835833423926, 0.3907580367439929, -1.2141549941839431, 1.5614148987312604, 2.440753674247467, 2.9795049400485563, 2.573528603590205, -2.157469795801228, 0.9347639740658722, -1.3989788280359594, 0.6284281193885672, -2.972757483566372, 2.3578695614365017, -1.479228277571925, -1.3239886493133044, -0.8245706069524672, 1.7489012240727018, -2.2097532143188583, -0.4783662671386994, -1.4379382519513535, 2.9205690239601143, 0.35583841915584746, -2.5518871958730105, -1.9464725457362373, 0.3023711580835703, 0.29386875177439004, 1.878446914210269, 2.595123839407084, -3.2546043262869877, 1.5406757001208735, -0.1532000570776881, -1.8679700835242414, 1.196486678478678], "infidelity": 0.014080611722951608, "energy_expval": -2.0244874647021778, "energy_error": 0.027762857589514134, "optimizer_success": true, "optimizer_nfev": 5989}