{"params": [-2.5114572642670128, 2.838722459835728, 1.599087408329976, 0.49234010859021143, 0.41355030863339226, 1.8486328086167372, -0.4870387217265449, -1.517724932711765, -0.5568304452330445, 1.5013954188946943, 0.15824944237663288, -2.642390035530255, 2.7402662361487007, -2.3000121869491057, 1.9010183010890596, 1.497358160917663, 3.1762574985777126, -0.2211016918012847, -1.8922542471195827, 1.3385208020383395, 0.5763555041127514, 2.9393463049937867, 2.148293533553614, -0.5288906041825976, 0.8193003127514805, -2.4030664528327965, -1.475867901737692, -1.9827121465301303, 0.8623360162945075, 2.841129646598294, -1.2436725946789167, -1.563919665451337, 1.0101742240504195, -2.130118086460784, -2.885158180119991, 2.017012493119792, 1.0190309582229964, 0.7457331735032962, 0.06384105066145736, 2.2555049159473235, -1.8557316495514797, 2.0662642017801014, -2.6907834141323224, 0.9054914503247776, -0.06481942884358906, 1.8391880538996743, -0.8680397912299378, -0.5071235941584076, -1.645388583277514, -2.6268725569784808, -2.970386938491795, 2.927275139515582], "infidelity": 0.007741501759131242, "energy_expval": -1.6266695117761674, "energy_error": 0.01827573788691228, "optimizer_success": true, "optimizer_nfev": 4125}