{"params": [2.333913722686526, 1.6276801829936154, -2.1241889141507344, -1.618013274775695, 0.5681613769880925, -2.1617301439169005, -2.678856384188368, -2.661248979632686, -0.2099322188621056, 0.6024977859600057, 2.515708593913772, 3.3492385389344426, 1.4234013265730978, -2.42426303038228, -1.3903536165244055, 0.01724744883534893, 2.3947399299684347, 1.5023581790587484, 0.2461439783584482, -2.6259014725160625, 3.131277601942287, 2.5778166496394257, 1.066725822852104, -0.913502047790631, -0.35267469391584566, 2.0065660749569982, -2.7667759043859363, 1.502962361650857, -1.8964603188039943, -1.7085147212934544, -0.6978910924153283, 1.259801944313232, -0.5844897892722943, -1.0648074993557286, 1.9888871190189332, -1.4447679099429156, -0.3474062919895753, 1.9470224778024594, -1.7095452550489012, 0.716909237912263, 2.764057053441971, 2.5852479057449873, 0.6413589737106827, 0.4739185856373697, -1.9069092725171184, -1.3747382173197376, -0.12490367265919422, 0.6054371351100122, -0.43993735330375683, 0.05386707584875532, -0.5396736625505293, -0.12013791147969007], "infidelity": 0.04245347284932566, "energy_expval": -1.7392661061722805, "energy_error": 0.04992605392714289, "optimizer_success": true, "optimizer_nfev": 3317}