{"params": [-0.0026697145288824818, -0.0001896425667318162, -0.0002820165300600225, -0.00021445607374324016, -0.00028706731062813704, -0.0016769871158763305, 0.00014948365726264967, 0.00020134512597510133, -0.008133905820653755, -0.0014566363718028744, -0.0031401946264663803, 0.0010059074551627678, -0.0004860814128732736, -0.007061000893969439, 0.00042080025818034183, -0.0022599828775038966, 0.004766644705614428, 5.352380350743549e-05, 0.0004112640562012577, -8.795713034096142e-06, -0.00020486964381187105, -9.205117800583127e-05, 0.005891550504839848, -4.180466749035201e-05, -0.0015711209380270166, -0.00036051982135875093, 8.315397947535878e-05, 1.4409435882600776e-05, 2.58635931885379e-05, 0.0012407229761090563, -6.508055795753419e-05, 0.0025854655448841893, -1.666891103309722e-05, -0.001736683034736926, -0.0059690367268611265, -7.359743694651766e-05, 0.0012534945710952774, 1.5176322084586656e-05, 8.987038341988789e-05, -2.7914955662838307e-06, -0.0015524756883485854, 6.88319657539182e-05, -1.3532201635631716e-05, -0.0002302557118320626, 0.0017870703416735423, 9.473843165042427e-05, 0.00999884932827532, -7.877109511389217e-06, -0.0011277616317404118, 0.0012060342131045218, -1.0741500735955388e-06, 0.004206843198566605], "infidelity": 0.0001355056105655228, "energy_expval": -1.762322975108579, "energy_error": 0.0001993596383558227, "optimizer_success": true, "optimizer_nfev": 1428}