{"params": [-1.6313508185880568, 0.4804044057331545, -0.409928270869396, -1.5737638906423188, -0.43486036932747046, 0.09252992388443095, -1.7241695734121332, -2.501233953458868, -2.3347919131287367, -1.53891284778168, 2.2721863564101974, -1.6734913200955848, 1.3589932006527041, 2.41080980410429, -1.4886542871696138, 0.960247630882562, -0.8926438816220925, 2.2530103205205125, -1.504197589561285, 2.12904661512099, 0.9830759909727518, 2.789528648391063, 1.4632233425520864, -1.3853345882094679, -1.1422642751971441, 1.898398657925029, -0.6327976274951365, 2.739951781415685, 1.1369584827759334, 2.89224454855852, -2.9638551134360456, -2.1487518858726657, 0.7851601902259597, 2.275309761191801, -1.3452416103869103, -2.6399361928303104, -2.7094812942282447, -1.8808712954250528, 2.418687478410292, 1.7223288407155641, 0.29070011920111427, 3.1965097833922, 0.7281046206026291, 1.4101410836081616, -1.3611596821859373, 1.1237644915443503, 1.1252134326670276, 0.0904904753662363, -0.8018497679198511, -0.6951750339567944, 2.1025401084239808, -0.874004378065666], "infidelity": 0.011875010679487485, "energy_expval": -1.88361031463339, "energy_error": 0.021884350616709458, "optimizer_success": true, "optimizer_nfev": 4887}