{"params": [-0.49229307980767556, 3.185148940768305, 4.646420024541228, 2.0895942873308777, -1.6713860765567052, -0.0117796384396283, -0.49370419879450084, 1.8616427024302993, 2.356448246343839, 1.5023970723830333, 2.0155588733600633, 0.9790510120051624, -1.7989015041642191, 1.9076824462246194, 1.2496647285416134, -1.500141538573089, -0.6138201625732249, -0.5835216496999418, -1.251032110471346, 0.23784530997102532, 0.3413871698215455, -1.2731627133330579, 2.2853354963409815, 2.670493607949004, 2.5897370093079783, 3.220705557168338, -2.8726306643539905, 2.1841306364347512, -1.3077618381198506, -2.3772821942192452, -0.8796179536098746, 1.7744096506502793, -0.8485234270035535, 3.4411839916576477, 1.164886134754871, -3.264168185221689, 1.7749708824953354, 2.2189758698626294, -0.42772309795242164, 1.102857642870986, 2.961527982029491, -0.6111474977232243, -3.009984328687528, -0.16056164681049573, -0.9907954763721498, -1.2361690338574927, -0.09493826075918303, 0.7152900088229334, -1.7650858107923661, 2.0189972041142448, -1.6109517895372847, 2.8674801909115364], "infidelity": 0.005183993629580552, "energy_expval": -0.9472857737572876, "energy_error": 0.014539163925477827, "optimizer_success": true, "optimizer_nfev": 2767}