{"params": [2.6313659045815054, 0.59128515190604, 3.37373357595316, 0.7907662636967234, -1.013134670842802, 1.5668824089495133, 0.8837294067504242, -2.480613009829022, 3.425267709659835, -1.5299654484086154, -0.5178230697656808, 0.02892489413410363, -3.442348496188924, 2.577353348703459, 2.8267668761866114, -1.6473473826663794, 2.550106077268342, -0.6329170372517593, -0.23190705257161623, 0.1920202544203799, 1.0621630928769705, -1.6623743815286787, -2.168229909377302, 0.2958588482333418, 1.3876236401962179, -0.2354923653119508, 3.1703873448124726, 1.9801863867077139, 2.4941810489389775, 0.017201256728452054, -1.396491876953302, 3.4061956864941543, 2.932206444617662, 0.9202832726517018, -1.0939871111224577, -1.5067845225793277, -1.8188132098119139, 0.898312812002638, 1.0822524652171515, -0.6030819051818423, 2.292954477174279, -2.3063117679520793, -0.9116231731664528, 2.580017391851145, 2.486146276655499, 1.5606657779241084, 0.6519328447969268, 0.6896971768286692, 0.6507422830853311, -2.670529179838927, 0.8766595756047448, -0.04849546837332674], "infidelity": 0.006886568730375409, "energy_expval": -1.7077574135950508, "energy_error": 0.01911128565134912, "optimizer_success": true, "optimizer_nfev": 7888}