{"params": [0.0008992909226936606, -0.002112027356035142, -0.0013005884104140449, -0.0007492782326462468, -0.00039927140120196003, 5.1050942133609e-05, 0.00026664263598860763, -0.0013049583283504063, -0.028954647719592653, 0.0011224813806483896, -0.004978640554661626, -0.0005679201059433605, 0.0010839070839428263, -0.027535240139886008, -0.0006118437252133884, -0.0050199765493440926, 0.0037733802324355936, 6.836312686404425e-05, 0.0009288220646194576, -8.386168011025994e-05, 0.0009646099398517078, -5.989896944494375e-05, -0.0066386632432744765, -2.0014682197372992e-05, 0.0022476283502665165, -0.0008629053140002991, -7.221786806649366e-05, -7.379767381648594e-05, -6.279172646469109e-05, -0.0014869748960166646, -2.1668297095320733e-05, 0.0026408359593156927, -9.82552548560204e-05, 0.0015782754727195795, 0.00664040516458232, 2.7526573907247145e-05, -0.0014996958817538484, 0.00012847367767742705, -6.196665527330504e-05, 6.347822432554015e-05, 0.002412268957121465, -7.267898719870923e-06, 1.0022221122440193e-05, 0.0008466978073789368, -0.0016185607157489506, 6.254741457041625e-05, 0.02029053877348042, -4.95677110263346e-05, -0.001930806776741016, 0.001969643520164818, -5.329466414011142e-06, 0.0029393314218318606], "infidelity": 0.00020868310429156267, "energy_expval": -1.6652317274784976, "energy_error": 0.0003120822457940431, "optimizer_success": true, "optimizer_nfev": 1444}