{"params": [-0.008518618213541912, -0.0004980269856564748, -0.0018338294787910324, -0.0013892213866131323, -0.0002166792762273872, -0.008526168123125797, -0.000837582562363117, -0.0037093612529485987, -0.006263682315666617, 0.00039032747250014995, -0.0019582632373860986, 0.00012737480512952512, 0.0007423145308911912, -0.004178868040921874, -0.0007707958527411685, -0.0011472011446003452, 0.003217365174284089, -3.861534198207475e-05, -0.0014989670488450774, -3.2523311868005266e-06, 0.0004399859757801771, -7.019401317582927e-05, -0.0017764297322388333, -8.007876372840333e-05, 0.0005458281313613324, 0.0014572325598489013, 1.9061372567582484e-05, -4.141083186334099e-05, -6.130599344631622e-05, -1.1058478987217038e-07, 3.444313869532422e-05, 0.004794520381381038, 8.467430144334741e-06, 0.0008705361795733479, 0.001754775206793482, -2.9431811775029548e-05, 5.881806678434763e-05, 0.00010308425061036135, -5.357731432454806e-05, -4.9856872893981114e-05, 0.0004862595768725824, 2.708850851283596e-05, -2.7713483326176137e-05, 0.0005255217320155614, -0.0008644827608182035, 5.031453063039798e-05, 0.01612096286801018, 2.6455031257119932e-05, 0.006183457448752258, -0.006211589080159095, -5.852175217046707e-05, 0.001824139840917311], "infidelity": 0.000479254578665822, "energy_expval": -1.908751642888305, "energy_error": 0.0008458879340522696, "optimizer_success": true, "optimizer_nfev": 1497}