{"params": [0.6535971993941064, -0.36348305623591737, -2.2606012734775938, 2.4669018965597544, -1.4324236125032754, 0.11227027170914745, 3.7304944585668496, -1.574489890273394, -0.45636806130753377, 2.260175586497669, 2.5194718771051807, 1.3090011678910334, -1.930940796909952, 0.49937746239857306, -2.229745299570442, -0.03694062829332282, 2.852643519816985, 0.411612445289262, -0.5035738904156175, 2.771379063305642, 3.414407053556849, 2.0254703443548654, 2.1170903886895633, -2.530997896950695, -2.301318956459587, -2.451799993005359, -0.02913977086891694, -1.265986336942448, 1.5504644527581912, 1.8493241354006855, -1.4257353871422977, -0.39294515045707956, 2.8250780351508116, 2.162544614427135, 0.28622296143276355, 2.928287064635114, 1.7976920835528793, -0.6448179752482193, -1.6777923911638124, 1.89679769144479, -2.1021832795229067, -0.11291596642573648, 3.1225589249668113, -1.125234666127487, 1.7849682334118668, -2.4780593838237555, -2.6250919499297667, 2.9225720241168016, -3.1693744251140927, 0.5765617136099714, 1.3765084215543752, -1.1031452183227177], "infidelity": 0.007208533889697, "energy_expval": -1.7252571452872187, "energy_error": 0.018198675814678378, "optimizer_success": true, "optimizer_nfev": 5017}