{"params": [0.49346679489788386, 3.659854269678452, -0.14549358718191835, 0.26126714161727715, -2.590811169761282, -0.46603761268210536, 1.4331361521252413, -2.436606932783599, 2.7338595769217604, 0.3212951187462757, -2.473539918748094, -1.330326885454958, 2.5152060162262737, 2.7298473530044967, -3.028371363981563, 3.4840543021052404, 0.22674067514655524, 0.8511491745569563, -2.617066810755617, -1.3697472512288507, 1.773650713420791, -1.3594641933263196, -2.452013401211749, -0.21356522113460621, -1.5301456332749925, 0.7019394736658023, -2.9928600532637435, -0.49445210047103527, -0.5553517755899706, -1.3184640955519698, 0.8314401286299639, -2.862855705706414, 2.219527688540784, -0.4651923920583882, 1.5348185074628777, -2.0881512319677245, 1.4567854616302633, -1.9535583327084327, -0.6262214090587164, 2.1848792112959523, -0.40723454960370425, -1.6976056999552254, 2.5219075713305776, -0.9066612721834418, 1.6210785659319313, 1.0537337364778019, 0.6157307749955123, -1.054448130073249, 1.1978417088749653, 1.6292471425992003, -0.8987669644906306, 0.982285173283184], "infidelity": 0.010752041707616677, "energy_expval": -1.6359273470683553, "energy_error": 0.022297123242495998, "optimizer_success": true, "optimizer_nfev": 3901}