{"params": [-2.32378706946999, 2.497120163310338, 2.793249721616353, 0.6170548675430859, -0.6757895602399726, 0.4113404313458646, 2.50032480261092, 3.443203027445696, 0.6894629941998411, 1.1901109457922405, -2.186995805545237, 2.502554850893413, 2.3947118332753603, -1.4328384360827597, -0.7508218133378896, 2.926180631440603, -0.3759461219485501, -1.089216316199165, 0.4147796074384446, -2.5458741162543466, 2.8121968486721127, 0.5221808172668444, -0.6244557182015812, -1.356611014223837, -0.08913708708351306, 0.36393671188977217, -2.548378115682791, -0.79763406294889, 2.409514855043433, 2.279023749998383, -0.7121065905085319, 2.715405819310899, -0.5542517709320743, -1.4545070179035617, 2.490661907508768, 2.733082393241657, 2.2058266395947164, 1.564402465486363, 2.4446703006567247, 3.2572946447773643, -3.0313165288905606, 2.664071261775154, -2.875067253209453, 1.0157619031667695, -2.9405955869122264, 2.8515443503083056, -0.998104654144853, -0.48346948191305056, 1.4048225381480115, -0.14811388283001045, 1.4243023892818374, -1.1219160891181548], "infidelity": 0.09759364218689581, "energy_expval": -1.9191705714560545, "energy_error": 0.07953242613550349, "optimizer_success": true, "optimizer_nfev": 892}