{"params": [2.997893511798025, -2.0189413717325904, 3.0161732626464803, 3.0177669768468727, 0.7999323621258327, 1.2360206581356636, 0.3181783840915638, 0.2538497040205649, 0.6396399783291538, -0.782949940168231, -2.3995040551376072, -2.596768774357041, 0.26344825535460875, 0.07803728537557457, -2.615140043098247, -1.258237617449223, 0.9028912405104388, -0.37054156109014624, -1.0425525883597568, 2.4526090732972614, -1.7704501272000612, 0.3037463360051621, 1.5964099022369327, 1.0097385272066213, -2.9102234064411387, -0.6510867340895307, 2.9768671357202043, 0.8625535643471902, 2.5104361779885083, 0.3699284035773937, -2.635974070805697, 1.8747803534593526, -0.417014696654844, 2.24928132545811, -2.37431075688112, -1.5011588742882755, 2.444359094368906, -2.0155718086618855, 2.49182115955505, 1.565078765563378, 1.1045384657055917, 2.6235746889027434, -0.23486848948094627, -0.6670632035847737, 2.137520923267083, 2.02927352190497, -1.6641095569792874, 0.4791478656217678, 2.2267290798498416, 2.746776347932701, -1.99786410547916, 1.2505897030605653], "infidelity": 0.014673538287260035, "energy_expval": -1.90544087680866, "energy_error": 0.01764548548379108, "optimizer_success": true, "optimizer_nfev": 8182}