{"params": [-0.007684516051137061, -0.0003999499297728936, -0.0016538424765256154, -1.3278198861853868e-05, 0.000927097374378723, -0.008259344938295735, -0.0010545423753470814, 0.0006267149307020524, -0.007522903881001848, 6.612044435640682e-05, 0.002110995429503423, 0.00033966236422957474, 0.0008452923873429818, -0.008052527837054806, 0.000321418484387324, 0.005290779702962953, 0.003233635575415289, 4.65848812722423e-05, -0.0006353079258748178, -2.5770898647119255e-05, 0.0020406741187879666, 2.0808765962714047e-05, -0.0026508213936437216, -4.8480675761126835e-05, 0.0033696121136585835, 0.0006106801292472298, 4.816176281341281e-05, -3.7528710270371486e-05, 0.00011417465613861196, -0.0012461522671136972, 3.809850339514832e-05, 0.0031972994322798888, -2.550194546353724e-05, 0.0005766406775287611, 0.00279319477513959, -3.278098184778962e-05, -0.0014212781954747607, -2.6500028320382728e-05, -2.7947367854692245e-05, -5.464417556075471e-06, 0.0033068698554996347, -5.150155423155024e-05, 1.4295688598748508e-05, 0.0020416217549240247, -0.0006186144231666842, 0.00010431984556678715, 0.023226976696484974, 3.9308582302486086e-07, 0.0024453630771679685, -0.0024288450747997833, -1.5010928722211947e-05, 0.0013777710793460615], "infidelity": 0.00018321750372463086, "energy_expval": -1.9137421623469448, "energy_error": 0.0003046800210311229, "optimizer_success": true, "optimizer_nfev": 1323}