{"params": [-2.839347368540203, -0.4774695491559258, 0.9202737317960655, 3.829840237872583, -0.48708517397364504, 1.8828881493131753, -0.6915437204353722, -2.735281449642672, -2.102206505904269, 0.7425554514652729, -2.447908823966078, -2.9235992344199535, 2.6809206724006436, 2.4381703486612647, -0.14929526472750893, 3.4934273981733175, 1.4010165214528503, 2.2610505504394247, -0.0355804269193769, 2.715929495077441, -2.876595496208092, -1.3908852057257395, -2.946520757241895, 2.715034244751472, -1.393876084680035, 1.425649620117049, 1.0207932037150445, -0.747937078907123, 0.06991538999410135, 2.11914906458119, -1.093445157342682, 0.7065620422806861, -3.2617582459242054, -0.1860548753513012, -2.6727022236585523, 2.550598989596101, 0.7157687664846429, -1.2082126757139093, 1.2932037199444752, 0.6980027481359823, -2.7728775449460636, 0.23961256742595446, -0.6935071940242852, -0.1276450008371442, 0.5063606951669192, 2.965467535414834, 2.3912472200459693, -1.4960191268129823, 2.9382866588425807, 2.1296502384336025, -1.7269105886111615, -0.1347600268810586], "infidelity": 0.01871240792941542, "energy_expval": -1.4821946152686236, "energy_error": 0.027056842540780446, "optimizer_success": true, "optimizer_nfev": 2304}