{"params": [0.7171604128325554, -0.3799891160623798, 0.5294457735227421, 3.1947393414608687, -0.47572188455799475, -2.2840799094348925, 2.577755488256801, 1.155076562797831, -0.8055678704303902, -1.5127188391679314, -0.893844665953945, -0.5222707855478411, -1.6943954756339432, -1.885886033257857, 1.3467999965269528, 1.466238754058766, 1.539518860022664, -2.7419046018801465, -3.393652235697399, -1.9831251182072358, -3.036988087036748, -1.7489344870825956, -3.3751966956180373, 1.8631718366377872, -1.6680201489434923, 0.1073003083088299, -0.7188946215314944, -2.674875492490591, -0.3934064036833172, 1.0381866194488956, -0.965528188299126, 0.9650149091681957, -1.172296479866776, -1.099119848304957, 0.387723440866412, -0.00425580949301618, 1.6291742942696215, -1.4836214734132682, -3.1501403099372154, -0.6294593299417823, -0.3757652879634163, -1.0058101569608795, -1.9610927238511067, -2.6338245161865643, 0.9078795981368549, 1.733166030966512, 2.3789811655714486, -0.1722260302476994, 2.429664065711101, 1.3721139816978984, 0.25831168323143666, 0.9616268865594632], "infidelity": 0.013844352191583642, "energy_expval": -0.9740201826878894, "energy_error": 0.024157493542929176, "optimizer_success": true, "optimizer_nfev": 3801}