{"params": [0.9945627928737352, 0.0008427817537575408, -0.00462406902453993, 0.00957338882799667, -0.0006660810368147602, -0.02761228561131202, 0.00809334960365645, -0.01642315250578887, 0.0010571734796388618, -0.0006307649995568518, -0.029357210826914854, 0.02697620560259298, 0.0014727438246192332, 0.018137462279582618, -0.5011017716688898, 0.23405415046568748, -0.0001996230850020129, 0.01825702849262059, 0.0038236800339710164, 0.00021126432904482455, 0.11315596010110925, 0.10203899229931548, 0.026173373308667452, 0.13180823381943652, 0.1559396821423683, 0.007640224999426888, 0.003563012960291378, -0.03806711839525522, 0.1018916704971111, 0.11172523971145712, 0.13021773440678738, 0.12531621864874487, 0.155682611847735, -0.03174338863882155, 0.17095809945663484, 0.09953714616428308, 0.003286768942791154, 0.08061347258788254, 0.10436825049916969, 0.14779519547092212, 0.055446819077060734, 0.13616769072553167, -0.17233736482235673, 0.04639480869342438, 0.061456523733728285, -0.01568129561916258, 0.04517388836150516, -0.19245237912305113, 0.010339423394809625, 0.05904834998874229, 0.15697392458683793, -0.12080165617969396], "infidelity": 0.00903525415568529, "energy_expval": -1.8576761014411587, "energy_error": 0.011514748871467528, "optimizer_success": true, "optimizer_nfev": 4988}