{"params": [-2.5156734250235333, 0.05550987916388252, 3.911649602396155, -0.05450912647698456, 0.4358384788639842, -1.8518896287162396, 0.44852118029827454, 1.94570354063477, 1.2657390612543222, 0.504415350503335, -1.1404735008209277, -1.0064483269478246, 1.3450802159249742, -2.0340599636119747, 1.3285417653682152, 2.5057390605292413, 2.0770006165798107, 1.6232150555937812, 1.2101768007947953, 3.118568436881885, 1.950464604870671, -1.8358936350822033, -0.8061410014904277, -2.4690307965004465, 2.894417717900389, -0.9070752772217553, -0.2168563163693536, -0.25968514623970973, 3.1515171788299203, 1.5123744644212576, -1.2517811645513806, -1.3993566341400316, 2.5175203834945115, 3.072374064578318, 0.30659157384925195, -0.0022062204277900777, 3.219177699859358, -1.1146245439850433, -1.497369087659923, -1.5779491150181282, 0.25462663070546077, 1.0049808166685141, 0.8993519126752463, -1.702741871293715, -3.013259875483851, 1.0436138237858412, 1.5270261045457132, 0.7955435157865658, -0.2385600604476493, 1.5398607930450292, -0.3741815122902502, -2.3233645106854874], "infidelity": 0.02834421836904555, "energy_expval": -1.5005878599719835, "energy_error": 0.036780264373656335, "optimizer_success": true, "optimizer_nfev": 2640}