{"params": [1.512072429634699, 3.639052772032297, 2.9155681514726752, 2.6502290243751063, 0.9185989372387856, 1.6496593972020552, -0.5425679729675621, 1.9610102310660258, 1.4315566630462067, -2.469855355832375, 1.3489603603597702, -1.805666658984261, 0.11698359998325708, 2.7297952168975543, 3.284780302133597, 1.4952203494542258, -2.641653738648913, 0.18469848502432906, 2.4539354554027017, 2.1370611967919757, 0.9075465095496479, -2.9697100136575716, 0.5451050848759584, -2.4588437091161772, 1.58536297953778, 2.1745206697759203, 0.9829129827165034, -0.4066582951202487, 2.948138289747472, 1.857489460627697, -0.8409218258088733, -2.4354046716254696, -0.8602844421403939, 1.7618345021143234, -1.4288434239295682, -2.2599389070075464, -0.38091840717238074, 2.499852128972242, 0.16788228332102098, 0.12730164298635, 1.0682843610995842, 1.3307969140660216, 2.2219934579902976, 3.1138089254643195, 0.8612297057653227, -2.3723419367903764, -0.14519989293719723, 0.16813050375284003, -2.906272103156761, 2.572179511159482, 0.6583963615916522, -2.1076186008984834], "infidelity": 0.011566834736915443, "energy_expval": -1.544011321285494, "energy_error": 0.021153088858092195, "optimizer_success": true, "optimizer_nfev": 3295}