{"params": [-0.00398977901753994, -0.0017359185936897336, 0.00024272191180355784, 0.00032493485860115104, 3.39993231848495e-05, -0.005393292030075541, 0.0011487870000297805, -0.0015293666621253473, -0.01706920791709893, 0.0005716411036693451, -0.0025233466600316054, 4.041289189758893e-05, -0.0008188455530768704, -0.01816713951631084, -0.0004539148930988668, -0.003688760185894495, 0.004971734220170494, -5.1518064231418426e-05, -0.0009136257510390065, -6.990439651803446e-05, 0.0013968694471302473, -5.506929721009423e-05, -0.006351227199683001, 6.112054347592806e-05, 0.0018616757884981408, 0.000908223278362747, 3.063417636681912e-05, 0.0001233168196555022, -0.00013182147717686775, -0.0005323861068431079, -6.141815467328789e-05, 0.002875504538316534, 1.9704727681405353e-05, 0.0012708205164510397, 0.006364785286200027, -7.338983146326965e-05, -0.0005968343603983424, -1.025300026868986e-05, -3.2704490481661204e-05, 4.285835138417453e-05, 0.0018420008069821114, 7.416165650445815e-05, 4.479467366410807e-06, 0.0013111648817984653, -0.0013517860709392913, 2.3586999020035907e-05, 0.016779572348911184, -1.1357744992261618e-05, 0.0043742337003481215, -0.004354217865180457, 0.00014931029705926192, 0.0033287219969499585], "infidelity": 0.00013692340504700695, "energy_expval": -1.7948394028767802, "energy_error": 0.0001627908834227476, "optimizer_success": true, "optimizer_nfev": 1380}