{"params": [-1.8787246018339363, 3.959167461014853, 0.498733498083627, 3.6317469397170954, 2.4531409566180615, 1.65453889788743, -0.05947767627025703, -0.5042888992099516, -2.5775437835322133, -1.871669202804443, -2.685027584003207, -1.539741100780151, -0.5075690467312356, 3.490209351605239, -3.1217111910892656, -1.026313317593081, -1.3688519968818642, -1.6587325724543538, 1.814064039841466, -2.5650734229563, 3.0513465276377603, -2.3648034951692956, -0.6852522201991775, -0.7341833944100152, 1.7987712878232567, -1.10983967196931, 1.5852143045445903, 0.9955329013089965, -2.98374620256741, 1.002596948822311, -2.778078491342938, 0.08614600465513465, 0.2597505799299229, -2.064540668332898, -1.4048583397580512, 1.7661088496921866, -1.144725419462087, -1.6168431208225038, -2.3783027278888618, -1.4814165611571042, -3.0813138922208547, -2.168517355303685, -1.0574442910495552, 0.22567699044217054, 0.9039229186922689, -0.306225421260636, -1.8677916999131192, -3.0531357890028494, -1.100651361499635, -0.14194617150901573, 1.3989344246203599, 0.37466469864863483], "infidelity": 0.00904767263581685, "energy_expval": -1.7736990250499656, "energy_error": 0.019839976850952956, "optimizer_success": true, "optimizer_nfev": 905}