{"params": [0.7566963569128117, 0.06912353494229707, 0.4984466860358805, -0.03802579267549285, -0.03647635700083504, 0.03773023873143071, 0.046951352985475515, 0.10191957930779319, -0.2845061809179581, -0.14923290602770115, 0.17151138128479693, 0.5057453336531245, 0.3654494714329584, 0.43220724875466654, 0.15014895754025206, 0.16373683616179943, 0.1336481649607907, 0.051462594929510885, 0.08631412567457156, 0.10060696209856451, 0.05481123573444442, 0.08776407859506355, 0.005227855036883799, 0.1813398552792475, 0.04336222115117974, 0.02294495861186085, 0.06520981457034655, 0.039405345395334426, 0.1432560904992142, 0.08234520410434276, 0.06420392814510775, 0.06368158213701876, 0.1547726855585363, 0.11426511611191854, 0.11443586652923812, 0.13108870307028586, 0.12049326104688741, 0.052407243501232104, 0.09112717902606973, 0.1286100412942697, 0.03598871002498855, 0.11527253191746446, 0.1673440230135424, 0.42050365321663963, 0.07856670533778816, 0.13064125788205858, 0.21202103994498678, 0.037786973252639716, 0.07662531095379393, 0.09890432251006762, 0.0736204039617651, 0.15233828673264524], "infidelity": 0.010109143675445909, "energy_expval": -1.7152137501864988, "energy_error": 0.016777343464055683, "optimizer_success": true, "optimizer_nfev": 5938}