{"params": [0.49964636480576424, -0.920683513332736, -1.027244592935829, 0.6829870929027894, -1.8113940155348605, -2.0195771727883174, 2.2294282820394904, -2.499580786528035, 3.07462945356311, 2.4993490795600195, 1.1896653744705192, -2.1268333356640654, 0.4632844932893467, -1.9907353678987598, 2.500016768872948, -0.1971931333396032, -1.625290251728631, 3.43554391383787, -0.8823274099633373, -2.0244568062272132, 3.2379128255845004, 0.5686297963549892, 2.6704580788573637, -1.539336554059108, 2.0839830973610822, 0.2940097499010901, -2.26839587275988, 1.214008597786719, 1.63441530866882, 1.001276213903157, 2.7686922411941493, 0.35903743223271656, 0.19321624587133712, -0.2737373283636763, 1.4062180326895273, 2.6169414083804843, 0.184990446696773, 0.15523434608418055, 1.579915892302051, 1.9098414111989659, -0.44096409312327317, 1.5058797843342633, -2.28010483232319, -0.2061823655782692, 0.09801165193736365, -1.788932451267751, 2.185738932794822, 1.6659750233417372, 0.6735665404060932, -2.9936417698952345, -3.26494597844808, -0.12175567596480652], "infidelity": 0.0070185855914864925, "energy_expval": -1.4367775752694896, "energy_error": 0.0185089075146061, "optimizer_success": true, "optimizer_nfev": 867}