{"params": [-0.2588613240318817, -0.0013566753803379134, -0.00125383958600086, -0.0011411971203167208, 0.002534363328394774, 0.0006675537128040896, -0.0010222497934755277, 0.00022013802009603856, -0.00307135256778885, -0.0008930483650256673, 0.0027589016005508224, 0.0001823816594302216, -0.006099109098412622, -0.005232780434001799, 0.0028578422829518366, 0.003319810208199733, -0.0006863475298900814, 0.013345118166034061, 0.004539993417048202, -0.0015414852466954891, 0.003183274296769984, 0.00764891748021131, 0.006219330286385001, -0.0030523223877749806, 0.0008297747565275955, -0.0007996551005606204, 5.557546257439042e-05, 8.588655493863377e-05, -2.1991543756470328e-05, 0.0020886472395208024, -0.0004013372914484723, 0.004825847048943516, -4.869816726087685e-05, -0.006067372164741341, 0.006830700803339294, 0.01131527533202449, -0.005020679214368624, 0.004838749250799463, -0.0008527042427495932, 0.002772933340784152, 0.001226355274178602, -9.225719425343575e-05, 0.011263341278653869, 0.011802643373337677, 0.0017147016986934676, -0.005330786510109309, -0.0011728668865593676, 0.008193295913548483, 0.003373447784422359, 0.0019603127810255937, -0.008560975500013212, -0.0059756096469791515], "infidelity": 0.006923862992240015, "energy_expval": -1.7853188604453705, "energy_error": 0.008569425420845267, "optimizer_success": true, "optimizer_nfev": 975}