{"params": [-0.980850175877102, -1.6010679381773347, 3.0525951558103723, 1.5005641621834227, -1.2237717411519866, 1.5455819816612824, -2.514996498552431, 0.9112784540603397, 3.5038901534656794, 2.2166559911796577, 1.445944198422979, -1.6074205884341264, 1.2501737141976412, -0.8494384842921567, -2.4942563228500507, 1.9020735356745708, 0.8126303076846204, -2.894517593959933, 2.476760260783787, -0.9160823746426816, -3.120960345254971, 0.024481347642981634, -1.1708594768867369, 2.8344991218191526, 0.9332841156963014, -0.6145729711880298, 2.5859024255144907, 2.3421791028617696, -1.5880168301787845, 1.187941629847532, -2.2319230635032175, 1.981460213947303, 1.3003097734268854, 3.13519626858174, 3.3763298467964806, -1.9635783588320177, 0.6277003339381038, 0.30865764130493994, -1.6106702565938287, -1.6136069662968504, 0.0086194588911329, -2.2005015698501533, -2.045834566649668, -0.3862059926963262, 1.4825540062765483, 2.835821199790619, 1.3544139820751644, 2.764181427377975, 1.594355985763637, 2.8251308996427085, 2.378629429299022, -2.6839014674929578], "infidelity": 0.008503027632771887, "energy_expval": -1.765331283292475, "energy_error": 0.0163928502881987, "optimizer_success": true, "optimizer_nfev": 4689}