{"params": [2.435121155461413, -2.5040103572658645, 1.560373885838765, 0.9640904031260938, -1.306962128987199, -1.5513806608122214, 2.32506357282168, 0.6607647320369959, -0.7258987793945827, 0.7727508645860918, 1.499628597369257, 2.2660548596424674, 2.59757190249079, 2.7870314011182513, -0.7498885158079467, -2.464937528748901, 3.123548923450066, -1.2591414147154663, -1.4219450086887777, -0.4208639442115319, 1.402657771479707, -1.6952365876777211, -1.8702472052157741, -0.4512404614635907, 2.249885372734766, -1.5812463662509588, -1.5679942162031937, -0.11003477944041054, -0.9012292662242495, 1.9242199027876694, 2.3411995240614405, -0.28639845217927457, 0.8371175107043728, -2.501585413524241, -0.872620122120352, 0.4143457579930489, -1.8307104831079097, -0.6142615501395982, -0.19065420738924083, -1.1939217278099676, 1.8703961656440533, 0.9582115798696943, 0.03594085879029058, 1.5103194449812085, -1.1903525646711712, -1.2066029534803442, -1.8111109741597327, -0.4665557835364557, 0.7539068832097607, 0.5676257032262799, -1.2130382805738602, -0.3630218541812037], "infidelity": 0.01798833864389826, "energy_expval": -1.8039643796361002, "energy_error": 0.026723282784151703, "optimizer_success": true, "optimizer_nfev": 843}