{"params": [0.9972952126096608, -1.439641380652501e-05, 0.0009481830178696834, -9.214850435411986e-05, -0.00029384348259657377, 0.009036214004665094, 0.011120096833462339, 0.0010532270663736372, 0.0004114386749017473, -0.002885948524380618, -0.0025479835551428446, 0.0011473843372555494, 0.0014774342854175638, 0.4991194805432427, 0.24983859718504706, -0.01994219849214308, 0.10231950944020546, 0.1057763213573834, 0.0916224287334401, 0.0867632152439994, 0.09735423313638206, 0.06886642626919862, 0.12553436437568072, 0.08230353390544132, 0.011776331338949475, 0.13310603097823215, 0.10408459294094292, 0.07276584868367152, 0.015463047725880035, 0.015748099963486913, 0.1252048907172229, 0.12295166859290341, 0.008988887726312744, 0.07626158723979688, 0.08501267452930293, -0.012709346303717983, -0.0004122477963722201, 0.1405115463229885, 0.11899222711538365, 0.12315521720902027, 0.08917304017677433, 0.031002822998058257, -0.06074566902268263, 0.0930647815588295, 0.11706106867415855, 0.12478910985343457, 0.10375902326650785, 0.10156613377561219, 0.1285351367540617, -0.11546468010432544, 0.08938692914190405, 0.20538244240094405], "infidelity": 0.01385674738601217, "energy_expval": -1.787639518896077, "energy_error": 0.01864071926628852, "optimizer_success": true, "optimizer_nfev": 3166}