{"params": [0.5095140239174225, -0.047891962640506394, 0.2718753494828889, 0.03175708453503004, 0.24592687182522904, 0.03826127506233605, 0.20244618559695976, 0.48591853122838063, 0.008667954924142037, 0.027509012748143463, 0.1312056406358563, 0.1488313234338852, 0.11845343531025301, 0.4069808093179394, 0.39224227288179747, -0.24365125962412315, 0.1578965659918409, 0.14810604651637252, 0.12037246474299834, 0.02233973003937369, 0.19460000635537406, 0.12471061904682766, 0.12742730696264398, 0.13552868848293412, -0.0033812145354481186, 0.15594469424082755, 0.09114298292638975, 0.03915514337862627, 0.1475274992219967, 0.07462630034844275, 0.09369237392494997, 0.13838453223652145, 0.14116755985818422, 0.11355208797182557, -0.06474647805701716, 0.054405140252387026, -0.012686695304928238, 0.1544453999658794, 0.09159994081853015, 0.1407546273587219, 0.36067280714650396, 0.10326899744240914, -0.13397390781130125, 0.10767575756336244, -0.061332581901731194, 0.1688149506914114, 0.22762118187689262, 0.07896643846009008, -0.0935487348730949, 0.08710793909832536, -0.10009455558498989, -0.06308982028926088], "infidelity": 0.007614633595329212, "energy_expval": -1.7288833383650157, "energy_error": 0.014722528741682561, "optimizer_success": true, "optimizer_nfev": 4812}