{"params": [0.0006875074882075541, 0.0005632662609316833, 0.0009601140847054169, 0.0004313510849307156, 0.0012771761554059811, -0.0002859747776926193, 0.0002540054554765306, -0.0009173529130173682, -0.001327606218755886, 0.0013753765933240572, 0.0009383105808649216, 0.0010224589291081576, -0.0011125353032329986, -0.0009020606975124105, 0.000166080331447733, -0.001396219377104131, 0.0032135001182982954, -4.7493994381107756e-05, 0.0004816311663144307, -5.951756295209139e-05, -0.0003229972925888965, 6.683373976401391e-06, -0.0026107340665192996, -2.121763890172438e-05, -0.00022792710568670014, -0.0005360690627002287, 1.915769428895394e-05, 1.8181093128774883e-06, -6.127904728990177e-05, -4.325348069398333e-06, -1.6476774565815705e-05, 0.0021284652911917976, -8.320808275057616e-05, 0.0008299238991555445, 0.0025425883563841545, 4.4645511579294745e-05, -9.587432863563445e-05, -1.892911300987804e-06, -3.3510145141336256e-05, -5.662438924291153e-05, -0.00018502384398898008, -8.228069221942079e-05, -7.327979618397547e-05, -0.0002529448326358482, -0.0008595588573765984, -9.139152374316913e-05, 0.006285648854081544, 0.00010566477193092619, -0.002263782584235734, 0.002324084663530616, -5.0135825430417485e-05, 0.0026357920023319437], "infidelity": 0.0001950798982205404, "energy_expval": -1.1857657051724133, "energy_error": 0.0002860214497102387, "optimizer_success": true, "optimizer_nfev": 969}