{"params": [-0.0006269236470050044, 0.0014088907747609421, -0.00022454248899287323, -0.002218125542185403, 0.0004122565830230291, -0.00076352034883994, 8.292846530528932e-05, 0.0005902146236529069, -0.001458775742566002, -0.0001868591215780092, -0.002496746615246418, 2.829704478331166e-05, 0.0007425381130001759, -0.002142150262028042, -0.0005312652857709912, 0.00046523883274594217, 0.003498257041990452, 2.729171113953311e-05, -0.00039822325046329313, -2.1179777285790987e-05, 0.0006719803050448017, -5.294173209009342e-05, -0.0020762319175394285, -5.162464188667213e-05, 0.0017493636560086039, 0.000277783945427175, 2.9153359079595963e-05, -0.00017694815009211895, -1.4703299768989596e-05, -0.0010712545262691604, -5.311126885890544e-05, 0.0019814494468778205, -3.887277202717165e-05, 0.0005835646752065391, 0.001958931489663191, 2.2847476958073978e-05, -0.0010100308410483283, 5.6378014512798984e-05, -7.850031187500692e-05, 8.040873027087754e-06, 0.0017030009164597526, -1.0127410069363265e-05, 5.838945583822952e-05, 0.0007709470615555407, -0.0005276295953969128, -1.3437312543291344e-05, 0.004428115746662118, -7.053368703253351e-05, 0.001577180638247773, -0.0016251863178106249, 0.00011647952178520582, 0.0030926056350845817], "infidelity": 0.000150404430440787, "energy_expval": -1.5730581182891896, "energy_error": 0.0002592875336240308, "optimizer_success": true, "optimizer_nfev": 1012}