{"params": [-1.497551818611233, 1.8042239270300064, -1.9169475002373897, 1.8967707679443842, 1.0408795996934153, -0.5001494656620611, 0.028010626588966813, -1.8461677540955426, 0.342701947196642, 1.97190210389713, 2.500455104780528, -2.765488634523119, -1.3143029432597229, 3.1304846145126053, 0.2810001010644658, 0.49944774648196627, -1.1190472888911183, -0.7571653408199611, 0.7186553325193556, 3.074722867531192, 2.040104152105257, 2.783396058270267, -2.00385216521358, 1.196963535881399, -0.33300050977123435, -0.8984505900160467, -0.5110177602952716, 2.5215516177196613, -2.179483210792982, -1.9625019717915695, -2.6916168385954733, 0.46736382882187727, -2.796428262966903, -0.7464124789654978, -0.9218348952232052, 2.154772476599695, -0.2714112374795902, -0.2902821025367492, -1.0939713397800948, 1.4779723779235827, 2.506594677228999, -0.3803856131830266, -0.25350074858137484, 0.9673220632981987, -2.9399065138648295, -2.405550894881476, 1.629071958077118, -2.097900514584579, -1.8574925599700478, -1.5041737086202749, 3.0213549801976276, 3.1283522899655454], "infidelity": 0.009601856860995905, "energy_expval": -1.8525357438567003, "energy_error": 0.020175143213280622, "optimizer_success": true, "optimizer_nfev": 1053}