{"params": [-3.1928208922408854, 2.540161946292823, 2.6941968762598143, 1.4040429521256175, -2.6693363578001086, 1.8483285027307716, 2.9862966198739294, 0.4106925012782029, -0.33427195183262604, -0.6948754470227732, 1.709150866550712, -0.5368716274387626, -1.1538202595015008, 1.175845017042936, 2.5189403588567947, -0.27654883712919015, 1.0557368835303915, -2.565420332659422, -2.541928176017286, -1.6311067679630604, -1.3263757896109554, 1.1678959582352775, -2.6397219144891917, 1.2907703836094346, -2.2594649715227733, -2.804909811827211, 2.8758983308979165, -1.9345446126431665, -0.017950814067285246, 1.0551575153869008, -2.921795200723634, 1.0449435223923476, 2.251431017511655, -2.9862166369535896, -2.4985044992440546, -0.812982406566525, -0.1656479878180777, -0.509513128959858, -0.9852144165890572, 1.4908054258965604, -0.8745126710844525, 0.058896744134744876, -2.5922314731792566, -1.157456630574194, 2.345203743999364, -2.3733416227170463, 2.863982320334113, -1.7547585581328438, -3.1154635331322496, 1.1083656545707317, 1.909041682667324, -1.0623055772340506], "infidelity": 0.01955602272283019, "energy_expval": -1.7231252557350876, "energy_error": 0.03268707960718609, "optimizer_success": true, "optimizer_nfev": 4869}