{"params": [-0.7598453926564568, 0.69507550248099, 2.287424718295829, 1.3813246202464284, 0.41223874737992466, 0.4355079387299829, 0.3554979593220787, -0.11831095329830517, 0.5327733413903558, 2.5867439426179106, 2.8042553571007107, -2.025213451867326, -2.64051217424189, 0.016662608065375135, 0.5654325318812607, 0.5719223941055868, -0.914175609499537, -2.7451608433446824, -3.5034285662777878, -2.379170248717889, 0.18333885086676438, -0.8657167835045795, 0.30422757776099335, -0.2877912133743321, 2.8317609405203026, -0.5715516785459829, 1.5167124411052206, -3.0167014518647677, 2.1681847100386484, -1.375709165636228, 0.07179310400749225, 2.684194544631289, 2.8058680223841104, -0.5624930523554599, -1.090755873212944, 2.8149022153363124, 1.1740622397663225, 1.6401991410836243, 3.0169679432742855, -0.11115539415339988, -2.9749002724439553, 1.3985652205483123, 1.2952695338844917, 1.9390840877552487, -0.37465892377528204, 3.124746925932847, -1.6246708757271047, 0.6521946169385362, 2.467424325264477, 1.0284930720085614, 0.34524703662952383, 0.37949018813220126], "infidelity": 0.027188032055902145, "energy_expval": -1.836313819029959, "energy_error": 0.033191268005195784, "optimizer_success": true, "optimizer_nfev": 3578}