{"params": [-0.00043885962064974573, 5.200384325645048e-06, -0.0013956312336598797, 0.000629809411158015, 0.0003802704353899196, 0.0005227611745531578, -0.00011576309422883781, -0.002169631260941456, -0.0017158008787540495, 0.00027620591414008396, 0.0009757177177620443, -0.000844677046041174, 0.0004710251400352402, -0.0032924636064566343, -0.00010637863161094893, 0.0001714966244351254, 0.004004876518911404, 0.00012928487238481428, -4.226119438954877e-05, 4.006057114682462e-05, 0.0001355586509324324, 0.00015095464324889568, 0.00016855786468788732, -8.072926095788022e-05, 0.002603110380528949, 0.00010533015500474727, -3.1772523998205896e-05, 2.822673788186121e-05, -8.717160058932714e-05, -0.0025717047366856306, 2.646484600568018e-05, 0.002123712483763886, -3.0715199483813006e-05, -0.00017294394875038804, -0.0002042385941102021, -2.1930978543154324e-06, -0.0026105454454685203, -5.471176499472531e-05, 0.000140739292168143, -1.3078505885522503e-05, 0.0026796083714192, -1.3798595118627603e-05, 3.967917413810227e-05, 8.425121186162837e-05, 4.190076890022203e-05, -7.861601577965183e-05, 0.0030323878653050413, 2.5852351185924822e-05, 0.0003169159956795301, -0.00035479036671073573, 2.010645475530235e-05, 0.005600126348093498], "infidelity": 8.75715596190263e-05, "energy_expval": -1.793411744627756, "energy_error": 0.00012725727316253987, "optimizer_success": true, "optimizer_nfev": 1268}