{"params": [-3.610869831565106, -1.8897627997823638, 3.6890500049966253, 0.5322844557025888, 0.6200012519341539, -0.497778129409905, -1.4137284859554298, -2.7158772587822204, -2.594990169977106, -0.6298165257577535, 0.6639883207126044, -0.6403480402027997, -2.6158245161944267, -0.886749353425168, 2.4859810631762977, -2.2611193285722115, -2.5271346387039877, 1.3747967876371596, -0.13944217444778317, -0.37402516039165995, 0.04803169221161087, -2.2392400285116922, -0.18341335833830238, -1.1652786418964673, 1.6923318372036318, 0.8648953302286418, -1.123349929735291, -1.1329571613662213, 2.0432360040001063, 2.1851567192507786, -2.7928946851569254, 0.6958592227426192, -0.6531619458705162, -1.0578053511141012, 1.5942516643766986, -2.285242541211277, 0.750210221150637, 0.3299574867918504, -1.5949143198987474, 2.632528302086298, -2.5487366726836473, -1.4937001638779284, 2.130707467927249, -1.2338373913325487, 0.10620851870664491, 1.949652310267622, -3.130081990882549, -0.8918885560120559, 0.5849866327731436, -0.4913449114625653, 2.1250409650712068, -1.7735924426863028], "infidelity": 0.015555005001331002, "energy_expval": -2.064914837002594, "energy_error": 0.030439878523097263, "optimizer_success": true, "optimizer_nfev": 3124}