{"params": [-1.8124778213540844, 2.1644002460581295, -0.6756035487557535, 1.58468302143227, 2.9932295096747024, 3.6367661955112625, -2.107862524066338, 1.190502561791395, 2.4209414458059597, 4.126846119344334, -3.1912884207915546, 0.015970916043470132, -2.457735597581221, 1.0249001142195984, -0.4688281822493206, 0.6295842861056435, 2.0241362506933895, 2.3020116608510164, -2.137234627630478, 0.5578721715392103, 0.42857165259146035, -2.0421911176304337, 1.0802868241934875, -2.597153327031412, 0.6536221190455355, 1.2762062020766944, -0.9691248878524351, -0.7540405388170272, 1.919071089377876, -0.44526300692759985, 1.411414660887732, 0.7834990832450759, -3.3315534008230103, -3.3515119727744684, -2.192624150839095, 2.0976279798129687, 0.9595049241468729, 2.5060549912287233, 1.9390219396567883, -2.722982495084953, -1.6657462962378518, 0.9241654789190632, 1.237974409364986, 2.173803865845076, -0.04910646027265499, -2.4407595507878197, -2.886618433686166, 2.4118537781756335, -0.3865306965238485, 1.8737268163738432, 0.6974931478484856, -0.7148205204482264], "infidelity": 0.03725651918501849, "energy_expval": -1.8584279276158904, "energy_error": 0.04248893911112894, "optimizer_success": false, "optimizer_nfev": 10000}