{"params": [0.24199887823743962, 2.7364116581467357, -3.43882584947623, 1.9672810226320308, 1.2736706132105338, 2.500735136473201, -1.0576815206086567, 2.4864724557400284, -1.4975358391235167, -1.2741847234088992, -2.1935968359841578, 3.8342994829380044, 1.8718059951432715, -0.006574462591372765, -2.5013822075576653, -2.762901999771768, 0.3367585545311875, 3.2549075003915466, 2.002909494394474, -2.141412539488532, 1.7183095260125016, 1.7628764844469011, 0.9884482675020524, 2.486560214475774, -0.7475078321582294, 0.7339018492716086, -1.2539992012328416, 2.4833155724972884, 1.157222352698597, 1.6051740674075836, 1.1553308807390952, 2.0099129940309743, -0.35516780985138086, 0.6263900300304426, -0.8043965528257264, -2.1458365669114787, 1.4284447759014747, -0.004928825208270141, -0.6388245530966411, -2.0194842028915025, -2.3836593251946145, 1.6025381095440254, 2.178495303707294, -2.7486053037836147, 2.4209486991369578, 0.12845335281554154, -2.1261733748466822, 1.9450882095304027, -1.24712197910632, 1.88887066563596, -2.4152544200874715, -0.3752376326592059], "infidelity": 0.019528166911248923, "energy_expval": -1.7473536122953053, "energy_error": 0.031249986949426933, "optimizer_success": true, "optimizer_nfev": 7772}