{"params": [-0.2304376374036255, 0.8136416205185807, 2.5936566394699456, 2.6541028827873516, -2.5946042361125756, -0.8882358942035923, 2.617197712402596, 2.4313833601096513, -0.5344248434381271, 2.577920438114082, 1.1161831354710083, -1.8188508398973056, -1.2411782069184885, -0.4834764055101474, 1.3134160103594583, -1.3756312632906973, -2.086580164518314, -2.2892257283377377, -2.9387368211534324, -0.8711857935430258, 0.7662336271355715, 1.2533261338643575, -1.3929113397138908, 1.7484268591970873, -1.3428140621109064, 0.91873771432018, 0.45867705249171326, -1.4741420368100058, -1.4662931473168153, -0.755632769838549, 2.8874079028608337, -1.9652512107908948, -2.8190303288680445, -0.5197615616443287, -2.0618787652302957, 0.29711585883478325, 0.4800883586065662, 2.335646358400167, -0.9156813848832652, 0.12128155783352018, -0.3232245869006385, 2.1647199105867454, -3.1568176174334033, 2.236090062971322, 1.2579027828338056, 0.8751548016641328, 3.141194126601044, 2.4723185736490563, -2.6199166083113785, 1.6080985258433478, 1.0533311046644924, -1.4036898406250966], "infidelity": 0.011250386586832306, "energy_expval": -1.602176172762575, "energy_error": 0.019557680989066295, "optimizer_success": true, "optimizer_nfev": 4208}