{"params": [-1.5746844753425193, -0.7158371349329105, 0.37794745530805113, 2.1336607335705184, 0.14506088324607472, 1.427750176537997, 2.9476695266016835, -2.3608843734731813, 1.6351404711872604, -1.0922230270256932, -1.4487429309461695, 2.9169747543179447, -2.2854847519632293, 2.676238157941733, -1.1624782900322053, 1.4234974846680581, 2.3398257667686266, 2.4273566495080465, -0.24118489775282653, -2.629710868513028, -0.36670787905858504, 2.925612656321793, 2.932000095538723, -1.3147801832279002, -2.6048133794397508, -2.0554466533016824, -2.527048656901313, -3.0200264202959266, 1.8361730172302002, -0.26501614708028776, -2.5036842145205602, 0.7815988271483535, -0.6098132377391189, -2.0736721723711593, -3.064546173919582, 2.4892386894426366, -2.5549834776879274, -1.2717523819289696, -1.4171584254102594, -3.05441545616485, -0.5513658611979192, -1.00850383410855, -0.6123618714777426, -0.8525502378579568, 1.5481163186597808, -2.870264431302643, -1.1089207756932011, 2.7191131503848243, 1.543170357864639, 1.2871650235535816, -1.1189187577540214, -1.845379889708109], "infidelity": 0.009185383237416578, "energy_expval": -1.572419280620081, "energy_error": 0.01776276725926551, "optimizer_success": true, "optimizer_nfev": 5701}