{"params": [-0.00023033510927091583, -0.000979087377038135, -8.845952600864346e-05, 0.00010975322140835904, 0.000387225278073476, 0.0013024040918844528, -0.00035470487999010494, -0.0011385335591708962, 0.00035213771509837947, -0.0003271879838953192, -0.000503593612838253, -0.0014261017604788452, 0.0008032586561780653, -0.0004261255047606476, -0.0007292798285891027, -0.0022641819919411734, 0.002780990003070696, -2.0242555777999815e-05, 9.382505228524619e-05, -1.870507205745421e-05, 0.00018921919618300454, -2.5903849737875928e-05, -0.005959058235560059, -4.591631463548916e-05, 0.00030750255103796046, -8.427057920859473e-05, 4.0404218601002115e-05, -3.8013229940082013e-05, 3.3981597900004265e-05, -0.000186389515585669, 0.00011395215060920705, 0.0032127243538395025, 5.796971621329276e-05, 0.0020500869772230104, 0.005912477723544825, -5.89546536548021e-05, -0.00022831995659234304, 1.9675819824027997e-05, -5.5320385088634224e-05, -1.954566768244457e-05, 0.000306259367326234, 1.0346089446514381e-05, 3.8493446085005623e-05, 0.00013249279282380919, -0.0019522941788007468, 3.873957913301489e-05, 0.014005272346389014, 2.4822271466093183e-05, -0.00021021671891863263, 0.00010570182469474362, 6.112099101677892e-05, 0.0020775713428582534], "infidelity": 0.000145202000104816, "energy_expval": -1.8315074632650967, "energy_error": 0.00020175958727097765, "optimizer_success": true, "optimizer_nfev": 1463}