{"params": [-1.9930327188875425, 0.9596520782563916, 2.995878193951948, -0.9950067499728257, 1.0016416459741437, 1.0028361681013342, 0.00649759261308849, -1.995873460638838, -0.09444450707030476, -2.4703951016386845, -2.32239722698381, 1.9395712210715976, -2.867241069915073, 1.9440952747882785, 1.086180254173262, 2.4983676733276075, 0.5418449507086681, -0.06664304069367018, 1.1553241485516113, 2.138111553753716, -0.17098838536564814, -2.5048080311862573, 1.7688280367745637, 0.6854964323475605, 2.7967815704364813, -0.9993698276161579, -2.241014161416162, 1.4030704858578333, 2.2915879467555196, 0.8123275522728891, 0.6554287429882311, -0.007083803439854668, 0.9840725896812332, -1.9976986393159364, 1.8828143709225236, -2.8267495261810427, -1.3415891002863871, -1.3000902670778456, 0.7237598412058477, 1.3488791616588132, -1.9218251445371686, -0.6769149273137973, 2.5369211239725997, 2.169845787379708, 1.9742913378814633, -2.4409546730827985, 2.5462476416431215, 1.2982398008210807, 3.0824551921789305, 1.5782993355267394, -2.552104373540989, 1.0079619960732895], "infidelity": 0.012120972657006734, "energy_expval": -1.821579101861136, "energy_error": 0.02046515454620379, "optimizer_success": true, "optimizer_nfev": 6533}