{"params": [-0.002406512789599984, 0.0008387223588249736, -0.0005921875650850984, -0.0006336952974103815, 0.0004082999912458237, -0.002847803500665897, 0.0008600307749733142, -0.0004090017290037557, 0.008243195965590968, -8.506343621811805e-05, -0.00011730118523741318, 0.0008544752657820433, 0.0010064236088072767, 0.008948095096531744, -1.3197512154184741e-05, -6.905228600668191e-05, 0.0032426963644707025, 2.830693422397731e-05, 0.0006900629407610315, -7.22640416628549e-07, 0.0016254275696501177, -5.329116529060616e-05, -0.0019356932526989022, 3.6982701550933414e-05, 0.002781839838886444, -0.0006038954995356914, 3.8556408726675695e-05, -7.894324506161864e-05, 1.4207710367278736e-05, -0.0011994601359876088, 6.956261760128571e-05, 0.0020096557631544276, -6.149991576843056e-05, 0.0007087660713128071, 0.001935892288129067, -3.869694776233104e-05, -0.001199375461707935, 8.801731495913833e-05, -2.3716084427077167e-05, -3.711893592764038e-05, 0.0028956713289763594, -1.9605331919361756e-05, -3.165841993183026e-05, 0.0016156394517223129, -0.0006677495010993579, 2.710859609319407e-06, 0.016215548455221628, 8.127598901284434e-05, -0.001175319388199975, 0.0012434375366505068, 1.2826364084795758e-05, 0.0014736614871118457], "infidelity": 0.0001393784851825286, "energy_expval": -1.631054432542443, "energy_error": 0.00021130466180174778, "optimizer_success": true, "optimizer_nfev": 1587}