{"params": [0.001713937312084884, 0.0011403760890962829, 0.0007057170503559907, 0.0007328024911505898, -0.0005450941706286001, 0.0017116759860283976, 0.00011427617589554906, 0.001005798909537868, -0.0012456163924281438, 0.0010693173851529284, 0.0014974183807100769, -0.0005887161235228217, 0.00021939607032150636, -0.002580275902636471, 0.0009710878536078314, 0.0028416035455762563, 0.003999661162835653, 1.2957058724715645e-05, -7.526402353160848e-05, -0.00014975418607675537, 0.001617964845348689, 3.634900986362123e-05, 0.005810215147102453, -3.544021684607658e-05, 0.0036369853939986633, 3.480946476537387e-05, 1.7014397008602564e-05, 2.6655198016611637e-05, -4.793748213925207e-05, -0.001954642146108534, -3.244083163080614e-05, 0.003187765104915952, 6.88022350182417e-05, -0.001590462215988832, -0.005878215567583926, 3.7355198601444213e-05, -0.0019913832745301575, 1.7672234267352515e-05, 3.1335726020194184e-05, -5.605644435636634e-05, 0.0037999392255999532, 6.174557142286253e-05, -0.00011959640015074213, 0.00159799957632222, 0.0015836733716687518, -6.031489927751243e-05, 0.018385952238424094, -2.9933131084171446e-06, -0.0009620551564018562, 0.0009131547546727809, 3.905946464726731e-05, 0.002836245036626395], "infidelity": 0.00014055402451018661, "energy_expval": -1.942672005125439, "energy_error": 0.00017165218808012916, "optimizer_success": true, "optimizer_nfev": 1476}