{"params": [-0.6451984825710495, 0.481388475002487, 1.3045526050613052, -2.1638468053799724, 3.515092033822393, -2.116973375930729, 1.1529369534133211, -1.495359896948132, -1.2422288173238787, -1.4944085102018876, -2.1370990121384694, -0.9073927426245265, -0.2688230247197698, -2.3751842882532253, 0.49820345892947365, 0.12278158260085363, -1.8736059855087686, 1.1535401008306843, 2.536451527831358, -1.0189266838514899, 1.2551855162773469, 1.2127514122537992, -0.030783440293967495, 0.5706654475671629, 1.3510160361783077, 2.11047130114997, -1.165423186362151, 1.3778918256500992, 1.956907422803296, 0.3866547813123663, -0.09935060241593548, 2.274797131201577, 2.0768748167758018, -1.1786150236061386, -2.3025604985147714, 2.9288152469334956, -2.1852673201636614, -2.8269737332832765, 2.3999574127706977, 1.8374796565387936, -2.082792657811994, 3.292811648461315, -0.30783725410644874, 1.3275729427398952, 0.4101312126512643, 1.0425177349248815, -1.8784131258335717, -0.5545348387553319, 0.798086005581317, 0.33960927752893805, 2.5264226996305785, -2.874248351137332], "infidelity": 0.029624219758762727, "energy_expval": -1.6733478243656017, "energy_error": 0.040870744423022964, "optimizer_success": true, "optimizer_nfev": 2987}