{"params": [1.830518678407909, -2.137520332098717, -1.4449524808944414, 0.7223800559828858, -1.3129035507562001, 1.2762662125849156, 1.0699938768355008, -2.9709667289187567, 0.4041744460633339, -0.6222468026064437, 3.6525888560127084, 0.0373515345184003, 4.15556221655396, 2.4500824108631467, 2.7478358628211654, -1.5145080967356348, 2.82559816111208, -0.5867282808705461, -2.322132710404867, 0.3366863261369996, -2.6302160350415233, 2.4760622314184384, -1.1203270552993205, -1.3618350011348404, -0.38145557493949384, 1.998338455431395, -0.5463977282978433, -1.366040707302142, -0.579338812943843, 1.5068208946392456, 2.0952292780533477, 1.4326514989559507, -2.8585850186936463, 0.6193342710561238, -0.688708599030903, 2.572007868405727, -0.6503708051132289, -1.598528831401784, -1.8146758528870375, 1.2575912707193053, 1.4174731037695159, 2.925137995446957, -3.1166329416599843, -1.9646570058798094, -0.9789671084414034, -1.6794104039337792, 2.142579315297951, -1.738283201622106, 0.7019924416870705, 0.6531336412141712, 2.592507850428476, -1.8528705478042702], "infidelity": 0.005866209084454566, "energy_expval": -1.6235677860886177, "energy_error": 0.013812517142614222, "optimizer_success": true, "optimizer_nfev": 4358}