{"params": [-2.5004049951432967, 3.972917063586059, 0.6694837677943485, 3.622340904004988, -1.1324216902380824, -0.4923520064643661, -1.37624424664872, 2.172039210329118, 0.7073862143217569, -0.18059955605908212, 0.06311381631705612, 4.500625373459373, 2.574911925094863, -0.6933975384111065, 0.5081097383367104, -1.0611108757378072, 2.758178448813413, -2.104963651012212, 2.024497644722142, -0.13441257118567293, -0.6961034137913883, -2.45260446191627, -0.2933170743680265, 2.9871969798112206, -1.2988759413554436, 0.07746106478198571, 3.0711399594033737, 2.0164368818272718, 2.1543552510648447, 0.18987009831872156, -2.7723347317409233, 2.1299012094917744, -1.1312776753264946, 2.504728995205966, 2.6682924295072, -2.077255355995804, 0.6845851757067078, 1.0153864833613961, 2.0650456312793932, 2.233276073661369, 0.30177142435282595, -0.39556855821184134, 1.0067902364106036, -0.5078055523259389, 1.5121616172053145, 1.8757213934991896, -0.370826409769047, -0.3400395742357749, -1.7853647114598394, -3.156905898142107, -1.6188180902364304, -1.5071488962343127], "infidelity": 0.009153595644574075, "energy_expval": -1.8216163463872952, "energy_error": 0.019666603170527264, "optimizer_success": true, "optimizer_nfev": 2627}