{"params": [0.7338438428252794, -2.5046879485988596, -1.2502903753420558, 3.1651134164242443, 0.6866790444619328, 2.4106470805143547, 1.5010704820223224, 0.12056774581855274, 2.4941731194495955, 1.3528076658105386, 4.053316160938575, -2.4986535673247046, 0.018896898914343357, 2.9212489442723366, 0.4992633033605745, -1.257756789151117, 0.4031209047791658, 0.7961647487251994, 1.5842042722780443, -0.40385295280684247, 1.2646176014142978, -1.4587651055942321, 2.7641762241181866, -2.5747021457084704, 1.6869000102039355, -1.0115786490232226, 1.910557695346876, 0.6652835465360495, 2.8182391335321957, 0.3971855574056042, -0.4468944918759841, 0.32128182744921463, 0.4332175536053282, -3.031337140736862, -0.061670163421860574, 0.2020717291428521, 2.933044490945245, 0.8078509127823004, -0.6919096016694167, -1.0930095512896636, -0.719114403807467, -2.659949080103192, -2.561446667932846, 2.331543334445277, 0.763349046647241, -2.6434505515116706, -0.8703616433356356, 2.0812920057502695, 1.327292918876459, -0.12558177410164756, 2.3012307065600495, 3.1018029861043486], "infidelity": 0.00957596068291433, "energy_expval": -1.7127393808462579, "energy_error": 0.021271925252044133, "optimizer_success": true, "optimizer_nfev": 2531}