{"params": [-1.3335755814625674, -1.4996026849379458, -1.0502538298597814, 2.1172698624679627, 0.49938000994436726, 1.3334723656260499, -0.728672544199157, 0.973706878999203, 1.8996604854657377, 2.9134410078958273, -0.7228376269852455, -3.4991159552939775, -2.8470363227569315, 1.3236025238240121, -0.5012496926313479, 2.2773926197416965, -3.189513333406505, 0.4405605096534136, -0.11179157088748887, 1.7433140631278943, 1.4330681613536975, 2.010165792690846, -2.8663584959647443, 1.867179152394644, -2.2151004989745466, -1.7500017891161177, 0.9761199840588123, 2.102304446015407, -0.7416976190172259, -1.8375573231154732, -2.634475701746411, -1.1935698062643918, 0.9772870886309637, 3.015125180689084, -2.828970696344111, 3.1231668351546538, -1.2573621732389872, -2.311713195491116, 2.235019029311889, 0.8030718905983941, -0.8766435526893224, -1.2366378400318803, -3.5175488521383462, 1.6087126496881954, -1.814665299146988, 1.7603286460422123, -1.1354622739424014, 3.1231861640636134, -1.4318647459430698, -0.12421767547129878, -1.439946028776803, -2.1876117645452684], "infidelity": 0.00459702614867552, "energy_expval": -1.705565542712192, "energy_error": 0.014127064707632586, "optimizer_success": true, "optimizer_nfev": 5430}