{"params": [-0.4792444008743021, -2.2945599695666634, 1.2811206263956592, 1.9227155347998828, -1.9395606526522646, 1.0086641805278251, 3.0324133764834538, -1.4885409758312669, -2.214387256863273, 2.498361353593201, -1.4468949462634646, 2.964784862303183, 3.0511457476724826, 3.9666499684232823, -0.0035814952986391573, -0.3310571085608272, -1.11813503222411, 2.4669712443283047, -3.125321733616449, -1.7096006259824807, 2.5262781698736148, 2.5212466315655315, 1.2482992780816797, 1.0020934352156732, -2.24474202710035, 2.2858973749741147, -1.1875174423414694, -2.1435483382172174, -0.24985739114617353, -2.822535083433534, 1.1606554475109123, 1.2476285558721492, -3.018225855723357, -2.661376350218842, 1.6608869626852696, -0.4571638522226378, -2.247645915955262, 2.625894781545168, 2.7076231863172167, -1.6063289890673795, 1.1238184984483834, -2.508925889135111, -2.610631515879836, -2.362110642931815, 0.7489956144873071, 1.2498437330996668, -3.4200213725051203, 0.9893676835868237, 1.7576518409101927, -2.417510405802855, 2.936714925621178, 2.0961581471325275], "infidelity": 0.01874707927110497, "energy_expval": -1.6092901448471773, "energy_error": 0.024291631387334256, "optimizer_success": true, "optimizer_nfev": 3167}