{"params": [-1.7660805247662592, 1.4830671116147556, -2.83848483539875, 2.6789271797717125, 1.500642116168678, -1.2365293770355608, 3.439630944462389, -1.0000743809865325, 1.976966248174504, 2.721343610941486, 1.5107382052893936, -2.7335006394770813, 1.3260392112152817, -2.6427288508257734, -2.7811324677086193, -1.5299193729505327, 2.1066455755973776, -3.0374659311324286, 2.7716666124956633, 1.1378479522874902, 0.8331048692939795, 0.8706148632594981, 1.2431152129840457, 0.8249507972659674, 0.658295929537262, -0.7001003989677979, -1.4913589651260644, -0.32741338580172985, -2.131858738944296, 2.5650912399848953, 0.28475132881692156, 3.095534738514433, 2.1137765757246822, -0.7915479612534618, -1.4119246232148945, -0.31672779456078626, 2.508094491811705, 2.034291622733334, 1.083815586989807, -1.7785763869491098, -1.7807567431851485, -2.0638396346968837, 2.187028257069928, 0.0783893480036703, -0.655560321922152, 2.61702173058907, -1.875934604201266, 2.003420906568434, -1.2591333694177382, 2.422612422931022, 1.594739153366203, -0.8813456858263944], "infidelity": 0.016193103691152566, "energy_expval": -1.68912719038239, "energy_error": 0.02527933378566427, "optimizer_success": true, "optimizer_nfev": 4252}