{"params": [-0.4171066251294954, 1.4958923739172942, 2.195962741195527, -0.38426268351269777, -1.7256377283966804, 2.671751220189171, -2.985070315771798, -0.4876429400972265, -0.45587874708826254, 1.6627431433135038, 0.10906479380731068, 3.6306329316513564, 2.8603912357960963, -2.6681691865609567, -1.4982644874201194, 1.1059865612124404, 2.348621629949026, 1.4227722047032731, 0.774642468347711, -1.8407009774982332, 2.3091583417088857, -1.8976011274576614, -0.19703318650831117, 0.060058793187339206, 0.1385781732389778, -2.041538355847534, 3.179355963237904, 0.45042736799976685, -2.999429926286184, -3.04893416375685, 1.486040005890639, -0.5748197137781665, -1.2063172932024597, -1.7968406773534404, -0.41171985593379173, -1.8553439789991268, -1.2558962835257526, 0.6001032467968127, 0.07801241620708647, -2.32882461019093, -3.049614576307023, -1.125415806771733, -0.6187171132245308, 1.3026988547981144, 0.2190765205654889, -2.3460068567076444, -0.6134980397490143, -3.1930762356486917, 3.311822609929664, -1.1591924664135438, 0.8616336493920204, -0.09835584542208547], "infidelity": 0.021204302729295965, "energy_expval": -1.9884301028726195, "energy_error": 0.0323183172845245, "optimizer_success": true, "optimizer_nfev": 5925}