{"params": [-0.24755204079942073, 0.0006388147256778246, -0.00593562995323283, 0.0002978390270390027, 0.0007153110217774732, -0.001800088107382817, -0.00042326598495572216, 0.006190463432469532, -0.0005172677083073544, -0.0007794266272006673, 0.0019487975223590308, 0.00014675826333373495, 0.0013669299703034843, -0.0003869809667439189, 0.003923491605973025, 5.7489846155519476e-05, 0.0002329322538204556, -0.0014865243906674371, -0.00028249574225990226, 0.000584749711552775, -0.0008800506299119657, 0.003037437980406229, -0.0007744919047522406, 3.053774521547083e-05, 0.001105126690623241, 0.0006410415077183525, -5.903086804688535e-05, 1.2281183788917685e-05, 5.572818871504815e-05, 0.0008937373485675373, 0.0023698765438583194, 0.0037003358586312988, 1.2812046010097242e-05, -0.003939600583356524, 0.0007140025712340864, -0.0030382651796240826, -0.0023421484029271314, -0.001274423398638468, -0.000830636678094993, -0.0023649370824844135, -8.500380722050634e-05, -2.8316761726602555e-05, 0.00016112884396443273, -0.0041625565313524815, 0.0011857180044803866, -0.0036742430938076945, 0.0015373938114860682, -0.0018006242327436453, 0.0005365594277961793, -0.0013782932597459212, -0.0045505903819350714, 0.001367110030293846], "infidelity": 0.0038861995973801244, "energy_expval": -1.7402986765594113, "energy_error": 0.006303612077196208, "optimizer_success": true, "optimizer_nfev": 1079}