{"params": [-1.8178297599918178, -1.4940561284715048, 0.12193243479684145, -0.9456244471825536, 1.5096724261250554, 0.21987658775315386, -1.0126490462920412, 1.547107749357196, -0.6577562498740935, 0.5898577339683526, -2.3846696922275914, 0.3926189624476426, 0.5463046912919807, -0.0036726709056365352, 3.498132343927615, -2.379100665495839, -0.9520883824379899, -2.6057999899857838, -1.0060000402167242, -0.16776729984327102, -0.565097785643754, -2.994274261607441, -1.7896245476440895, -2.7362836292769415, -0.8649608072380577, 1.427876086238804, -0.19695152467855984, 1.8657823723277098, 1.114215184872892, 2.3071165827548628, -1.9251274551864808, -1.1447165829521975, -1.1317975399705373, 3.1219177817457107, -2.126515415733743, 0.12729116054248227, 2.0597458879225026, -2.622839011003625, -2.906207071000477, -0.048702163109006456, 3.017216109096611, 1.036277717449658, 1.2026381348192563, 2.133570964026012, 1.2341504955342448, -0.34122843685567467, -0.874316201774311, 2.5841851988240827, 0.22531348568570228, -1.4949655352773252, -1.874532044820863, 1.0538743973327136], "infidelity": 0.01869604697729821, "energy_expval": -1.7993078073828346, "energy_error": 0.028070050530674573, "optimizer_success": true, "optimizer_nfev": 5229}