{"params": [-0.0006108717669773871, -0.00018415009158280599, 2.2428149778780022e-05, 0.0013070666257325003, 0.0006396354547949474, 0.0007004381594233006, -0.0008177747654594328, -0.0009340780951047131, 0.0029291860990636326, -0.00034520363862224605, 0.0024497186275439075, -0.0018206735738666138, -3.670549111541629e-05, 0.0032325580686841104, -0.00020608816253808764, 0.0033040809671129466, 0.0035908079713242095, -3.2304919826477316e-05, 0.00035473746056053273, 0.00012266879984615728, 8.896158682802292e-05, -1.5074342916078869e-05, -0.006900424717803256, -2.0215955679394146e-06, 0.0007017892821411734, -0.0003501210514317029, -5.142597850375228e-05, 6.497279091127877e-05, -4.9909490280503044e-05, -0.0005549418879674653, 3.342669281360689e-05, 0.0040202775913372795, -4.6930729326879325e-05, 0.0030444707481991295, 0.007014849069295588, -1.075065457563145e-05, -0.0004916633389834169, -1.985055108819882e-05, 8.916106582239529e-06, -1.35124048402544e-05, 0.0006601367607391552, 7.1216509052726e-06, 2.4770196976685232e-05, 8.735790817549859e-05, -0.002991422499782734, -9.778635328681796e-06, 0.015442467710289837, 1.0493716179422738e-05, -0.0007901983388835162, 0.0007115290759506449, 3.071918605674536e-05, 0.003318588713487193], "infidelity": 0.00012672261702484366, "energy_expval": -1.9542883163150533, "energy_error": 0.00017395080022541975, "optimizer_success": true, "optimizer_nfev": 1412}