{"params": [0.04152217153110388, 0.517192610917546, -1.923778441165388, -1.037887553645808, -2.956444975165302, 3.321107469026768, -2.456096195885524, 0.13847672262667338, 0.24879988724280386, 3.060242967195614, -3.3429906109380556, -0.5293007969099627, -1.9250313149164533, -2.195795286997975, -3.2466105188441983, -2.382576383470177, 2.6228153381288655, -0.6877467751937587, 0.2067652279594545, -0.86070946508982, -1.676946728035082, -1.879126334578058, 1.249304572132792, -2.1131673430270523, -1.1804092003213196, 2.113023658564668, 1.5820541205623204, 1.9950724500058707, 2.7869593688512087, -1.3617140585448753, -0.9677711018735997, -0.49656568934664586, -1.9164476076699823, 2.378845768432529, -2.6789528176757185, 2.5207614030082994, 0.501366799405033, -2.7334127735400866, 2.372246199339062, -1.2839836479725304, 0.4397211744523937, -0.9880292215316274, -2.039743672855031, -1.7528753875500926, -2.4902469871082995, -2.7994144681303683, -0.0036071482880912133, -0.8181394958455783, -1.628517019936338, -2.3854587442152773, 1.1649021024572062, -1.7452977510276984], "infidelity": 0.005189322040904942, "energy_expval": -1.6855613935356548, "energy_error": 0.011628432391713295, "optimizer_success": true, "optimizer_nfev": 4013}