{"params": [0.467763067775992, 0.3068180995691224, -1.0725837586771405, 0.18435853074568803, -1.1115863165423245, -2.299993522715737, -2.257989159587331, -2.5471852461252946, 1.2124199988174869, -2.3820672652427404, 0.914841647665273, 0.6179396182035591, -2.879063555338905, 2.626704348699485, 2.4670198029283954, -1.045863918759458, 2.1258618774281253, -2.086944167840267, 2.2110027436040425, -0.31459998377735215, 2.288528448470864, -2.902885644821727, -0.27228270339738325, -2.9418898942489946, -2.8373699371245227, -2.553850844063058, 2.933564666819, -0.36322498100447126, 2.8889276767854253, 2.629819541611203, -1.4306066821652197, 2.8226950265790847, -1.4599733655149254, -1.1003177032608193, -1.9494704527880373, -2.299196598369912, 2.1486641738440344, -0.7669444949892787, -2.1992523299566873, -1.0638205126951334, -1.8979975033901664, 0.6192209004201946, 1.7770713544409562, -0.6070611746736434, 0.06795663551636041, 1.2141213691478123, 2.4908700306664255, -1.7260377155386823, 1.3491300964568018, 1.6644809971762151, 0.08572592851765266, -0.37326597998792715], "infidelity": 0.08043231517058613, "energy_expval": -1.2408868241968778, "energy_error": 0.06237627821781433, "optimizer_success": true, "optimizer_nfev": 2372}