{"params": [1.365063442937934, 0.6738411336571534, -2.509985247379149, 2.314635648951569, -2.803030374547417, 0.48140989112429355, -2.3096385589938726, 1.4437415653974452, -2.1797451451005943, -1.9808769845220304, -1.1564860952136504, 0.4966481169392787, -0.4983392490212534, 1.1702234923473867, 2.639067296963845, 0.20590515707634532, -0.1201387117093993, -0.3494041904520232, 2.070065917891811, -1.9303826678259655, -0.546439212656779, -2.195825165610954, -2.9786298745236217, 1.0484529447373794, -2.6781969443683162, 2.801823170214969, -1.7388361664660203, 0.005088878226415621, 1.661596963816899, -1.3941707063007414, -0.6318456094509388, -1.7367109744629945, 2.38217453339774, -2.4597226243639, 1.0512472118499672, 2.853234622375284, -1.32221068971533, 1.7103639397418593, -1.1201555198383226, -1.4510870571297296, -1.4549809780674128, -2.3245861475229517, 0.068185150050212, 2.0487271275057366, 2.095439289360447, -2.689928113974062, 0.5837852705287421, -1.8780613470071152, 2.509524993772399, -1.7581718899908678, 0.8671323811657228, -1.8680489952795507], "infidelity": 0.00768478065974032, "energy_expval": -1.5368113569478694, "energy_error": 0.020353787529313605, "optimizer_success": true, "optimizer_nfev": 3778}