{"params": [1.1095238383834574, 2.0597768830627707, -2.498441231842815, -0.1781974280517931, 1.9340208106766297, -0.510055452537636, -2.054017670477372, 1.0316026777452105, -1.0669457246062415, 2.874437700087008, -1.0958655557390777, -0.49804374048840133, 1.1186379163729687, -1.1160106603134856, 0.8277070991210197, -2.093415292454407, 1.6199002283353705, -1.2000069896240217, -2.4896416659044274, 0.10289537259738422, -0.14174034648184153, -3.070197679768633, 0.5049822150368506, -2.6969514409950075, -1.2972036623773098, -1.9352298337685825, -1.2970974729624547, -2.04237110792462, 1.534929443755872, 2.888574607500364, 1.5665834082175076, -0.20136207526989455, -0.8234396933607616, -1.0882178613943272, 0.6747860179601077, -0.4041658514085932, -2.542887726917874, -1.902352792697122, -1.532696418442821, -2.459942627579429, -2.374664532934934, 2.008085610579743, 0.6766432173271972, -0.1312224870438532, 2.9928134676435736, -2.716854992959381, 2.15132991942717, 1.0606570342173283, 1.8514757124642989, 2.9142703805911627, 0.22314801917776736, 2.859017656022975], "infidelity": 0.005996741003974737, "energy_expval": -1.5500837230320832, "energy_error": 0.012267464211175083, "optimizer_success": true, "optimizer_nfev": 2486}