{"params": [0.008944902100051751, 0.0005450814801832269, -0.0005360655663079404, 0.0003337466836714228, 0.0006998732250259774, 0.008364805719558525, 0.00011021174480932667, -0.0007683909271926696, -0.06423511917496436, 0.00025472424757773713, -0.0006180417769806432, -0.00043132776140812086, 0.00010157421198510171, -0.06507653952571071, 0.0003813272616800318, -0.00025957500345430857, 0.0033411515295545405, 2.5292456930783643e-05, 0.0007466224770916294, 1.9756526042254077e-05, 0.001526116999065016, -4.903300405819456e-05, 0.004637752854006766, 4.381331638730557e-05, 0.0024235119265549787, -0.0008001203544110377, -5.247971833848746e-05, -6.0058559301147354e-05, -1.0890436960623335e-05, -0.0008652005886096857, 2.8286183329674526e-06, 0.002966167919387327, 2.0424093377779236e-05, -0.0007094260145318998, -0.004850415832237376, -5.6262043461102675e-05, -0.0009149845936502569, -4.141289463618046e-05, 6.809235467042584e-05, -1.985594496116804e-05, 0.002443611266242395, 2.099918934037083e-05, 1.2771069406623454e-05, 0.0015774849767007117, 0.0007274197648699086, -5.365904914626337e-06, 0.03582097791967174, -3.2222565785462254e-05, -0.005154694575503172, 0.005039700810858166, -7.005296557891857e-05, 0.0012196918660702372], "infidelity": 0.00023528861368526943, "energy_expval": -1.3753072606304233, "energy_error": 0.0005493027644283277, "optimizer_success": true, "optimizer_nfev": 2106}