{"params": [-0.0023240089952778786, 0.0023072132922960834, -0.0005113157762562091, -3.919306928432477e-05, 0.0002405687647234414, -0.000313318438058435, -0.00011470975360463391, -0.00034489669959006646, -5.6180687573700647e-05, -0.0002451407486304253, 0.0006412008205640472, -0.001757674128318526, 0.0001499287704716457, -0.0001319389090563497, 0.00017715820381252704, 0.0002837456814739563, 0.002892969996640858, 4.7546895240499335e-05, 3.342249450748954e-05, -1.660910838619876e-05, 0.001121910536677719, -2.224513821608949e-05, -0.0012575705207907822, -0.00012232793154030714, 0.0022426797102872405, 7.79777594452776e-05, 7.253305827670024e-05, 5.899327901871663e-05, 4.1535528206315636e-05, -0.0011074807083077704, -5.507156875508965e-05, 0.0016260487229549825, -2.6264936926652125e-05, 0.0004174580341217771, 0.001114570417567922, -5.727718795730964e-05, -0.0010786096445128204, 4.949940119746188e-05, -3.677902222072709e-06, 1.3334426269355524e-05, 0.002134163095411748, 7.951212949297478e-05, -8.047803192972954e-05, 0.0010958385211230764, -0.00048237356687185325, 3.432320650908345e-05, 0.006947435004742496, 3.20279536581477e-05, 0.00043070640471601053, -0.00045164146475818405, 3.4674044942734523e-06, 0.0015595188496679284], "infidelity": 0.0001296350295535431, "energy_expval": -1.7194583520573326, "energy_error": 0.00023425536249210843, "optimizer_success": true, "optimizer_nfev": 1031}