{"params": [-3.1244147839921825, 0.49425575506295033, -0.06679922108904265, 1.1709187655522681, 2.500188725850996, 1.1128133939185143, 0.5128380764412342, -0.39469262123184334, -1.6945547964887573, 2.251921108010415, -2.8838432935353358, 0.497323397663164, 2.1215579027386817, 1.6296328083617686, -1.4907703753243702, -1.1060494629329805, 0.6047342430303124, 0.837260088579665, -0.7729162474492133, 1.6527080070530615, -1.2800840170061354, 0.2511809196451732, -1.5095453549038833, 0.47544470945669876, 1.0820962184975542, 2.5624582603347426, -0.7779389511618641, -2.029089587029311, -0.9697373637531072, 0.9413873145168934, -2.238965454440174, 2.788839525333174, 1.9681455447130527, -2.540516858868078, 1.6964556461036366, 1.0327352392513962, 0.8455491675061578, 0.8527174142137116, -1.6635239118510787, 0.16769887130269492, 0.9690804411252684, -2.481033696495513, 1.3240911020303618, -2.141930150740031, -0.5493557388340099, -0.8630563368999419, 2.8582960400260187, -2.729039131782518, -0.16932233639377753, -1.8345335108900194, -1.6116260111203315, -1.8539098547778576], "infidelity": 0.007421480715728901, "energy_expval": -1.1034844182115477, "energy_error": 0.01911492156684802, "optimizer_success": true, "optimizer_nfev": 6902}