{"params": [-0.0006951916640427048, -0.00011995002155420909, 0.00016558575126872837, 0.00014175981282510346, -0.000438586196426638, 0.0006709432258443563, 0.000922110954075583, -0.0001648484396874401, 0.003395193366181572, -0.0007642302843785856, 0.00029259069966642095, 6.062037954377625e-05, -0.00031677367649811204, 0.001885264272983016, 4.415492597585029e-05, -0.00012282991068798767, 0.002205724656403864, 0.00010295971856504845, 0.00026867001214248183, 7.270251967845719e-06, 0.0005115486876851455, 7.617259563500394e-05, -0.002442944562591247, -2.571665329361339e-05, 0.001401610384899278, -0.00031813770375592503, -5.757774884287087e-05, 6.082597934079815e-05, -4.3558431712691066e-05, -0.0009866163545878602, -6.496169478830317e-05, 0.0033364644612080383, -1.768735665279446e-05, 0.0019036850590425384, 0.0024529213107895216, -2.891000947649611e-05, -0.0010115784906738904, 6.0840578229009094e-05, -5.131439067055679e-05, -0.0001731158553408686, 0.0015048786193852875, 6.584322201419442e-05, 6.76465494268338e-05, 0.0004532640546795795, -0.001944633002917028, -3.857006303362487e-05, 0.007432130444959789, -8.26388620144367e-05, 1.541344251061544e-05, 7.570437052662278e-05, 5.965633737911932e-05, 0.0017369219867925498], "infidelity": 0.00010575573540350103, "energy_expval": -1.9887241943208727, "energy_error": 0.00014311782671327933, "optimizer_success": true, "optimizer_nfev": 1058}