{"params": [-0.0019257832285788034, 0.00019647767812569343, -0.00423675281347747, -0.00039185746379363047, 0.00016654033652563352, -0.0006319526868748291, 0.0003051019148228356, -0.0030635571998075977, -0.019126381845210788, -0.0005135117157971752, -0.0016857598190257938, -0.00032763225246463677, 0.0001826430067709232, -0.017867903004000055, 0.00035122223634616453, 0.0009064630362962782, 0.003782928467576529, -2.886976494938094e-05, -0.0014194126603582805, -2.8864629571376155e-05, -0.00037665318008194557, -5.004938921543164e-05, 0.004222974226639785, -6.069881025991372e-05, 0.0001053041211390939, 0.0012883719367963885, 6.282140543409656e-05, 7.064826189355606e-06, 7.100699671689994e-06, -0.0005803282080939166, 1.3210819750619098e-05, 0.004614502329519774, 2.024515706115207e-05, -0.003309192203484811, -0.004252424028065684, 1.4203748490209809e-05, -0.0006116010826930699, -0.00010132397814464395, 1.4551532550633055e-05, 1.2242834878202115e-05, 0.000150829239611381, -4.3284520004684136e-05, -5.086174049465052e-05, -0.0003647364710577256, 0.003277081443455434, 3.392702598997721e-05, 0.01401056634826579, 1.0695381583047856e-05, 0.0054748812309988355, -0.005360705001813187, 2.5124565929641354e-05, 0.004660882369320224], "infidelity": 0.0002086141526609353, "energy_expval": -1.9172754332714896, "energy_error": 0.0003134364970120984, "optimizer_success": true, "optimizer_nfev": 1639}