{"params": [-0.0011204925577039864, -0.000909879343695474, 0.0006304525453738266, -1.918335186597107e-05, -0.0004191863790001482, -0.0009732621971964903, 0.00048322551263151314, -4.170603034062533e-05, 0.03655929506837489, -0.0003130821021433797, -0.002637677335759544, -0.00038733768724430586, -0.00027985978205183673, 0.036317617960549144, -0.000844283544416908, -0.0020432038736909433, 0.004906051981163392, 9.107750885966786e-05, 0.0005963254866010121, -3.3559748507542326e-05, 0.0019746000346219745, 6.835132158439909e-06, 0.0038270905680164607, 1.51028239537345e-05, 0.005447876701195604, -0.000522860375684255, -2.175381743776828e-05, 5.255456199629633e-05, 6.274949774499277e-05, -0.0033485731812539204, 6.874127279993281e-05, 0.002968536378592602, 3.6669841047882255e-05, -0.0007117730438522457, -0.003920649075867649, 2.1174968574738254e-05, -0.003349200084909736, 2.6331644246216402e-05, -1.0906965232908497e-05, 5.193866384353195e-05, 0.0053628988659783884, -9.22490572442617e-05, -1.4911824615786541e-05, 0.0021002409080994717, 0.0007549369208383502, -8.002462844864133e-05, 0.020694327858537243, 2.0818515566726392e-05, -0.002354028559057513, 0.002349136323031991, -6.449897049547218e-07, 0.004426125339708492], "infidelity": 0.00011701134771613386, "energy_expval": -1.7778168626653672, "energy_error": 0.00017734669098068423, "optimizer_success": true, "optimizer_nfev": 1959}