{"params": [-0.5511525184287585, -1.6730905533578522, 2.3502029825666937, -0.010613074777852187, 1.2980512176724568, 0.5787577046243579, -0.13529172225963795, -1.3188239922241114, -1.885330273050747, 2.4459048129794585, 2.4992976054542955, 3.2160010927092997, 0.05801907417827236, -2.512286042175606, 2.405084843323964, 0.3958065366148342, -2.2420944119758452, 2.1785868517685283, -0.2507074566692884, 0.12525223325846857, 1.1851690267530193, 2.2009847473812707, 2.730073979877331, -3.0582726886516434, -0.8571889216757388, 2.4183629946430267, -2.511397382319439, 0.9900999655224254, 1.7205681021696622, -0.37178927187547883, 0.4323659935995162, -2.50082822762444, -1.1284177150564074, -0.0021098832151858577, -1.4929363411599808, 0.8388655559394615, -2.8806909008745136, 3.230240201601158, -1.017013567481575, 1.1356877695149068, -0.11245188652864646, -3.0159294178627305, -0.40186688915367413, -1.3960346692135295, -0.8771602185550268, 2.3749973877676105, -1.1247134785144284, 0.0235426977702075, -1.7714252153880323, 1.8093960049499613, 1.6256580919890284, 2.4920249462510324], "infidelity": 0.04384405380871492, "energy_expval": -1.8914371063618902, "energy_error": 0.062292976890146345, "optimizer_success": true, "optimizer_nfev": 3675}