{"params": [2.1951536003069476, -0.26626785297444544, 3.1110486244142748, -1.5080878715732071, -0.49710419943865863, -1.3486641311708247, -0.7449188818082279, 0.16145058946802893, 1.5590232693671031, -2.495053910233401, -0.13234921376305886, 0.7318594124599777, 1.0770776037175194, -1.9754503802902432, 2.4987156720700083, 1.1214180282048243, 0.3548827849552438, 1.504292316726498, -1.7325585338111285, -2.595236390036356, 1.5233834495448466, 1.4416385892062524, 1.0173293121109952, 1.7592309433431184, -0.5381343365825558, -2.622253981239746, -1.2797949000068636, 2.711696866474014, 2.108008544074528, 2.7461500211876153, -1.1817882489969094, 0.7198068094084342, -3.000157859959812, -1.501178037886074, -0.5857096848946486, 2.1649412812351034, -0.8231906502613403, 0.42399616820093305, -2.3246147060365288, -2.1090313779925123, 1.970433074090592, 0.2918520431569173, 1.8838412999057297, -2.5232941830935927, -0.011542079676364317, 3.1463256474135886, -2.1326773462276996, 1.9763051044901792, -0.2783540865401118, 1.382781807032488, 1.7289732578967683, 0.6304229074534311], "infidelity": 0.010618216510231093, "energy_expval": -1.6236414098092833, "energy_error": 0.01801916875313503, "optimizer_success": true, "optimizer_nfev": 3139}