{"params": [0.9972682749217249, 0.00028037850648399983, 0.006810460879018111, 0.001794224513981636, -0.002763950115741981, -0.005243340376715529, 0.0006631610489789014, 0.0006507088847886186, 0.0038363023790482093, 0.4922275024206767, 0.04025646562937065, 0.22384992425626352, 5.354741407546369e-05, -0.04216616447712218, 0.0003439527585181886, -0.00012934882832022824, 0.06599695722667998, 0.0002933235085382858, 0.002165524323373128, -0.03161879707654735, -0.05440483724750944, 0.04914517229078292, 0.0031580637325831365, 0.0001530043103791235, -0.00020711372352257075, 0.03408929882282998, -0.009709911085552, -0.17431651659802322, -0.011330724417249746, 0.01476135731018671, 0.04089821705262012, 0.0011928977794604281, -0.010603135058435575, -0.00026208680406436655, -0.06893353578310486, -0.04389400272619789, -0.08301241371793515, 0.050214679518678314, 9.187018978217558e-05, 0.0005416496339304915, -0.011022676225843353, 0.0856423839688575, -0.003229015981219817, -0.006036719031657878, 0.01564072774216855, -1.5297458417400014e-05, 0.21817873911456356, -0.285858409220972, 0.09836059523280724, 0.16840689188513674, 0.0648985528101633, -0.03217514420084894], "infidelity": 0.0039052291909731363, "energy_expval": -1.578042092858273, "energy_error": 0.008235001114546225, "optimizer_success": true, "optimizer_nfev": 1781}