{"params": [-2.4539565515358217, 1.652094412236568, 0.755355890940185, -0.22713305315551302, 1.3067976397995422, 0.9532855095483141, 0.35632653634297745, 1.3946696910501934, 0.5948874030895412, -0.45883713708805035, -1.7038321667576324, 1.3508861914376784, 2.611823836946952, 0.5698912167175159, -0.5223535810729786, 2.1751789819514222, -2.2082046099036354, -0.028485026586561508, -0.08291663654716594, 1.0395308040351048, -1.5506485153640681, -2.9104556801939476, 2.6220503639515984, 2.793196223348323, -1.9742709243602417, -3.215840495898068, -0.9575931957097811, 2.703592964287827, -0.040113613125056506, -1.653896125560834, 0.6064260377905063, 1.248850128355173, 1.9153931219974791, -0.9448183236043306, 2.0537092715637795, -3.072275529439449, 0.0020907042802410726, 0.849785420643345, -2.2423167406067597, 2.5665749080325604, -2.2290351243996156, -0.4853895165156986, -0.12513574227703442, -1.3012526483994862, 2.226039588465495, 1.4612220761730992, 2.8753765958165602, -2.6407957460721905, -3.0041764268285904, -1.6237483813661022, 1.032445812064959, 1.2975629078169661], "infidelity": 0.016062823534256032, "energy_expval": -1.6240953935406095, "energy_error": 0.024309633024218735, "optimizer_success": true, "optimizer_nfev": 3927}