{"params": [-0.25113805425990915, -0.00033297466422001215, -0.0020327755576412263, -0.00017839461859049357, 0.0010430785915157455, 0.0010984900407756712, -0.00017368306849119036, 0.0028504072432573705, 0.001043641029010243, 0.0005516022639233319, 0.0011782441051683581, 0.0001395690940176361, 0.001553241824194604, 9.493823686799118e-06, 0.0012279114401073823, 3.549862979391122e-05, 4.593622018459083e-05, 0.0002422316381347854, -0.00031594122497797037, 0.0041307741803656905, 0.0005064266379810796, 0.0012219917501377845, -0.0033864006796849437, 0.003535192286702309, 0.002803728818860642, -0.0007849507689450207, 1.6969737440044152e-05, -9.475728920044448e-06, 5.872268921549442e-05, 0.005001426662609205, -0.00026435025487964257, 0.003544834010352687, -3.0895716201488694e-05, -0.0009490670410273893, 0.0004971755163135168, 0.005110790887161467, -0.0012625601193404256, -0.0022201686976063726, 0.0004228550317408871, -5.578035887412058e-05, -0.0003475987262341553, 8.453301653680857e-06, 0.0022273732736859224, 0.0015062257233771452, -0.0014320284046112838, -0.0017916849823211437, -0.001115864796822874, 0.00033215504153206966, 0.001228144632451373, -0.0010083021235754639, -4.56500663506418e-05, -0.0010147001027279712], "infidelity": 0.0038357999745199933, "energy_expval": -1.5860906431289572, "energy_error": 0.006354369866029552, "optimizer_success": true, "optimizer_nfev": 849}