{"params": [2.5055561691279253, 1.8089821278304932, -1.0756139335288721, -0.8812324607564913, -1.829736454262066, -2.2983667401867804, -1.9426496366596682, -1.5105095230660464, 3.432071454554191, -2.50663111400307, -0.5923133082472909, -0.8322720800625648, 3.078830498749795, 1.114438063679389, 3.5079510666586002, -0.2667267022541491, 0.11483878391975426, -2.7415445882854605, -0.006421226493833083, -1.7759699949751342, -1.8792973299410152, -2.4885134671637172, 1.9926732268517828, -1.2756722473162116, 2.8831390419576004, -0.010057548876926042, -3.221047293125162, 2.2807429380110484, 0.5456702622730862, 1.0611091406925974, 0.2392640983468392, -1.7736747801006505, -1.0409142321051108, 1.2844923567572804, 2.531694401850327, 1.960299849219297, 0.27016270484573274, 0.7748743291167011, -2.1596517496016925, -0.1516160119219222, 1.4157599175635518, 0.6225689997786592, -2.600983778063119, 1.8802734179803053, -3.011421263220439, 1.4727965596714963, 1.3782772883276595, 0.35617608583681876, -0.2405184240693209, -2.7289812770320836, 1.812049163873168, 2.129940458118353], "infidelity": 0.018393302047409743, "energy_expval": -1.7335724174227118, "energy_error": 0.028949917324222918, "optimizer_success": true, "optimizer_nfev": 7250}