{"params": [-0.017352557752517924, 0.0010198944746370193, -0.0013961779650874, -0.0004341822843855224, -0.0009975092143379152, -0.01680940516744908, -0.001018629800151252, -0.001763094934649264, -0.0016825880847995938, -0.0002119843586056445, 0.005049563365564494, 0.001142491280177576, -0.0005944263696885107, -0.0034024964668241966, 0.0002606837468775732, 0.005163686340614101, 0.0015669354790843544, -1.4959478455162803e-06, -0.0006283449796172141, 2.678120140972668e-06, 0.0013151627594297293, -3.445574269855149e-06, -0.0004961157615771945, 3.745026907789272e-06, 0.0020176427972314155, 0.0006213507497872673, 4.235212114551593e-05, 3.099117829118537e-05, 2.895519878650404e-05, -0.0007238434684396719, -3.735160033509976e-05, 0.004520457550925893, -1.5293753587151635e-05, 0.0001306456635774165, 0.0005363840793989236, 1.2189190400608143e-06, -0.000856142329825817, -5.121959259239361e-05, 7.696622563059934e-05, -5.132045829810291e-05, 0.001885998824588426, -5.09471748634827e-05, 9.145773943253999e-06, 0.0012396598251418333, 7.574327432740405e-05, 1.3731157272314432e-05, 0.03915170486747932, 1.9968580702019493e-05, 0.002539474637757861, -0.002475152931122681, -6.68765655236134e-05, -0.00017842712933966495], "infidelity": 0.0005817772912526387, "energy_expval": -1.8644315410821144, "energy_error": 0.0012892966828077501, "optimizer_success": true, "optimizer_nfev": 1921}