{"params": [0.02224836279024285, 1.499280264556451, -2.7815721043298156, -2.916161363896955, -1.6538710601957543, 3.8672687688190135, 3.496444263821522, 1.3424805213762196, 2.506939195035384, 1.3325368811016307, 2.1715086852569496, -1.5007641868281736, -0.6033126871961921, 3.475367920854207, -1.4388436728492475, -1.9645515758345546, 0.9724346716692258, 0.10734531873175035, 0.26161676514845195, 0.44592418280850304, -2.4527448006028245, 0.842700357204359, 0.938569078077598, 2.271071751134602, 1.3823115227680638, -2.698855240475823, 0.8428871353912653, -2.306950615748327, 0.18594795846936069, -2.1570151425037523, 0.7122577710689622, -2.791853647605448, 1.1324556180561287, 0.8893608729976025, -1.3405686750072683, -1.5636692638526912, -1.4218577937877348, 0.5023309164107234, 2.5708551067408267, -2.9589337239865348, -0.23919088403955105, -1.618250575725153, -2.132276584570647, 2.1928484404189783, 1.760932518314718, -2.0554142097759174, -0.3585778853285708, -0.023933958543554713, 0.2594283673023199, -2.8018889722004636, -2.1293462091188435, 0.4736732478793734], "infidelity": 0.012706601732351386, "energy_expval": -1.6702676089658868, "energy_error": 0.02212139114262457, "optimizer_success": true, "optimizer_nfev": 5211}