{"params": [0.41904757916451235, 1.0152934540665675, -2.0952080928227814, -0.6189262441490941, -3.0131088681912606, -2.4774455625142613, -2.3275487195351507, 3.4156954258396546, 2.448463822746685, 0.9699695871839424, 1.6774836581444916, 0.5086660148867257, -2.7592530196565086, -2.602237285879517, -1.4486468685498881, 1.3486426930962574, -1.1548532810800227, 0.500296295374237, 0.7555014555515596, -2.371818276484536, 2.9165987663152526, 1.3656743406563219, 2.357480815874859, -2.7740329168822204, -2.4020925307557897, 0.29967437668570696, 3.058449997042275, 2.0073398234810518, 3.113905113780959, -1.8726964028350537, -2.6340455712057858, -1.1308351320906418, 2.718868234870075, -2.5811571237181856, 2.5222040229118883, 0.9817000305606168, -0.9840934127969113, 1.064487876322658, -1.1044723287007783, 0.13266166409062072, 0.23956197844228225, -1.8190975651983288, 0.8970639890180017, -2.802180000363996, 2.990111100361293, -2.3751335678044665, -0.1295445626359896, -2.940486055489982, 2.8263314651601688, -1.7339080735652355, -1.791016088912427, 1.8747857153760767], "infidelity": 0.009473950545299092, "energy_expval": -1.4259771867607167, "energy_error": 0.01767769825387422, "optimizer_success": true, "optimizer_nfev": 4401}