{"params": [-0.9492850877295606, 2.713230087415288, 0.4137458805963172, 3.667684151264689, 0.33325023529383635, -2.487486613490591, -2.935804369975117, -1.9298270670952744, -2.5394557331397727, 2.6739471406562907, 1.372089096059758, 1.1246038364840178, 1.1912891241753296, 0.8753075286193728, -0.27471485956452624, -1.5050963346237705, -0.770429820039505, -1.882128247534273, 1.1986759163055642, 0.9840540974161097, -2.0325068978597796, 0.5503501946699143, -1.1181752066816164, 1.7598366674733918, -0.2534496896880035, -0.17072278928180937, 1.2585724784070882, -0.5806158247847816, -2.542812278340616, -2.7730335383396376, 1.0426393296023013, 1.5073464893593282, 1.21550365243717, 0.0816227500955489, -2.992448984897988, 2.0622914020341363, 1.7450876882210953, -1.5431926264904772, 1.0305964643957248, 1.8703326271823884, -2.1193899095601605, 3.0087540080108908, -0.11036495956254808, -0.8479192089079463, 0.20834457296846987, 2.0988777692384284, -0.16777537651460994, 2.3785930529078008, -3.0549169385104844, 1.595369751187782, 1.3154605238001604, 2.1046293106712115], "infidelity": 0.00904128358096179, "energy_expval": -1.540223560219614, "energy_error": 0.018730004722515403, "optimizer_success": true, "optimizer_nfev": 3730}