{"params": [-0.00033152341117090745, -0.00032040213756095743, 0.0009568868012319255, -0.0003743591513017575, -0.00024566544817378677, 0.001961418842529968, 0.0006181968233923478, 0.0003459092913135925, 0.0034332325981127243, 0.0010223823478157463, 0.0012837137948701538, 0.000565263380399378, 0.0017530321421530088, 0.002851080812680058, 0.00045898437677141724, 0.0017197076724272317, 0.004030104883992233, -9.054757200208461e-05, -0.0006006353162340138, 3.022108812742906e-05, 0.0007059752914303293, -1.5259101702945023e-05, -0.002685841739665642, 7.651700103546819e-05, 0.0021974015206006185, 0.000628402195938539, -5.344595472310568e-05, 8.508483174447294e-06, -1.5276721259796948e-05, -0.0014883372428478084, 5.756275307103379e-05, 0.0028070075778334333, -1.420518868864505e-05, 0.0011368147457772521, 0.002579089418467302, -5.2602888303883056e-05, -0.0014504044237212696, -3.439424547544443e-05, -1.755465762030837e-05, 6.029124340435479e-06, 0.0022048015879462786, -1.1855616231535512e-05, -1.9540136269727626e-06, 0.0007834723958852936, -0.001074019194131631, 5.810440698419847e-05, 0.006250383909476796, -1.5737576804585058e-05, 0.002256224269050025, -0.002453495978694453, 2.522731743628337e-05, 0.004161265791440096], "infidelity": 0.00012214701722346177, "energy_expval": -1.836529470700145, "energy_error": 0.00012936861803969357, "optimizer_success": true, "optimizer_nfev": 1146}