{"params": [1.0079311482717794, 1.9649208197548436, 0.4935543294613282, -2.666629741532998, 0.5134334311909268, -1.705905127998793, -1.9815789675576174, -2.2932470552923525, 1.4916910217924562, 1.5177199855920804, -0.035613400014292314, 0.14142656327558814, -1.2208832959642764, -2.3146743647903625, -0.5485657537741169, -0.47799495981327733, -0.33006357193176455, -1.2347840947338995, -0.9884089692942639, 2.3704842215030277, 0.005310789998994323, -1.8736443793042141, -1.7874984289918565, -2.717023414243904, -2.330074781268324, 0.7422517138464396, -0.39364901231481786, 1.6374405191840613, -1.1571891748052983, 1.8307620242303044, -2.2675495725119057, 0.6703948096317133, 1.7796855973676176, 1.1984674669996578, -2.123969916580934, 0.11230132642254434, 1.9552274065988304, 1.324158582657124, -1.2052736976435001, -1.953273907182496, 2.4372170965866027, 2.3031025118318853, 1.8510362893897356, -1.0488173617618433, -0.7370566376204705, 2.3714789551793287, -1.1245179510794112, -1.143997717144569, 0.257881921859737, -0.4122871361223704, 0.4201392973758556, -1.386267752442397], "infidelity": 0.010610394659140265, "energy_expval": -1.8722802273911026, "energy_error": 0.019366385500374728, "optimizer_success": true, "optimizer_nfev": 5762}