{"params": [-0.24775324611305474, 0.0002328667669813235, 0.007409897110022906, 0.0004945824771222471, 0.003983947310246744, -0.0013684431225343889, -0.0007166219321117697, -0.007907276578898184, -0.0026499690924444127, -0.00031709232252951665, -0.0013035770156179004, -0.0008620114145824691, 6.30730531476787e-05, 0.0010012562760355872, 0.00041871341769891194, -0.0006445511156400278, 0.00010987786554822624, -0.0006226428431398363, 0.004558079316248541, 0.00027430838783384074, 0.0009046129644061563, -0.0021427547881384865, -0.005181224225492605, 0.00021876722188078233, -0.00026194276127337613, -0.00039109817622629955, 1.0818016514799745e-05, 6.145496109544536e-05, 6.770452184327978e-05, 6.608484538044113e-05, 0.0019261712687712541, 0.0037225488891182543, -4.5086424026929666e-05, -0.0038549394324409493, -0.0005693651474398244, -0.0016103678429340246, 0.0010934653980428605, 0.0006485650599735482, 0.002381513958042104, -0.0018568672124761897, 0.0015495182734955822, -6.379953177668552e-05, -0.0028025252656531385, 0.0005506705851836524, 0.0002110657370158282, -0.0014498738486849385, -0.0028843020236333796, 0.0017169822986568576, -0.002380756317774121, -0.000807231246289982, -0.002816318216546236, -0.002491948325781799], "infidelity": 0.00544042367266151, "energy_expval": -1.6042344438807028, "energy_error": 0.008795883978326424, "optimizer_success": true, "optimizer_nfev": 1090}