{"params": [-0.25088728745040395, 0.0005793259656864954, -0.008512554496072763, 2.5403182477468662e-05, -0.0011083554908155242, 0.0009044909091643988, 0.0003753066691744463, 0.008992089572552379, 0.0015619079818263864, 0.00030583791110706365, -0.0010110109062332077, -0.0004375806862267386, 0.001352529676136482, -0.002474186935412165, -0.0003553592255770294, 0.002877698376613315, 0.00039869040547508856, -0.0012222685626916612, 0.00015367040358887197, 0.0013581409161042923, 0.0017651917021445042, -0.0030376294807832444, -5.460324980410827e-05, 0.0033960715038303738, -0.002536800320764196, -0.0006839127916939808, 2.3243365518424102e-05, -3.562400894366138e-05, -3.623345771634973e-05, 0.0007646288417375306, -0.0011163437815311778, 0.004229838528182172, 1.6729989856742134e-05, 0.004615493231898023, 2.4494956609655004e-05, 0.0005183327721558906, 0.0017540382743203805, -0.0018872606882543777, -0.0017694781545584477, -0.0016975006477514601, 0.0006403360148415173, 2.4525118006742995e-05, 0.0004771731277706725, -0.002071968316197938, -0.00041106061371008724, -0.0009723403117759858, -0.0013042431700742972, -0.002572188683476305, 0.00018368046634929393, -0.0002445451377660665, 0.0010611555132086531, 0.001976164486474785], "infidelity": 0.0030655674117870957, "energy_expval": -1.7110561847751797, "energy_error": 0.004680248420344979, "optimizer_success": true, "optimizer_nfev": 1096}