{"params": [-0.1036973557293786, 0.21988502086876813, -0.16790559991857176, 0.04633301023368506, 0.0037924535755416416, 0.04995222412178393, 0.04811324853535083, -0.058133866219679864, 0.4793416952726295, 0.15766504516684396, 0.05108365343734235, 0.18562120623293396, 0.12200510256967338, -0.14074590014838723, -0.2156705440763933, -0.0063291289033139105, -0.12318147728986677, -0.07774373572919926, 0.020678123170171637, -0.11870949434936039, 0.043694062174610235, -0.0029890188711358618, -0.002960508757123736, 0.0007067869191723021, 0.028960359648895952, 0.000605357944723202, -0.008696367911893725, -0.042856366125908575, 0.0013148229147684621, -0.00848119432592997, -0.001494353535744356, 0.016571671158482074, 0.006502114293871069, -0.0014522219711995382, -0.013494824889365454, 0.006346537871969721, -0.011498708567519429, -0.008527370638882013, 0.0037286670395756116, 0.05192808906380218, 0.14452658962443932, -0.12268577740896247, -0.0008757568037408104, 0.006734915150856351, -0.12368290913197602, 0.006313323386536683, -0.0027757098247539903, -0.010819132400627941, -0.0011623201871426509, -0.018026908788948137, -0.08413059873293167, 0.028940364471453667], "infidelity": 0.3911821464360208, "energy_expval": -1.6300215174308141, "energy_error": 0.2617264111219366, "optimizer_success": false, "optimizer_nfev": 10000}