{"params": [-0.24662073163905762, 0.0006546538582567323, -0.0016380409003867943, 0.0003216466127352836, 0.0019761518136477275, -0.0005043266980318284, 2.4876488979768982e-05, 0.0038682902822502496, 0.0037873984379681834, -0.0003771505344634517, 0.0006470897057306598, 0.0005920598791594547, 0.0007568930211424446, -0.004620654552367787, -0.004522745939684345, -0.0031312412557934588, -0.005267904462526413, 0.0009666564526511843, -0.003156686553823397, 0.0020224563172918544, 0.002596694981262466, -0.0006436865380811019, 0.007348832637244075, 0.0037462634909152578, -0.0010520755574478556, -7.699724368741673e-05, 2.0717018298684967e-05, 8.985761213802273e-05, -5.385355291947859e-05, 0.0016408687924849134, 0.0063926112980798476, 0.004716091521736416, 0.0001330707609182892, -0.004381100112316918, 0.00020546291896068853, -0.004129751036234463, -0.0008854418621316835, -0.00021406495012408114, 0.0012308241273370755, -0.0011001612691382689, 0.00017375964326818018, -2.9037127452964042e-05, -0.0010432360150800933, -0.00808633461776667, -0.0011860038319857489, -0.0034585196778295934, -0.005972686871408838, -0.0005597312912873144, -0.0025884488357504694, -0.002524056594062602, -0.005166808501072957, 0.0025943836338992343], "infidelity": 0.001428630450955204, "energy_expval": -1.5262056454431445, "energy_error": 0.0024961426053478064, "optimizer_success": true, "optimizer_nfev": 1153}