{"params": [1.3800027746523351, -1.4585274104244548, 0.8910640580744736, -1.9577461531065408, 1.1911273654360348, -1.6412460208270563, 2.460703110710215, 0.07823658383134789, 1.3906060210930504, 1.8950889368314279, 1.3896304799116646, 2.585057457511227, -3.5102685441008195, 2.7268202326582713, -2.010184210169397, 3.5486166485420556, -2.4111570153510518, -0.05538379513902764, 1.0034031498008658, 3.459642969200249, -2.4963367749550125, -2.9727517967627635, -2.404940390459284, -2.6333579226604544, -2.199775417704834, 0.23019353396140835, 1.9361440414180777, 3.1861196920985346, 1.101304867969862, -3.177719331721967, -3.01459435431766, 2.4627874731114083, 1.428868349271345, 0.6149937459687409, -1.952533653315472, -0.9896490165089091, 0.1799014453733695, -0.28145365706053316, 1.2286510887742652, 1.7809938876803253, 2.866242550244757, -2.3634296024576735, -1.8105845792173667, 2.9908089706827385, 1.1735204154242114, -2.209541671501714, 2.625248851043686, -2.681123810144467, -0.4293684016632697, -2.18194588575055, -0.8713148451243178, 1.3527555667864872], "infidelity": 0.02033143284634309, "energy_expval": -1.7697972304056164, "energy_error": 0.02864489919914459, "optimizer_success": true, "optimizer_nfev": 4021}