{"params": [-0.42576420633560036, 1.9018399721891208, 3.394918684707549, 0.03706969029005358, 1.3714095540314382, 3.527733180201972, -2.7965374022702334, 2.8423272122235934, 2.5790037710593094, 1.362324959895126, -0.5920911952753481, -0.24451327554030813, 2.3862677765614833, 1.2796289203674394, 0.16162509607024783, -1.5112314527285897, -1.0709827183738834, 1.9090229750640908, -2.9983282428636246, 0.7158523917594072, 0.3050324627863958, -1.1228557604175935, -1.960684297680642, 1.2303118798167711, 1.4597587239510688, 1.3861124250345729, -0.9475773236710913, 0.16288432618202367, -0.1124805319048058, 0.28391643214693923, 2.512781470430454, 0.39396815100970206, 2.8795123871910633, 1.7770090607813276, 0.24991297549384736, -0.6386276220204107, -1.828445158517457, -2.5290221654201184, -2.9171780427864475, 1.1672311779644533, -1.1331447772798666, 3.031776286355774, 0.12587099332331722, -2.9535474198235083, 3.0054063205567916, 2.9660603254205644, -1.1340804156935178, 1.7301293710068537, -0.04286558856437555, -0.802172588453647, -0.3729272582535244, -1.3212385957423665], "infidelity": 0.02710011433807491, "energy_expval": -1.8244060068245962, "energy_error": 0.04109692480879801, "optimizer_success": true, "optimizer_nfev": 3562}