{"params": [-1.955289754671407, 0.8907116860993679, 2.2635130975125692, 3.505797163348828, 3.1332789643432335, 2.622478996617071, -0.06018264314682659, 0.21803646624732953, 0.09609354451004068, 1.4260774780851555, 0.06658972297732371, -0.39925814844607393, -2.0355058810871167, 2.742802257201087, -1.5090200395310034, 0.15262697922010982, 2.3621465848695014, 3.071116943279638, 0.4059084695802895, 0.4593045732413371, -2.8752294728032393, -1.4484751289257287, -1.7547583563310305, 1.0324248331916406, -0.8213558830492972, 1.2324668015700935, 0.5944405626744486, 2.939295655418643, -0.4583614383738081, 0.5909966918372511, 0.7551999538078493, -2.8105865616766894, -0.7534358199982382, -1.2573765351313764, 0.37540656063387995, 1.339679421836407, -2.6778591633927347, 0.17906011884289164, 2.6210693338267137, 0.43186626794495664, -0.5161760725031536, 2.7960785851811027, 1.721917358653034, -0.40110851260433456, 0.9040877263961878, 1.7757813673198082, 2.4085471894044996, -0.11346691505681504, -2.2391176995011595, -0.23814752770387984, -0.9826533336816926, 2.589674107369115], "infidelity": 0.005041965169634399, "energy_expval": -1.847610236379619, "energy_error": 0.00995160256283456, "optimizer_success": true, "optimizer_nfev": 4398}