{"params": [2.5321765326070484, 2.613738786395908, 1.2484927070258558, -3.1443827363476267, 2.675402791752796, -1.0344441266978714, -2.073788529064608, -0.6161247733668175, 2.127037974934037, 2.5974983587189255, 1.4973681313952414, 0.07182906675840811, -0.04050701873155567, 1.97233088072604, -1.1323184718835118, 1.4789948957547372, 2.877556538895603, 0.0332204671399404, -1.7336249666258257, -0.3510208825686692, 2.410347256135334, 1.656529814876443, -0.4967271185931261, 3.1117788239930064, 1.6557011700544682, 0.1440748322697225, -0.48686695508682687, -2.583647418770775, 1.5999030852457974, 2.488874732438399, 1.7607818174207284, 0.8376853772474513, -1.771126339574292, -3.0043231858011348, -2.2156244404941168, -0.22112479034083923, 1.1643726128449652, -1.7421605793222685, 3.0125598961429305, 1.8755112440459931, -0.20828877708432633, 0.9240755874969759, 0.26886273805311256, -2.3107210260667337, 3.122847066990454, -1.5449153176800539, 0.6202696471897302, -2.695094745628574, 2.691377077839792, -2.695879400882419, 0.5581038484444621, -0.14245711367247904], "infidelity": 0.005871704202222938, "energy_expval": -1.80752360739407, "energy_error": 0.012405974665831376, "optimizer_success": true, "optimizer_nfev": 3830}