{"params": [0.00011463995554803256, 0.0009145415537108772, -0.0012963849377654545, -0.0002499362040905232, -0.0008727902959478521, -0.0009418155892729705, -0.0007226478628798153, 0.001023745542214755, -0.0010641403761255008, -8.125181729128573e-06, -0.000422360767550526, 0.0009087708748075048, -0.0011147775000674013, 0.0005508184162532936, 6.224968951925081e-05, 0.0001311065839194492, 0.0036079186501079582, -3.671721139648537e-05, 0.0006298598663026538, 3.7952018035021446e-05, 0.0003407330318410593, 2.4268706611413105e-05, 0.0018314603085126846, -1.6123030745850213e-05, 0.0020312191296792074, -0.0006180159732574768, 3.719594368288149e-05, 1.1932009018201196e-05, -4.79617837052124e-06, -0.0017675376704815997, -1.5843562482488938e-05, 0.0023945805399231586, 1.3794284019262973e-06, -0.000979338096032078, -0.001869966953844221, 5.493344745876527e-05, -0.00178831033684267, 0.00012431495167599866, 5.880227748387983e-05, 1.6291746513478956e-05, 0.002073822359395535, -2.2234020528378494e-05, -2.064802895747406e-05, 0.00035510962416179884, 0.0009255135082716727, 2.684435978405123e-06, 0.0037207183084116404, 9.196572256024124e-06, -0.001719672787859596, 0.0016566715709428735, 0.00011975882322163641, 0.0043077344342305375], "infidelity": 0.00015801443237328794, "energy_expval": -1.9713645546170573, "energy_error": 0.0002009618230722765, "optimizer_success": true, "optimizer_nfev": 1059}