{"params": [0.06525258269736474, -0.555804826928864, -0.35514654239633187, -1.0663653724038162, 2.4126551895909216, 0.8137596906107785, -0.581882799972426, 2.2896542005047946, 2.407078422451154, 0.9824467693026219, 3.090547257517431, -0.4781904771101893, 2.586838316024003, -1.5362024635300224, 0.22076137635910303, 1.1504154074185626, 0.37411635857276776, -1.183066221582295, -2.4306887942656594, 2.570394794759345, -1.9997426470810096, -3.0098400392915594, -3.14440371741045, -3.0405344883253957, 2.458189508571409, -1.3997740373787426, 0.09796981396928639, -0.42409999915694835, -1.277231317850298, 1.3883232876724185, 1.105497656399545, -2.825035422673207, -0.762023125749481, -1.8749189774608177, 2.7636475829603846, 1.463485759330343, 3.099632979446609, 2.5442177585367554, -2.079469860532554, -0.9871389242062167, -0.8146606998241288, -2.241545096295007, 1.3413804102034645, 2.4735834285704956, -1.4741162630692604, -0.48237062409400094, -1.5712111087594907, -2.5685446605276527, 1.2061780566557603, 0.22530701401335418, 2.0665856059573735, -0.8710083188394654], "infidelity": 0.02324245394110802, "energy_expval": -1.6080652825816135, "energy_error": 0.030037266105647165, "optimizer_success": true, "optimizer_nfev": 3632}