{"params": [-2.97476977181194, 2.9879843233174026, 0.2341844453897073, -2.465986421755414, -3.1348222291892998, 3.5134398847930965, -0.8068240936830948, -0.8710586605620224, 1.5682615659378076, 0.039246536954927976, 1.4496620574353942, 1.2192910292371388, 0.002254510976019192, -2.522030446401398, 0.1375657638445346, 2.4921182354605573, -3.126686704609132, -2.0037969574983987, 2.5081544319919677, -1.9318966904585433, 3.068531577678632, 0.8550096535793343, -0.7884499975835846, 1.335717790391781, -0.199575469093391, -0.2443182690640613, -1.8787184066258549, -2.835487881611947, 2.1661867832717805, 0.35736704007876424, 1.8432120264555873, -0.7549280375619972, -2.0149282294205566, 3.0678634663455977, 3.0718665584301177, 1.9384060995909138, 2.4603815393596915, -0.2605662296353688, 1.2284627614912127, -0.6973803261034897, 0.5240767723653287, -0.17216888270445288, 1.870931037412769, 0.226336396252171, -2.983689136396752, 2.7492707022383316, 2.978793022432215, -1.7175020268319856, 0.3664407004895473, -2.921784867897236, 0.49109694447125146, -2.2364892484536263], "infidelity": 0.005637133055673038, "energy_expval": -1.5846404612439833, "energy_error": 0.011989148554142792, "optimizer_success": true, "optimizer_nfev": 1727}