{"params": [3.0815551149920033, 1.503974642426968, -1.1923073092495204, -0.22669448282654872, 0.4397682460233058, -2.825826388802335, -2.4730669128548657, 0.4802698686527785, -2.508111305388461, -1.3171732251027584, -1.4215883120065071, 1.4812015995806849, -3.030132256141943, -1.2768457241905349, -3.469424853602901, 3.47018262603974, -0.31056444076669937, 2.19915361408252, -1.1104475894227348, -0.8066001699272388, -3.078250519237517, 1.2274131581465968, 0.9018375339584164, -0.006302840161078779, -1.5710387916695185, 1.4169280604196703, -0.6099616176695157, -0.673224562588062, 1.8920936581903718, 0.9173486879521744, 1.9990497983678839, -2.0648690025861085, -2.317998607961885, -0.2196654332145287, -3.0800444631263106, 0.5350715505061067, 0.8274950506806859, 0.6821455666087106, 0.3662483968249181, -0.4304639269675509, -3.0734799635781256, 1.5620261155292514, -0.647761389980561, -0.3681798617508366, -2.03699717008818, 0.6931925500387978, 0.12916194790669427, 2.5591159023223544, 0.5938271587583481, 1.125977891067846, 1.448474275475573, 1.940334552506695], "infidelity": 0.00511000294321351, "energy_expval": -1.5429288793370162, "energy_error": 0.014351873180177721, "optimizer_success": true, "optimizer_nfev": 4002}