{"params": [0.0007479134912214025, 0.0008952935996461522, 0.0008261401907001594, 5.339792724479845e-06, 0.0007513383999823199, 0.000541141646610557, -0.00028887445593234467, 0.0003149746309967726, -0.021983424465358645, -0.000503752215163549, -0.004724051045040663, 0.0011095675989936326, -0.0024807669561307684, -0.020888157922245878, 0.0009154666763794704, -0.0034182140113666703, 0.006222080313171969, -3.7876748183922404e-05, -0.0005084329688529815, 6.298871010876716e-05, 0.0007763290080777784, -2.7027526893704445e-05, -0.004942807250771902, 5.9184863514364174e-05, 0.0010325073392896933, 0.00037813615268953, 3.2364268528798634e-05, -4.986259131443893e-05, -1.6625300144348036e-06, -0.0003203954159321922, 1.2990100707734492e-05, 0.0027601219934256147, -8.23623720991529e-05, 0.0007465901799488525, 0.004875059206642371, 9.524596696019146e-06, -0.00032349355941543834, -8.05268241854605e-05, 8.257221429225585e-05, 4.172352161082351e-05, 0.0010938250619329513, 5.3823820585944344e-05, -1.1792055806460047e-05, 0.0006818238206213903, -0.0006860754334974441, -3.5568852746756626e-05, 0.006331389684472811, -1.5334969003530687e-05, 0.0025008094876899714, -0.0024643175526920967, 9.655363980132688e-05, 0.004506282495462168], "infidelity": 0.00021416412992847356, "energy_expval": -1.6378615926127358, "energy_error": 0.00024095607452490064, "optimizer_success": true, "optimizer_nfev": 1520}