{"params": [-0.0012250035126893245, -0.0017566764817224317, 0.00024195662943479005, -0.001066734281140704, -0.0007942298271320533, -0.002385226626800194, 1.779158744348112e-05, 0.00020371959603695503, -0.01882007664625543, -0.0010762328407576953, -0.0019620298431408845, -0.00026204960126741285, 0.00014917048446343, -0.01807106153479555, 0.0002789322667256428, -0.001337343818709932, 0.004717554815823093, -3.5560460087451866e-05, -0.00019072489728253064, -2.800537406827921e-05, 0.0019304893871863865, 5.113775937349619e-05, -0.0061436963927032845, -5.772914127261172e-05, 0.004382680843123159, 0.00023692005820816233, 5.689856743015623e-05, -4.337555870384811e-05, 2.115548051258563e-05, -0.002293169086167472, -3.868897546885765e-05, 0.0028220210341635397, -5.803706870323056e-05, 0.001339221419628409, 0.006025008837450666, -4.168931231653331e-05, -0.002334368928929303, 3.853015140322502e-05, -5.7345086165332594e-05, -6.834625762660016e-05, 0.004394854372761914, -9.317086851153194e-06, 4.84884955954133e-05, 0.0020654723254404242, -0.0012283811566752483, 1.549163283849187e-05, 0.020968350945953017, -1.904387939296849e-05, 0.0016395132436719127, -0.0017255345086548645, -1.9516403097684715e-05, 0.003252137151240247], "infidelity": 0.00012918194917610482, "energy_expval": -1.8653588672319337, "energy_error": 0.0001440644014605308, "optimizer_success": true, "optimizer_nfev": 1753}