{"params": [-0.5095299827457018, -2.0014984750718203, 2.564393663677272, 2.1627290580257634, 2.179989345485043, 2.5346944752284544, 0.7890860864114904, 4.46854009594649, -1.7877734215214784, 1.3949328435992898, -1.4760596877631682, -1.0593647792383571, -3.208961636107321, -0.6670837277135205, 0.3475623577132292, 0.4683704456229993, -1.0218732458488498, 2.614988341123584, 1.208626632013237, -0.7967164716189998, 2.492663112682772, -1.0245649296188908, 0.229470312090964, -2.96433080120792, 2.859658375660672, 2.4317392961350524, -1.2440020411312072, 2.835067169486065, 1.7752570019437925, 1.786067111226108, 1.0627859242359177, -0.5655771983814146, 2.0272514976003966, -2.7201648146628212, -2.131466093442095, 0.28218784306602585, -3.048687325607571, -0.08815953624031715, 2.259652933978395, 0.15044695397384017, 1.8468857148430229, -0.5387411962300585, -0.2769358429527304, -2.5030905023969847, 0.06410574105937561, 2.806886911863193, 0.8870771446732326, -0.9873975321095526, -3.088156253202621, -1.8762992607404834, -2.6200798374154255, -1.5171236431757844], "infidelity": 0.01665169024733759, "energy_expval": -2.1151351934754326, "energy_error": 0.028640039603912815, "optimizer_success": true, "optimizer_nfev": 6693}