{"params": [1.0029139489626957, -0.0010041847745637612, 0.00014974460775316666, 0.001743595430726031, 0.007078667019556646, 0.0019172247822004638, 0.22721820837652254, 0.18155560763734296, 0.001006150500802506, 0.007596012052138222, 0.4950699850363486, 0.17788929284132357, -0.007249596800230285, 0.00792662719517874, -0.03404041901281424, -0.0037179525509706836, 0.030174238823253978, 0.13322904107776426, 0.002402724837180656, -0.00425494473922542, 0.07405412222470016, 0.00304481240269981, 0.010900666438896698, 0.08892977039959768, 0.12443793033926095, 0.07163518142104448, -0.09061644985949888, 0.16680356554292425, 0.05828329014187675, 0.002876498102548555, -0.20182185929693658, 0.09945625021114458, 0.04970692391794832, -0.008570572181485001, 0.06510234226490076, -0.014864324508317265, 0.09433925000141118, 0.09353955930273113, 0.20217338732279574, -0.09657377730744326, 0.0005970479959184697, -0.00015283047541393618, -0.05854384928369005, 0.09886872807652072, -0.00024434959008440814, 0.20242453694740659, -0.043920660644157075, -0.1315112713582348, -0.11225997115636509, -0.03977723208315872, 0.09316103306906597, -0.18714947821899766], "infidelity": 0.002862615510296096, "energy_expval": -1.5874320183111885, "energy_error": 0.005012994683798233, "optimizer_success": true, "optimizer_nfev": 2573}