{"params": [0.003354242311308249, -0.0014093376986849225, -0.002976256899214738, -0.0004234739149556709, -0.0006943084336497034, 0.002584906533339899, 0.0005591846721493742, -0.0007557974443890139, 0.005846273203758492, 0.00043669730820937604, -0.002082680307800609, -0.0004336738767917496, 0.0005522948406375952, 0.004875142412216573, 0.0005880933236480416, -0.0007201218936290133, 0.004577265193243697, 1.7372566719217624e-05, 0.00082023405236436, 5.613624170865384e-05, 5.883055094618875e-05, -6.568602931255733e-05, -0.0005966322347569775, -3.982818097128156e-05, 0.0007735719252042048, -0.0006639999522756765, 5.20077853915897e-05, -4.3567290272924497e-05, 1.3554310585482001e-06, -0.0007195931947351085, -4.20257274979491e-05, 0.0023015434853649176, 1.3507433870175723e-05, -0.00038716194845513617, 0.0005061150825145817, -7.969492562464707e-06, -0.0006914704675450365, 7.139940542191327e-05, 4.219528044149187e-05, 0.00016675578551157117, 0.000739295203889392, 7.414159670363585e-05, -4.0097691431599366e-05, 6.180684221604949e-05, 0.0004812216015445142, -7.205932438833742e-05, 0.004470025506994422, -8.451272306370566e-05, -0.0035347191799694486, 0.0037940654281476, -6.673711169183229e-05, 0.004022814536963069], "infidelity": 0.00016228895793424236, "energy_expval": -1.402472910402172, "energy_error": 0.0003099868751532675, "optimizer_success": true, "optimizer_nfev": 1270}