{"params": [-0.5010719893146331, 0.1698636641417327, 2.887685328833171, 2.2264373096398185, -2.734771130390209, -2.30920064684879, -2.5002748494126634, 0.032994942349658274, 2.08321587182066, 3.4837953706302414, 3.086191111290177, 1.4995701433406332, 1.9099491645371485, 1.7554187490303648, 2.4862211841669613, -1.7223450343505533, -0.5069210849808102, -0.32404800781044607, -1.1098924029459005, -2.385773069118972, 0.6098460071681332, 0.35108450280849673, -1.7001297911651916, -1.4455877009532476, -0.9777836697403182, 2.454792229324216, 1.139092942640571, -2.5488345619027686, -3.105257110790326, 2.576291585172599, -2.841968973663895, 2.9599431308140427, 0.9322876460788128, -0.46936863238896886, -1.8873337405424717, -3.0862338530370113, 3.241490505954008, 0.8576004394246403, -1.2334689019457097, 0.3373066899119203, -1.622031256772749, -0.43989340743741734, 1.6372147166568272, -1.2563869299676418, 0.7786097261948268, -0.6270837598003915, -2.396355574773171, 1.7837186338883375, 1.8314215336384507, -0.8695924322402522, -2.5747111212840554, 0.7457564315760238], "infidelity": 0.009245645156384485, "energy_expval": -1.866010372073131, "energy_error": 0.02088761482906598, "optimizer_success": true, "optimizer_nfev": 5113}