{"params": [-0.4418093132223639, 1.6493804717612532, 0.15221381532589556, -2.920548863293925, 1.272022199663434, -2.1856851059218005, 3.4531977498989033, 2.2789339965241693, 0.829860680778935, -2.5243293525172184, -0.8623849481935562, 1.6525174402548182, 3.3245328553671287, 2.5584681645055847, 1.892690049908133, 1.5193090425385818, 1.624982668646074, 2.3889310641767554, -0.8805851105117847, -1.2863022709538865, 0.9596762093614568, 2.731318009367045, -1.2944322751362243, -2.362034556318517, 1.6157977400154702, -2.535481610106621, -1.0887829548440624, -1.1300657385095052, -1.478898857089595, 2.5237130111084, -0.30930406187398024, -1.4765958292580221, -2.6143735139762256, -1.2132938684632635, 2.271010541214253, 1.7271137230647586, 2.6402237232322747, -2.817472366692587, -1.9331287980749932, -0.5473321520543116, -2.1670744110839135, 1.4341476414101628, 2.3560349924628654, -0.5354125917880922, -1.836885631628801, 2.7240998424929344, -2.3105817829916973, 2.9695414219780174, -1.6829651391803062, -0.5120519128150774, -2.4776011047294126, 0.38135332901564084], "infidelity": 0.10140806779158484, "energy_expval": -1.8363878696605602, "energy_error": 0.07243749595435545, "optimizer_success": true, "optimizer_nfev": 3198}