{"params": [-0.4423606488459009, 1.424186541878138, 3.2935873737187267, -1.8432689961685265, -2.242133437181088, 0.03168460783532879, 2.5033907391717416, 1.2188353120407904, 0.41327849743165035, 0.6831555915110092, 1.8439039077784516, 0.5055336544178629, -0.2346070111546334, 1.482362465666186, -2.8319341755962872, 2.3466048725824367, 1.0857522745752384, 0.6130343600648216, -0.3881733682536973, -0.2737334150109716, -3.0385835804761916, 1.0593376092082512, 2.771631529891671, -3.199010260544552, -3.142251387314058, -0.6744674959758148, -2.7156228948654992, 2.926418586935394, 2.998930044648254, -2.5455351277674865, -2.6383886736459887, -2.526138683774239, -2.9052552041431694, -0.5596173453880996, -2.1894315153149093, 0.5666595601029287, 1.3229969695844823, -0.4962212126551469, 2.8603985941180836, -0.44694641707036403, -1.72394586346801, 0.708947045543291, 2.4671152203272175, -0.9954487205100672, -2.7913652402069014, 0.17492930827364855, -1.7474821674351895, -2.9325292618261054, 3.0130460438020266, 1.4919588598628644, -1.1261162947461445, 0.09076482392946378], "infidelity": 0.05266698488579702, "energy_expval": -1.8660525683099527, "energy_error": 0.05153630145854904, "optimizer_success": true, "optimizer_nfev": 2961}