{"params": [-0.0008998492968137504, 0.0010060184995529223, -0.0007825042399187977, -0.0007251343993792367, -0.0016795245296610584, -0.0015958582496889216, 0.0008715092851884015, -0.0012882122084137094, -0.02107593322852551, -0.0004316335609879659, -0.0010270241782394597, 6.276175816667396e-05, 0.00013070893894620198, -0.019516698198902917, 0.00032645335006400186, -0.0021458598009419408, 0.0037707630299343787, 1.3706739686897786e-06, -0.0008024303811993025, 0.00014184368053729387, 0.0011051954785666128, -5.8343458732670184e-05, -0.0006244499264941411, -8.508077099003928e-06, 0.002482307791233758, 0.0007539271563836476, 2.9711258658134852e-05, 1.5010980305310669e-05, 2.708372047724902e-05, -0.001320280626155651, -1.4421265936965611e-05, 0.003295855033502977, -3.820280868358859e-05, -0.0004377776162712817, 0.0006834843579917213, -6.049991409088787e-05, -0.0012880440395870007, 2.1058962237025466e-05, -1.7961394245309108e-05, 5.337350244393987e-05, 0.002371555957993938, 2.3892764351269905e-06, -1.112157615063918e-05, 0.001149738324630607, 0.00036937796499003915, 3.8826803993120815e-05, 0.013128636423634878, -4.030759815252236e-05, 0.0030080599376593503, -0.0030430116081348792, 1.8331226625640862e-05, 0.0017965239139131016], "infidelity": 0.00011855982466435488, "energy_expval": -1.516083805768728, "energy_error": 0.00015843599647324957, "optimizer_success": true, "optimizer_nfev": 1359}