{"params": [0.00019141320481767246, -0.00012385774344522433, 0.0007509661852858752, -0.00041928384999630045, 0.00027654324567504484, 0.0006780182548648202, 7.617943473630387e-05, 0.000727293612093801, 0.04204294441940083, 0.0006704047396285906, 0.0009221397794074905, 0.0007585744125125863, -0.0006099346403075151, 0.04172541621317513, -0.0002703110524317415, 0.0009692658271647066, 0.005850482665161444, 4.750619627448245e-06, 4.361678274846646e-06, -5.650982124186756e-05, 0.002126441802351353, 5.8569858718750934e-05, -0.00040008749624402664, -1.2698615917559153e-05, 0.007778508531431233, 6.293114400055758e-05, 9.791854586203491e-05, 3.002082065666332e-05, 1.6811477789009154e-05, -0.005767940237485553, -9.033719006320465e-07, 0.0038263788956722712, 6.847106436301945e-06, 0.00018197352698086608, 0.00039754831793472077, -4.999419145918688e-05, -0.005660708106817875, -2.080078708132242e-05, -3.407125530325123e-05, -5.213390952037507e-05, 0.007810567019150729, -2.815938746903763e-05, -6.692105192897616e-06, 0.002071288064262687, -0.00017957389058087623, -6.399310345905736e-05, 0.0224636883041098, 7.855109601861126e-05, 0.0002396516909860168, -0.0002131267907827634, 6.506555482151462e-05, 0.006606219053632196], "infidelity": 0.0002263736442548181, "energy_expval": -1.9085169754871878, "energy_error": 0.00030839012772787555, "optimizer_success": true, "optimizer_nfev": 1874}