{"params": [2.4698411084743728, 2.352875238010691, -0.522758072415517, 1.8828797555122625, -1.898598059578961, 2.7086871502486938, -1.1248836715206791, -2.506642790467787, 3.2171762892292826, 0.5370992573219266, 0.2820126152951639, 1.1760177306300137, 3.4679141666912257, -1.8929098610978787, -0.467657419472011, 1.7163817012285638, 0.4006632866219194, 2.952581370409022, 2.0220786211007673, 0.8751859629888037, 2.2484840309356025, -1.5342071387929117, -2.335165999454972, 0.1779964173129952, -0.38227526810364193, -1.869147127661047, 0.17302231072579988, 2.111863206661458, -0.786981052478582, 1.6292334682106682, -2.4067234447177395, -0.4398909016387663, -2.8123271431285577, 0.014642624464647423, 0.8286462981617746, -0.5711712493419716, -2.75972994127844, -2.3158564931437056, -1.319835397917776, 1.9708342287450091, -1.3804514018373257, -1.4581152598562959, -0.8173760423298241, 2.63109714447778, -2.9104793020645148, -0.37414360043590805, 1.858094599184066, 0.22202886308473035, 3.1237171462866193, -1.447246059437329, -0.3947619722653128, -1.8587250806245068], "infidelity": 0.004924074959877345, "energy_expval": -1.1129507471051618, "energy_error": 0.012126162784435568, "optimizer_success": true, "optimizer_nfev": 4249}