{"params": [2.496547539795963, 2.349917068131825, 1.531811665989844, 0.6236701476285151, -0.995431203298631, -2.5016496018872636, -0.15497343955359633, -1.7065976401947864, 2.991311450847673, 4.22130870448909, -2.498311121829158, -0.6552492482529118, -0.4997804341645042, 2.4284954683367235, 2.9917696245346637, 1.4972475640551866, 0.34737290722544506, -0.35176813744538327, -2.726860576845761, 1.4158453156437334, -0.34334346803971855, 3.016431154758279, 1.4882245770951836, 1.1708097774953234, -1.5033210152550047, 1.6050627738333942, 0.14380700530652493, -2.313976794548945, 2.2590804250605876, 0.8617786848725197, -2.2755831570553204, -0.7492625904089041, 1.0675867043743896, -1.7963171350037819, 1.6323747441140326, -0.5262561630034768, -0.9804580765258268, -2.4822566336608554, 0.8135932749235357, -0.35314111091717315, 1.7031048445240686, -2.731321172495471, -1.164605052383116, 1.1389909710208452, 2.8149950962476615, 2.6570686614228003, 0.901255835788148, 0.033452767576515455, 3.184446446625366, 1.4768888480638973, -0.12904663575835962, 1.8518749185425665], "infidelity": 0.009161396809640121, "energy_expval": -1.4752098813979495, "energy_error": 0.01860304389542433, "optimizer_success": true, "optimizer_nfev": 4741}