{"params": [-2.7252909998775046, 0.3673612378004508, 1.2759396918906623, 4.457835685295432, -1.49960309465386, 1.7988492216037009, -1.0538001657405784, 1.6642342275085347, -0.7466937758029601, 2.2452779213099587, 2.4977445269279324, -1.8540601889320276, 0.6976209164263181, 0.5257390750364483, 0.7519396610934372, -1.381122944696309, -1.112205120247862, 2.0763273422096327, -1.778361181061052, 2.594721381906243, -0.7762283375797085, 0.959820755188993, 0.5175184558390502, -1.6948046477451417, -2.1806275717868524, -2.1098998335397328, -0.9304304387704441, -2.571965405419145, 0.6584911063615002, 1.631484527784666, 1.5775431164758433, 1.7450733402195038, 1.751325432253751, 1.6558369992672166, -2.570807089362935, 2.2143525911147504, 2.5862705400009047, 3.1824174848114186, 0.3170725396619887, 3.1335215290609852, -2.426097046630729, 2.0314830583070598, 1.8064004138512824, 2.2364225684953825, 1.3121358169848827, -2.355847627520763, -1.094243751943089, -0.2825951088426606, 2.8310117223327866, -1.0296800800219028, -1.6172123628024375, 1.138639126793362], "infidelity": 0.008131680135217811, "energy_expval": -1.4856664074712995, "energy_error": 0.017740012341246114, "optimizer_success": true, "optimizer_nfev": 3690}