{"params": [0.0015055829191445067, 0.00014733273503324859, 0.00039952348935137424, -8.811506936005196e-05, 0.0010037251296050342, 0.0018361679541352898, 0.0007550430782957059, -0.0013033499866184934, -0.007409298622294859, -0.00012833874515519637, -0.00016883666449827686, -0.00020411967974279826, 0.0007020863116778234, -0.004654264248851672, 0.0013338452599084712, -0.0008558628155060281, 0.0031820358148791955, 4.764503235492743e-05, 0.0005450372669204152, 1.1426906132777775e-06, -0.0002539187076013433, -5.978391223138782e-05, -0.003347382472522627, -5.898304023127152e-05, -0.0002998694686350323, -0.0006195345894833853, -1.1228236576940443e-05, 1.159647781211614e-05, 6.370678509925186e-05, 6.483319694920707e-05, -0.00010045759949479322, 0.0025167324098289592, 6.324134798169213e-05, 0.0012001227665251583, 0.003275676013969488, 3.8638620266984434e-05, 4.138918271980969e-05, 6.666442062682989e-05, -4.615740495494428e-05, -4.929072362759155e-05, -0.00039770311095215676, 2.252846569320244e-05, 3.5153650485844057e-05, -0.0003114864030041661, -0.001292755230922872, -4.291994580323101e-05, 0.009654230939606354, -1.9864799740852553e-05, -0.0025696524667475815, 0.0025183468003930165, 3.591083091631427e-05, 0.0023894246511512187], "infidelity": 0.00011962736895010373, "energy_expval": -1.4559389648455947, "energy_error": 0.00014869628791247536, "optimizer_success": true, "optimizer_nfev": 1402}