{"params": [0.00048425836023259787, -0.0010629175931341148, 0.001477474149799392, 2.5159933710229533e-05, 0.00012810662393484203, 0.00024685134446998007, 0.0011291322894601734, 0.0007291674680746453, 0.003889279212312331, -0.0003194243970800684, -0.0004537952214112367, -0.0005943809829445342, -0.00042249147018579437, 0.0036883131569657233, 0.0008218308580669411, 0.0006196673753367662, 0.004176178210377325, -5.003338802343388e-05, 0.0011240272477022269, -5.9607441597422814e-05, 0.0014021844673849503, 3.588131584416429e-05, -0.004741400241993277, 5.696042016827674e-05, 0.003993665351080957, -0.0012047833485940836, -8.803897975718537e-06, -4.807144590858639e-05, 7.16893576756999e-05, -0.0024819286015510407, 4.224644754938277e-05, 0.0030169805712337997, 5.903726095092899e-06, 0.001645747705175848, 0.004705278658866291, 0.0001326463732008321, -0.002507020105807609, -6.054251386571229e-05, 3.6618441409701604e-05, -7.495368441478282e-05, 0.004019935063829991, -9.334485043485823e-05, -7.43528771054938e-05, 0.0016106614888005328, -0.0017569958125607714, -2.0645502243494118e-05, 0.016740925448413293, 0.00013154379602336327, -0.002382039802714555, 0.0022932168018286103, 5.4343286693861554e-05, 0.003091372803606737], "infidelity": 8.90420075400078e-05, "energy_expval": -1.9256404841683312, "energy_error": 0.00011851076365787527, "optimizer_success": true, "optimizer_nfev": 1296}