{"params": [-2.8261900704627663, 1.6921553612043227, 0.16798722114180276, 3.1327086681765075, -1.0561103391002717, -3.5025607454060137, 0.3640802846334468, 2.6483953850704895, -2.550748487068733, 1.961434763467425, -1.5417938333436352, -2.4264063271838165, -1.703691238327274, 1.6134001753404705, 3.4891268023175805, -0.6534854825681439, 1.8637808016348845, -2.7391278273043063, -2.8419381232383416, -1.8870498466294254, 1.3556201956204272, 1.9915186351754968, -1.2498675864041024, -2.50679791013033, 1.146478734776016, -0.8776464968932337, -1.7694806004565964, 2.0772923258835725, 1.2567438705005953, 0.36711505739007183, 2.019105986150493, 1.8739791770485787, 1.8435723840181315, -2.280658189139319, 2.725640749733691, 1.632550742786751, -2.807925819974593, 2.8595784626859535, -2.6495286376984253, 1.705972609377406, 2.061311695177708, -2.5032940478977954, 2.0760405459242115, 0.7648587724279001, -2.5376978577089595, 0.21918594889184265, -0.8693617039914854, -0.38109746843827186, -0.2150455365256406, -2.062305340991434, -1.5836694218049612, -1.2081140385297269], "infidelity": 0.011371311925323369, "energy_expval": -1.797211515217878, "energy_error": 0.017352416808196214, "optimizer_success": true, "optimizer_nfev": 5215}