{"params": [-0.5341822787965669, -0.14096961246818457, -0.7967282031209758, 1.5518803381141324, 1.3314304891969917, -2.5110353527182467, -0.7467187219824435, -0.9311333448309997, 1.7290478369401738, 1.6172460231879269, 1.7185791749204828, 2.4524006276123407, -0.7603362751936358, -2.024972792861037, 2.508648800095758, -2.690288471020851, -2.1809258761367034, 0.587512434122298, -1.4022858493348636, -3.1222298249805744, -1.0362797100440848, 0.39543310448664687, -1.6587697329422155, -0.11174100048796912, -1.374400111529028, 2.2499373083021004, 2.809794604246731, 0.7801400144579526, -2.5206854796219287, -0.7270103022275369, 1.459358757543016, -1.6593367644008181, -2.936401403138382, 0.4951174069531829, -0.2512547859738693, -0.31166964642525236, -1.962335572155242, 0.9189277812414048, -2.8299293953645663, -1.8960501479527743, 0.7130195485333534, -2.7150254729675782, 0.3307939121824809, 1.7601547058697442, 2.9707847224266173, -2.6243768423384806, 1.1267447960429176, 1.8959651634686392, 0.34961458267523204, -1.37401788575512, 2.1606146980753613, -2.5668372657632292], "infidelity": 0.011293777152510232, "energy_expval": -1.940646615755132, "energy_error": 0.025156922851853336, "optimizer_success": true, "optimizer_nfev": 4963}