{"params": [-0.24805054922581243, 0.0003751285411452009, -0.006228862269338777, -0.0008512971919046484, 0.0046720020943152585, -0.0026938408003397128, -0.00035486887317295917, 0.00677384735922611, 0.004373949091966384, 2.6442308369689713e-05, 0.001124422706781608, -0.0007884617440274429, 0.0037562074402165495, -4.873191610061521e-05, -0.0019179290956073231, 0.0006039759360609396, 0.0020214634485589463, 0.000805332476035533, 0.0019862031631338287, -0.0012630338839802614, 0.010086346134055006, -0.0038077731499126717, -0.0009845238639070138, 0.0006191857151154542, -0.00266037704113074, 0.0008792998458280858, -2.542403198695349e-05, 0.00012889608320027946, -8.328640043567776e-05, -0.002640723252247353, 0.005628172764914484, 0.004838159763625467, -0.00012219521152815514, 0.0012522774981432894, -0.0016497533815672501, 0.008539330521905846, 0.0003400339303294191, 0.0010694380161035701, -0.002317930233660853, -0.003919721916017728, 0.000147271787854008, 1.4651414295056487e-05, 0.005715514928958637, 0.0007541159761989693, -0.0022631102882597802, 0.0005873725108626742, 0.005033524581697332, 0.0006483908212738595, -0.005243363854455015, -0.0004214259718211019, 0.0006695567887276501, -0.0012432005556896818], "infidelity": 0.013781194894560311, "energy_expval": -1.853734248551942, "energy_error": 0.015456601760684308, "optimizer_success": true, "optimizer_nfev": 1011}