{"params": [-0.001961851712490207, -0.0006717857125594423, -0.0007851694705990098, 0.0006709185981457775, -0.00039405656546654733, -0.002097111904231993, 0.00035613591957095204, -0.0006558393340933206, 0.014945641249126429, -0.000677508876348066, -0.00104860094666562, -0.0004076802990712785, -0.00041671595387834096, 0.014344354449287654, -0.0012789440761589803, -0.001616815137814713, 0.0030670009209570396, 7.643144230890851e-05, -0.0001365825646446249, -2.6498418641523492e-05, 0.000872236667204391, -4.282688946966875e-05, -0.003729458757560012, -5.773964712376465e-05, 0.0020152810170603296, 0.00017654780357957464, -5.636509710301342e-05, 4.874989892034222e-05, 3.7663243582843425e-05, -0.0010666101694030677, -6.482868997771974e-05, 0.003404187974810134, -7.828376050923721e-06, 0.0019122333240596137, 0.003651289532639764, 2.5100272376550964e-05, -0.0011088486201261236, -9.150373909688795e-06, -2.764519616869069e-05, 8.828944140481019e-05, 0.0019285373254201562, -6.410014360454949e-05, 4.424687954574363e-05, 0.0008471770741522148, -0.0018616337994890931, -4.970357632589639e-05, 0.017367426783727623, -1.1434106764106486e-05, 0.0017654518655035782, -0.0019595144136337083, 3.193549777600253e-05, 0.002266895352207178], "infidelity": 9.188712666097221e-05, "energy_expval": -1.321387922773528, "energy_error": 8.893313425550886e-05, "optimizer_success": true, "optimizer_nfev": 1570}