{"params": [-1.5152089261184882, 2.1018511195402887, 1.1451599349604071, 1.9377397928145614, -0.15050905562130854, 0.5304624256532309, 1.3410189584176178, -0.1075974702373762, -0.24273673040289892, -1.8417794160689551, -0.6252672873063142, -2.392371150925067, -1.951058697921942, 1.5891650213853972, 0.5731700441711872, -2.6365750259162537, -2.875167147640106, 2.5257689350921324, 0.8187922310408274, -2.478859151999637, 2.650315174465139, -1.5110933073055715, -1.055024111537724, -0.241506282425741, -0.08326657845986932, 1.0228681267549387, 1.9392997002559982, 2.944285962756548, -1.7418897149858341, -1.774425457982408, -1.9279237808558887, 0.1260809429316677, -0.16266293807473836, -2.619568259100209, -2.2501703571671787, -1.2701328893759647, -1.6120335901130507, 0.6302443440152379, -0.6427990502455706, 2.394993130612118, 1.7328305107273525, -2.9819570600121184, 2.655131974654411, -2.7216128390766023, -2.6563203587103863, 0.47132776091598527, 0.32106907228022885, -1.9543197851508154, 1.9635334837496154, 0.6429545306353076, 0.6803988058577328, 0.1295514184046167], "infidelity": 0.01759734736977725, "energy_expval": -1.570469511243982, "energy_error": 0.027841812721278947, "optimizer_success": true, "optimizer_nfev": 2000}