{"params": [-5.0887631209074744e-05, 0.000991567513037272, 0.00046379927500115106, -0.00018203656125231722, 0.00017129760952200245, -0.0006539861350705455, -0.000555550333144314, -0.0006984468516912748, -0.02401408929204659, -0.0007273458234459745, -6.163841586076661e-05, 0.0001299122781209907, -0.00023164519221207123, -0.025511027597236124, 0.00044479920939815356, 0.00041968065741882654, 0.002955994687486192, 5.0068211538033274e-05, 0.0009810527927382223, 6.265621992396288e-05, 0.001984655863141108, 1.5816806026986734e-05, -0.00478784703106931, -2.0290105840541637e-05, 0.004604899865499578, -0.0008683379472190036, -3.883727938389374e-05, 7.052414323896846e-06, 2.2935208462644804e-05, -0.0025931615420550164, 4.353948398233376e-05, 0.00420602983575793, -5.989035240224038e-05, 0.0018477766053938938, 0.004884240766404339, -6.844268734491085e-05, -0.0027100549875659786, 4.352645331574025e-05, 1.308239058823801e-05, -0.00010638313538384998, 0.004583249917900072, 5.448613537945103e-05, 6.173543554087301e-05, 0.0019077920448528328, -0.0018872595956072864, 2.1787725635665294e-05, 0.03185769246346874, -4.286879775401902e-05, -0.0016526231543548169, 0.0016440343635128266, 5.365097360156311e-05, 0.002390438101208244], "infidelity": 0.00016953231586780415, "energy_expval": -1.8655988084640585, "energy_error": 0.00018657193273430295, "optimizer_success": true, "optimizer_nfev": 1836}