{"params": [0.8717767975768244, 3.1114531299857564, -1.52832528629166, -2.6812731704882546, -2.4845838717061146, 1.6829693574331928, 0.3514613564706977, 0.4397555275054568, -2.420358757190901, -0.18622038624366705, 2.4991642292930125, 2.301740849729815, 2.424222688888239, -0.4964147851149478, 0.8279547780700042, -1.0487709396767364, 1.9031271457835541, 2.0140168233223616, 2.5138029441353384, 0.37966550210603883, 2.7547880267129052, 1.5146239119562517, 0.8852461062886858, 2.408240534431731, 1.2155445864062182, -0.696083941846397, -0.7352358658132465, 0.16403286482797813, -2.8853364837979476, -0.454934350263224, -0.9162965742174487, -2.79566977843973, 1.1641407480020682, 3.1806267740744283, -1.4435447451460106, 1.505442921415302, 1.5655144038700555, -0.4344860513377144, -2.620730119110326, -2.812647966423026, 0.715008479800744, -1.3054007003956745, 2.64023197368835, -0.0217873799949684, 0.9689587378943715, 0.6254607363436933, 1.6255098222442699, -2.361260482673073, 1.3690242633075391, 1.1488982196772712, 1.4336734123573673, -0.11604990363024728], "infidelity": 0.02324003713459588, "energy_expval": -1.6873955545897559, "energy_error": 0.034517107951055115, "optimizer_success": true, "optimizer_nfev": 2279}