{"params": [-0.0016792249400442356, 0.0016377764415049301, -0.0008099118980737763, 0.0003312240757828869, -0.00047480398238741847, -0.0005270882174894551, -0.0004142334411299776, -0.0012890716135148296, -0.019182012757964644, -0.0010557162739812508, 0.0018124274297888273, -0.001533121573275377, 0.0009347954997908773, -0.019092353623765993, -6.352217684257801e-05, 0.0020912306280534984, 0.004726338532685345, -5.272125799227603e-05, 0.00148898781791548, -5.8642945929836154e-05, 0.0005314245084561918, 7.567513982992254e-05, -0.0027575969424900363, -2.0727371416430706e-05, 0.004009180803575284, -0.0015665402064416708, 3.146888819243582e-05, 6.967393626982818e-05, 2.1527532475016383e-05, -0.0034453128224539416, 7.540935849936857e-05, 0.004298011120662865, 9.216336883414829e-06, 0.002486632868568868, 0.0027947476950363447, 9.031227340880573e-06, -0.003523290839454517, -3.77706430197399e-05, -1.0865054701027535e-05, -9.123617777438235e-05, 0.003992533875353143, 0.00012902408394218306, 5.744074026181371e-05, 0.000604616664819152, -0.002452308870872293, -2.3489474829132293e-05, 0.01290673839390494, 6.580599769040013e-05, -0.004600407195937858, 0.004632501112039056, 6.173755761645289e-06, 0.00615359429489448], "infidelity": 0.00025007171709545695, "energy_expval": -1.9386260905525083, "energy_error": 0.0003967610312440861, "optimizer_success": true, "optimizer_nfev": 1466}