{"params": [-2.135129788763691, -2.4994271028662687, -1.962777344807585, -1.9243890535511086, -2.7993038455893933, 0.6107317595662206, 1.5097329716203187, -2.8126597370558297, -2.116679792724507, 1.019957642133661, -3.3034808815441896, 1.242755021608388, -1.952766909815177, -2.9004469176639684, 0.33795728457570484, 2.5112880522318703, -0.640245348712146, -2.611661809648921, 1.7455338503981985, 3.076798795719502, -0.5121002624890121, -0.9668289306692263, -1.2652907946366099, 0.6323878357942048, -0.7687110406844191, 2.487143218036886, -0.6516295322880342, 0.11666098383662113, 0.12997978789642084, 1.398431536871977, 2.8578047629062397, -0.25222588691898584, -1.4656870886663347, 1.0740198808685337, 1.3339158486075, 3.0840220310910387, -1.5155929591848751, 2.5717598549375618, -1.0067335552382577, -3.0078745356054064, -0.6573297534807778, -0.8802625393330115, 2.5916108525733557, 1.7936531698620413, 2.17117511772219, 1.2311887251646938, -0.6733359219600643, -2.5563507071309286, -1.7088874478522775, 1.555792577279843, 1.4430369027887098, -1.4562399215730328], "infidelity": 0.013483617890453936, "energy_expval": -1.8566439247382378, "energy_error": 0.02075766896674791, "optimizer_success": true, "optimizer_nfev": 3463}