{"params": [1.9959362503388471, -0.9961460181583093, 1.9977252694102752, -0.9975950570051229, 2.50741369496514, -0.7454915563767859, 0.8478135102106273, 1.3852170537876807, 1.2543895410908275, 1.329487787580494, -1.51011159311642, 2.7826530593539167, -0.12162045968913207, 2.903825542758652, -2.7121015357439964, 3.490072410975468, -3.0656056199604707, -2.6240993099196426, 0.6845122921420832, 3.145135938318078, 1.1618436308701054, 0.7442659881374679, -0.19999793333540708, -0.6449899575755655, 2.2396189972467053, -3.02730236298409, -2.6388017676509885, 2.5235890981592393, -0.577966334623703, -3.0770569444305216, -1.7989845692323967, -2.188585021552688, -0.9826247307504087, -1.1113211094652715, 3.1952369073281215, -0.7619333594762783, 2.0471944187408884, -0.5389720429713406, -0.4985262181010605, 0.3662187216522412, -2.121731485602432, -2.2467137703920246, -1.542806395423238, -0.8332280600418229, -2.733602564112437, -2.088809647971363, -2.5059188234362164, 0.6695908497760067, 0.5839596979447397, -0.9644087777357363, 0.031153283204854214, -0.3493753929138575], "infidelity": 0.003125207672177721, "energy_expval": -1.1448158916167919, "energy_error": 0.010535419825108416, "optimizer_success": true, "optimizer_nfev": 2819}