{"params": [0.6192434957974446, 4.368487901292584, -1.1663649156761566, 2.7762965917153593, -0.47712945126080564, 0.2405668552597432, 2.5517024603850436, 2.3309493777451267, -1.5334915168805117, -2.6504279300134814, 0.22587882889040944, -0.47570389347845676, -1.3201009424047139, 0.5137850680025434, -1.1749432688001322, -2.3358814964105865, 2.161682318491783, 3.0763325594662416, 2.756054057859937, -0.28678305969551565, -1.0825710434947902, -1.9800701067892714, -2.3027029531362264, 0.04468597071333729, 0.8666885282263108, -0.7581895040316939, 2.7548051438110406, 1.1062027494393836, 0.18895972557552565, -2.133217747703659, -2.1447548078090146, -1.235442402991286, -2.40833802135662, -1.2183625311492585, 2.7259512405654682, 1.2161135908393332, 1.8350492437468744, -2.0322766135722254, 0.6166078400966071, 1.2851692280113312, 2.0462425893038336, 0.8209036379366362, 1.5387775674973339, -2.89146466725602, 2.721449650980377, -2.9626306925492614, 0.38488731631318285, 0.7148106386280986, 1.4360877518371657, 2.187348826177046, 1.6251159593733764, 0.0985536602432457], "infidelity": 0.01924415995507489, "energy_expval": -1.746898036967598, "energy_error": 0.031096172388749954, "optimizer_success": true, "optimizer_nfev": 7943}