{"params": [0.9983577730808606, -0.9984051117875113, 1.9991510601770865, -3.003429453318214, -0.8742500754530559, -3.0977465851841566, 1.9464424676010759, -1.0157000871449036, 3.5060576465924758, 2.800173262315186, -0.9049744924871446, -0.06727664693700883, -0.12937898502146367, -2.993717786137035, -2.280908022415567, 2.5011426433571566, 0.6522064917476638, -0.6138935414497216, -1.9476146186081391, 0.9935086979123133, -0.29968616830455763, 2.6513103916817364, -2.2151260343015653, -0.9871271493529551, -0.1437401879743564, 1.207317477570145, -1.733688660346075, -2.051577603927466, -0.04977134500620678, -1.0132642435116583, 2.987061838024624, 1.8730097481819739, -1.9515839712347023, -1.0142920575233592, 2.8959856473714267, 0.7100456771229843, 1.1767517380772983, 1.253517265924433, 0.11882053706589256, -1.1148739447566547, 0.7626041154032367, -1.8600800252258538, 1.2639107017510167, -2.281061692131748, 1.7892656497505235, -2.8964364031253234, 0.11839015226962858, -0.30945677327452004, -1.789506995361436, 0.2506200468785893, 1.0003170850894447, 1.5023216602524925], "infidelity": 0.005115889307096166, "energy_expval": -1.8600121687192397, "energy_error": 0.015139269588279491, "optimizer_success": true, "optimizer_nfev": 2256}