{"params": [-0.5006632059804376, -0.14866868327172952, -0.9319278876207426, 1.9356045449366588, -0.49931165015896795, 0.5025481649369762, -2.1182018015764523, -0.46895702238746384, -2.877218689962103, 3.0990445252153416, 2.764366605322972, 0.50199041639104, -0.295245463894644, 1.752683140498909, 1.4996639172901038, -1.2345410287295375, -2.226876592549108, -1.1059964976922, 1.9692778323797067, 2.7568286254560905, -1.9403775490907462, 1.051067622074919, -0.6157515648893572, 3.0751579112312, 0.2472341786731669, -1.3076752265001204, -0.2612410402936732, -1.063329896347768, -1.5306708304933765, 0.9864119346790303, -1.0463332376262893, -1.3043098810217855, 1.8142330436723726, 3.0296783874544464, 1.826900932838262, -3.035061555065479, -1.8682303791170685, 2.2031497940346005, 0.7112902078026712, 1.456756322598692, -2.4412568625698468, -1.1390562118626468, -0.6194586557359493, -1.6656449726571803, 2.805034556164886, 0.49303078237991, -1.12560561939624, -2.04657435058671, 0.16613127366268113, -3.1200448939641157, -0.8823399549736124, -0.9746092486157151], "infidelity": 0.012642755117348359, "energy_expval": -1.546040922609531, "energy_error": 0.022299663586025087, "optimizer_success": true, "optimizer_nfev": 2494}