{"params": [1.003441637736836, 7.968666865025682e-05, -0.005797906127531788, -0.01083937104690708, 0.0037974380548490842, 0.005334505292501414, 0.10619800516421213, 0.06684216071989355, -9.883571150196016e-05, 0.0032847810261699205, 0.191110673153197, 0.08580948620064197, 0.004391098290816765, 0.06619927682613005, 0.49486786497872626, 0.11918600861314212, 0.03903471726787962, -0.027957696444249985, 0.034640618026922795, 0.05398552715051809, 0.01488581533519283, 0.035261427308208214, 0.0519535271816968, 0.14581178804502434, 0.19260173472094014, 0.11601141055562786, 0.01781726061729751, 0.010888431283861225, 0.03497794676199907, -0.0998101101425567, 0.5850809493489174, 0.11283336052279194, 0.05963530934203695, 0.009689748135338535, 0.05902605887488895, -0.07091106969204276, 0.12236020354221301, 0.16764397767328562, 0.1809722954667026, 0.08358205390259331, 0.04847464447505288, -0.0012161692455838187, 0.004633070330898193, 0.18556886058313948, 0.07557980274058251, 0.17497017465986864, -0.09610429924944708, 0.20443477703998053, -0.010904767864142748, 0.18257868265267765, -0.2612312271060646, 0.00864378129781073], "infidelity": 0.00468769351517917, "energy_expval": -1.7085496705692012, "energy_error": 0.006979086240083809, "optimizer_success": true, "optimizer_nfev": 3639}