{"params": [0.9984587899873129, 0.48212532684596876, -0.23710465537874406, 0.188330679487184, -0.17784064106528194, 0.009496948934241066, 0.37926526500517227, -0.3465437072842353, -0.2785185840876356, 0.14791980246810987, 0.23993145107215688, -0.11479058743273711, 0.17347494294717222, 0.25315605539835057, 0.4527731969632507, 0.41220127657802863, 0.10212954268309583, 0.079026187239402, 0.11277211857559259, 0.0886637127166583, 0.07234325735635681, 0.1460601867279435, 0.08839934710294876, 0.18656742067872936, 0.1360650365299144, 0.016737138780463786, 0.1065189423041974, 0.12999340924186673, 0.11687755607002558, 0.10142783587121042, 0.1268819320580102, 0.1379845449203172, 0.044082115699921036, 0.07397347084079854, 0.1538661333417762, 0.013564142704360758, 0.058967793546595836, 0.13854670991567913, -0.06991211414157324, 0.28214545965936294, 0.16746446271999257, 0.22821443635814628, 0.11850084370392475, -0.016342956061194718, 0.1429210564908993, -0.04550234290423984, 0.14371122717129323, -0.010824777344747748, -0.07481900274539688, 0.17141259951162185, 0.018520032442473744, 0.09451863890242934], "infidelity": 0.00753455473544673, "energy_expval": -1.9034103416266088, "energy_error": 0.010961662777124515, "optimizer_success": false, "optimizer_nfev": 10000}