{"params": [-0.01886074754401841, -5.992491752352688e-05, -0.0024828689107227638, 0.00032501010409916243, 0.0018724166890930296, -0.020829916054763288, -1.0292377499916349e-05, -0.0026992923809753874, -0.0003871904060801044, 0.0007650129274315754, -0.00021343141781124964, 0.0006077741203067873, -0.0003314305447862563, -0.0010224993498655992, -0.0001316171940604412, 0.0007527775568114625, 0.0022069386571556076, 5.295926928261914e-05, -0.0019110277032463865, 2.192028391044559e-05, 0.00039976259920523807, -5.8642934199962104e-05, -0.0002552580121753316, -0.0001055923100723856, 0.0005634790192968545, 0.0018861852933967705, -2.8677512923525786e-05, 4.844642885693326e-05, 3.5873563539737085e-06, -0.00018599434321639563, -4.635248246023221e-05, 0.005821153542184418, 1.0770787778266206e-05, 0.00013954136152892512, 0.00030724908721974006, -4.837904325741552e-06, -0.0002907168087985286, 1.654365627600582e-05, 2.7379330467267653e-05, -2.0295987161754773e-06, 0.0006049310038747797, -4.9945319471078874e-05, -1.3684933590130201e-05, 0.00022758571862889482, -0.0001257581824000328, -1.768399038393863e-05, 0.038572887324549686, -3.2293292007798466e-05, 0.0066458764587931825, -0.006583561476871695, -5.233753047820504e-05, 3.9829387424287504e-05], "infidelity": 0.0013408536002474936, "energy_expval": -1.957291372390723, "energy_error": 0.0024883578627252767, "optimizer_success": true, "optimizer_nfev": 1827}