{"params": [-0.0005331711231979267, -0.0004940667160100183, -0.0005459562418684544, -0.0005841156164711447, -0.0008067578648037133, 0.0004584838171937232, -0.0002651632855895436, -0.00031587143973776054, -0.0032263945340000716, 2.412952298848132e-05, -0.0012414103593105551, -0.00020442257124952495, -0.0004642267522148665, -0.004292394007987973, 0.000287029899293181, 0.0003921656529110863, 0.0036069261658596917, 2.0366460081544224e-05, 0.0006006537926712517, 4.39563180559106e-05, 0.0003126543939407086, 7.12223621317801e-05, -0.003490970192967321, 4.139067045485725e-05, 0.0022918485138382076, -0.0006256738946353939, -5.164814703677099e-05, -2.9250186062930884e-05, 8.223370687430754e-06, -0.0018742376641469884, -7.518182043710412e-05, 0.002918605826368594, 1.943104930218847e-06, 0.0020866840978472816, 0.0034400234808318894, -2.8823762201303414e-05, -0.0020469873421498524, 6.932407155330286e-05, -9.46322485152207e-05, -4.7998983381926125e-05, 0.0022300897162112116, 1.585003854229426e-05, 3.429647129707731e-06, 0.0003693572073152242, -0.0020720657560286525, 0.00010396394446072243, 0.006351167600366344, 2.0750164785067088e-05, -0.001286659640716863, 0.0012687189874667438, -1.5206168460478277e-05, 0.003819603781765662], "infidelity": 8.821250118495882e-05, "energy_expval": -1.9769268453405664, "energy_error": 0.00010273506059044202, "optimizer_success": true, "optimizer_nfev": 1473}