{"params": [-2.499151695072217, -1.8208056298486246, 1.9034879264539812, 3.4698817821101193, 0.7035990133052404, 0.4992768771251881, -0.36229387932462986, -2.9398679677252053, -0.7253502290736776, -3.867014364452954, 1.4996179205382059, -0.5535375772022735, 1.9799146338893034, 1.2605156090901517, 0.8972793085370712, -1.5002120315136143, 2.8771513182248527, 0.18170221700361056, -2.9188266543730523, -0.34956990260350884, 1.2711417457261336, -0.5739288439156552, 0.570295907654839, -2.297135881313975, -0.1194349632704301, -0.4931599866873331, 2.3701979251468597, -0.5762170546793579, -0.8053571448655553, -2.4633323632883215, 0.11795104357435884, -1.9682485958538722, -1.2854032748328101, 0.7127436389607534, 0.6589444773411455, 2.2782310187586208, -2.465326240392965, 0.6058013443982704, 0.2837883355347222, 1.9992303787705226, 2.3810865998977815, 0.5743652166034303, -0.6143741201544779, 2.3957516010619004, 1.5940727033915558, 0.42770491050143145, 0.10934220922247438, -0.5758631391010234, 0.6139174336332265, 1.5203236389272277, 1.8537686227050283, 3.630368929812817], "infidelity": 0.005929232063332179, "energy_expval": -1.579925547650125, "energy_error": 0.015997725485264125, "optimizer_success": true, "optimizer_nfev": 849}