{"params": [-2.511275573366811, 1.7995237692704613, -0.28067334856889703, 2.7265689942720766, 0.9750924035602934, -2.7856791958958267, 0.862188910219592, -0.4810378139424994, -1.966959915463397, 2.4903974271979483, -2.7279535938267885, -1.7621835562600139, 2.8258923621907774, -0.1182572601774811, 2.4983049019503527, -2.081777121115671, -0.2691931859893581, 1.1156918130665359, -1.295385058900947, 3.1035196409426704, -0.20060356727861015, 0.33351410067342185, -1.9859436763079776, -0.09238979632780873, 0.4454978608874109, 1.9166947531221512, -0.02416899792491051, 1.6825263597209554, -1.5472643555505001, 1.1971671245725808, -0.24386543025230203, -2.1881878772814187, -0.17890120660368258, -1.7471219754778808, 1.2285223203513016, -0.4695911955737255, -1.9941408463605426, -1.3630372726049806, 1.5089430950409497, 0.1682772751638392, -2.178928504802756, 2.128655174913057, 1.0208898334136465, -2.7615010541515232, -1.3926662054291141, -2.3737166717334715, -0.4164178044168331, 2.7229365353496138, -2.245573851717667, 1.0565470200034022, 2.6309829099608226, -0.7248944123227872], "infidelity": 0.0160261325016553, "energy_expval": -1.7175940930771163, "energy_error": 0.027885195339200974, "optimizer_success": true, "optimizer_nfev": 4908}