{"params": [1.00304248272513, -1.5353726662891913, 3.632657654680381, -0.36058315149908604, -2.982949344071275, 0.9759607352582945, -1.0714729447483704, 2.1532757105349067, 0.31791587955706585, -3.1110562552885015, -1.634770527693788, 1.5651963590062226, -0.598430198031431, -0.2291444126959016, -1.6191818066535646, 2.4168355500378595, -1.7018123118423276, -2.380073307689115, 2.2972199512487324, -1.1188355530149692, 2.737022648686155, 3.0218995635336428, -1.4885443123253985, 2.2463765917568215, 1.2355962457137672, 1.3640307577834312, 3.063954419316792, 3.0948858318889934, 2.2514635747209777, -1.8774635911433974, 2.096195346536068, -1.2465545403749434, 2.8974364712263063, 2.178600672114907, -2.968740607346718, 1.1277627824102567, -2.835077184267552, -0.6221738791416092, 1.69846545389752, 0.8717628917660201, -3.0541235941742113, -1.6244583570932212, 2.68909074028555, 0.7794309587369715, -2.8544104159840313, -1.2619549267556929, -0.7663878641021296, 1.7181149181430606, 1.9663033678911246, 2.8667999311059593, -2.504451009174756, 0.08102037603463873], "infidelity": 0.007226328468292964, "energy_expval": -1.5776594365287948, "energy_error": 0.014785576466191941, "optimizer_success": true, "optimizer_nfev": 4945}