{"params": [-1.8293020671413527, 1.839290905959779, -3.496080925666271, 1.9494545128982947, 1.4980669874914516, -2.4067396106021106, 1.0510047204930275, 1.4927033672736496, -1.9524996040883655, 0.5263640560602132, 0.26411797285576644, 3.620189634123167, -1.6373846140394375, -0.4572483914140349, -0.4782679283856429, -1.9923936716255293, -0.8749735208919831, 1.6297395516792323, 2.3908193661007493, 1.8564541035598692, 0.3394528323332511, 2.897685325231785, 3.0441339874838675, 1.3136276904675086, -0.31435977230480744, 1.8976187641467785, 0.008262959496314169, 0.9895327609447823, -1.7886724806750505, 1.4646539532700185, -1.3501986946233346, 3.190560188965103, 1.6339980368092908, -2.032576830748942, -1.3025621554052473, -2.638706954846291, -1.391654521783835, -0.6206898309932624, 0.24288715955483886, 0.35990451521387196, -0.3032112308756294, 2.8520137318284564, -0.059192680744276235, -1.2778279752724404, -1.3595731305550167, -2.261735061031078, 2.4851648951035425, -2.6191193401690684, -3.154775346360818, -2.799528500249636, 2.5726451093339175, 1.377362605842071], "infidelity": 0.10879032470528949, "energy_expval": -1.7989475037613327, "energy_error": 0.07860542007821181, "optimizer_success": true, "optimizer_nfev": 2556}