{"params": [1.489326393225223, 1.3233554513360724, 0.7097889841419998, 2.113317543518758, -3.159142200168796, 2.6536692261883075, -2.536348180884195, 0.8270679046672902, -3.4300482713438445, -0.29898083173028306, 2.77304950515878, -0.4971145066517365, -1.0933074471107176, 2.4862718130104224, -0.5990678880697712, 1.0934867176520349, 1.651281140710729, -3.1772335320239082, -1.520940622120559, 1.0780009860085273, -0.9373994225568101, -1.144682335309043, -1.5973068499859695, 2.3703730002460377, -2.6539534616740386, 2.648825339603177, 0.11480655133673968, -2.022095282305273, -1.3083735543562232, 2.2441274976628622, 0.7903766314638719, -3.31549436223429, -0.47713079314280116, -3.19058401810738, 1.408014646398778, 1.0212144912258376, -2.251426152415333, 3.0118044654351466, 1.9649485538661837, -2.3973308058987697, 0.2519203754348006, 0.09637504157757369, 0.6324254905025328, -0.4286513129223005, 2.2587570351468185, -2.9218473332994614, -0.11993922830207346, -2.0914576746149285, 1.9102164087823903, -0.317752887336503, 0.36320770456881946, -1.3949326847977588], "infidelity": 0.01075155549283191, "energy_expval": -1.3563794846359603, "energy_error": 0.020536853528555055, "optimizer_success": true, "optimizer_nfev": 6369}