{"params": [-0.01144799049955639, -0.0005039787016939505, 0.0025554104666708523, 4.7273294513287204e-05, 9.65552393914438e-05, -0.014773837782240135, 0.0004779547361769668, 0.0007524248650391945, 0.005782675737055779, -0.001584845736739366, 0.006285115551530563, 0.00015544042916286203, -0.0002643214026750786, 0.006413019677422642, 0.00123256550947299, 0.0051109827607316635, 0.0022431131360530526, -0.00010824056241773301, 0.0002717777136172472, -6.153444205509934e-05, 0.0024657328698127682, -9.564266667040603e-05, 0.0010402258235830224, 1.638288141929798e-05, 0.0038655860919711545, -0.00038538494956977026, -2.2016153855130822e-05, 2.6989939206412257e-05, 1.2568616187686993e-05, -0.0015906497815923852, 4.723546118781236e-05, 0.004100037119691732, 3.1207831968663187e-05, -0.0001532213164196461, -0.0012551836964970814, -5.825583213174508e-05, -0.0016353215243571102, 5.0776475104117706e-05, 0.00011219543316294154, 1.3838489486372168e-05, 0.0038949299851231962, 5.641849711824685e-05, -0.00011606935489163819, 0.0024014506588295355, 0.00019710967958190927, -9.168539986240703e-06, 0.03096166248634697, -7.715995658621276e-06, -0.0012641178645042817, 0.0012816133822098831, 0.0001501168825578563, 0.0006084301584474148], "infidelity": 0.0004041889339253535, "energy_expval": -1.957151320711334, "energy_error": 0.0006975522633343445, "optimizer_success": true, "optimizer_nfev": 1331}