{"params": [0.8519911335232494, 3.0088375275475636, 1.4939038163649012, -2.224068222430435, 2.497127694079788, 2.73310705752755, 4.008596225104642, -1.5218014308532612, -2.094487673927513, -1.2542917002707443, 2.45737262450372, -0.6029262965395776, 1.841560862405005, -0.4986028132107343, 1.7368408548664689, 0.9155919712345894, -1.4087015382251284, 1.205448824983584, -0.34014720529721415, 0.7675140236359983, 0.7662618180006886, -0.240680589735072, 1.1319307584657667, 1.3136229007849636, 2.333587501686554, 0.6170766737165758, 2.4544043004027984, 0.7296581739290793, 2.6676076159173343, 2.5071947330170534, -0.31549874103942704, -0.002664746852150357, -0.11409173854766809, 3.0194105976700407, -3.0039318517608806, -2.0622745951090478, -0.04908771162536094, 1.7395920736949853, 1.2418128553471064, -1.0748191732449215, -2.841084459634234, -0.5773299181538988, -1.1441093583957471, -0.8085158582435273, -3.1194027045045294, -0.7326236902517088, 1.869486444936691, 2.568811817538283, -0.04417316300108204, -2.117036748337609, 2.7014173518462608, 0.15841899495661058], "infidelity": 0.011688123969522901, "energy_expval": -1.885253680238676, "energy_error": 0.022717951408262493, "optimizer_success": true, "optimizer_nfev": 4835}