{"params": [0.9934142018766244, -0.0001705277795831701, 1.9201873102132064e-05, -0.000982395428130901, 0.0017797050968745033, 0.003058328806433488, 0.0024887120473802817, 0.019300884477247336, -0.0021931935687184764, 0.1764029991611945, 0.2411552199572588, 0.284306831025049, 0.008721585390068688, 0.4382576878050057, 0.25398638204861984, 0.17449016969415157, 0.15726528197183512, 0.014348442674305722, 0.13006495171786833, 0.1259321877488881, -0.004445512354282445, 0.0010525605964866488, 0.031638045111729726, 0.09584296268199571, 0.12204821121723447, 0.014322234460840806, 0.1073761412615205, 0.12168448891133207, 0.0278428520604031, 0.01012710073464713, 0.125690223214028, 0.12601202861685307, -0.0031663624485882293, 0.1314413076982589, 0.11160949232270236, 0.12569792788921766, 0.01911872066498222, 0.12629879798532667, 0.07991568291832572, 0.12464708681763867, 0.09587492040933968, 0.06647483687982621, 0.08097094268087669, 0.05946460864093494, 0.12061814101596179, 0.04278904505451497, 0.14890244944709582, 0.11077335450471433, 0.4339389784349281, 0.15831067972203156, 0.17463462374718142, 0.09556141359972857], "infidelity": 0.005156729755040668, "energy_expval": -1.7633669751503156, "energy_error": 0.009221326738936275, "optimizer_success": true, "optimizer_nfev": 6467}