{"params": [-8.284852978967692e-05, 0.00033457285869761285, -0.0011475687213586272, -0.0008932174279647202, -0.0002746181973808876, -0.0006811775350481003, -0.0017118999028285856, -0.0003599921575508274, -0.008638260849575335, 0.001837079691902675, -0.0017180035662789648, -0.00022839394325168097, 0.00020501303513725664, -0.006575563633278488, 8.467855290611058e-05, -0.0008273006439420392, 0.004036379935924215, -8.109171039116413e-05, -0.00013807925362301215, -4.129246843523934e-05, 0.0011637840676211003, -2.9799261038950476e-05, -0.0008066163542908175, -4.714436506368468e-05, 0.002929734409934775, 0.00012830320863664414, 4.700827739132692e-05, 2.2989606289208965e-05, -0.00010525103344291516, -0.0019600213490420224, -2.2152307430718538e-05, 0.001466306040826889, -8.435687642280936e-05, -1.542371248991046e-05, 0.0007132681461375339, 6.201388426598925e-05, -0.0019019845495537194, 5.20005554076642e-06, -4.243300900457444e-06, -5.77199667142301e-05, 0.0030298637172651755, -3.572569639406542e-05, -2.9544669607068192e-05, 0.0010856883071418898, 3.7570743132473914e-05, 9.362317891938931e-07, 0.008248306286532116, -0.00010027061511328625, 0.0006893150198933914, -0.000749352715839625, 8.830261210909553e-05, 0.0027860061268740305], "infidelity": 0.0001463536106529606, "energy_expval": -1.1223786494775272, "energy_error": 0.00022069030086857566, "optimizer_success": true, "optimizer_nfev": 1399}