{"params": [-0.1845093253602139, -0.05572107479535033, 2.468230533871423, -1.8323697485804353, -3.4769563076426824, -2.369071188839311, 2.0491154796749873, 2.2852159594067705, -2.1501675970295437, 0.49883392684715233, -2.8061144381743834, -3.482075650749754, 1.5548343959682163, -1.1071286033911205, -1.0891112309417383, -0.5128622827605553, 2.8313427372053814, -0.18885313117121935, 3.003602478291955, 0.6190823565527919, -1.5292178486814436, 1.9479785747638807, -0.36007027687341836, 1.0822142403857442, -0.1104099183887846, -2.9895989926720805, 0.5312388829787795, -1.801860688314288, -0.2688284768601723, -1.4853991837226055, -3.5022020011820905, 0.5625462700860921, 2.342244503446159, -2.245658256913038, -2.949151254527585, 2.9011219785050013, -0.3128216202995604, 1.3680634805872895, -2.1466782118379855, -1.047911062334642, -0.7592232370146785, -2.5474237578728514, 0.8406206278787438, -2.4182265996301, 2.2752047105090605, 2.626766519120492, -0.37246085100023446, 1.809856797582571, -3.707229466407864, -3.540091794756357, -3.125119351987749, -3.3405676563897044], "infidelity": 0.026738232493737746, "energy_expval": -1.7808799015434331, "energy_error": 0.0349932940190989, "optimizer_success": true, "optimizer_nfev": 4606}