{"params": [0.0013348843874565204, -0.0007121556801693471, 0.0021150193513611304, 0.001763590987407867, 0.0007552466983104601, 0.0016812865977803675, 0.0005503979054111893, 0.0018497449440927332, -0.004143835183750753, 0.0009493822768086605, -0.0029164661990354257, 0.0009507297207822176, 0.00031024428831411633, -0.0032258190042302663, 0.0005346075685483208, -0.001948435634413841, 0.0038739887446342207, 0.00012320307089698732, -0.0006349878363267684, 1.4890370846564301e-05, -4.885059495358739e-05, 3.0311969796695445e-05, -1.2501718955553624e-05, 4.590977482128384e-05, 0.0009351456596819308, 0.0006590452164709351, -8.053322941727826e-05, 7.422420005245229e-05, -6.380909237253896e-05, -0.0008745120071672708, -8.733409132348838e-06, 0.002864404574575912, -1.1937988574653849e-05, 0.0007803775698185572, -0.0001713711983448159, -2.880255102037538e-06, -0.0007964596792374131, -8.447867931079085e-05, 6.273479361633591e-06, 0.00012674897413923373, 0.0008924802641510801, 1.121014555854036e-05, -1.6690908090010707e-05, 9.016389660859436e-05, -0.0009276512957824241, -6.835379474527851e-05, 0.00428307420065231, -3.962486179331041e-05, 0.003888986966099236, -0.003907406924189903, -1.0977680938745638e-05, 0.004127135133371089], "infidelity": 0.00023535247999029174, "energy_expval": -1.3210026614089279, "energy_error": 0.00031535529685022823, "optimizer_success": true, "optimizer_nfev": 1086}