{"params": [-1.7323446928861959, 1.7894902086563587, 0.4975293038783313, 0.5757350342025065, 1.1959516379977062, 1.4997431396898815, -1.2100439743198728, -1.229420764202389, 2.3634571603489976, -0.7787754396850494, 1.2321607082570294, -2.4971074151365893, 1.4959843114715985, -0.027488762836699227, -2.1740229231971946, -1.4145195854271035, -2.900318551769229, -1.1597785722400153, 1.234749001187719, 1.4263134760205334, -1.708959013356147, -1.2555039487299664, 1.8904407621071886, -1.8243392602324708, -2.793577204596904, -3.0674799031070803, 3.241856351794726, 2.7734566632467366, 1.490466631919735, -1.0632634490660542, 3.0220364664822665, -0.7018810198383243, -1.441110272694761, 0.3034296486353139, 0.29417080721634126, 2.2328939078645114, 1.8987254631348482, 1.5697684901325235, -0.5050534305929576, 2.742082710432752, -1.2800752257649988, -0.17802426268220237, 0.6177525462269398, -2.323152637832326, -2.183736945133305, 0.8261804218466943, -2.8721539551751656, 0.901508583555766, 0.5929193440220021, 1.432852682287172, -0.13005096294780244, 2.9003265773502758], "infidelity": 0.00979158889547549, "energy_expval": -2.000573722989712, "energy_error": 0.019963997529025335, "optimizer_success": true, "optimizer_nfev": 3623}