{"params": [-0.002314295984834137, -7.573886560622738e-06, -0.00021143626139060766, -5.884656526603212e-05, 0.0017014237284487797, -0.0021836458081359827, -0.00048783101776744413, -0.00037654327215689274, 0.02259040121142053, 0.0004112359588513693, 0.00020874378731605705, -0.000703690076288342, -0.00031570514611651917, 0.023904149419066975, -0.0017208557892093583, 0.0001785654078638726, 0.0035539042912830893, -8.022595464894376e-05, 0.0001169045350043793, -5.434260427838902e-05, 0.0008296409052301018, 3.585834202523024e-05, 0.0004291711609501078, 6.292927993281988e-05, 0.0018522738776057394, -9.520771574964403e-05, 5.192642785138334e-05, -4.514902733489341e-05, 4.2316475994546016e-06, -0.0011100885716156007, -8.938313323575719e-05, 0.0031065675150098782, 3.46253820803594e-05, 0.0004375332770598521, -0.0005530692351752702, 1.72957480674381e-05, -0.0010615193440348602, 7.720930689888708e-05, -1.3708527261848341e-05, 1.7431049547414006e-05, 0.0018921801268582889, 4.099607263618089e-05, 8.192473985694354e-05, 0.0007818049164827025, -0.0006342248495589089, 4.8427466964742694e-05, 0.014651654290745804, -6.464545044503769e-05, 0.00039852354785790376, -0.00041567923523701467, -8.830331682836707e-06, 0.0004753344482582931], "infidelity": 0.0001851758623380162, "energy_expval": -1.1101322385068193, "energy_error": 0.00015665613582105387, "optimizer_success": true, "optimizer_nfev": 1601}