{"params": [-0.00586627514660736, -0.0001874205199449524, 0.0010381743104764568, 0.0001469594668779338, 0.00013374549334951353, -0.005537534557284552, -0.00016149658388512128, 0.0002697172277720945, -0.04616795471107721, -0.00024362395082526376, -0.0011234191159857838, -0.00038218370060355577, 0.00017653530770363123, -0.044777605652232474, 0.0001704329401732272, -0.0019384567346130356, 0.004975758079235819, 4.6405606298324474e-05, -0.0009023277279902041, 0.00014083345264696446, 0.0013118860245019365, -1.5235492994068377e-05, -0.005946468763115813, 4.0253741921172944e-05, 0.0010699440238306124, 0.0010377396615685128, -6.503598506502422e-05, 2.3146860887558545e-05, -4.7890283756711186e-05, 0.00010988736327893684, 4.64525275095162e-05, 0.002966507275190263, 4.685536646866057e-05, 0.0008511087848032962, 0.006089383666401223, -5.787245334752648e-05, 4.418075350446498e-05, -3.6429856934587695e-05, 3.548242327820035e-05, 3.553288426835173e-05, 0.0011783096201837305, 1.563751343304604e-05, -4.834829226414934e-05, 0.0011057135794411517, -0.0009621110300813503, -5.271566931079409e-05, 0.02005401394583436, -2.6832761319474107e-05, 0.005496728720022778, -0.005406675671217537, 1.4303665797052739e-05, 0.0026524995085949457], "infidelity": 0.000175317996025659, "energy_expval": -1.6046695324825433, "energy_error": 0.00023064713765852396, "optimizer_success": true, "optimizer_nfev": 1566}