{"params": [-1.8134273034809292, 0.4801613255940919, 2.0334771291280584, 1.7150898089439013, -0.5126251806015166, -2.795799695278433, -2.0838341019290283, -0.5718258299884919, 1.1613404034978299, 2.9215639267246973, -0.5001629158569708, -0.8855901838383944, 1.8613171754487103, 1.7094251722430727, -2.9553244034206094, -2.4820865096862708, -1.9991030101999085, 1.8568249121908273, -0.5315413573260627, -1.8703704461249, -2.3198130189049384, 0.6013900947558838, -0.0828883546909812, 2.175072216452917, 1.950071551273649, 1.7044150213734708, -1.2361100241878002, 2.457417399742322, -2.1431002004682433, -0.07573188902494574, 2.969588070284547, 2.750238916207137, 1.129602707422663, -3.1848139707667467, 1.9822139760913366, 1.6771568743668077, 2.0539100949734097, 2.250259422300802, -2.571647762944812, 2.0899486636039026, 0.25997684226557527, -2.6237301398197883, 1.6483268314563075, -1.7448980393886868, 1.3359249865434994, 0.8755627977484848, -1.8731727284851782, -2.585355119148554, 2.872712607536446, 1.8613026745907482, -0.11785336460942349, 1.0033841456199908], "infidelity": 0.04072908868692682, "energy_expval": -1.7902943234372601, "energy_error": 0.04806542292497107, "optimizer_success": true, "optimizer_nfev": 3406}