{"params": [1.5114569119175916, 2.9252977118793826, 0.21579660492131963, 1.5069755424502498, -2.1162347192003064, -0.9245016721014133, -1.496432028370534, -2.591877894919078, 0.9143238293057565, 1.5057630613549216, -0.4736997992142692, -0.49652115037346684, 1.8341333284653887, 1.0693724876799207, -2.5002185031723783, 1.0462475207317181, 0.4344627185170127, 0.2446333576746936, -0.15463536096138622, -1.8386938906676962, 2.622934489626023, -1.1191070576176732, 1.3085459241458806, -0.9216562145217456, 2.5059556564357783, -2.1399482895616946, -1.859473753099479, -0.5121098917876242, 1.7156553050245988, 1.8793042471770656, -1.2003408695530746, -1.9193189562254396, -1.316753635979102, 0.5626236166434395, 1.7054349646141227, -2.756505129633632, -2.5002169788730053, 2.9000988257731435, 2.344495278689389, -2.3308174249692306, -2.5066950761744238, -1.1974848940696656, -1.4210741867027619, -0.6477257594040194, -1.992523945614742, -2.3398183226471554, 0.1322398747611299, -2.9507999582857765, 0.9513195346428466, -1.8734643334070602, -0.7557463067491231, -1.4288331103042708], "infidelity": 0.022774970092860114, "energy_expval": -1.8156461638565569, "energy_error": 0.03536930424852214, "optimizer_success": true, "optimizer_nfev": 4944}