{"params": [-0.01722886317600255, 0.00033292416903834535, -0.0009868073901266928, 7.078256577622933e-05, 0.0003072330750005123, -0.01976447313954654, -0.0002801310657229179, 0.0006148273199335671, -0.006234399802089685, 0.0006259325609890714, 0.0029209754662372464, 0.00020008052974833195, 5.8318379573012595e-05, -0.005547192200088052, 0.0005517248649474727, 0.002190339224184542, 0.0010195074996640174, -1.2273466350694336e-05, 0.00042367504046174077, -9.187542430869812e-05, 0.0004187087659308442, 1.9283258195546667e-05, -0.0004149793778815267, 3.7643094306657866e-05, 0.0007323310576427381, -0.00040058955137589483, -4.264915690646529e-06, 1.7344583635105826e-05, 6.897704041703958e-05, -0.00023536258384911066, 2.7317239827855918e-05, 0.004593573582566087, 2.92865400679042e-05, 0.00010209663570149805, 0.00043894628999400646, -6.047457177244346e-06, -0.0002815477873006197, -6.581442772557576e-06, -4.036763945240109e-05, -8.230490406403025e-06, 0.000650538555521963, -3.7478914456128424e-05, -5.114179963966076e-06, 0.0004772053252693043, -0.00015294858570145893, 1.3591020591476433e-05, 0.043231954337525656, 1.988874435617679e-05, -0.0012016780586842067, 0.001089843701742627, -5.427841389097032e-05, -0.00027831146254106995], "infidelity": 0.0005521871859273109, "energy_expval": -1.8056062153541526, "energy_error": 0.0012691762246177518, "optimizer_success": true, "optimizer_nfev": 1840}