{"params": [-0.0031004126776137835, 0.0009037060749360683, 0.0006833195481893581, -0.0009947577895070216, -0.001028241273406398, -0.004215990130756962, -0.0010516350317782762, -0.00037771544836606263, -0.01671743665395613, 0.0006568553300135178, 0.00263510031799668, 9.284110718943138e-05, 0.0006652373437726367, -0.015235942410667194, -0.00013629133608769711, 0.00361208380853259, 0.0034824439186169564, 4.033482643874497e-05, 0.0005833330827315689, 2.6888906482345872e-05, -3.951277761836765e-05, -2.28511320000686e-05, -0.002047581806474746, -2.310163508049317e-05, 0.0008088087758204346, -0.0005874476680173908, 3.335799409392218e-06, 5.104629418303697e-05, 3.3464396609153685e-05, -0.00088150056877756, 2.435465420825351e-05, 0.0038030777248958033, -2.327710506362884e-05, 0.0005696893414399858, 0.002099538957914325, 8.367547523625413e-05, -0.0008214558526356482, -6.819400849058701e-05, 4.741477332089941e-05, -3.7849213862296256e-05, 0.0007530493034957842, 6.823931430349542e-05, -2.4911199407618634e-05, -0.000180640185188374, -0.0005581091654513668, 2.813930847894793e-05, 0.011505808942160502, 6.0665340059232376e-05, -0.003961091531293659, 0.003868575624946287, 5.8109941790022435e-05, 0.0012372030690634569], "infidelity": 0.00019614821465696597, "energy_expval": -1.4769302588369222, "energy_error": 0.0003631464167970222, "optimizer_success": true, "optimizer_nfev": 1487}