{"params": [1.4983671312964517, 0.1248755571891358, -0.8346815242000996, -0.8749577239096452, -2.4100887653294363, -3.2556533565819175, 0.5008780016667149, 1.2472103226687352, -0.33042097151320404, -1.4414690631475005, 0.7508772161902006, -2.4984552950763157, -0.6326593226641806, 2.41986718070367, 0.459712911689283, -3.006885475917751, 0.002813676147232543, 0.1433584127290012, 0.5896041834790047, 2.1007475296175384, 2.187370931891427, 0.22955211870885317, -1.3491034384532803, 2.3454497974851027, 0.045793643620790546, 0.6126099462059132, 1.0837780131170445, 2.3519146404077587, -1.8702986917272115, 0.6017607659721265, 2.8296099740386653, 3.0633287084963077, -1.6539275777465514, 1.4749064948961281, 0.47940026646283856, 0.2648684665690901, 2.7252715385763233, 0.4301089884702788, 3.2109257183286823, -2.0851770127690457, 2.9936153009452884, -0.889558751050166, -2.923518751110556, -2.3631417815107834, -3.0650063865097534, 0.624327471000408, -1.8797707554184078, 2.052875852146488, 0.0971297288135288, -2.63055212349061, 0.6416177403125747, -0.24856571313238818], "infidelity": 0.017063920422348833, "energy_expval": -2.0674619307531303, "energy_error": 0.03187717777570853, "optimizer_success": true, "optimizer_nfev": 5778}