{"params": [-0.7536853223634826, 2.502078023978068, -1.9789972962352889, -1.0688371557960923, 1.0714821849368985, 3.6472676607816243, -2.503066532425035, 0.22761890456780978, 2.5647617171639814, -0.02901723405662454, 0.08008377704803729, -0.5006237618351558, 1.3412076732530267, 1.4205849604718086, 2.2927415909230136, -2.159045205245033, 3.39348489897701, 0.17430927168700652, -2.975598543651626, 1.3711665406632398, 1.144095471938199, -2.363136957394884, 1.2398483014203903, 1.4137856897018406, 0.996759844679662, -3.1197850916628935, 2.7165645358630957, 0.1991165732029448, 0.05963390495405977, 1.4785944920655318, 0.7223519925957372, -0.5752776021599276, -1.0129756929861005, 1.4102456646082187, 3.0041312324130187, -2.9249381886270007, -1.500038747963639, -0.06604661902588278, 1.9840758650024548, 2.529372594401017, -0.8882410161948912, 1.3781366991817638, 1.143153227992044, -2.775738937781216, 3.118276625664014, -2.1215323401228847, -2.8484110083345238, 2.0263942317648467, -2.9122243193796464, -0.511221415470302, -3.1300343968766517, -2.1068848925657235], "infidelity": 0.010548716848584605, "energy_expval": -1.6198432461262815, "energy_error": 0.019657556413442245, "optimizer_success": true, "optimizer_nfev": 3408}