{"params": [-1.2914585607466347, 4.49377919775946, -0.8300911832044616, 1.7011173130068382, -1.0051402839397923, 2.8113257545396855, 1.499766591599818, 2.448175038560265, 2.54568852708367, -1.7531897070645757, 0.8716066448712176, -0.3768488637012001, -1.6352838821655133, -0.5685665475642934, 0.33649399735751545, 3.5288134651403777, 0.8536038074061121, 0.745645294362701, 2.7535989733422004, -2.6248607451971293, 2.631431883737458, 2.430979460649333, -1.2521539113817854, 0.9182808664414907, 1.4232836936045552, -2.1304420256102112, -3.8094492900394696, 2.1769822278835727, -2.857698359175952, 1.55927055450998, -1.134298296387859, -0.8974495318599647, 1.0917940158347395, 1.7071960028723232, 0.3336510802484994, 2.5745445554593274, 2.127873226980277, -2.6280625175375256, 0.3815143122002675, -2.8016907028023916, -2.834286723450089, -2.7096361870317263, 0.14196092506697636, -2.1254074526191444, -1.8672270052736453, -2.8741497990688765, 0.12300516087791465, 1.678048198024839, 2.310749997728181, -2.4720916831610515, -0.0785743370005978, -1.8756685263654922], "infidelity": 0.016439832801443788, "energy_expval": -1.7704136833854154, "energy_error": 0.024852471324310788, "optimizer_success": true, "optimizer_nfev": 3411}