{"params": [0.00027616567995479406, 0.00031090000026603076, 0.00108312830680405, -0.0010268491695119648, 0.00012212375821389745, 0.0008780647710724451, -0.00024881286020205, -0.0007868699915511551, 0.007211782640015836, -0.00123562835847758, 0.0012121925072822845, -0.0003279507654617372, -0.00012315581517344552, 0.007775468898499245, 0.00038418626678772647, 0.0018041866187968162, 0.005136113869813093, -4.9870547576474264e-05, 0.0002908470830680344, -5.943413539880388e-05, 0.0017963087837449168, -1.5668133611254676e-05, -0.003069195491237108, -3.382205016252538e-05, 0.005832489709283809, -0.0003849696877408485, 5.353383468826531e-05, 5.3471277222425656e-05, 5.25135654464472e-05, -0.0039256496751919594, 1.5032304387985367e-05, 0.002914805188748319, -7.1857978167063395e-06, 0.0011344281954107371, 0.0031190139995848623, -3.536544681694846e-05, -0.0038595560304591848, 2.673453031328733e-05, 2.137999055319039e-05, -1.8324390241777707e-05, 0.005835449374237375, 7.002033415933101e-05, -9.541804963704487e-07, 0.0018573332882404175, -0.0010498948064422695, 4.2869678705626455e-05, 0.017082169080673767, 7.94514995429519e-05, -0.0007599275669394006, 0.0007420788409854238, -3.0508505169352537e-05, 0.0047362306972770244], "infidelity": 9.274606220310844e-05, "energy_expval": -1.8830834313923273, "energy_error": 0.00010525652317605605, "optimizer_success": true, "optimizer_nfev": 1517}