{"params": [0.34260760324175643, 3.368319139230063, -0.7741828726953874, -1.211036017437634, 1.4338103560522202, 0.6001946966974784, -1.100491716265304, 0.6027024538239891, 0.2532372059481162, -1.9712588146893626, 1.4456562827619093, 3.0978352487201177, 3.466023949911696, 1.4508247545401436, 1.1844362272270308, -2.4413758819538285, 1.6606839727179545, -0.9972708959709574, -2.2499294386222224, -0.6264152032839582, 0.5910370939495267, 2.418822239238325, -1.3373364389224673, -0.7263948379506656, -1.3223004835819303, 2.779250395365017, -0.2984613553249329, 1.819558961469695, 1.898848401424499, 2.0876061590368895, 0.0723421815230204, 2.9562936951653884, 0.06381796435256595, 1.4290648277536018, -1.4494246909003303, 1.1322023376604655, -0.34353712670998887, 0.8934238129571408, -0.06614764875333065, 1.6182644658594936, -0.9825581672023762, 2.653156510666309, 0.9449763848307136, -2.8468626732688027, 1.8727963853414105, -0.12523109688491332, 0.14660897322232944, -2.7501860451318976, 1.6924563578912382, 1.6442542510323896, -0.7859975754682563, 1.8735347712461115], "infidelity": 0.006425274280151938, "energy_expval": -1.750328508689003, "energy_error": 0.012918065451090976, "optimizer_success": true, "optimizer_nfev": 3867}