{"params": [0.4939991833660097, 3.8003161267713654, -1.0183179086407754, -2.9462909504054005, 0.5984061527124028, 2.7792626676855874, 3.505681838191047, 1.9126791677086956, -0.7414141330950552, 0.9960579605557747, -2.759448817349903, -2.5038241959905645, -1.4503401665652818, 1.500126970004831, -2.831139480211758, 2.8584557368375485, -2.5809422293118094, -2.7237090094118153, -1.8087161351689691, -1.1326931348329548, -1.2815987505506348, 0.7002489586009786, -0.6674407599722494, -2.930065114400449, 1.1914251746192306, -0.16124200368713637, -0.9782611182406352, 2.6764696841716336, -0.6583469666602397, 0.5661651292310527, 0.06042301216230721, -3.073619424004423, -0.9296913063705403, 0.5576657935192512, 2.6773094397506734, -2.6044482735771597, 3.211116832974485, 2.5646126012204657, 2.375575669776124, -2.4402183234348946, -0.28899354043703057, -1.1564279630437568, -2.352304168846458, 0.9349689060685613, -0.39356182491798714, 0.12040151326415018, 3.1208383787243292, 2.291494213293984, -0.7151230357121504, 0.8709462183157535, 0.03774718922503297, -2.59092946107992], "infidelity": 0.012102894083312887, "energy_expval": -1.66374952872449, "energy_error": 0.020998821753000607, "optimizer_success": true, "optimizer_nfev": 1752}