{"params": [2.0530636150450547, -0.6600900844850751, -1.5247974770539345, 1.5788642059005962, 2.077778115193988, -0.47094768368750356, -2.6740088323797946, 1.3181290678932764, -2.499562190094174, -2.1094879012704046, 2.007807537827521, -1.3527041858550861, -1.076044367293782, -1.424523305397465, 1.3073197272279957, 0.44608349535937014, 1.8303056816516894, 2.347813828983478, -0.8261491518686249, 2.6366983440025966, -1.5350757129756507, 2.0701725611057356, 0.2648479015093729, -1.772293246619194, 1.5700509900321091, 1.8038055768596484, 0.9094950100736856, 0.8812756295554767, 2.69673815207348, -1.1800561836028638, -1.4916067016224777, -1.372438571029582, -0.8855931316844218, -1.3990344190254858, -0.07796045578960796, -1.071731855986296, 2.3953399090433427, -1.9185621394230348, -2.2637396131434446, -0.6311525348530721, -1.7591820734739878, -3.0405509155143733, 1.494774609025777, 0.309996201376851, 0.7209565294494504, 1.3791406347384143, -2.623758604896328, 1.6940147169645177, -1.2707448615531227, -2.8683105667127102, 0.8974774965046318, 0.9220982747894171], "infidelity": 0.010333070663492872, "energy_expval": -1.5151723584275674, "energy_error": 0.022932530795152894, "optimizer_success": true, "optimizer_nfev": 6026}