{"params": [0.08433666390177465, -0.13057528027806817, -0.7547886624688483, -0.5522773774859441, 2.510003395377293, 1.3199984931645745, 1.2787329247897425, -0.66819298265419, -1.0412669591089159, 1.5074559899612479, 2.716782244539186, 0.9985466120928702, -0.5981292625461734, 1.7764769646339, -0.48842285434030264, -0.6963472687259646, -2.8656470952881667, -1.007138558394943, -1.7508900487176773, -0.18661136987942517, -2.646650508269998, -2.376850378267804, 1.3238745915730623, -1.8789888744446026, -1.3841512681471402, -1.2488574542647406, 2.0140510036549246, -0.4292549094394364, -1.9271908525000523, -0.011465306260449393, -2.6767062629404257, 2.3886724488277795, 0.9958481599790477, 2.3974023457091103, 1.8977765215934683, -2.7085726489382127, -1.6505241910739614, 2.1340790793479236, 0.7910546224856071, 1.1344416097631793, 1.1695553470180895, 2.3215311452055083, 2.895830365237916, -1.2720093655926354, -1.716850738460863, 0.7597808529179255, -2.19017267131864, -0.2542639547321746, 1.4782975852286961, 0.8657753825442114, -1.4395319475603245, 1.0294502165853527], "infidelity": 0.008406310540802098, "energy_expval": -1.8452136428498858, "energy_error": 0.014060439754070009, "optimizer_success": true, "optimizer_nfev": 4799}