{"params": [-2.497046354745269, -1.7457740111120186, -2.2339854742627625, 1.7691229390188496, 1.9073770094282463, -0.5003284290679626, -0.7411485208751536, 2.7229666806654027, 1.233382829846716, 3.1080814937458454, 2.052378661647462, -1.497056972817748, -2.0609141281836125, 0.8955707714575724, -2.4992168545777247, 3.0525368386311054, -2.7244797247250583, 2.6259154311326274, 2.2230527069171995, -0.7792626080636803, 2.2371687063597436, -1.2025551696669214, -0.44929056754144714, 2.7882504303466926, -2.785995577290731, 0.9059474415857813, -1.479128517035972, 2.234218183042297, 0.5058790742330483, 2.799937766351913, -0.6322493076086791, -0.3739141065119635, -2.7417256543623516, 2.6257575974725045, 3.104221819112497, -1.6558761175872208, 0.919764684755149, -0.6238436016264456, 0.6553410825021634, -0.24848738230358589, -0.15852226807661715, 2.436378119499532, 2.5287611299974166, 0.7596454664481505, -2.5185423638501945, 1.0533149896082676, 2.996022746089221, -2.29275182395267, 3.08585173747891, -1.567135598981533, 0.8754951890764094, 0.28103129550469097], "infidelity": 0.013151619038894724, "energy_expval": -1.5835228203921283, "energy_error": 0.02401486924243401, "optimizer_success": true, "optimizer_nfev": 1433}