{"params": [0.9812658753518846, 0.035797799928189884, -0.01731433429938661, -0.0035825197723916877, -0.0027752652127450406, -0.01700360355849018, 0.007929804243205545, -0.0006876059032081804, 0.0037896735478944606, 0.2288919165836736, 0.07642189076423037, 0.4989887022119262, 0.0035392445563884414, 0.14492543555246895, 0.03797422186497627, 0.14045956899581896, 0.1015812191709412, 0.03418911627498796, 0.05813423043255638, 0.09574702078634867, 0.07997616235154952, 0.026392549995961804, 0.038308686473117776, 0.005114995769331853, 0.007518220716193226, 0.025660975166422528, 0.016769589304067724, 0.016781732339535057, -0.3540504176754706, 0.011528491750358357, -0.09301227989601538, 0.009884448791943248, 0.10803473999199709, -0.0011511505832626295, -0.044358083990253844, 0.0058685714446984, 0.07107078218602433, 0.0944993496359192, -0.0008334851305883412, 0.013331530347443717, 0.06142342388894572, -0.07210943109813175, -0.032827888645506814, -0.024048637496798354, 0.004175670153268666, 0.249874967160666, -0.15101879864581932, 0.10676409507967408, 0.023048298496439537, 0.01590992345758575, 0.04115011105978772, 0.0640915247747876], "infidelity": 0.007562516868447777, "energy_expval": -1.7259087963145159, "energy_error": 0.0074978648553265526, "optimizer_success": true, "optimizer_nfev": 8904}