{"params": [2.868368208698778, 0.5116437869207866, 2.0779306595854172, -1.3637983222688643, 1.501702039016607, -0.6307556648574162, 0.4928328619142679, 0.7598551632213758, -2.661050568838527, 1.4981312949425265, -1.9906505062898596, 0.8293301681546222, -3.099144273064205, 2.242275707608773, 0.5347862808579147, 1.4830143968958, -1.4070930170916875, -0.787210494682648, -0.09316521411620342, 0.3562876682160807, 2.7006864376505146, -1.2432845874380898, -1.4256130112887537, 1.5077115462543071, -1.7648421596658428, 0.5576152382310342, -1.7966342499520114, 2.932499987500955, 1.4288695299860381, 0.2579289559962977, 2.187927681601571, 1.0750491444014627, -0.6293975887200841, 0.6252766385372409, 0.6009124719410183, -2.1202652955241796, 0.6095941360469063, -1.7322180275027492, -0.19040550278768426, 2.1180229983381045, -0.8706071932031704, -2.3155920758101947, 1.2231341170279146, -1.1739790571364843, -1.2132551766222832, 2.8781598477969546, 1.6766309280209217, 2.734911905979092, -3.2651258589314778, 0.3951607311476548, -2.461066452083016, 0.6581550027517277], "infidelity": 0.0099108380580899, "energy_expval": -1.9110139316852535, "energy_error": 0.019974348606759396, "optimizer_success": true, "optimizer_nfev": 6349}