{"params": [-2.777692401302841, -0.5976950589961635, -0.5083449474779977, 4.072694403314989, 1.4964537924059909, 3.1213307588384174, -1.419370058635312, -0.5487089004335917, 2.043744284457991, -0.5009900503528405, -0.15933595135751263, -0.43835697761124925, -0.919817688806692, 4.197258766023124, -0.5069743148337468, 1.5120623057552356, 2.6260635925517373, -0.167471700446849, -0.0950430389208073, 2.1980911916215673, 0.40178500672879397, -1.4859089910350995, 0.4922717989462769, -0.7340110094349341, 2.635961505484738, -0.14658255971578413, 1.4049437376559437, -1.04851149467616, -2.75616931947152, -0.12330507704713568, -0.16161522769323852, -0.34040956281276036, -2.2500920316042206, -2.8365128635642964, 2.676750796566503, 1.1216256529359105, 0.6559465909760424, 2.5500725683396928, 1.9636131915284971, -2.1028610044017273, 2.77314026224636, 2.574649675666809, 1.8256165839297247, -1.2765902485643597, 1.4585197059603547, -0.3084561790940944, -1.261453676466446, 2.4038863090366496, -2.5613523751065936, -1.5211621503322978, 1.5835099888669382, -3.1228913304648915], "infidelity": 0.029717355221972497, "energy_expval": -1.7738381061830777, "energy_error": 0.040591532119125695, "optimizer_success": true, "optimizer_nfev": 990}