{"params": [1.4868330611095162, -0.14886138632880497, -1.052530397571651, -2.5289781678472494, -2.3299013101625885, -0.3044383038647703, 0.9591088674140444, 0.522204170560534, 1.1463529551395393, -2.4973697393591197, -2.8350508703883452, 0.7043141956094553, -1.590639537428991, -2.9893213932655716, 1.5013335331823443, 0.11421583162236616, -2.124850234022588, 0.842308932134167, -2.0992001904264566, 2.6736616167542797, -2.8510017366755944, 2.959488127984241, -1.588480086819964, 3.283117091636032, 3.0630813784718143, -0.23700386207758992, -1.1127894233413747, 1.048038540187705, -2.2933362221210385, -2.600386280436176, 0.25911967734036545, 1.9181753580081198, -2.8549191672099816, -0.9132483917818665, -2.1987931149477578, -2.739344285182233, 0.7604434072434262, -0.706068572818467, 1.2012355116390445, -2.6254576615793455, 0.15995579470611165, 1.2616476579116214, 1.0809130955297557, -1.8911882455909472, -1.6016819849234134, -2.2311464137681214, -2.5458571734763953, -1.28592920675715, 1.1321403954104419, 3.0300408796403118, -1.054205274688894, 1.1265292780325808], "infidelity": 0.012573575465469444, "energy_expval": -1.4327105880067852, "energy_error": 0.025628639982108403, "optimizer_success": true, "optimizer_nfev": 3417}