{"params": [0.4995598688700213, -0.42149619002244665, 2.068904668112754, -2.1373904735502633, -1.9465119687797756, 0.4978163506257731, -1.3126166305370501, 3.150559077556862, 2.2173749795345365, 1.190444120711237, 1.4879082161395043, 2.681036728785477, -1.0427074588433625, -1.5076235778789326, -2.5022404241136704, 2.4884597373868513, 1.9043999061747405, -2.0207492370929323, -3.004302692460884, 0.12444684556401417, 2.860836729600548, -2.8895223018260885, -0.022558869536884556, 1.0255869341842405, -1.1814866171020282, -0.0346841452556351, 0.48623136687894875, 0.7579032600981244, -1.186896104675839, 1.3480900177288682, -0.02949814808342059, -0.8325438233167747, 2.011701139750792, 0.8442096845658708, 2.0045352468699726, 1.784736817134787, -0.9245522128189341, 0.6216765313265865, -2.867710713206115, 3.1536074764055133, 1.8875975985960456, 0.2958613873730055, -0.9047857237250574, -2.581151731951758, -1.0573617299620806, -1.1247048163702469, -3.1246756426881905, -0.8859197794331376, -1.945562573295478, -1.272773006617897, -2.8727521868367685, -1.8652117692419585], "infidelity": 0.021872725891681988, "energy_expval": -1.839463903987267, "energy_error": 0.03310881372551888, "optimizer_success": true, "optimizer_nfev": 2190}