{"params": [0.0007267014763057611, 0.0010143397486606259, -0.0006419156855728622, -0.000822086770394893, -0.0006922202206473167, -0.0006767112969521011, 0.000771608502462532, -0.0006796763778730735, -0.015177621715086497, -0.0008840556892154571, 0.000262369076196916, -0.0010839877150636567, 0.0004997410722511891, -0.01451228759468132, -0.0008647251716868086, 0.000657700260552577, 0.0028409504837379838, 2.2736088020834857e-05, -0.000812906462938565, 2.4419640664882773e-05, 0.0006230194575956688, 3.437104322329035e-05, 0.004330602744569047, -5.8761448224664675e-06, 0.0018495485732429402, 0.0008506883244038222, -5.982632535539855e-05, -3.208441283624449e-05, -6.4667480301733e-05, -0.0012396350200057256, 5.542308138655017e-06, 0.0036030359647930663, 6.839297319995943e-05, -0.0021882227789639893, -0.004383352242602581, -4.163644317194782e-05, -0.001247147836760472, 4.5772358486784875e-05, 6.222318373340369e-05, 9.491304913837819e-05, 0.0017780614563004504, 1.0307762650699408e-05, -3.0448005741212322e-05, 0.0005548431651272485, 0.0021317102201094083, -1.5307370246058082e-06, 0.016936296316464514, 2.239499733692586e-05, 0.0019440727697162164, -0.001982064445026046, 2.468747636226991e-05, 0.0021634095599431863], "infidelity": 0.0001431451702760267, "energy_expval": -1.665379531275566, "energy_error": 0.0001929012134609387, "optimizer_success": true, "optimizer_nfev": 1480}