{"params": [2.371093654102009, 2.573163660409728, -1.2608464996783522, -2.896979006109571, 0.31745483175510436, -3.017988907550026, 2.156032485868911, -1.0755087309987972, -2.5963711569082517, 1.5543990608416243, -0.7458075569171444, -2.12842696875262, -0.56284616926302, -0.20783791666554952, -2.3287051992124144, 2.491205167745911, -1.3972323263203168, -1.1220918084050013, 0.7886130149881061, -2.3444229241978136, -3.071011797891008, -2.7234845407011385, -1.8733677056912474, 2.6491944282158806, -1.0495657084899153, -3.0342199994438177, 0.7422731528461114, 1.0733927030313783, 1.1798269055907213, -2.1012582060877096, 0.5219117943591823, -1.9363520734588895, 2.4194034188652855, -3.032327773153567, 2.588487448022857, 0.1706703197641268, 2.2312842786095533, 0.40391345106393856, -1.1192205145281942, -0.696958999685094, -1.051678834966042, -2.877557644122067, 2.4756972898080014, 2.2074079735861747, -1.0791240579619499, -2.8746163710749304, -1.374796714024873, 2.1354226000522463, 0.6705407566754169, 0.8025943122566209, -2.1872215806728366, -0.8597538585220302], "infidelity": 0.008320344716441053, "energy_expval": -1.7302603388496165, "energy_error": 0.016341949786990995, "optimizer_success": true, "optimizer_nfev": 5785}