{"params": [-0.0007882671870158024, -0.0012506258648998063, 0.0007497377094898025, 0.0012525128722005387, -0.0006476722240374264, -0.0021379083202971135, 0.0004647407030477577, -0.0004996225289849569, -0.0032917147006928105, -0.0005357696758527609, -0.0016831683429140189, 0.0015300146276413821, -0.0010045568249369724, -0.004674251227485378, -0.0009199440687721597, 0.0011067145782885151, 0.003905042335189067, -7.332877817652634e-05, -0.0007048854183122825, 1.5938575908911848e-06, 0.0013701257043634515, 4.084661692670977e-05, -0.0007621439552021343, -5.9195812913024145e-05, 0.0032293933150886103, 0.000677564744260292, -4.5231225320380004e-05, 1.4513867047375848e-05, 4.039446131875832e-05, -0.001903873606509294, 4.994330805355699e-05, 0.0023899373441939563, -7.560203120404247e-05, -2.008259384766378e-05, 0.0008510815403242444, -9.185273316296847e-05, -0.0018796113294111112, -6.117980812718387e-06, 3.233864194934631e-05, 3.0105872183543077e-05, 0.003230898946408399, 5.479858735128374e-05, 7.469045202098818e-05, 0.0013928425708814984, 0.00016250984231210526, -5.3610561809847027e-05, 0.008640000616565568, 9.752593314141575e-05, 0.0020889113442531504, -0.0020836573232375956, -8.765194707037661e-05, 0.0027961039253521524], "infidelity": 0.00018011750432544993, "energy_expval": -1.8866567663183889, "energy_error": 0.0002412205838080439, "optimizer_success": true, "optimizer_nfev": 1337}