{"params": [-1.5216345515976235, -3.222305160150706, 0.11738879625667266, 1.4139403157537302, -0.40791820739634604, 0.46280601196850946, -2.8741762218731317, 2.9387197006921113, -1.1439428618176823, 2.318273665287467, 3.500208120143317, 2.081776526916046, -2.8304902227681543, -0.8105788670567055, -2.2829725520080806, -1.5456104332711678, -0.3331797511481047, 0.5830692170414372, 0.9789055185202955, -1.1210074201528608, 1.1731232825792433, -2.056888802151534, 1.482694300599093, 0.7281476048016228, 0.2407709993521854, 1.967617657104307, -2.7586158146898554, 2.602727817025252, 2.303751219802271, -2.554559286943123, 1.1805086638978273, 1.551211990597474, 1.609465594409543, -3.2341645861646655, -0.7595424913054303, 2.7384991158168006, -2.9001811431643136, -2.516991504576875, -0.6457403669759789, 2.7317163176187944, 1.1381390718346094, -1.6959261574229316, 0.4288978094909868, -2.3737468957606267, -1.3590389314390865, -1.1240455571618857, 1.152388244570548, -1.4799947957531439, -0.05309756126690764, 3.0021372192203697, -0.864372833394596, -2.4096792466726904], "infidelity": 0.019958524617533224, "energy_expval": -1.576242116674954, "energy_error": 0.028658062945247753, "optimizer_success": true, "optimizer_nfev": 5644}