{"params": [3.2618235599927927, -1.8590196847299867, -1.8333261629197628, 0.5150223109521062, -2.534761216024224, 1.5949926613234875, 3.504404309096427, -1.846929943775494, 1.1457228202058882, 2.5178375146605405, -2.0732761611056345, -2.774971403323449, -3.651813513763761, 1.9352137478676301, 2.50717342338549, -2.213298319061544, 0.8596312292456653, -0.020401431152535617, 2.7138055148090823, 0.3321370174187501, -2.724486834227446, 1.2489873856776184, 0.39595191861205586, -0.541889071017539, -0.5442139141435083, 3.2509342601585836, -1.819907986085592, 1.3576588948971353, -2.0271301489743663, -1.6147444904735144, 3.001302302752316, -0.5661673070361933, 2.321865674658641, 2.8157660259706274, -2.0981499316436993, -0.4471891982693886, -1.4024540973194666, 2.695352479678603, 0.8487171690046643, -0.9842529533296547, 1.8883779248894808, 2.583516999816281, 1.8506591968401838, 0.4188514697885344, 2.870346613409408, 1.162665969050844, -0.10396112326675652, 2.1964198434824267, 1.3712813456611703, -1.3103230135517498, 1.5567511888915173, -1.8748678827393226], "infidelity": 0.02112834501255323, "energy_expval": -1.9080734652071158, "energy_error": 0.03094938637663658, "optimizer_success": true, "optimizer_nfev": 7180}