{"params": [-0.00014839101566418837, 3.263603161111011e-05, 0.0001714914717174852, -0.00011292459275799478, 0.0006336116894753001, -0.0006619453237408595, 0.00038230572422041025, 0.00021304188490319526, -0.001808768871526433, 0.00041061541672564225, -0.002501563621424148, 9.657140089047981e-05, 0.00038872567426340485, -0.0038779259268785665, -0.0007188400205003421, -0.002498240750855945, 0.0036951568145031223, -1.828413415998117e-05, -0.0005248880897009469, -4.204764459186248e-05, 0.00010496062838572962, 3.615346033007761e-05, -0.0014644808378649627, 6.148841724857263e-06, 0.001254801482050844, 0.0004413984396062891, -2.5304873418796164e-05, 6.193580010261115e-05, 5.2993510521321715e-05, -0.0011318375642297305, -1.639374437328326e-05, 0.0024092250345827968, -7.739483697258679e-06, 0.00048138694401861387, 0.0015067841282646092, 6.077329725695801e-06, -0.001165329277716258, 3.247541696130411e-06, 1.051812961820236e-06, -4.0681428067663604e-05, 0.0012338617080378982, -2.839957542949617e-05, -3.10024563834926e-05, 7.355869443211025e-05, -0.00045231340449524354, 6.862979681980373e-05, 0.002275556765996134, 5.659399435588975e-05, 0.002031301623236213, -0.0020989209553054864, -2.716726100687473e-05, 0.005535307053646801], "infidelity": 8.436585336801805e-05, "energy_expval": -1.5422546563911794, "energy_error": 0.00011639118143169647, "optimizer_success": true, "optimizer_nfev": 990}