{"params": [2.594706764624693, 4.217980593012234, -1.3848785272789903, -1.0215846548695247, 1.4190764094814385, -2.035694136121064, 0.45167641984598, 2.4905951301893245, -0.083829992852804, -0.3928579406855196, -1.770066929080659, -2.3783928046733545, 2.393097383029252, 0.5858830597842527, 2.380614635923006, 0.8611561611011525, 0.09013279051469289, 2.7428005516115186, 1.7199331288285256, -1.3944799217678876, 2.0043211612894463, 1.497634571011635, 0.11357668756149618, 2.255886485652531, -0.5050785243775446, 2.739639241134558, -2.1737633462972803, -0.44977656070467, -1.2513766370833785, -0.7267244474870868, 1.9650674415925056, -0.38534102494907274, 0.05715307762893078, 0.17712519165016777, 1.489862721053341, 0.7562977390123774, -0.39764210903714114, -1.5722755605427283, -3.164523487395913, 0.9814010849656587, -1.6368769126265705, 2.1300667291101303, 2.913578142164089, 1.1533648031294244, -0.8753759539688999, -2.355422547956325, -0.6577388833497214, -2.2436978918633836, 0.05777474851400554, -0.6304576468378319, -0.26880728398353415, 2.1417643532521935], "infidelity": 0.0067393107169752, "energy_expval": -1.7371888559210504, "energy_error": 0.013261358436392312, "optimizer_success": true, "optimizer_nfev": 3690}