{"params": [0.0010800914939496273, 0.0007872505055417972, 0.0005255320806381823, 0.0003688662836432084, -0.00034408833548795555, 0.0013174595009072477, 0.0010540078266982732, 0.0013913982723754578, -0.0007627248190764967, 0.0005307875712694919, -0.00016587154935142234, 0.0007254983086084382, -0.001400619435292305, -0.0013963748812350308, -0.0002660477673430614, -0.0008075095398057313, 0.0029401136484228972, -2.447140980946619e-05, 0.00047494760173394477, -4.559688059415894e-05, -0.00022779301238947088, 4.6922823043668886e-05, -0.0033745806312573652, -3.571502531328462e-05, -9.862946583725753e-05, -0.0003140054345330989, 1.5476782642032507e-05, 0.00013120132171629987, 3.478672066673816e-05, 3.7794796599297435e-05, -1.9323307145089494e-06, 0.0024020491019884132, 1.817917485677778e-05, 0.0016995901250200912, 0.003534308377871297, -1.4208450903345606e-05, -4.78666622322514e-05, -6.259461380278925e-05, -1.6754660796180255e-06, -2.5140418374147277e-06, -0.00011533924950664939, -7.02340572829552e-05, 5.917943388660503e-05, -0.00019651404544925575, -0.0016123587751939203, 1.6130389036165e-05, 0.0056141172521723985, -2.814972672623257e-05, -0.0012452936907341344, 0.001264247961591292, 3.2779266340726945e-05, 0.002725702770900778], "infidelity": 0.00011320888039412225, "energy_expval": -1.767085199043616, "energy_error": 0.0001861319629563596, "optimizer_success": true, "optimizer_nfev": 1366}