{"params": [0.00021719947178654002, -0.0006993016155393833, 4.9171778544955054e-05, 0.0003801397268115949, -3.996906835313371e-05, 0.0008418509378579345, 7.336073968222263e-05, 0.0011869999861225777, -0.0024378361547258724, -0.0005620630257747116, -0.00310585187897045, -0.0005087027837299766, -0.00016347101535526813, -0.005446167455964852, 0.00034218978479512105, -0.002860859808343956, 0.005200680024240741, 3.882511908994488e-05, -3.8423240491194085e-05, 5.6656938940668754e-05, 0.0002536523294796386, -4.122088673595684e-05, -0.003884371077247748, 7.766534398657599e-06, 0.0022692103260544996, 0.00010989196126406692, -7.04952136184492e-05, 5.543128692819378e-05, 8.494351028525275e-05, -0.0021179127484099525, -1.5727670155307773e-05, 0.002616935006345638, 4.1016472040463685e-05, 0.0020959799105465388, 0.00399478966927536, -0.00010366370108773622, -0.0021356194188708036, -0.00011731627395994174, -6.824696992515255e-05, 1.2446278123291329e-06, 0.0023658664540125943, -3.5670307074757944e-05, 7.219919324095663e-05, 0.00023005190850971277, -0.0019455742684829557, -2.48117669193378e-05, 0.00475835961417446, 3.866590925034965e-05, 0.00013271591388135093, -0.00017393498667262576, -4.515607692941972e-05, 0.006488311732657042], "infidelity": 0.0001472878286020718, "energy_expval": -2.02743540727852, "energy_error": 0.00018351939746530377, "optimizer_success": true, "optimizer_nfev": 1449}