{"params": [-0.2520720053414688, 0.0005028685062899574, 0.004254282228062725, 9.717295484134165e-05, -0.0007803705641163484, -3.250093830826178e-05, 0.0001148410988750645, -0.004338347244510711, -0.0005486904114179927, 0.00017400703012240867, 0.0003469693557666243, -0.00042909457857601976, -0.0002460963070905066, -0.0007320114301894295, -0.0004524645078174656, -0.0003255072021035902, -0.0017477837847681911, -0.0006585111512112141, -0.0005117014585661111, -0.0006077799518613435, 0.00042588902733173175, -7.310662931436879e-05, 0.00048064653698663657, 6.275522331044253e-05, -0.0003876854736437531, -0.00013985291000568259, -6.32112106294464e-05, -4.4095174244904174e-05, -1.4348957276472478e-06, -0.000678489654854523, -0.0006446376983649618, 0.001964935041295304, -1.265631909688793e-05, 0.00039436206976385327, -0.00010944014061951993, -0.00016150582428787078, -0.0009844645727312565, -0.0003518941327476423, 0.0006584107978413033, 0.0006883256608395357, 0.0006353113925320032, 1.4401017501368108e-05, 0.0005778801580778531, 0.0001906329823538121, -0.0008325239015176892, -0.0006908802956512221, -0.0010400734535189874, 0.001980426349885461, 0.0005586993701046464, -0.0002716646285533048, -0.0007275782407744432, -0.00012381453656686324], "infidelity": 0.0017597379330089868, "energy_expval": -1.1502978840007658, "energy_error": 0.0050534274411344615, "optimizer_success": true, "optimizer_nfev": 823}