{"params": [2.4460232566596787, -2.708219713270469, 0.2192143930536193, 3.198257950482191, -3.613974833180972, 0.06179452627393143, -1.7801833188909946, -2.449379096608323, 0.24531586790111473, -2.7624843279300952, 1.495611885720772, 1.7430784169052362, -0.9875263170384475, 1.093435055020802, -1.2931782659373847, 0.35355889140007574, -2.373997222437567, 1.9541756213942045, 0.45966897073475765, -0.5492896351020616, 2.5385593711623735, -0.39124718446229206, -2.762299936359357, -0.6259343223348666, 0.8075857892859195, 3.113004647745664, 0.009392389323748333, -1.7735383316593374, -0.2553020723228834, 2.3418593063731294, -1.9663182233859777, -0.9305972881556887, -1.122785558249929, -1.7618425516096572, -0.08980880251021345, 3.233552878467067, -0.4590463112759658, 2.457143421397618, 2.3028777087510024, 3.1721502278531335, 2.353748817466056, -2.3841060060279196, 1.8714886945328022, -1.8584357490410017, -2.1218044399629767, 0.18862006805316706, 1.366164078050898, -0.9356285082200336, 0.5651378782541738, -1.0797982085058153, -2.7437488034791735, 0.9941604111645379], "infidelity": 0.008399345423763638, "energy_expval": -1.7003503919037808, "energy_error": 0.015178364905504171, "optimizer_success": true, "optimizer_nfev": 6133}