{"params": [-0.38494862726295676, 2.5454128555288063, -1.2708551333497378, -2.197516918866842, -2.383809671412883, 2.6640027591392608, 0.6511487132278333, 4.628186760763253, -0.44613207476135613, 0.8766782845344822, 0.3072247414585363, 0.4810125345147223, -0.3533571633201405, 2.4769306387643217, -2.371861270064004, 1.2894022400888692, 0.8613298922384521, -2.04095693061662, -2.211288679864071, 1.8584177210424306, 0.9999268484633032, -1.4695217849019442, 2.7797494069688864, 1.4522633707865313, -1.4086096921162303, 2.193774911948106, -0.06293114180617806, 0.10909527268767713, 1.5326265806283985, 2.463886044610162, 1.778554046160905, -2.9722061458154574, -0.2012504344545024, -0.4813469174582603, 1.6147882050947047, -0.6209080500204904, -2.71364330521508, 1.062597486894185, -1.0437838224557303, -1.9760953286638179, 2.7579917646076555, -1.4963549278716395, -1.128683181705117, 1.869019977680188, -2.420831664491576, 2.8698075081386922, -1.1247917137925896, -2.6796723526843724, 0.7436550035686368, -0.19611989074125732, 0.09034672107635562, 1.3756489750912249], "infidelity": 0.024151318967447155, "energy_expval": -1.8062324940958285, "energy_error": 0.0335747817019032, "optimizer_success": true, "optimizer_nfev": 4076}