{"params": [2.4983599050905476, 3.8266544290835967, 2.0418415894152795, -0.43747351225940784, -2.0401255948581527, -2.908809247989537, -0.4939452053231185, -2.146662939035038, -0.14562024283195232, 0.49996535572697465, -2.326657963084523, 1.4983041985484014, 0.7225747875244612, -1.991892519955609, 2.500588829687011, -0.9151830040708979, -1.3892394449020682, -3.047079036490096, -1.742782959835627, -1.9861322116501292, -1.4133723369606892, 2.9827935374869883, -0.1742096971856952, 2.2439910520463497, 2.87765246777329, 2.2734311724555827, 2.1358309306506547, 0.4345878971160346, -0.6757811264359191, -1.29601513521453, 2.3621798225264614, -1.5348591497430857, 1.116332207404069, -2.0812718869599625, -2.323714853124375, 1.15068170710283, -1.7015677627566401, -0.7628097932684975, -2.900033387534417, 1.8262135222968936, 1.9556561733564495, -0.8405293277219532, -1.1882572769311495, -2.3591639341564514, 2.458338970567367, -1.264619852365719, -2.62322782440439, 0.35114124166215777, 0.06402916669753574, 0.3944195661004853, 0.6134287386658532, 0.8701564700383768], "infidelity": 0.01506765892474804, "energy_expval": -1.7554376568573342, "energy_error": 0.026457158321023355, "optimizer_success": true, "optimizer_nfev": 3296}