{"params": [0.5105021723640738, -0.09193718075200068, -0.31430144827766543, 0.1514807263725575, 0.06237836465489385, 0.08736759469560161, 0.028761576766919858, 0.07581314273094188, 0.26920990349895174, -0.1740607548290912, -0.05588783452978564, 0.4988556137197444, -0.039559433712671906, 0.4856729933231194, 0.07273698938105302, 0.18728174595389402, 0.14600378505719985, 0.14720800710209428, 0.13535396567228825, 0.1382075719599681, 0.05666920230104427, 0.23177330228609444, 0.19693722787717494, 0.3299592436713656, -0.01850902030508544, 0.13822352884460512, 0.098927730314585, 0.07120508688321421, 0.06610580339676844, 0.10096487492964587, 0.06067319043043189, 0.04776822393202247, 0.11359217061631266, 0.19152499281377477, 0.12082777054823175, 0.0680702658782627, 0.0794958812051825, -0.0797479179612435, 0.1346579567750443, 0.19229915682103357, 0.15484288195962148, 0.26268403195705864, 0.02639280207524036, 0.24187420840360718, 0.18838421071627023, 0.24787206376256204, 0.05472147279877687, 0.21948304190036153, 0.19776544124917264, 0.2448125580631092, -0.19740097881149715, 0.0763095374756524], "infidelity": 0.0044068456126603595, "energy_expval": -1.4964444949336522, "energy_error": 0.009070609584733491, "optimizer_success": true, "optimizer_nfev": 3337}