{"params": [-1.3963770383737186, -1.5109609074333128, -0.6577324766449935, 3.1760085267453455, 1.5684322016992123, 1.7423170837114472, -0.06081058640745609, 1.6847644291052608, -2.439286690231051, 1.0869733295758781, 0.6904692199988508, 0.48574126973953446, -0.6308518209787185, -0.2555274688329947, -1.5041368424902926, 0.3047847522848136, -0.4126178687213234, 1.1257485737938482, -1.0783571436161872, -0.5500011073250757, -1.7127246114457217, -3.1396312821294803, 0.330976739185201, -2.318505161787781, -2.2512434236181824, 0.09836809037153066, -0.8017876760190286, 1.090930706143722, -0.8706829454468806, 0.14722379026153762, 1.524147277073282, -0.8146501327819891, 0.2770065226595377, -0.3764475280333288, -2.2346226545464485, -1.7693901269697507, 0.24428470632016747, 1.143223439321753, -2.6942682740741177, 0.5907654669712467, 1.1874772896460781, 0.47257771034059354, -2.9215297532452364, 0.10810561770882698, -1.7389863577502542, -1.5280045372232804, -1.4767863280332099, 2.1989265726764646, -0.3802223286093347, 0.2608530805081072, 0.6247724044303875, -1.0816240899983045], "infidelity": 0.02433427271892641, "energy_expval": -1.4911224914770824, "energy_error": 0.03293313146855992, "optimizer_success": true, "optimizer_nfev": 1977}