{"params": [2.6605279353373414, -0.6699484044568462, 1.1846134055867865, -1.3929926282827643, -2.3451284588497514, 1.1157469840380716, -2.4216549281946183, -2.697753584607587, 2.4598570318583874, 1.7679219182951385, -0.6370811132717565, -0.6285816013183511, -2.310556003557287, 0.512923789004928, 1.7725804856920035, -2.1582145765635365, -1.1789159995849368, 1.6976697560014211, 1.7784943584454562, -2.6208998130106473, 2.11883216120829, -2.1126972329325886, -1.6129395968311162, 1.452940927182901, -1.9524547673731643, 1.3772910096390647, 3.036490907733981, -0.7381497926328844, -1.6067003318843065, -1.7967763578010227, -3.010570999656111, -2.1506779559879114, 2.3959508122601214, -0.901706885569205, -2.2467525680402094, -1.8978824840268114, 3.0151054240687905, 1.8723291129897743, -1.533200508030574, -2.8192038720032397, -0.09792189102897103, -2.9075197156060164, 1.7180729634065797, -0.8280101714343882, 2.9407816592237426, 1.3725088371719454, 0.37517388538447266, 3.141683319568071, -1.177934148299936, 0.3783423276151364, 0.8413222169201356, -0.9125906298810096], "infidelity": 0.02429084808487869, "energy_expval": -1.7040694474175035, "energy_error": 0.03196890432215449, "optimizer_success": true, "optimizer_nfev": 3545}