{"params": [-1.114038466083206, -0.29991398399046454, -1.2327887050985513, 2.9455589543272165, 2.5614057282604934, 1.3509990865634383, 1.3916152415991638, -1.3763034396840104, 2.739521940251101, 2.259517141517071, 1.4828962689651781, 2.860444583614268, 1.630602316642857, 1.0378547663096185, 1.8781099717718248, 2.5062804010635387, -1.6544995044989839, -1.8672361427485893, 1.1547681504395833, 2.025942832588853, -1.6799153162489746, -0.12959899961998234, 2.9529112061495195, -1.8283993457028749, -0.6060273378006824, -0.7488326997953152, 1.2549751600649819, -0.6001210186825582, -2.891240562215518, 1.8403012759655304, 1.810788974690709, -3.004955943825647, -0.9328589020579078, 0.1437804590507363, -0.9343381036459092, -1.529455072989128, 3.0424330340401182, -2.8924394650833936, 0.48731057089980984, 2.9438978976400607, 1.7060302198457054, -3.0856971939876088, 2.6713487689509567, 1.6903827462205572, 2.4530033380665848, -0.2841342278126851, -1.0350926697499083, -1.5172213283991984, 1.2493888648280602, 0.14672726377484213, 0.07445703822155689, -1.2358755000260395], "infidelity": 0.015200498474375101, "energy_expval": -1.7123318487490844, "energy_error": 0.019659244901470085, "optimizer_success": true, "optimizer_nfev": 3890}