{"params": [2.4646184160409104, -0.3931638792693649, 2.7267170004941725, 0.003089392123344024, 0.8896087708397815, -3.5132625644208026, 0.35470821666953994, 1.7185058740791734, 2.458221508163398, -1.6339065386110343, -0.566431973210532, -1.435024992230634, -1.6805578238989793, 2.5914917938001647, 0.3364258156626981, 2.5597618336604837, -1.9136932346053799, 1.405252876512044, -2.0139561260801497, 1.116855334558918, -0.5257055138794026, 1.7593683621184357, 2.445874118752248, -0.999741482075698, -0.9065555060502372, 1.2757718029175171, -0.7919552518716081, -0.5150253843835338, 0.21181042738040887, 2.583904153010804, -1.3279360543309182, 1.789310009506701, -3.081746932395254, 1.1902986826996453, -2.951040839038452, 1.684557774329565, 1.6514295503536212, 2.040215698066371, 1.9402004599726888, 2.3741815680001643, 1.1980863711387788, 1.485211628694485, 0.6126538671273576, -1.955223065830301, -2.468714832419557, 2.6268436165818065, 0.12377000315266566, -1.6509608993013802, -3.486560893709031, 0.7276968081979763, -1.6229725634966317, -0.08664603798769062], "infidelity": 0.01322295251402883, "energy_expval": -1.898572177683233, "energy_error": 0.022902255961357865, "optimizer_success": true, "optimizer_nfev": 3009}