{"params": [-0.2539292994881147, -0.0006586264146765657, -0.008485026231829625, -0.0006953830559839218, -0.0056985412959242735, -0.0011153129124763196, -0.0006245625901930952, 0.0084661579806826, -0.0013835041611139904, 0.0008838124947316103, 0.0016229621631182062, 5.7011704268374684e-05, -0.0011747938223859522, 0.010349819850738661, -0.004501019222537955, -0.013154166337861466, -0.00751111372024185, -0.0028141640069621553, 0.00219708400552723, -0.006204370316870518, 0.010697495527419809, 0.014107063476454901, 0.0015530872813434792, 0.01497768374380179, 0.002133696737703895, 5.243045911631121e-05, -7.4382487827660485e-06, -0.00011072406565497758, -1.1376055772199458e-05, 8.156186312283717e-07, -0.006157801257357377, 0.003199151630851727, 2.146197616411375e-05, -0.006726145210103289, 0.002195457682792262, 0.01640773846313064, -0.0012736599474004618, -0.003876490581298425, -0.004056627572843952, 0.0030146519607640947, 0.00026272354142480405, 9.469561543118785e-05, 0.0098542619497008, -0.0024586513016005684, 0.0010127822468292609, 0.005611117585167717, -0.006591096734963231, 0.0021035859393269893, -0.004703760037725909, 0.022825858217365387, 0.016782775172462266, -0.0024678451623746252], "infidelity": 0.0020987014673555793, "energy_expval": -1.6080459741345585, "energy_error": 0.003827805112943894, "optimizer_success": true, "optimizer_nfev": 919}