{"params": [0.4868793783700801, 1.5755533485361528, 0.011570318133643983, 2.9763953030961314, 1.147137178974167, 0.19929564889233195, -0.5044470794019014, -0.2309243013206631, 0.3276891177120171, -2.502610555007263, 1.7680480206554086, 2.522978461762318, -3.1260916825571434, 2.28690675963004, 2.3777657085747896, 1.540372161622892, 1.3812818822374622, -0.7428636590391992, 2.683987511858593, 2.8860192351106075, -0.8832559958735482, 2.0014467936879985, 2.602872717024143, 1.9628980847638977, 1.1821231967173231, -1.9501964531110372, 2.6218643856511004, 1.8728392761192887, -2.998835456509774, 1.7688042968591866, -0.39796054634095934, 2.1237276187642005, -1.8784476183713503, 3.1820578807300604, 1.6166364223245235, 1.7692160261785457, -0.8994802502523886, -1.3579737697615735, -2.873102682758489, 2.3945074018023216, -1.3724724162760022, -0.12860496191236362, -2.360879059820811, 2.569736804254433, -3.0492911122330235, 2.625709064087432, 1.6355987896024733, -1.7519900356480809, -2.140654213290671, 1.148431707203149, 1.2474290417607437, -1.614059544438344], "infidelity": 0.015679748625513468, "energy_expval": -1.9999967501665408, "energy_error": 0.02762217650944443, "optimizer_success": true, "optimizer_nfev": 3650}