{"params": [-0.25021177895722974, -0.00012198401489031593, 0.008436734527614415, 0.0009530378396126518, 0.0050013524296833615, -0.00011246074091503113, -9.903753523931557e-06, -0.010213182448693195, 0.002475909091038948, -0.00046978690547523313, 0.0014525633894114408, 0.0004160855955678272, 0.0013548312621861403, 0.007818982779535305, -3.553965416254395e-05, 0.0005404125008114677, 0.0005518650470559434, 0.003979427949756894, 0.0017193100681552529, 0.0034034240534695447, -0.0006414302050401668, 0.006120481949780827, 0.001881120622261685, -0.002200869503323018, 0.0018096513631269315, 2.5088661775143126e-05, 3.9490169728569784e-05, -1.1522653557450315e-05, 1.0820930630377117e-06, 0.00607968725315146, -0.0011665453007117371, 0.0029403976701913837, -3.459594319794688e-05, -0.0021481667109318585, 0.0008096949853224343, 0.0045156603098512925, 0.0043720198874716695, -0.0014078225977708907, -0.0015159219024357378, -0.0003654321893581823, 0.0011013004996541281, 1.1690030216347228e-05, -0.0050763519135032555, -3.797602161534578e-06, -0.0005744927695117345, 0.002193757721489174, -0.001746613035608336, 0.0006628709095166021, -0.0011318589357609534, 0.000986758478250845, 0.0007624608314382719, -0.001783390373262282], "infidelity": 0.002461988333439913, "energy_expval": -1.4308482826586935, "energy_error": 0.004536661304460399, "optimizer_success": true, "optimizer_nfev": 1061}