{"params": [0.4459507531440775, 4.0158707166572265, 2.3234920037474693, 2.6466781527459267, -2.4407875471720923, 2.588676994718048, -0.10648833921401282, -2.357275029489788, -1.153754086073596, -1.4802697244655683, 1.2803593656165586, 1.408705972103792, 1.2560814834072311, 1.6690133401528358, 2.4867089869783894, 0.19874127487534585, -1.8959142816771806, -2.680859256648907, 2.0220323629208106, -2.1174038876573382, 2.4813946323866394, -1.1941760903114693, 2.1954491524139117, 2.5690423121564274, -1.6892490331273509, 2.294921630500233, -1.6864607545606034, 1.1378676854693335, -0.15923945234969475, 2.0965753106908482, 0.7733952606520691, -0.538070391738448, -0.4425190333068669, 0.3153145987386726, -1.1728122892930122, -1.3011958966461472, -0.10734391214889734, -0.7737837686484387, 2.7694505690381903, -0.16033035732328849, 2.3692425176260095, 1.7666423237247622, -2.651905460271655, 0.5605739038466958, 0.3603026350716055, 2.871904198447912, 3.125118333990268, -0.6301528582248306, -1.9788823971754792, 3.2951383782078114, -1.1341848334043338, 1.1433895276323], "infidelity": 0.011562994723127384, "energy_expval": -1.7097818783850878, "energy_error": 0.020871433878758783, "optimizer_success": true, "optimizer_nfev": 4631}