{"params": [0.0012029817061719609, -0.00087487149997789, 0.0005676817420255262, -0.00046080451128984243, -0.00010941052720288475, 0.00038090049391582663, -0.0004191747512005556, -0.00029239754114800955, -4.82517043433526e-06, -0.0014507315961911488, 0.0019210717410888668, -0.0004915217791126747, -0.0010282232159469615, 7.286692246184944e-05, -0.0009437665250298978, 4.577694707399885e-06, 0.0030542081639381366, -2.5347740497527096e-05, -8.173002107795105e-05, -0.00010243591351424662, 0.0009328331001140262, -2.0036918181396524e-05, 9.877046266928489e-05, 7.078668736799872e-05, 0.0026386609574945625, 2.6960087818373232e-05, -6.053180766593542e-05, 4.118287551526077e-05, 1.4228247545273918e-05, -0.0016866001227385475, -5.748915239707812e-05, 0.0016568342393680157, -6.242741744962035e-05, -1.3445525900665734e-05, -0.00019342056658884786, -1.6949594846013538e-05, -0.0017812568167652474, 9.377277360029128e-06, -8.887168468131587e-05, -8.087175553244354e-05, 0.0027375171470027018, -5.981612164740794e-05, 1.863812335425007e-05, 0.0009011304680695606, 4.192072766572773e-05, -1.958362082609203e-05, 0.0041974487997520704, 2.242480351051165e-05, 0.00016321155904448856, 2.6751715173292307e-05, 2.6563059671233584e-05, 0.002299045407974339], "infidelity": 0.00015426050147226977, "energy_expval": -1.8749088508239926, "energy_error": 0.00024258748352656845, "optimizer_success": true, "optimizer_nfev": 1000}