{"params": [-2.503058217648179, -1.3480870793604038, -0.32720419071284723, 0.8459008272146685, -0.7514788080609451, 2.634401888322096, 1.4953323636271292, -0.7386976111308388, 2.264186017897118, 2.5154250505632763, 2.6371277859640387, 0.9132817860416342, 1.96298568827183, -1.964555459346193, -0.8946723852719337, 2.501104057324942, 1.1026846220357, -0.7884186371018812, -1.7195187204733813, -1.5196028823050918, 0.7300177189718552, -2.7400931406666236, 0.40453657127752835, 2.976755626456628, 3.066164907950767, 0.8460663474006411, -0.43733743308690876, -0.729209093944487, -3.5714857558014557, 2.5357011128499813, -0.10483534321599865, 0.5853285632628384, -0.8727679998947286, 0.07300394347849537, -2.894434489656756, 0.4377727866181907, 2.078499350647715, 0.6591244857937244, 2.1392196171891653, -0.5650794129138499, -1.0510087365787932, 1.9560014927222587, -1.453427407537324, 3.1622621315538377, -2.3559680945967476, 2.979333629571535, 1.1034648199980082, -2.2800973508239593, 1.166846715820687, -0.052631197517184564, 2.0679608516596697, 1.8919393439762073], "infidelity": 0.017740773574991375, "energy_expval": -1.8961941434309095, "energy_error": 0.02956485150107957, "optimizer_success": true, "optimizer_nfev": 2702}