{"params": [0.9991813998506568, -0.0002364058017613762, 0.003982341510679851, 0.0024100054065887494, -0.008294124748491201, -0.5010789012623588, -0.018104477404952173, -0.07909180561449546, 0.004962492198586462, 0.03295640081884245, -0.00033463637852068954, -0.00018194571957857363, 0.007061732767440734, -0.07507478823464038, 0.011300873908504688, -0.0018328742489152725, 0.002257427177334975, 9.705010339537104e-05, -0.10984509896786647, -0.049091110068697534, 0.0003773184152427642, -0.0010794314568127062, -0.20237587121494743, 0.09190239566019372, 0.12498769181689826, 0.1302215634912668, 0.03276986096745502, -0.00010388150226895917, -0.0003813098872945399, 0.05184254315371341, 0.10185947013038484, 0.0006567890563259179, 4.606895673601513e-06, -0.01317719653787455, -0.2349299850095297, 0.13143411032464686, 0.07797591167647719, 0.15203326716699078, -0.16193800154653035, 0.14767443306252767, -2.0469084315594603e-05, 0.00037574226272206446, 0.03620482774010739, 0.06220628268456961, 6.948876788363197e-05, 0.026940713323166728, 0.09060384784690236, 0.21543213328782712, -0.007549457309936497, 0.02018424459971467, 0.11745306291236071, 0.12116479380008537], "infidelity": 0.012946148769846122, "energy_expval": -1.619338444472855, "energy_error": 0.014243331761656597, "optimizer_success": true, "optimizer_nfev": 1853}