{"params": [2.766688205735756, 3.2169602462601703, 1.4700597683463208, 4.073262668212165, 1.463414735231129, 1.3339425764935242, 0.9856965658238993, -0.7536695909345343, 0.4121308021423542, -2.5298420485691295, -2.318594354833063, -2.781712558374838, 3.060452249534396, 1.4561810492168306, -2.4922311182409125, 2.513619628985447, 1.3742989016098326, -0.15338850703247323, -2.1873302161033843, -0.15006303700725876, 0.44754679999490854, -2.3897767641653505, -0.6886990072486348, 1.4940563848570956, 0.13702459685072627, -1.2329910188850872, -2.013255575682954, -1.386533827692999, 0.5129131533997231, 0.4576166888773569, 1.9184587364974852, -1.4672973936896594, -0.4243207459745304, 0.49575753122936644, -2.197600721831326, -2.695622791111977, -0.7911152356052815, -2.1648605954841718, -2.7300185589126666, 1.7246289550954563, -1.8041139184610846, -2.07129361758972, -1.900209784771272, -1.2134346632624704, -1.5178533145776705, 0.2384557534153545, -2.7376984554259964, -0.6821600610067649, 0.2480737823511583, 2.593438571971063, -0.5285604224140844, 1.875689900899573], "infidelity": 0.1528786478732852, "energy_expval": -1.8536223739452262, "energy_error": 0.10422649902944214, "optimizer_success": true, "optimizer_nfev": 2802}