{"params": [-0.25499132966487653, -0.0009231473476387799, 0.015907718747402162, -0.0002584652471467234, 0.0012203773833203667, -0.0024343760229439885, -0.0004458997935630678, -0.020165546302193478, -0.008671030367179861, -0.0004723346125229972, 0.0003836839615810581, -0.0008174042892373226, 0.0018947615282278243, 0.011490460834666247, -0.015641542070440474, -0.004110954632681295, 0.011724176564816023, -0.020986200984162755, 0.0046433103191703675, -0.0007718003853566164, 0.0037890199478689086, -0.00550772328520619, -0.008096057302590904, -0.0046990521645151944, 0.004641212669046171, -0.0004505196201631245, -0.0001633647477193834, 6.213532259897763e-05, -7.724262213833238e-05, -0.007480414544927892, -0.004844589063871992, 0.0038246348211777486, -6.93207991414475e-05, -0.012538761596349987, -0.03148820848181952, 0.006914709201585476, -0.004957087945118406, -0.01510682577045887, -0.00045370024722020803, 0.004558778592329792, -9.237926045554201e-05, -5.677974099645452e-05, 0.001434489177829099, -0.02490203407239598, -8.73641673250379e-05, -0.007645410031087054, -0.023091808021424288, -0.012194163395107021, -0.0048289478424533815, -0.01173318721096533, -0.02930422526305674, -0.014071293489295655], "infidelity": 0.006785570477760738, "energy_expval": -1.866482042019274, "energy_error": 0.008569088260768298, "optimizer_success": true, "optimizer_nfev": 1286}