{"params": [-0.9982219839853577, -1.3505509159569946, 2.4225969311696125, 0.055162601990617406, -1.7659138110385624, 1.4965716145292716, 1.1576218623737484, -3.0197644405981685, 2.674679368057392, 1.4402249256019577, 1.5032841804185326, -2.116350083762738, 1.4194328588660914, -2.9701185835898514, -1.9217499372087414, 2.4996571200122277, 3.012613268721939, -0.7014020873344338, 0.39288607424241406, 3.1247434179207008, 1.011898098439584, -0.11572046660590944, -2.4505180132632836, -1.8178328200615277, 0.8871435352996542, -1.2926908897962879, -0.5431179161329701, -2.5236576180940196, 1.4078050663512607, 1.5772566640090382, 1.5322735070575202, 1.2626036038050705, 0.14915877997743307, -2.5628057711434966, 1.9811930009514818, 1.6320723855712285, -2.312412578458147, -1.9969302298313785, -1.951735769622459, -0.04929639022884032, -0.11950294912237894, 1.5481419252342563, 1.1159233087350955, 3.050075481994198, -3.1236249604770263, 2.9570444353443266, -0.7943764094847571, 2.6447500269120034, -2.944908078891201, -2.948968255816171, 0.02511072547464261, 2.5715674617093285], "infidelity": 0.004087181707961407, "energy_expval": -1.7640166527914052, "energy_error": 0.008621849784109514, "optimizer_success": true, "optimizer_nfev": 1770}