{"params": [1.4997080221074146, -2.1441349394208413, 1.0724163582645694, -1.2348695421629865, -2.0423344367229657, -1.350707134776285, -0.54908676193162, -1.3291722000948367, -2.060308178211488, 2.500725716915192, -3.3746721696438975, -0.2706333270907889, 1.5389694957159628, -1.2220961754706876, -2.5094529980870766, 1.533821624995209, -2.72798074033641, 3.164069792396218, -0.054472336465308496, 2.1353035903769344, 2.962354498105966, -0.26852306907351764, 2.593484189326996, -1.0410066206948614, -0.41369049400650565, 1.008090110250544, -2.1691523183822605, 0.9667629453945458, 2.2352531399775675, -0.07554815291062063, 2.289393305587204, 2.619161556475045, 0.8261489301037762, -0.7662091330451513, -1.1263448475012656, 2.116547025364579, -1.1698018606557623, -0.3758242472825206, -2.8804548901685965, -0.209616219282339, 1.9586646836973052, 1.7209150667479722, -1.031198371442546, 0.03462187172938177, 1.1325594489444293, -0.11717279231521001, 1.3723973711457382, 0.5667140968301874, 2.680147295701941, 1.3802181741717923, -1.4009372350413374, -0.27223320883204993], "infidelity": 0.013703054087594757, "energy_expval": -1.4657592951612262, "energy_error": 0.024997085105060046, "optimizer_success": true, "optimizer_nfev": 5838}