{"params": [-0.12446197855008956, -1.999208156219708, -2.5016538572920486, 2.7447680414328803, 0.23671871688019636, -1.4047948992093806, 2.3859170867793225, 2.5012744124069397, -1.6075328696097066, -1.6104727084448602, 1.41816189417612, -1.1270477892538033, 1.522638080029683, 1.4147792075040093, -0.1260520656182649, -2.1327609133173455, 0.8313797342700726, 2.672896669906983, -0.18290992839936823, -0.6164303779175507, 0.01514720016351708, 0.4068431737292927, -2.395175948535594, -2.677757311043087, 0.6709506826834124, 1.8117778337820682, 1.1089139835347486, 2.986759918840188, 1.6763730027362247, -0.46346880002036445, 0.954769120193534, -2.282657198767576, 0.3309468946778662, -2.120686103042725, 2.2640843313941317, 2.6593459952616834, -1.0592129465099427, -0.6462592989870709, 2.888741414678873, 2.1339475988737098, 1.3640129938701264, 1.7519742729307448, -2.6946320118763447, -1.9574875445447186, -2.2950909486962052, 3.118623388108654, 0.874027878154751, -0.0028519846569707618, -1.622083529590762, -0.12279855376332212, -2.4126791228301117, -1.5822213636581963], "infidelity": 0.01248897272012961, "energy_expval": -2.0270422962609413, "energy_error": 0.024017745015155967, "optimizer_success": true, "optimizer_nfev": 8251}