{"params": [-1.462940887879164, 0.027687100921420845, -2.811431918929983, -2.465542662995426, 1.1204418278176007, 2.5387188587789327, -0.49397574664408495, -2.252476593002732, -2.5242360503198706, -3.204004329964125, 2.567185170754612, 2.322828649074143, -2.9267388284419646, 0.29844381302369183, -1.3242133192483272, 0.43480527262656654, 0.4192830238239801, -1.29993009474901, -1.9395251617683174, -0.7517317186333596, 0.3938979433178004, 0.6748053828816466, 1.9261454295166407, 1.1808709728100522, 2.4506673710309395, -1.752477518704928, 2.745132915964937, 1.6633252103011957, -0.31751529931131106, -0.20675365445932, -0.8912701969664678, -2.2280849173619566, -0.1970093003552307, -1.6322265248929677, 1.9285875896665265, -2.093596274020737, 1.5350556822803318, 2.672472851244073, 2.402326995194539, 2.5618415307746987, -1.5327124471746334, 1.3841269540743846, -1.6535508258245484, -1.362897676949369, 0.2431499415092349, 0.5017848856424106, -0.8863892008330027, 1.4997644475196206, 1.4302957055302548, -0.8768326212878946, -0.6851149480506095, -1.586989198349681], "infidelity": 0.00812911327837229, "energy_expval": -1.607174679083714, "energy_error": 0.014968919171685746, "optimizer_success": true, "optimizer_nfev": 5336}