{"params": [-0.47866596808389816, -2.0910752956452647, -2.0365829136430733, 3.410568774453948, -1.8824832834815661, -0.5126699848067966, 1.2186661642607026, 3.8542395879161186, 1.6048486872719925, -1.2072232339515865, 0.1612388013085187, 3.52756613015135, 4.765424988975865, -2.399631681826429, -0.5074473028625698, 3.828957534396271, -1.5289441206431018, 2.3733883977645442, 0.42883835032712586, -2.1621090664888807, 0.692936278377082, -1.2983364611726074, -3.3802505042631856, 2.3540753735881323, 0.1923586226364783, 1.9929102031116817, 1.20827587899155, -2.968754163017493, -0.07391612022901718, -1.4229633315828971, 0.9611946309327634, 2.554389326857616, 0.5296030921170836, 2.6900071677442767, 2.8829733418102728, 1.2784697501540465, -1.0959091774508576, 2.593443229590588, -0.23895198067501755, -0.9052724429762761, -0.8379843874512615, 0.7742135577280771, -1.001445059787586, -1.0746931660088863, 2.2552051292619333, 1.004346953078484, -1.8562610608458392, -2.0623628074183253, 2.451277022881524, -2.8452110636712002, 0.373726065680446, -0.7166385943637248], "infidelity": 0.012622475761854268, "energy_expval": -1.285911107319723, "energy_error": 0.024564881703888597, "optimizer_success": true, "optimizer_nfev": 2576}