{"params": [1.4737246523410472, 2.6105510497160247, -1.3576478632021922, 1.7504330843943006, 0.6337860711521983, -1.2151466424126054, 2.550454558658963, -1.5561933342330285, 0.008973786406829647, -2.490453192202988, 0.7120776722805023, 0.33856138009860154, -1.1294808517874744, -1.2156471853928563, -2.5701545020057592, 0.4429774341470963, -0.5554160271096696, -1.8729906695767824, 2.1840878499407093, -3.003651479651282, 3.134527406620659, -1.3420671802469561, -2.094963313558862, -2.8901071585338762, -1.5938353647400914, -0.004640951184667117, -0.4844718132124853, 1.6346367335038186, -1.086234746853388, 3.1232385077533076, 0.3887900111702287, 2.8668074052197983, -1.315182840732472, 0.666398100954684, 1.9545887613804729, 1.8262555487727796, -1.0417107328663195, -2.341139759604801, 2.501096542824712, 2.5678916951253488, -1.6477571236756592, 2.4699902416583854, 3.321358374923744, 2.9672588819391814, -1.1362702951611627, -1.3255856132290604, -0.37765811840349695, -2.5571620904583767, -2.895136102775067, 1.0005359821309578, -0.3751138282259502, 3.0587760235846786], "infidelity": 0.012260937793014848, "energy_expval": -1.5178733665125541, "energy_error": 0.025044133750273145, "optimizer_success": true, "optimizer_nfev": 1779}