{"params": [3.007214427421362, 0.15667893127358165, 1.6866562943047085, 2.4689506486227377, 0.1910507251472691, -2.5092494256124986, 2.9086938644242344, 2.8479636328394156, 2.4515820235207375, 2.170318289784267, -0.6316640658546568, -1.3004775933615225, -1.5248112933693534, 0.17547496107057003, 1.4509942421870934, 3.89553756444577, -0.8509584870751672, 2.299628812718622, -1.461237146399152, -0.8716053211252025, -0.9050466911650524, -0.37157783437136116, -2.381716756264203, -1.7652104537186202, 2.447920245686165, -2.626325670702569, -1.4382895034406125, 0.37363856937812395, -1.1544078943275986, -2.324887887578041, -1.6918010583938388, -0.6780605581734979, -0.658633833916021, 2.0889900160656687, 2.0474592365707114, 2.6341195296570206, 2.32724430796045, 2.4349417268203353, 1.9206881147189578, -1.9310353650557892, 2.822999417749395, 1.7068224349729268, -1.6705319544954953, -0.9299490608889215, 1.5598249547186867, -0.8767199395153864, 2.1219111103966615, 1.8198889925860746, 2.459495555900351, 2.8578024577778325, 0.3290309160149023, 0.36099937373474655], "infidelity": 0.027534940015850995, "energy_expval": -1.5109060966547276, "energy_error": 0.037206502302704614, "optimizer_success": true, "optimizer_nfev": 3222}