{"params": [0.5626196536157917, -2.531434235411215, -3.801157159841741, 0.8255064251374822, -0.25416285906470076, 3.006873770189564, -1.5039109194826956, -2.7171015994112984, 2.4044491534360874, -1.1312153468501616, 0.11704911664743126, -2.4964405068571573, 2.1371222571636097, -0.9637022054216069, -1.1016658023392958, 2.2242789944258248, 1.821344308266504, 0.077400212541809, 2.289591997930384, 0.3728447564617085, -2.5035265038859738, 2.8440238435650884, -2.495710850447446, 0.3082142439608912, 1.1927129865496073, -0.7510296638264395, 1.5080201879216864, -2.1650015141469803, 0.15517333442701092, -1.1282876654750815, -2.213093433958609, 2.3640879757822617, 2.0468566892210784, 1.8209326285647809, -2.4201886017763727, -3.059820819321895, -0.34536676675349404, -3.00190015838737, -2.7624699532311667, 1.1235845051612676, -2.7137445472940502, -2.5567756146567473, 2.6132374068796542, 1.6722426189757067, -2.160272723907326, 1.768845357176312, -2.204948462354397, 2.217702054257761, 1.648712532282028, 0.9166115161119397, 2.917306522416661, 0.21106642424033303], "infidelity": 0.010311200638909557, "energy_expval": -1.9000415115496294, "energy_error": 0.014330492854103927, "optimizer_success": true, "optimizer_nfev": 1993}