{"params": [-1.761096587344275, -0.3089256052140683, 1.4307092768003253, 0.5810184671293647, -1.6245978850414768, -2.3523461498931364, -0.9207685465289563, 0.5406023991850968, 1.4724411887458444, -1.4104776549124332, -3.006199450977623, -2.855845767309657, -2.8033108642353817, -2.4980932459761753, -1.4728922273044438, -3.209711694405114, 1.5734936469631111, -0.16288100430533067, 0.5146781765558794, -2.868293568298814, 0.7168118827483163, 1.3033734598299584, -2.381169838936704, 0.9212638911089754, -2.014741434879241, -2.0999948885810817, -2.956571348359438, 1.7238474020467698, 0.09962179900723432, -1.2382745232908134, 2.042357312592463, 2.399580921071563, -2.846406962273014, 0.9049171130430074, -2.09533725701145, 2.4802890094498315, -1.288990070204741, -2.0334383061787498, 3.084186265197808, 2.6586863403735252, 0.47989577833386404, -2.764822931813015, 1.364556803089255, 0.17851801858365024, -0.8865656828017565, 3.1204570180868165, 2.629369606088236, -1.1588434239323715, 1.6847949668790512, -1.720240349998458, -2.128398972654112, 0.6746110812656769], "infidelity": 0.02237037593222735, "energy_expval": -1.749815913644061, "energy_error": 0.03143458019904921, "optimizer_success": true, "optimizer_nfev": 4446}