{"params": [0.002396906180867052, 0.0001313443311499558, 0.0002273759360210471, -0.001018180329362004, 0.0001403126166480522, 0.0008979555215457242, 0.0006584304347168177, 0.0007247409572280205, -0.007945080358961541, 0.0013197554072856166, -0.004316692333342908, -0.00039988138544403914, 0.0005016203676460946, -0.00918089947814178, -0.00047234343164930133, -0.0006367215724652876, 0.003660432138388852, -1.1024900446921703e-05, -0.00010046655701466288, 1.031428577529178e-05, 2.4164314894449692e-05, -5.338644496986212e-06, 0.0016155076327005256, -5.242749081819571e-05, 0.0009604401511756255, -6.681642574592443e-05, -3.002814781217008e-05, 2.648767506726558e-05, 1.7353492446024023e-05, -0.0008881693459643503, 7.478283121418011e-06, 0.004567371718318571, 3.520605199562792e-05, 6.65153990628743e-05, -0.0014991012211347187, 0.0001530282667725916, -0.0009638683788603175, -0.00010061548297853883, 0.00010006615258554462, 3.98975653401984e-05, 0.0009607116142317122, -1.324931048987376e-06, 4.194459260970678e-05, 0.00010023844873459295, 6.073941916164775e-05, -3.897792416126526e-06, 0.0070372569382893034, 2.3751647553933737e-05, 0.0009944941646225969, -0.0009921498401946611, 2.813608170640675e-05, 0.0001254686682314986], "infidelity": 0.00026072311299729645, "energy_expval": -1.3482594829635295, "energy_error": 0.0002361905734336034, "optimizer_success": true, "optimizer_nfev": 1191}