{"params": [-0.0012219692034201484, -0.00045744927285314537, 0.001303827497591383, 0.000608264058061402, 0.0002774144609893317, -0.0020568100181940587, 0.002612959653326949, 0.0007495152080506857, 0.003138170658141179, -0.0002901486411491059, 0.00022510887670382405, 0.000649989317172558, 0.0009421541956615558, 0.0022337040570513753, -0.00024674600953067345, 0.000284378726554829, 0.0029524431505169933, 8.157297406828665e-06, 0.00022587504664388374, -4.5857097063000044e-05, 0.0011821143785329701, -1.0625736802965781e-05, -0.0012661988096773838, 8.295626695483727e-06, 0.0020764646958155277, -0.0003089269331349868, 1.677078477886369e-05, -7.33638129748122e-05, -8.037273542422947e-05, -0.0009039827043152741, 3.524518552282053e-05, 0.0015391928721724241, -7.913977614025259e-05, 0.00039649109185419754, 0.001280452499839195, 4.658569131519415e-05, -0.000807598315753212, -9.840625417778274e-05, -1.2599699502252016e-05, 3.825461818989751e-05, 0.0021686836760348737, -6.293268395547562e-05, -5.786957570319992e-05, 0.0011366694867766547, -0.0004429871805485553, -2.0837548809344504e-05, 0.010734465313209847, -1.920755687232622e-05, 0.00011023507871510513, -0.00013773288672237603, -4.635381879895911e-05, 0.0011433034997285914], "infidelity": 0.00012896785774862973, "energy_expval": -1.2908499799310476, "energy_error": 0.0003160099571684061, "optimizer_success": true, "optimizer_nfev": 1207}