{"params": [1.7148975617111855, 2.3975999887745307, 0.901624136915541, 1.465724559340817, -1.523169494987633, 0.31009796752516283, -0.286089637374566, 2.021711763686725, -0.155950257890272, -2.58971277785798, 1.4368289113351005, 2.82695507297381, -1.0447069209764583, -2.4431460937732163, -2.4374397062547812, -0.5696985351016657, -2.5622694972898414, 2.065958569347534, 2.7878731816434867, 0.4815024950977128, 0.12467621294001505, -1.3507378587278955, 1.8545045834318508, 0.11308652420167666, 2.558231772657789, 0.1730719424074059, 1.1308710067290435, -3.2296766392910086, 2.827414243860743, 0.9605570221211376, 1.5078893159636106, 2.141228100575571, -2.6385833842542548, 3.0084691576224176, 2.2444608516528293, -2.9780379701024127, -2.4509682531619, 3.0511023517829767, 1.7748175982372127, 3.4572200367405346, 0.07688552393574216, -0.5172048066908898, -0.5700733959989425, 2.376142999564194, -0.49592516990402385, 0.4814176173155669, -0.37415133625421815, -2.1853115760581923, -0.4024798248920387, 1.627529321579714, 2.093294544178551, 1.8224041253892482], "infidelity": 0.020162290316334097, "energy_expval": -1.7756290850972665, "energy_error": 0.028340803592850294, "optimizer_success": true, "optimizer_nfev": 3859}