{"params": [1.9311528192810892e-05, 4.314214144900732e-05, 0.00025038488939920346, -0.0010851958537140812, -0.0011085158826234327, -0.0021048929419287534, -0.0005245973486549253, -0.001616359590626075, -0.017453514691757304, -0.0014078656514883538, 0.005147343007515289, -0.0006231710783974557, -9.592385019443358e-05, -0.01677006081504262, 0.0003625699201467902, 0.004330457326698344, 0.0015317847612369704, 5.137060849949013e-06, -6.249652784686717e-05, 4.573655262429551e-05, -4.8390899750476424e-05, -0.00012325352160572143, -0.007907741575774558, 1.529326359020503e-05, -0.0001825814017784928, 0.0002904488463801489, -5.004700505523594e-06, -2.2036785525396537e-05, 6.306598996604124e-05, 0.00012520027064943337, -6.0751071648648455e-05, 0.004172539057002477, -1.9669339484026402e-07, 0.0020680163139091836, 0.007933069414188794, 1.0105671118967215e-05, 0.00014244484692562998, 3.7089216328420967e-05, 0.00010279648426785231, 8.62280363018447e-05, -0.0001654328074791265, -3.3810064749910095e-05, -1.1111861345945804e-05, -0.00013324319123301335, -0.002164914973403058, -1.3681408340220518e-05, 0.03868262046925702, -2.2494660252558632e-05, 0.0007039048222363521, -0.0004510041517152963, -5.4218332859646125e-05, 0.0018170739704138448], "infidelity": 0.0001917815340152229, "energy_expval": -1.7357616289438154, "energy_error": 0.00027672279584267656, "optimizer_success": true, "optimizer_nfev": 1641}