{"params": [0.0001812521462971266, 0.0002559263810167392, -3.975561716466424e-06, -3.342197571457839e-05, 0.0002794329928252873, -0.0017537315444571902, 0.0006069765364484133, 0.0001789334103603261, -0.00513551932583897, -0.0003128528844485659, -0.0004933213056572974, -0.00028959760601170615, 0.000244175767789659, -0.005555511287887198, -0.0005546421668324747, 0.00047667944264864504, 0.003776866274303586, -1.9286821335714377e-05, 0.0007415239036530235, -1.9890242165903952e-05, -0.00011662909479473713, 1.2322833809776847e-06, 0.003459132000162919, -2.022765939955773e-06, -0.0008288954777359893, -0.0006902221537889488, 7.746455557933989e-05, 5.6433818478368976e-05, -1.205740539611301e-05, 0.0007593473210881506, 2.6025588549939865e-05, 0.0020974438475225726, 5.6574814632053035e-05, -0.0013060426147835436, -0.0035085742105504182, 2.3286418023215446e-05, 0.0007075202532150728, 0.00010976205498166496, 0.0001473613414490228, -1.0707022547542884e-06, -0.0008145970984345575, -4.0581064269534136e-05, -4.830986671500705e-05, -0.00012306777226170476, 0.001186978812049379, -5.60420218533461e-05, 0.007069658792295618, -6.565953322160172e-06, -0.002339661055972009, 0.0024159658202203035, -5.27886770934676e-07, 0.0034263959354836728], "infidelity": 0.00013759925349488, "energy_expval": -1.493610309265894, "energy_error": 0.0002026160274797295, "optimizer_success": true, "optimizer_nfev": 1019}