{"params": [2.9994300260622277, -0.9999627865846051, 0.002360274643440613, 0.9804037547754234, -2.0015408029487682, 0.0014975228189779402, 0.007701993159149018, -3.0142705085566512, 0.34665496146160835, 0.567004937549367, -2.5349773046227684, -0.010418615360508724, -1.9182574829294312, -0.8095354786702019, 1.0776586587430774, 2.5007611588775536, 1.5360401084611723, -2.8831720490483006, 2.0965543500624877, -1.1425214720733692, 1.308182792652874, 0.936895350657097, -2.8881920997657997, 2.135382492293976, -2.508255818606147, -2.0642102711400456, -3.0964104373096535, 1.7772186706439221, 1.9229897611670574, -0.10830184271551087, -1.697715589460608, -2.7521599100945666, -2.8048049552075724, -2.145200561033257, 2.7100419449912603, 0.5648726139207627, 0.3935176073288423, 1.7198544526511559, -0.9798500688768247, -1.3921934608820044, -2.113445051199059, 2.2818166764024284, -1.6119951746674093, -2.616362401728012, 1.2864653111353554, 0.8168982712794898, -2.6684254711255027, 1.917033190707293, -0.051644033586689106, 0.5348988915129614, -1.743778787625641, -1.0040618402064376], "infidelity": 0.006219078448728488, "energy_expval": -1.8470895005606616, "energy_error": 0.012530219225699302, "optimizer_success": true, "optimizer_nfev": 3995}