{"params": [-2.481384362479139, 2.300264718221868, 1.2875987935108324, 2.3206117713535286, -0.5921857119850679, 1.4471915813263547, 0.8010134689412101, 2.6424077564925503, 2.016625803803702, -1.3818160752120663, -2.8372799072753367, -0.5531560266845089, 2.418452429012796, -0.5504406101208784, 0.4761637867158358, 1.1243555165561427, -2.6411010128493952, 2.280835459266315, 1.0143903480988774, 0.22373252499060425, 2.034708456197535, -0.048912769955854266, 1.8889232100057263, -1.0067975107033367, 0.3747846075418783, 0.9500384285465666, 0.6430205366289381, -1.0452789941859977, -2.2697990376681227, -1.4804146918492562, 2.0137075480172286, -2.8611794316001546, -1.9936349523379464, 1.2408711505819228, 0.43040966709846784, 1.2645002891690904, -2.568682989029115, 2.5645716206487776, -0.2016572634310285, 0.8016145903730448, -2.8226449942653304, -0.9300196659818895, -0.12163434701563221, -2.3171049998606605, 1.4415293166704362, 2.277244793025952, 3.120287654055412, -1.0905197197064807, 0.8316127669782747, -1.2241748141651165, -0.13480975377354967, 2.3858274107650153], "infidelity": 0.01895193572245768, "energy_expval": -1.663243640195788, "energy_error": 0.02918407941502199, "optimizer_success": true, "optimizer_nfev": 5931}