{"params": [0.1954583889224799, 2.5214724898898253, 1.255387543994887, -2.422772037904733, 1.4850127441039729, 2.171451499074287, 2.969099583175517, -0.6310620953532242, 1.1526811686103147, 2.756724686200869, 1.5522748124854067, 2.6935524212344615, -0.21495798575953332, 0.7197001200006361, 0.5995873927957355, 2.4169299421312544, -2.64858892924262, 1.250634788271613, 1.256157555456954, -2.1135795730621965, 1.1579249242031928, 3.426272234906685, -2.5007433130342474, -0.34187024944418165, -0.28587719824101215, 1.1917305333871167, 2.7606999912948993, 1.4848536821017544, -0.05716123881090444, -1.020864500344182, -1.4103671895853076, -2.0455874378723555, 2.5879139458471196, -0.845603029459273, 1.7139247556915183, 3.0590676608524503, 2.5236304845875055, 0.5599346835136403, -1.6183840560343132, -0.9968631550256879, -0.18084245946456734, 1.0163509652900327, -2.803355025199829, -1.3325647739291555, 2.0837618598045977, 0.3694588196147342, 0.6099687435375095, 1.7279492462410049, 1.678767953966893, -0.9246083072534946, 1.166022530967815, 1.3773809020241419], "infidelity": 0.019627933743086245, "energy_expval": -1.9472028883242882, "energy_error": 0.02640637474640317, "optimizer_success": true, "optimizer_nfev": 4874}