{"params": [2.661124646232617, -3.1568327248609536, 2.531148414071993, -0.6770777923088451, 1.7737786370874133, -2.0058371399797355, -2.2773500619203215, 0.49926641626932616, 1.4430198160672907, 0.7676889792259888, -0.3054002819642747, -2.1242955916292483, -0.8706545002042936, -0.49028854358422425, 3.24875952252941, 2.880692649007015, 0.8227773563203542, 3.2016437753453313, 0.6950406493670404, -2.5521012780182804, 0.4090295254571064, -0.4681384658145355, 1.911455849247447, -0.22822624741810796, -0.12978800467910662, 2.296445548028922, 1.712097346774137, 0.6787562417760563, 2.684765791036411, 2.2806340128768103, -2.201909909484147, -2.4009789332947458, -0.912541335072435, 0.641559772157289, 1.0955885817686615, 2.4100665989423766, 0.3457839019489635, 0.6942875025880195, -1.8931450567626065, 0.23707390379118753, 2.784598623282055, -1.2359124183272727, -2.3627126450789664, -1.6310336540670558, -0.28313795453417623, -3.0528913714820196, 2.8742461480418675, -2.144967262557224, -1.4552435338462233, 0.8790889450189313, 1.4339173439401474, -1.915905352109963], "infidelity": 0.017720298231264087, "energy_expval": -1.8809260665427954, "energy_error": 0.025091532408069606, "optimizer_success": true, "optimizer_nfev": 5700}