{"params": [-0.8693534905412053, 3.505193261892962, -1.5768766193974937, -1.825944213930884, 2.495763844021069, 3.0779479752338896, 1.4337026532011965, -2.337243548573591, 0.8796547392297935, -0.4822925050240425, -1.4882779938716693, 0.4126419938974447, -1.888765949907263, 1.9374100995072498, 1.4565895462953717, -2.539790668675762, 0.6049096988302848, -2.6880944509613087, 2.3122409881793926, -0.6168136637843086, -1.60277469157081, 1.96380067376141, 1.3644546464478589, 2.715186733547526, 0.4179610423418772, 1.280124808661864, 1.019355236733195, -0.4221280580102482, -2.347213484272159, -1.6375831581166402, -2.117643465271038, -1.052737545964431, 0.9998483833786407, -2.7867199533001608, 1.3495871941490005, 1.2472001303813083, -0.9469056671910733, -0.7170860705080446, -2.4015470626316313, 0.14185896619881783, 2.425736923618881, 0.0787374433556493, 0.40175657869321063, 0.32095779126568813, 3.2330338883412244, 0.3856183329160373, 1.845299354883156, -1.540248118344422, 1.3510766581646145, -0.8371112706602306, 0.07788975531680849, -0.3897541533067927], "infidelity": 0.00598878854083762, "energy_expval": -1.5550958336247989, "energy_error": 0.013961963803672317, "optimizer_success": true, "optimizer_nfev": 5997}