{"params": [-0.0007002853689950841, 0.0005040544246242956, -0.00043349280708220034, 0.0003655584564738914, 0.00028615966873616857, 0.0005517017868908227, 0.0005310065115797443, -0.0009603020244073354, -0.00237189155862971, 0.00012090903550656624, 0.0001945650092117904, 0.00020541432344559757, 0.0005484611963067132, -0.003282744883790226, 0.0002292199522957719, 0.00036137153145160097, 0.0037623521190737527, -1.019371788691543e-05, -5.642351086981214e-05, 1.1403490429245095e-06, 0.0002309677704936852, -7.517406818745665e-06, -0.0007946100352631049, 5.675748110465052e-07, 0.0017497630533482597, 3.3882714514260474e-05, -2.765215932461112e-05, 1.6999828787362545e-05, 9.822763334478389e-05, -0.0015178172551577969, 2.3946705193565974e-05, 0.0019450666738011265, -3.697567686917733e-05, 2.6618265863978454e-05, 0.0007264053902126498, -6.913653867512012e-05, -0.0015218644155557935, 6.065095263416351e-05, -0.0001146218540152204, -2.421488755454434e-05, 0.0016996001419887447, -4.5197781318770297e-05, -5.883998419845972e-05, 0.000192966692285005, -1.8451617799451645e-05, -3.7177979662163e-05, 0.0027349395014267023, -3.395114517491835e-05, 0.00010951496032139397, -6.236709692071304e-05, -4.800223004129579e-05, 0.004146403936989575], "infidelity": 7.198687149645444e-05, "energy_expval": -0.6514091272237191, "energy_error": 0.00010044895538330323, "optimizer_success": true, "optimizer_nfev": 1049}