{"params": [0.001067058028303218, -0.0005032932200635968, -0.002523615524117518, -0.0001128089184330776, 0.00037362614212888733, 8.38257281863871e-05, 0.0014783207591474736, -0.0025532427232111995, -0.0092793035590946, 0.001212482016613242, 0.0002814268892786462, -0.0006831988852841813, 0.0009948734482804152, -0.008223614502915146, -4.190240487954183e-05, 0.0009852201936463053, 0.00484420799476674, 9.976367032894936e-06, 0.0008690568749094434, -2.0178414456088436e-05, -0.0001514565461703506, -1.5136487148364027e-05, -0.002018047658884785, 5.2272210973230494e-05, 0.002080635856814406, -0.0008540035052125312, 6.074613874399778e-06, 2.005085482091509e-05, -8.71186894064074e-06, -0.002107119750149468, 3.410257322358295e-05, 0.0026158059879410815, 2.194017991935982e-05, 0.0016932446301478078, 0.0020197296531612526, 2.451720683818399e-05, -0.0021699976278175153, 6.779716470114205e-05, -7.401870594370765e-05, 3.890800623662643e-06, 0.002166816745517748, -2.1812523716905405e-05, -1.1714756407223744e-05, -0.00010113972306356919, -0.0017584905047479929, -7.471760068977636e-06, 0.004506550010601481, -4.599101266736631e-05, -0.003406787115710761, 0.003416137439893306, 9.828738617055859e-05, 0.007256971584167481], "infidelity": 0.0001328241056972601, "energy_expval": -1.8291284088190305, "energy_error": 0.00018752166042279583, "optimizer_success": true, "optimizer_nfev": 1440}