{"params": [-1.4742416469796475, -0.3883803149235622, -0.389662828415697, 0.7225664779448946, -1.8892910171713904, 0.7421701471325115, 0.5002531144732151, -2.71203137822877, -2.4274165745913696, 1.5260947805283307, -1.2662576668317262, 1.1768612211841591, 1.1274786099041159, 2.564773021716296, 0.9812880527543777, 0.4916667012227685, 2.3924686269671103, 0.2502528029464232, -2.5543248421852756, 1.0547032567393846, -3.2404304971206948, -1.7594037143516208, 2.1269439162143082, 2.859055819584119, 1.6107636540952959, -2.8837250319366396, 3.1330379388220266, -1.7458157057859274, -2.0563027637463116, 0.1426673516607089, -0.08891560876257784, -1.3499209655232007, -1.6235376457424642, -2.717160283821524, -2.3916603638831653, -2.9211182435046537, 0.6139310108044616, -1.7476669936775844, -2.4946148653152624, 1.242838489393176, -1.7017997522929214, 2.2917914030578714, -3.161031355910252, 1.015206406409724, 2.361204130247904, -1.443477047087291, -0.3286440684512792, -1.2407187240161761, -3.173009503896681, 2.1964100061722696, 1.2502279030044903, -2.127269786826364], "infidelity": 0.022155336833761363, "energy_expval": -1.8366046740034971, "energy_error": 0.029384728052980202, "optimizer_success": true, "optimizer_nfev": 4825}