{"params": [1.4913227176026826, -1.2055571881619271, -1.4107496744521169, 0.5632234409182221, 3.329799398952446, -2.744817060069092, -2.5178935782199874, 1.5600181971906197, -1.545846065755102, 1.5513356190833085, -0.35993353200083655, -1.4809791702286808, 2.476484704434676, 0.44412024425102703, -2.3972121936111686, -1.6044876583482508, -1.0869477936213836, 1.3974412767108186, -0.5663443739688361, 2.6046205985160653, -2.1370925666552383, -1.5198429403055753, 2.17871699277603, -2.6978170796428107, -3.1198806873036036, 0.8755947179466764, 2.036042297990526, 1.254532847329087, 1.1406281600530879, -1.9406255897056321, -1.2208632780279842, 0.490758184729864, 0.5055020167613541, -1.2426731878074881, -1.7496102684716495, -2.349066131455239, 2.8529697803677685, 0.5250631183103098, 2.310198075180274, -2.72412275418217, -1.3627630098696293, -2.2460213562657643, 2.1095091691908503, -3.0783073936216097, 3.045167569605723, -1.8610270065929126, 0.4165962140294136, -1.4818046175534068, -0.9380487662103829, -0.42693448410292145, -2.108568345216138, -1.6595807475519506], "infidelity": 0.005786751161510617, "energy_expval": -1.3798880063994376, "energy_error": 0.014844327912599375, "optimizer_success": true, "optimizer_nfev": 2213}