{"params": [1.9320399859383721, 1.4891660145378272, 0.4903060600957635, 4.4159991223900334, 1.985950889690774, -0.6433455528975461, -1.4954681307775803, -2.7697782025588045, -1.0767165967274792, 0.7190871893763153, 0.28022220940005416, 2.5078979935500234, 0.10252110192619036, -0.7928261280055944, 3.478252919250657, 1.9621476405921268, 0.08013250435928831, -1.383098941982115, -1.077431353271561, -2.8721034101739535, -2.643257781693664, -1.8374032529142679, -0.3320204599177153, 0.780761667786675, 0.24432154758540653, -1.1660669022260344, 0.847097174153861, 2.1260897488015895, -1.0075611540787301, -2.4604624796007855, 0.42501201488512835, 0.7506597282396191, 0.005663157668305665, -2.8871225192817485, -1.6210847277870306, 1.6811639639029494, -2.375736655481739, 1.0246097906081855, 2.947608241822075, 3.040895486370003, 0.6195301342773502, -2.044937305246955, -2.6250020612353238, 2.4715223094898886, 0.33692036962670685, 1.3034303976902162, -0.3450380414885344, -3.001533951207697, -1.4896310887210822, 2.5070666100230494, -0.7151327741285728, -2.8792619091029112], "infidelity": 0.005297466747823498, "energy_expval": -1.7714234848212476, "energy_error": 0.011954014534013124, "optimizer_success": true, "optimizer_nfev": 1722}