{"params": [3.514097826058519, 3.300656333223305, -1.132616241786749, -1.5317734184264353, -1.6209492226649826, 2.5116956106451305, 0.0583159979723782, 1.2271136969093253, -0.7589357389263223, -1.0194815713401566, -1.5638890061709305, -2.4604290346003923, 2.9705784371625117, -0.599991655229305, 1.445256972572073, 0.5669360947990049, -1.0656142166233904, 3.15544012692431, 2.4674737548981542, -0.1615002097971663, 1.356446897298873, -1.9806771519617596, -2.065527718389373, 2.986341073404986, -1.0471898849101355, -1.3920714619726395, 1.2828625714536657, -2.1343264349326816, 0.44611866387562654, -0.4094104887619997, -0.3288647989585394, -1.6845630768339228, 2.0996043067133936, 2.5244458306855457, -1.5315378099930868, -0.8057649722657327, -2.5033582833069525, -2.987406123139373, 1.826245193465848, -1.12631641145381, 2.016545406604138, -2.016923343743634, 0.7750764265634714, 2.63149452556817, 2.7555008827737413, -1.8397793899926251, -1.3812849276237236, -3.1931276541748086, 0.7183141797831012, -1.3772410299245939, 2.637438328511479, -2.929008248844608], "infidelity": 0.021283345974538848, "energy_expval": -1.7177670585759195, "energy_error": 0.03476483295806698, "optimizer_success": true, "optimizer_nfev": 2294}