{"params": [3.306431576485468, 3.494572153777494, -1.779637365676487, -0.24055433288873146, -0.1120709822372461, -1.8355372217545507, 0.5003113605807774, 0.9287283148770414, 1.510738265183577, 0.6848016261736153, 2.9277641880636995, -2.2751430594868896, -2.446451194189257, 2.919251927295104, 2.1650236626014725, 2.5051412078265174, -0.15109649648022624, 1.7053993753543675, 0.5222261030899897, -1.381095282882204, -0.3307825401495414, 2.6488833691759153, -0.0058757342243116895, -2.7211655782217288, 0.4342478586344568, 1.114326203932576, -1.5666352455444164, -0.41763150129446214, -1.0944372534225817, -1.1500551027746255, 0.1953373931495113, -2.0164745644894784, -1.3897780872907113, -3.0742386366020655, -2.9026157052069017, -2.7683249254715228, -1.1241642874384514, 1.1625119366428798, -0.7747594062354544, 2.4427576132459294, -0.7610327551389301, 0.565849540377382, 2.010036166027234, 2.5657695831047826, 1.1635005850994575, 2.373278810442478, 0.872975728693388, 0.3189770507276419, -2.7922635398640283, -0.11466290756968905, 1.408843792920521, 2.1114817023985255], "infidelity": 0.019198701496188297, "energy_expval": -1.9005745561589027, "energy_error": 0.029185374291424093, "optimizer_success": true, "optimizer_nfev": 2731}