{"params": [0.0061999593516624246, 2.3652236849832326e-05, -0.004530169365457416, -0.000108843746251121, -0.0006985587302635235, 0.004224708366382567, -0.0005103000451621713, -0.0022445497584359926, -0.0034408198058003365, 0.0003249415244215975, -0.00787290656474266, 0.0006630572336179545, 0.0010983926064132953, -0.0033381892267255733, 0.0003414568118782543, -0.006861526751106265, 0.005485324340359498, 1.1911582514698703e-06, 0.0012633821905255185, 6.430085333829063e-05, -0.0009505157636324228, 1.579655125445009e-05, -0.005903301672435955, -4.68914480940526e-05, -0.00027942585022150293, -0.0012901329233479433, 4.282942519850357e-06, -9.157403047231936e-06, -7.797075100980557e-05, -0.0007208805182787328, -7.11645855090996e-05, 0.00390950830819801, -3.6609909681951594e-06, 0.00330202439558054, 0.005918353669219117, -6.175130595233387e-05, -0.0006661398058473399, -0.00016969708095299722, 2.4435336985242725e-05, -3.796183396771864e-05, -0.0003202604273082787, 3.0814078296988745e-05, -3.0288061406575326e-05, -0.0009149527028119272, -0.0034161010697521294, -8.944468940607486e-05, 0.010928680542324508, -4.508285734118846e-05, -0.006097370811358809, 0.0060983397690631365, 4.294055093675856e-05, 0.007997101965166618], "infidelity": 0.00019326853494039398, "energy_expval": -1.8657629171982908, "energy_error": 0.00022648485818654862, "optimizer_success": true, "optimizer_nfev": 1513}