{"params": [0.0005375303197188495, 0.00088797979994838, -0.0006151453264086538, -0.0016904306031279486, -0.0009446592941676534, 0.0014896441279197024, -0.00026990017851670023, -0.0006666072658947181, -0.013985389165735279, -0.0007171483129582694, -0.002803984455895001, 5.978641832537834e-05, -0.0009585555876708755, -0.015444713977563314, -0.0008848110981108213, -0.0022293288928905935, 0.0054739826754486845, 1.2257341918851459e-05, -0.0003107098308299984, -3.0320959785682836e-05, 0.0007917382008034224, -2.5716736803152188e-06, -0.001977720260731452, -5.1185408933336214e-05, 0.0036790017700141214, 0.0003842258482343234, -2.3419441776845297e-05, -5.1332511895255014e-05, -7.013571161664691e-05, -0.0028527390883679353, -5.3404561135056124e-05, 0.0023962736738710596, -3.442409998640469e-05, 0.00011841134584437351, 0.0019399187639807364, -0.00011492932840288931, -0.0027995999882216207, -3.789346336218227e-05, -8.149976401913244e-05, 7.928743854862325e-05, 0.003677591961088831, 9.903212733780952e-05, 6.605718065290193e-06, 0.0008898687841065768, -0.0001638667232133159, -1.0613750929221974e-06, 0.0070365811133246995, -0.00010393755556147189, 0.0012389175783070585, -0.0013662475937744872, -5.5409308474455924e-05, 0.005810167153081097], "infidelity": 0.00015903583625009876, "energy_expval": -1.7452594612554608, "energy_error": 0.00021982716085644505, "optimizer_success": true, "optimizer_nfev": 1391}