{"params": [1.1455759833796633, 0.30658009912081763, 0.4891624479121671, -0.05540778753495384, -0.03545991141171272, -0.1546290090164389, 0.1107924114663109, 0.04289532908523257, 0.11044779867113763, 0.4816701073303147, -0.30511765616625597, -0.13196872317889372, -0.11050114050424296, 0.07027292359472424, -0.04668815251943485, 0.5024315584034049, 0.12023661967605896, 0.10088883002038233, 0.09242057888730633, 0.12879116901916007, 0.046796699240720135, 0.0927211754719064, 0.1247963345586481, 0.11744651517688735, -0.031191771603324252, 0.085379609546397, -0.0014839987582426438, 0.08722738854465927, -0.00906518149465518, 0.08165662361666122, 0.05223990840125029, 0.03702695918514039, 0.06570237693101345, 0.08603281627764109, 0.10417440503815262, 0.13651306036704983, 0.057790236944765594, 0.07453093128891812, -0.02687894923276802, 0.07821367537565599, -0.10915157154718778, 0.02862094932023403, -0.056533327219207855, 0.04426445946392022, 0.04602960325991909, 0.0004305260683216595, 0.09263826315188449, 0.06102725573458202, 0.08668293062308796, -0.16990176871206344, -0.05771037817151014, 0.11796094109348516], "infidelity": 0.0043201966425400196, "energy_expval": -0.30338443140659976, "energy_error": 0.011129063686199592, "optimizer_success": true, "optimizer_nfev": 3714}