{"params": [-0.001194799999260376, 0.0005117231417668512, -0.00023257695382722333, 0.00042757486344548884, -0.0006742887654766821, -0.002798001338826787, -0.00013453345683653105, -0.0008713591593071399, -0.011885091582183394, 0.0004478895997375302, -0.0017916719963959257, 0.0006443906599389684, 6.53808818838192e-05, -0.013314160940063238, 0.0022978458316488637, -0.0014848166231082886, 0.0041395098750853475, 4.1575935979945724e-05, -0.0006375328121236284, -2.1575151374178067e-05, 0.0006262242163568432, -3.3868449297975366e-05, -0.002724717892026677, -3.137306341022794e-06, 0.0006201460373955065, 0.0007486548367935241, -4.34929282151427e-05, 6.122093164066578e-05, -0.00012311596454533822, 6.929001979404819e-05, 9.937988604634836e-06, 0.0031425248745270236, 1.767776046736081e-06, 0.0005819520478917412, 0.0027991516462454024, 3.247055336723808e-05, -5.369706871837707e-05, 2.6577128958005315e-05, 1.0339040154513968e-05, 3.419759785949638e-05, 0.00046649524047339216, -3.2110093879574215e-05, -3.138382031968521e-05, 0.0006231104275845453, -0.0007151933949073582, -7.242607425143904e-05, 0.008187853882110926, -5.3754697035140985e-05, 0.004047881861513076, -0.004050446359339791, 1.7255970725200458e-05, 0.002847389576195084], "infidelity": 0.00013460595644709805, "energy_expval": -1.4428432487454468, "energy_error": 0.0001471275119955262, "optimizer_success": true, "optimizer_nfev": 1282}