{"params": [-1.4884160549208376, -0.2472655041538956, -0.9935524142193439, 1.5433665139578723, 2.215491817662929, 3.4653373982893245, 0.6336879493703015, 0.19190333677520835, 0.33979043950170934, -0.9526723732829591, 0.5719326267367861, -0.5424403924020943, -1.8069445554775727, -0.4672232901144647, 2.35655610166867, -0.4084150797195002, -0.628649837753029, 0.7618526884514297, 2.374759391768757, 1.534830398916676, 2.868573277594215, -1.5690390871432005, -2.1751631113391894, -2.850613277740227, -1.1555600295732664, -2.876031429688896, -0.9932807302281036, 2.3454172547013177, 1.3884917023546661, 1.2518065270467713, 3.054115393378856, 0.5082566446183622, -1.2768592059949608, -0.4694470158876938, -1.1259372235671479, 1.7001221472826815, -1.7614638621518093, 3.2322171018624117, 3.038018891020435, 3.081470122434279, 1.55911854609866, -1.6735954974273421, 2.255460416446862, -0.9194039793199549, -2.2192795593619485, 1.3389422084484086, 2.660919469103347, 2.1570994604748805, -1.3727309831103454, 2.7592147877009126, -1.4061368205370406, -1.3714415598393674], "infidelity": 0.01074077979188326, "energy_expval": -1.3823443668941353, "energy_error": 0.02043853038318999, "optimizer_success": true, "optimizer_nfev": 3373}