{"params": [1.6642886743476042, 3.6564332056477764, 4.034620516830113, 1.4821163100651351, 1.4122461701359954, 0.30335584380539266, -0.43792271480675804, -2.014430936959354, -0.8657164315100151, 2.4799069419401882, 3.261094517313266, -2.6139611108968457, 2.4651384993180105, -2.173082087639374, 2.407268860575245, 0.2953350866393821, 0.397457010239194, -1.7110830381397502, 2.0563238521636786, -0.1240718734801157, 1.6526011163958583, -0.25531162274904784, -0.9581333168720125, -0.23650344647370802, -2.188986945513013, 0.6820267166910498, 1.5789794402780946, 0.08630284617288732, -2.759095165113175, 2.163112030853961, 0.24526128678011916, 0.21972246613642038, 3.0339648168925324, -2.954273323054681, 2.7165500726395666, -0.1508684310152742, -1.816641739792757, -2.5927590280568835, 2.1692916296217284, -1.4418756376870285, -1.8388230700440065, -3.340841137253309, -0.9512904654473493, 2.5815398365582176, 1.843559170790131, -2.623721781092285, -1.8748066893433817, -0.4902738969040337, -1.0077447473640198, -1.614308371615662, 1.3044835081237434, -0.6404683795241642], "infidelity": 0.006693649204773111, "energy_expval": -1.5225064672212434, "energy_error": 0.018085753257309767, "optimizer_success": true, "optimizer_nfev": 4843}