{"params": [2.4932109971421306, -2.3687555170995234, 3.093239581106965, 1.6259364236558531, 1.466766433214221, 2.4998048303232223, 3.6313293218383116, 0.17244343992889505, -1.475050928539242, 3.128878028581785, 1.6732259746826943, 1.4989471812418815, 1.9552756675105518, 0.4923304087626405, 2.5137182339860233, 2.672587348608182, 1.0818834084030287, 0.6058431235798093, -2.7449545651160374, -1.0525724424673915, 2.700923277204333, 0.5989292249958633, -1.192396157289476, -1.7919193099345585, -0.8862374207020853, 0.31019325032466233, -2.4663564120392993, -2.143526810557611, -0.9603759107262575, -0.3715422829428612, 0.556828513572791, 0.02572539377649934, -2.2075378143005397, -0.7410060910465048, -0.5495652822300388, 1.107806334910894, -1.457187684306008, -0.062269453374476466, 1.7208944532669415, -2.1527489587298585, -1.3301223951754095, -0.9602684761476696, 0.1436743853425553, 0.31345473104874916, -0.007413230157143193, -0.05413153524845081, 0.12588344827178277, 1.5332215747335054, -0.548826597998337, -3.0073916409969277, -0.8748870173815494, 1.1685215604646386], "infidelity": 0.004297632382677552, "energy_expval": -1.4772617018631533, "energy_error": 0.012938426706396777, "optimizer_success": true, "optimizer_nfev": 5920}