{"params": [-1.5130289799943166, -0.19845674698958757, 1.756654625755229, 0.5211077353066452, 0.8841923387375228, -0.5977482727571076, 0.05555964595262167, 2.262740590260088, -2.2959875588086445, -0.4626508717464873, 2.622534024676948, 1.609168308013498, -1.2637505096919848, 2.1189827010350712, 0.4998352731842907, 0.6512656482638447, -0.27405121637311014, 3.646434530089538, 1.9825995357000912, 3.1617416919607444, -0.1328162287212709, 1.8252077600141956, -2.631597406740565, -0.9014165244817554, -0.7272255054534391, -2.2475360795399775, -0.7524788221958169, -0.12422047516396195, 1.043973774794228, -2.2746220744015866, -1.436822399187926, -0.9303831533943231, -0.3710021649987459, -2.8725937364499976, -2.3796862130278136, -0.043910736774568956, -0.7145091761225293, -1.261417890995232, -2.628639508857298, 0.7281715607570931, -1.7208002496969554, -1.484796130248179, -2.507408503556328, 1.8759861717623083, 0.002684595656473436, -1.412400620278656, 2.8944681564684256, -2.5078092791351274, 0.7634373681907447, 0.9320023518320872, 2.617986209956722, 2.0257233884989994], "infidelity": 0.0072727540098145305, "energy_expval": -1.2826609654248737, "energy_error": 0.016088679632507263, "optimizer_success": false, "optimizer_nfev": 10000}