{"geometry": [["H", [0.0, 0.0, 0.0]], ["H", [0.6449, 0.0, 0.0]], ["H", [0.358, 1.1575, 0.0]], ["H", [0.0917, 0.2919, -0.3922]]], "multiplicity": 1, "canonical_orbitals": [[0.42540218272490016, 0.45709183017924265, 0.5830966272741724, 1.7197903549507367], [0.2997087786454374, 0.45546794773862637, -1.296222200312218, -0.46563226900880883], [0.017549486761103433, -0.9831919576213184, -0.3596655373225651, 0.5209808662854412], [0.36344434589214025, -0.3803073581527249, 0.7939068700413295, -1.6106763231753471]], "canonical_to_oao": [[0.6095164795280008, 0.5150572631873861, 0.2012925925007676, 0.5680554277762259], [0.24992548294814587, 0.29992528711534167, -0.8930638358826278, -0.22364941350364292], [0.32558758391466397, -0.7776430565549266, -0.2843689474237198, 0.4565066303282438], [0.6782474764844607, -0.20008026983841082, 0.2846973462890964, -0.647221497850462]], "orbital_energies": [-1.0402457631172266, -0.11840142777328524, 0.39993409923093987, 0.9115344865233606], "exact_energy": -1.469251146314222, "ground_states": [["0j"], ["0j"], ["0j"], ["0j"], ["0j"], ["0j"], ["0j"], ["0j"], ["0j"], ["0j"], ["0j"], ["0j"], ["0j"], ["0j"], ["0j"], ["(0.012075651346837548+0j)"], ["0j"], ["0j"], ["0j"], ["0j"], ["0j"], ["0j"], ["0j"], ["0j"], ["0j"], ["0j"], ["0j"], ["(-0.00894796624303679+0j)"], ["0j"], ["0j"], ["(0.0013625127393784853+0j)"], ["0j"], ["0j"], ["0j"], ["0j"], ["0j"], ["0j"], ["0j"], ["0j"], ["(0.008947966243036681+0j)"], ["0j"], ["0j"], ["0j"], ["0j"], ["0j"], ["(-0.0013625127393787494+0j)"], ["0j"], ["0j"], ["0j"], ["0j"], ["0j"], ["(-0.04110987009236767+0j)"], ["0j"], ["0j"], ["(0.008315958331856237+0j)"], ["0j"], ["0j"], ["(-0.00831595833185626+0j)"], ["0j"], ["0j"], ["(-0.05550542100994645+0j)"], ["0j"], ["0j"], ["0j"], ["0j"], ["0j"], ["0j"], ["0j"], ["0j"], ["0j"], ["0j"], ["0j"], ["0j"], ["0j"], ["0j"], ["(-9.285193281795062e-05+0j)"], ["0j"], ["0j"], ["(0.0022342952203108085+0j)"], ["0j"], ["0j"], ["0j"], ["0j"], ["0j"], ["0j"], ["0j"], ["0j"], ["0j"], ["0j"], ["0j"], ["(0.015608656932980938+0j)"], ["0j"], ["0j"], ["0j"], ["0j"], ["0j"], ["0j"], ["0j"], ["0j"], ["(0.0016187197103890278+0j)"], ["0j"], ["0j"], ["(0.021712445755430507+0j)"], ["0j"], ["0j"], ["(-0.03732110268841146+0j)"], ["0j"], ["0j"], ["(-0.0386145048552918+0j)"], ["0j"], ["0j"], ["0j"], ["0j"], ["0j"], ["(0.0005456393672290451+0j)"], ["0j"], ["0j"], ["0j"], ["0j"], ["0j"], ["(-0.003121620076596814+0j)"], ["0j"], ["0j"], ["0j"], ["0j"], ["0j"], ["0j"], ["0j"], ["0j"], ["0j"], ["0j"], ["0j"], ["0j"], ["0j"], ["0j"], ["(9.285193281795712e-05+0j)"], ["0j"], ["0j"], ["0j"], ["0j"], ["0j"], ["(-0.002234295220310845+0j)"], ["0j"], ["0j"], ["0j"], ["0j"], ["0j"], ["(-0.0016187197103890772+0j)"], ["0j"], ["0j"], ["(-0.037321102688411434+0j)"], ["0j"], ["0j"], ["(0.021712445755430534+0j)"], ["0j"], ["0j"], ["(0.03861450485529186+0j)"], ["0j"], ["0j"], ["0j"], ["0j"], ["0j"], ["0j"], ["0j"], ["0j"], ["(0.015608656932980917+0j)"], ["0j"], ["0j"], ["0j"], ["0j"], ["0j"], ["0j"], ["0j"], ["0j"], ["0j"], ["0j"], ["0j"], ["(-0.0005456393672290034+0j)"], ["0j"], ["0j"], ["(0.0031216200765969183+0j)"], ["0j"], ["0j"], ["0j"], ["0j"], ["0j"], ["0j"], ["0j"], ["0j"], ["0j"], ["0j"], ["0j"], ["0j"], ["0j"], ["0j"], ["(-0.032518145802189806+0j)"], ["0j"], ["0j"], ["(-0.04416758606493375+0j)"], ["0j"], ["0j"], ["(0.0441675860649339+0j)"], ["0j"], ["0j"], ["(-0.17895839617646853+0j)"], ["0j"], ["0j"], ["0j"], ["0j"], ["0j"], ["(-0.007195628820671841+0j)"], ["0j"], ["0j"], ["0j"], ["0j"], ["0j"], ["(0.14986740451133684+0j)"], ["0j"], ["0j"], ["0j"], ["0j"], ["0j"], ["0j"], ["0j"], ["0j"], ["(0.0071956288206718524+0j)"], ["0j"], ["0j"], ["(-0.14986740451133546+0j)"], ["0j"], ["0j"], ["0j"], ["0j"], ["0j"], ["0j"], ["0j"], ["0j"], ["0j"], ["0j"], ["0j"], ["(0.9515979679767096+0j)"], ["0j"], ["0j"], ["0j"], ["0j"], ["0j"], ["0j"], ["0j"], ["0j"], ["0j"], ["0j"], ["0j"], ["0j"], ["0j"], ["0j"], ["0j"]], "hf_energy": -1.431172144912304}