{"geometry": [["H", [0.0, 0.0, 0.0]], ["H", [1.4388, 0.0, 0.0]], ["H", [0.1869, -0.8147, 0.0]], ["H", [-0.3555, 0.0097, 0.3886]]], "multiplicity": 1, "canonical_orbitals": [[0.4755864549067561, 0.14713759997798131, 0.20698637542572873, 1.7935937374231756], [0.04764839862751133, -0.7849653531526635, 0.6636298700014869, -0.23820748736599376], [0.25848174948502073, -0.5262302416892054, -1.0264189862422315, -0.42609604996060224], [0.3853713975528399, 0.5464705465422224, 0.3940354508551836, -1.4805803303208072]], "canonical_to_oao": [[0.6477549621223847, 0.15222949473413028, 0.45262010193205576, 0.5936116013908684], [0.11116940690293656, -0.7900797868389164, -0.4374166656543757, 0.4148276196267906], [0.13686594079328177, 0.5811633929571529, -0.7532395782737171, 0.2759473911080331], [0.7411629957475265, -0.12185738405239815, -0.1908712698570766, -0.6319781246448397]], "orbital_energies": [-0.8507739902438712, -0.2034939705964164, 0.2555250862524771, 0.9891334504055315], "exact_energy": -1.8325277781158376, "ground_states": [["0j"], ["0j"], ["0j"], ["0j"], ["0j"], ["0j"], ["0j"], ["0j"], ["0j"], ["0j"], ["0j"], ["0j"], ["0j"], ["0j"], ["0j"], ["(0.02534685383332252+0j)"], ["0j"], ["0j"], ["0j"], ["0j"], ["0j"], ["0j"], ["0j"], ["0j"], ["0j"], ["0j"], ["0j"], ["(0.008323204755331326+0j)"], ["0j"], ["0j"], ["(0.0050012750260377825+0j)"], ["0j"], ["0j"], ["0j"], ["0j"], ["0j"], ["0j"], ["0j"], ["0j"], ["(-0.008323204755331704+0j)"], ["0j"], ["0j"], ["0j"], ["0j"], ["0j"], ["(-0.0050012750260377825+0j)"], ["0j"], ["0j"], ["0j"], ["0j"], ["0j"], ["(-0.047239496060300104+0j)"], ["0j"], ["0j"], ["(0.00539687884125616+0j)"], ["0j"], ["0j"], ["(-0.0053968788412561385+0j)"], ["0j"], ["0j"], ["(-0.025338253359567377+0j)"], ["0j"], ["0j"], ["0j"], ["0j"], ["0j"], ["0j"], ["0j"], ["0j"], ["0j"], ["0j"], ["0j"], ["0j"], ["0j"], ["0j"], ["(0.0023950942483741268+0j)"], ["0j"], ["0j"], ["(0.0038868621104605774+0j)"], ["0j"], ["0j"], ["0j"], ["0j"], ["0j"], ["0j"], ["0j"], ["0j"], ["0j"], ["0j"], ["0j"], ["(-0.011095097638947572+0j)"], ["0j"], ["0j"], ["0j"], ["0j"], ["0j"], ["0j"], ["0j"], ["0j"], ["(-0.025110542001200283+0j)"], ["0j"], ["0j"], ["(-0.012177387802610035+0j)"], ["0j"], ["0j"], ["(0.02327248544155765+0j)"], ["0j"], ["0j"], ["(0.07040164480583495+0j)"], ["0j"], ["0j"], ["0j"], ["0j"], ["0j"], ["(-0.0030276721930678264+0j)"], ["0j"], ["0j"], ["0j"], ["0j"], ["0j"], ["(0.0011559835753167651+0j)"], ["0j"], ["0j"], ["0j"], ["0j"], ["0j"], ["0j"], ["0j"], ["0j"], ["0j"], ["0j"], ["0j"], ["0j"], ["0j"], ["0j"], ["(-0.002395094248374073+0j)"], ["0j"], ["0j"], ["0j"], ["0j"], ["0j"], ["(-0.003886862110460542+0j)"], ["0j"], ["0j"], ["0j"], ["0j"], ["0j"], ["(0.02511054200120021+0j)"], ["0j"], ["0j"], ["(0.02327248544155749+0j)"], ["0j"], ["0j"], ["(-0.012177387802610021+0j)"], ["0j"], ["0j"], ["(-0.07040164480583483+0j)"], ["0j"], ["0j"], ["0j"], ["0j"], ["0j"], ["0j"], ["0j"], ["0j"], ["(-0.011095097638947548+0j)"], ["0j"], ["0j"], ["0j"], ["0j"], ["0j"], ["0j"], ["0j"], ["0j"], ["0j"], ["0j"], ["0j"], ["(0.00302767219306779+0j)"], ["0j"], ["0j"], ["(-0.0011559835753169375+0j)"], ["0j"], ["0j"], ["0j"], ["0j"], ["0j"], ["0j"], ["0j"], ["0j"], ["0j"], ["0j"], ["0j"], ["0j"], ["0j"], ["0j"], ["(-0.018076859441550443+0j)"], ["0j"], ["0j"], ["(-0.03280536589493867+0j)"], ["0j"], ["0j"], ["(0.03280536589493861+0j)"], ["0j"], ["0j"], ["(-0.3917249715295366+0j)"], ["0j"], ["0j"], ["0j"], ["0j"], ["0j"], ["(-0.018010860953609452+0j)"], ["0j"], ["0j"], ["0j"], ["0j"], ["0j"], ["(-0.12798943568014973+0j)"], ["0j"], ["0j"], ["0j"], ["0j"], ["0j"], ["0j"], ["0j"], ["0j"], ["(0.018010860953609403+0j)"], ["0j"], ["0j"], ["(0.12798943568015217+0j)"], ["0j"], ["0j"], ["0j"], ["0j"], ["0j"], ["0j"], ["0j"], ["0j"], ["0j"], ["0j"], ["0j"], ["(0.8910867371651012+0j)"], ["0j"], ["0j"], ["0j"], ["0j"], ["0j"], ["0j"], ["0j"], ["0j"], ["0j"], ["0j"], ["0j"], ["0j"], ["0j"], ["0j"], ["0j"]], "hf_energy": -1.7284169023296858}