{"geometry": [["H", [0.0, 0.0, 0.0]], ["H", [0.8307, 0.0, 0.0]], ["H", [-0.0754, 0.4873, 0.0]], ["H", [-0.6852, 0.3816, -1.2307]]], "multiplicity": 1, "canonical_orbitals": [[0.47923789875019474, 0.05617657844068963, 0.2930753111979959, 1.8321287275893143], [0.2256202265421398, 0.6756095718801207, -0.9137118471975406, -0.47817064994226377], [0.40092039641770494, -0.30058587886319765, 0.6467443699104599, -1.561171163153754], [0.04501146320575619, -0.7973211967631725, -0.682854870590637, 0.05762853220245495]], "canonical_to_oao": [[0.6499995231483469, 0.42847515757622084, 0.6070975916044113, 0.1591922533136497], [0.0217839651957647, 0.5650693306924277, -0.21322191016330327, -0.7967173447324173], [0.19121314968222416, -0.6693658274515187, 0.42030890112004293, -0.5820028763399789], [0.735162301914261, -0.22148381406095327, -0.6397728963731546, 0.03423377016106367]], "orbital_energies": [-0.8949012369472751, -0.17872882554330302, 0.26986250021834685, 0.9513904139401237], "exact_energy": -1.7882839541175188, "ground_states": [["0j"], ["0j"], ["0j"], ["0j"], ["0j"], ["0j"], ["0j"], ["0j"], ["0j"], ["0j"], ["0j"], ["0j"], ["0j"], ["0j"], ["0j"], ["(-0.023974239294431966+0j)"], ["0j"], ["0j"], ["0j"], ["0j"], ["0j"], ["0j"], ["0j"], ["0j"], ["0j"], ["0j"], ["0j"], ["(0.005978120768078618+0j)"], ["0j"], ["0j"], ["(0.002155159377374427+0j)"], ["0j"], ["0j"], ["0j"], ["0j"], ["0j"], ["0j"], ["0j"], ["0j"], ["(-0.005978120768078838+0j)"], ["0j"], ["0j"], ["0j"], ["0j"], ["0j"], ["(-0.0021551593773743213+0j)"], ["0j"], ["0j"], ["0j"], ["0j"], ["0j"], ["(0.04967757213556699+0j)"], ["0j"], ["0j"], ["(0.002430583448320798+0j)"], ["0j"], ["0j"], ["(-0.0024305834483208198+0j)"], ["0j"], ["0j"], ["(0.023620530029477504+0j)"], ["0j"], ["0j"], ["0j"], ["0j"], ["0j"], ["0j"], ["0j"], ["0j"], ["0j"], ["0j"], ["0j"], ["0j"], ["0j"], ["0j"], ["(-0.011505049429337383+0j)"], ["0j"], ["0j"], ["(-0.00115552190100668+0j)"], ["0j"], ["0j"], ["0j"], ["0j"], ["0j"], ["0j"], ["0j"], ["0j"], ["0j"], ["0j"], ["0j"], ["(-0.016559755784132723+0j)"], ["0j"], ["0j"], ["0j"], ["0j"], ["0j"], ["0j"], ["0j"], ["0j"], ["(-0.0068011842125951+0j)"], ["0j"], ["0j"], ["(-0.014677765491282973+0j)"], ["0j"], ["0j"], ["(0.03123752127541574+0j)"], ["0j"], ["0j"], ["(0.02330031342223443+0j)"], ["0j"], ["0j"], ["0j"], ["0j"], ["0j"], ["(0.00019145661759156443+0j)"], ["0j"], ["0j"], ["0j"], ["0j"], ["0j"], ["(0.040953147094841616+0j)"], ["0j"], ["0j"], ["0j"], ["0j"], ["0j"], ["0j"], ["0j"], ["0j"], ["0j"], ["0j"], ["0j"], ["0j"], ["0j"], ["0j"], ["(0.01150504942933738+0j)"], ["0j"], ["0j"], ["0j"], ["0j"], ["0j"], ["(0.0011555219010065982+0j)"], ["0j"], ["0j"], ["0j"], ["0j"], ["0j"], ["(0.006801184212594982+0j)"], ["0j"], ["0j"], ["(0.031237521275415566+0j)"], ["0j"], ["0j"], ["(-0.01467776549128292+0j)"], ["0j"], ["0j"], ["(-0.02330031342223416+0j)"], ["0j"], ["0j"], ["0j"], ["0j"], ["0j"], ["0j"], ["0j"], ["0j"], ["(-0.016559755784132737+0j)"], ["0j"], ["0j"], ["0j"], ["0j"], ["0j"], ["0j"], ["0j"], ["0j"], ["0j"], ["0j"], ["0j"], ["(-0.00019145661759146566+0j)"], ["0j"], ["0j"], ["(-0.040953147094841505+0j)"], ["0j"], ["0j"], ["0j"], ["0j"], ["0j"], ["0j"], ["0j"], ["0j"], ["0j"], ["0j"], ["0j"], ["0j"], ["0j"], ["0j"], ["(-0.0035053491858435468+0j)"], ["0j"], ["0j"], ["(-0.010784756378468327+0j)"], ["0j"], ["0j"], ["(0.010784756378468452+0j)"], ["0j"], ["0j"], ["(0.429259246594344+0j)"], ["0j"], ["0j"], ["0j"], ["0j"], ["0j"], ["(-0.01211673713960216+0j)"], ["0j"], ["0j"], ["0j"], ["0j"], ["0j"], ["(-0.09573287267875072+0j)"], ["0j"], ["0j"], ["0j"], ["0j"], ["0j"], ["0j"], ["0j"], ["0j"], ["(0.012116737139602166+0j)"], ["0j"], ["0j"], ["(0.09573287267875447+0j)"], ["0j"], ["0j"], ["0j"], ["0j"], ["0j"], ["0j"], ["0j"], ["0j"], ["0j"], ["0j"], ["0j"], ["(-0.886252926481024+0j)"], ["0j"], ["0j"], ["0j"], ["0j"], ["0j"], ["0j"], ["0j"], ["0j"], ["0j"], ["0j"], ["0j"], ["0j"], ["0j"], ["0j"], ["0j"]], "hf_energy": -1.672507717707462}