{"geometry": [["H", [0.0, 0.0, 0.0]], ["H", [0.6575, 0.0, 0.0]], ["H", [-0.0752, 0.4422, 0.0]], ["H", [1.042, 0.0044, 0.1918]]], "multiplicity": 1, "canonical_orbitals": [[0.33486756337631723, 0.4990312702312709, 1.4730619472830977, 1.6411086192016797], [0.40721784252627397, -0.47944254612243165, 0.7162799085545279, -2.527969981304678], [0.24170729289405923, 0.580317886797809, -1.6451291086786373, -0.6506986806783173], [0.16047989157873227, -0.6428108100227159, -0.8453871902176668, 1.8406356729878923]], "canonical_to_oao": [[0.5428618291106585, 0.5624928213433382, 0.47000189159146516, 0.40987935094645833], [0.40880506924797166, -0.37598403327785795, 0.5338344357332904, -0.63760114280214], [0.5755037951806283, 0.2761241548940796, -0.6791148685559845, -0.36242768674994497], [0.4549448665327358, -0.6826370073042902, -0.1814442405587839, 0.5423189764725175]], "orbital_energies": [-1.0309835178263087, -0.45465346049608096, 0.9355325807584483, 1.7474683028590903], "exact_energy": -1.557165144477183, "ground_states": [["0j"], ["0j"], ["0j"], ["0j"], ["0j"], ["0j"], ["0j"], ["0j"], ["0j"], ["0j"], ["0j"], ["0j"], ["0j"], ["0j"], ["0j"], ["(-0.00344806522551105+0j)"], ["0j"], ["0j"], ["0j"], ["0j"], ["0j"], ["0j"], ["0j"], ["0j"], ["0j"], ["0j"], ["0j"], ["(0.0002402567228677599+0j)"], ["0j"], ["0j"], ["(-0.0003331755639569868+0j)"], ["0j"], ["0j"], ["0j"], ["0j"], ["0j"], ["0j"], ["0j"], ["0j"], ["(-0.00024025672286790624+0j)"], ["0j"], ["0j"], ["0j"], ["0j"], ["0j"], ["(0.0003331755639569857+0j)"], ["0j"], ["0j"], ["0j"], ["0j"], ["0j"], ["(0.02189593286736645+0j)"], ["0j"], ["0j"], ["(-0.0005020754398916247+0j)"], ["0j"], ["0j"], ["(0.0005020754398916284+0j)"], ["0j"], ["0j"], ["(0.03611540210821669+0j)"], ["0j"], ["0j"], ["0j"], ["0j"], ["0j"], ["0j"], ["0j"], ["0j"], ["0j"], ["0j"], ["0j"], ["0j"], ["0j"], ["0j"], ["(0.0004978039226350371+0j)"], ["0j"], ["0j"], ["(-0.00030218282242341796+0j)"], ["0j"], ["0j"], ["0j"], ["0j"], ["0j"], ["0j"], ["0j"], ["0j"], ["0j"], ["0j"], ["0j"], ["(-0.00822277799867067+0j)"], ["0j"], ["0j"], ["0j"], ["0j"], ["0j"], ["0j"], ["0j"], ["0j"], ["(-0.00877599256963477+0j)"], ["0j"], ["0j"], ["(-0.015666503955157045+0j)"], ["0j"], ["0j"], ["(0.023889281953827706+0j)"], ["0j"], ["0j"], ["(0.021013418657543602+0j)"], ["0j"], ["0j"], ["0j"], ["0j"], ["0j"], ["(-0.0001606225674848522+0j)"], ["0j"], ["0j"], ["0j"], ["0j"], ["0j"], ["(0.0010509323765217494+0j)"], ["0j"], ["0j"], ["0j"], ["0j"], ["0j"], ["0j"], ["0j"], ["0j"], ["0j"], ["0j"], ["0j"], ["0j"], ["0j"], ["0j"], ["(-0.0004978039226350363+0j)"], ["0j"], ["0j"], ["0j"], ["0j"], ["0j"], ["(0.0003021828224234185+0j)"], ["0j"], ["0j"], ["0j"], ["0j"], ["0j"], ["(0.008775992569634765+0j)"], ["0j"], ["0j"], ["(0.023889281953827696+0j)"], ["0j"], ["0j"], ["(-0.01566650395515703+0j)"], ["0j"], ["0j"], ["(-0.02101341865754362+0j)"], ["0j"], ["0j"], ["0j"], ["0j"], ["0j"], ["0j"], ["0j"], ["0j"], ["(-0.00822277799867067+0j)"], ["0j"], ["0j"], ["0j"], ["0j"], ["0j"], ["0j"], ["0j"], ["0j"], ["0j"], ["0j"], ["0j"], ["(0.00016062256748484822+0j)"], ["0j"], ["0j"], ["(-0.0010509323765217444+0j)"], ["0j"], ["0j"], ["0j"], ["0j"], ["0j"], ["0j"], ["0j"], ["0j"], ["0j"], ["0j"], ["0j"], ["0j"], ["0j"], ["0j"], ["(0.029255267889761058+0j)"], ["0j"], ["0j"], ["(0.007254855445105845+0j)"], ["0j"], ["0j"], ["(-0.007254855445105844+0j)"], ["0j"], ["0j"], ["(0.050376942051055536+0j)"], ["0j"], ["0j"], ["0j"], ["0j"], ["0j"], ["(0.0013209958969676457+0j)"], ["0j"], ["0j"], ["0j"], ["0j"], ["0j"], ["(-0.0010704679673079298+0j)"], ["0j"], ["0j"], ["0j"], ["0j"], ["0j"], ["0j"], ["0j"], ["0j"], ["(-0.0013209958969676485+0j)"], ["0j"], ["0j"], ["(0.0010704679673079348+0j)"], ["0j"], ["0j"], ["0j"], ["0j"], ["0j"], ["0j"], ["0j"], ["0j"], ["0j"], ["0j"], ["0j"], ["(-0.9959373251161014+0j)"], ["0j"], ["0j"], ["0j"], ["0j"], ["0j"], ["0j"], ["0j"], ["0j"], ["0j"], ["0j"], ["0j"], ["0j"], ["0j"], ["0j"], ["0j"]], "hf_energy": -1.5352391087988986}