{"geometry": [["H", [0.0, 0.0, 0.0]], ["H", [0.5089, 0.0, 0.0]], ["H", [0.1852, -0.7223, 0.0]], ["H", [-0.5269, 0.2382, -0.2101]]], "multiplicity": 1, "canonical_orbitals": [[0.49946689079229256, 0.3749488805663208, 0.1495000669527795, 2.516618239013172], [0.31779538714563116, -0.46682989612648496, 1.1001040043652954, -1.3949070066154095], [0.20805558216074913, -0.6860088726068698, -1.1196978976801315, -0.3337149853810223], [0.10126601258577, 0.8459950298412873, -0.3843410262414144, -1.3361914163246826]], "canonical_to_oao": [[0.6165811379653896, 0.5504185192170397, 0.4360578899871106, 0.35597846927618293], [0.22003015969305983, -0.31119690493953617, -0.5342667209578957, 0.7545212296936371], [0.09206368436680595, 0.6380887189492249, -0.7151471622865663, -0.2700585141113272], [0.7502924144302396, -0.4393617266088536, -0.11391717925913582, -0.48067186552716995]], "orbital_energies": [-1.0002930262396519, -0.22169735516576114, 0.4306519446758617, 1.5598263040262843], "exact_energy": -1.5676967584685257, "ground_states": [["0j"], ["0j"], ["0j"], ["0j"], ["0j"], ["0j"], ["0j"], ["0j"], ["0j"], ["0j"], ["0j"], ["0j"], ["0j"], ["0j"], ["0j"], ["(0.00863106496438378+0j)"], ["0j"], ["0j"], ["0j"], ["0j"], ["0j"], ["0j"], ["0j"], ["0j"], ["0j"], ["0j"], ["0j"], ["(0.0010430517997148513+0j)"], ["0j"], ["0j"], ["(0.0019181224426906285+0j)"], ["0j"], ["0j"], ["0j"], ["0j"], ["0j"], ["0j"], ["0j"], ["0j"], ["(-0.0010430517997148244+0j)"], ["0j"], ["0j"], ["0j"], ["0j"], ["0j"], ["(-0.0019181224426907807+0j)"], ["0j"], ["0j"], ["0j"], ["0j"], ["0j"], ["(-0.02881396218819693+0j)"], ["0j"], ["0j"], ["(-0.004641065876494587+0j)"], ["0j"], ["0j"], ["(0.004641065876494589+0j)"], ["0j"], ["0j"], ["(-0.053992799255314555+0j)"], ["0j"], ["0j"], ["0j"], ["0j"], ["0j"], ["0j"], ["0j"], ["0j"], ["0j"], ["0j"], ["0j"], ["0j"], ["0j"], ["0j"], ["(0.0005483300954604506+0j)"], ["0j"], ["0j"], ["(-0.0010914024448362796+0j)"], ["0j"], ["0j"], ["0j"], ["0j"], ["0j"], ["0j"], ["0j"], ["0j"], ["0j"], ["0j"], ["0j"], ["(0.01158623197500416+0j)"], ["0j"], ["0j"], ["0j"], ["0j"], ["0j"], ["0j"], ["0j"], ["0j"], ["(-0.011787901589696927+0j)"], ["0j"], ["0j"], ["(0.007202170868471288+0j)"], ["0j"], ["0j"], ["(-0.018788402843475452+0j)"], ["0j"], ["0j"], ["(0.06309006593988152+0j)"], ["0j"], ["0j"], ["0j"], ["0j"], ["0j"], ["(-9.049831597484512e-05+0j)"], ["0j"], ["0j"], ["0j"], ["0j"], ["0j"], ["(-0.007458576743681707+0j)"], ["0j"], ["0j"], ["0j"], ["0j"], ["0j"], ["0j"], ["0j"], ["0j"], ["0j"], ["0j"], ["0j"], ["0j"], ["0j"], ["0j"], ["(-0.0005483300954604493+0j)"], ["0j"], ["0j"], ["0j"], ["0j"], ["0j"], ["(0.0010914024448362694+0j)"], ["0j"], ["0j"], ["0j"], ["0j"], ["0j"], ["(0.011787901589696927+0j)"], ["0j"], ["0j"], ["(-0.01878840284347547+0j)"], ["0j"], ["0j"], ["(0.007202170868471288+0j)"], ["0j"], ["0j"], ["(-0.06309006593988147+0j)"], ["0j"], ["0j"], ["0j"], ["0j"], ["0j"], ["0j"], ["0j"], ["0j"], ["(0.011586231975004163+0j)"], ["0j"], ["0j"], ["0j"], ["0j"], ["0j"], ["0j"], ["0j"], ["0j"], ["0j"], ["0j"], ["0j"], ["(9.049831597481619e-05+0j)"], ["0j"], ["0j"], ["(0.007458576743681685+0j)"], ["0j"], ["0j"], ["0j"], ["0j"], ["0j"], ["0j"], ["0j"], ["0j"], ["0j"], ["0j"], ["0j"], ["0j"], ["0j"], ["0j"], ["(-0.03217605524171572+0j)"], ["0j"], ["0j"], ["(0.028787440040468584+0j)"], ["0j"], ["0j"], ["(-0.028787440040468588+0j)"], ["0j"], ["0j"], ["(-0.15540472076264267+0j)"], ["0j"], ["0j"], ["0j"], ["0j"], ["0j"], ["(-0.005651637300577177+0j)"], ["0j"], ["0j"], ["0j"], ["0j"], ["0j"], ["(-0.02001855021151088+0j)"], ["0j"], ["0j"], ["0j"], ["0j"], ["0j"], ["0j"], ["0j"], ["0j"], ["(0.0056516373005771805+0j)"], ["0j"], ["0j"], ["(0.020018550211511076+0j)"], ["0j"], ["0j"], ["0j"], ["0j"], ["0j"], ["0j"], ["0j"], ["0j"], ["0j"], ["0j"], ["0j"], ["(0.9792791142805376+0j)"], ["0j"], ["0j"], ["0j"], ["0j"], ["0j"], ["0j"], ["0j"], ["0j"], ["0j"], ["0j"], ["0j"], ["0j"], ["0j"], ["0j"], ["0j"]], "hf_energy": -1.5256075082443592}