{"geometry": [["H", [0.0, 0.0, 0.0]], ["H", [1.129, 0.0, 0.0]], ["H", [-0.187, 0.7032, 0.0]], ["H", [-0.2485, 0.3044, -0.3017]]], "multiplicity": 1, "canonical_orbitals": [[0.29390066999397635, 0.5185434071936674, 1.0288309598907792, 1.4267872898598097], [9.302923012444175e-05, 0.862106778399562, -0.574147710768842, -0.41425896699283504], [0.31082523398218337, -0.4697289953112232, -1.251979923074739, 1.0327760982971042], [0.47559184419674105, -0.3441578616850878, 0.4095599777258151, -2.1202177591601075]], "canonical_to_oao": [[0.532197449060685, 0.12931638131669032, 0.54653698229311, 0.6335143847793794], [0.33364610390303745, 0.8675133927590019, -0.32250447754825046, -0.1791414321016201], [0.5702274998952622, -0.43046699992240955, -0.6734318216660925, 0.18981133240269327], [0.5294211470340223, -0.21306325090151546, 0.3791803931043337, -0.7283814451739561]], "orbital_energies": [-1.0758665376875465, -0.18958322492836316, 0.47438714690554695, 1.0738775010779267], "exact_energy": -1.5162422417652013, "ground_states": [["0j"], ["0j"], ["0j"], ["0j"], ["0j"], ["0j"], ["0j"], ["0j"], ["0j"], ["0j"], ["0j"], ["0j"], ["0j"], ["0j"], ["0j"], ["(-0.009203804830917778+0j)"], ["0j"], ["0j"], ["0j"], ["0j"], ["0j"], ["0j"], ["0j"], ["0j"], ["0j"], ["0j"], ["0j"], ["(-0.003610602139946892+0j)"], ["0j"], ["0j"], ["(-0.0003984638039833954+0j)"], ["0j"], ["0j"], ["0j"], ["0j"], ["0j"], ["0j"], ["0j"], ["0j"], ["(0.0036106021399468905+0j)"], ["0j"], ["0j"], ["0j"], ["0j"], ["0j"], ["(0.0003984638039833812+0j)"], ["0j"], ["0j"], ["0j"], ["0j"], ["0j"], ["(0.038886683416770464+0j)"], ["0j"], ["0j"], ["(0.008912465382340466+0j)"], ["0j"], ["0j"], ["(-0.008912465382340477+0j)"], ["0j"], ["0j"], ["(0.04606001859252255+0j)"], ["0j"], ["0j"], ["0j"], ["0j"], ["0j"], ["0j"], ["0j"], ["0j"], ["0j"], ["0j"], ["0j"], ["0j"], ["0j"], ["0j"], ["(0.0018558355497139355+0j)"], ["0j"], ["0j"], ["(-0.00048056865467700435+0j)"], ["0j"], ["0j"], ["0j"], ["0j"], ["0j"], ["0j"], ["0j"], ["0j"], ["0j"], ["0j"], ["0j"], ["(-0.0142634932941692+0j)"], ["0j"], ["0j"], ["0j"], ["0j"], ["0j"], ["0j"], ["0j"], ["0j"], ["(-0.005677429514203414+0j)"], ["0j"], ["0j"], ["(-0.01590335752068401+0j)"], ["0j"], ["0j"], ["(0.03016685081485319+0j)"], ["0j"], ["0j"], ["(-0.00815095995021431+0j)"], ["0j"], ["0j"], ["0j"], ["0j"], ["0j"], ["(0.0014886715759253174+0j)"], ["0j"], ["0j"], ["0j"], ["0j"], ["0j"], ["(0.002963506135620312+0j)"], ["0j"], ["0j"], ["0j"], ["0j"], ["0j"], ["0j"], ["0j"], ["0j"], ["0j"], ["0j"], ["0j"], ["0j"], ["0j"], ["0j"], ["(-0.0018558355497139435+0j)"], ["0j"], ["0j"], ["0j"], ["0j"], ["0j"], ["(0.0004805686546769998+0j)"], ["0j"], ["0j"], ["0j"], ["0j"], ["0j"], ["(0.005677429514203405+0j)"], ["0j"], ["0j"], ["(0.030166850814853232+0j)"], ["0j"], ["0j"], ["(-0.015903357520684013+0j)"], ["0j"], ["0j"], ["(0.008150959950214337+0j)"], ["0j"], ["0j"], ["0j"], ["0j"], ["0j"], ["0j"], ["0j"], ["0j"], ["(-0.014263493294169179+0j)"], ["0j"], ["0j"], ["0j"], ["0j"], ["0j"], ["0j"], ["0j"], ["0j"], ["0j"], ["0j"], ["0j"], ["(-0.0014886715759253003+0j)"], ["0j"], ["0j"], ["(-0.0029635061356203195+0j)"], ["0j"], ["0j"], ["0j"], ["0j"], ["0j"], ["0j"], ["0j"], ["0j"], ["0j"], ["0j"], ["0j"], ["0j"], ["0j"], ["0j"], ["(0.022366637864932516+0j)"], ["0j"], ["0j"], ["(-0.03700356739390863+0j)"], ["0j"], ["0j"], ["(0.037003567393908705+0j)"], ["0j"], ["0j"], ["(0.15877156678134582+0j)"], ["0j"], ["0j"], ["0j"], ["0j"], ["0j"], ["(0.0027051257647702854+0j)"], ["0j"], ["0j"], ["0j"], ["0j"], ["0j"], ["(0.06286266008138222+0j)"], ["0j"], ["0j"], ["0j"], ["0j"], ["0j"], ["0j"], ["0j"], ["0j"], ["(-0.0027051257647702875+0j)"], ["0j"], ["0j"], ["(-0.06286266008138158+0j)"], ["0j"], ["0j"], ["0j"], ["0j"], ["0j"], ["0j"], ["0j"], ["0j"], ["0j"], ["0j"], ["0j"], ["(-0.9781470093594494+0j)"], ["0j"], ["0j"], ["0j"], ["0j"], ["0j"], ["0j"], ["0j"], ["0j"], ["0j"], ["0j"], ["0j"], ["0j"], ["0j"], ["0j"], ["0j"]], "hf_energy": -1.476834651813627}