{"geometry": [["H", [0.0, 0.0, 0.0]], ["H", [0.6771, 0.0, 0.0]], ["H", [-0.751, 0.4535, 0.0]], ["H", [-0.5302, 0.1476, -0.4608]]], "multiplicity": 1, "canonical_orbitals": [[0.36221687367755556, 0.4603532750388335, 0.26544232770683623, 1.7628984338085478], [0.1354989555406082, 0.6876765138608132, -0.42087047157104673, -1.20994009798742], [0.3079359912708572, -0.5365382124409597, -1.4175368166673752, 0.0042861726102338404], [0.37798959107552166, -0.4123072573178462, 1.3314681981764185, -0.9408151346265248]], "canonical_to_oao": [[0.5494253123481799, 0.32109422279875866, 0.5163834921935972, 0.5730431181214158], [0.37671006517850664, 0.7207102545779434, -0.4734741609344293, -0.3383614556459402], [0.14166299254635045, -0.24124158883747393, -0.7135378789583691, 0.6423377520040187], [0.7322246577978145, -0.5650466572298505, -0.005831227055895158, -0.38017801416871744]], "orbital_energies": [-0.9201662847838369, -0.3721491084320379, 0.7386281129200087, 1.0647758174916833], "exact_energy": -1.9274492164970554, "ground_states": [["0j"], ["0j"], ["0j"], ["0j"], ["0j"], ["0j"], ["0j"], ["0j"], ["0j"], ["0j"], ["0j"], ["0j"], ["0j"], ["0j"], ["0j"], ["(0.007011033038618315+0j)"], ["0j"], ["0j"], ["0j"], ["0j"], ["0j"], ["0j"], ["0j"], ["0j"], ["0j"], ["0j"], ["0j"], ["(0.0002666240253547114+0j)"], ["0j"], ["0j"], ["(0.0015418344063836409+0j)"], ["0j"], ["0j"], ["0j"], ["0j"], ["0j"], ["0j"], ["0j"], ["0j"], ["(-0.00026662402535459725+0j)"], ["0j"], ["0j"], ["0j"], ["0j"], ["0j"], ["(-0.0015418344063836218+0j)"], ["0j"], ["0j"], ["0j"], ["0j"], ["0j"], ["(-0.03148932338903303+0j)"], ["0j"], ["0j"], ["(-0.005636777638361664+0j)"], ["0j"], ["0j"], ["(0.005636777638361667+0j)"], ["0j"], ["0j"], ["(-0.048564335281019444+0j)"], ["0j"], ["0j"], ["0j"], ["0j"], ["0j"], ["0j"], ["0j"], ["0j"], ["0j"], ["0j"], ["0j"], ["0j"], ["0j"], ["0j"], ["(-0.0003058010917344332+0j)"], ["0j"], ["0j"], ["(-0.0013768015586033261+0j)"], ["0j"], ["0j"], ["0j"], ["0j"], ["0j"], ["0j"], ["0j"], ["0j"], ["0j"], ["0j"], ["0j"], ["(0.005916410298013385+0j)"], ["0j"], ["0j"], ["0j"], ["0j"], ["0j"], ["0j"], ["0j"], ["0j"], ["(-0.020704769403550982+0j)"], ["0j"], ["0j"], ["(0.012877370727060479+0j)"], ["0j"], ["0j"], ["(-0.018793781025073862+0j)"], ["0j"], ["0j"], ["(0.038407955943901506+0j)"], ["0j"], ["0j"], ["0j"], ["0j"], ["0j"], ["(-0.0004277740559575797+0j)"], ["0j"], ["0j"], ["0j"], ["0j"], ["0j"], ["(-0.0017608666169579709+0j)"], ["0j"], ["0j"], ["0j"], ["0j"], ["0j"], ["0j"], ["0j"], ["0j"], ["0j"], ["0j"], ["0j"], ["0j"], ["0j"], ["0j"], ["(0.0003058010917344232+0j)"], ["0j"], ["0j"], ["0j"], ["0j"], ["0j"], ["(0.0013768015586033313+0j)"], ["0j"], ["0j"], ["0j"], ["0j"], ["0j"], ["(0.020704769403550986+0j)"], ["0j"], ["0j"], ["(-0.018793781025073873+0j)"], ["0j"], ["0j"], ["(0.012877370727060479+0j)"], ["0j"], ["0j"], ["(-0.03840795594390152+0j)"], ["0j"], ["0j"], ["0j"], ["0j"], ["0j"], ["0j"], ["0j"], ["0j"], ["(0.005916410298013383+0j)"], ["0j"], ["0j"], ["0j"], ["0j"], ["0j"], ["0j"], ["0j"], ["0j"], ["0j"], ["0j"], ["0j"], ["(0.00042777405595757957+0j)"], ["0j"], ["0j"], ["(0.0017608666169579834+0j)"], ["0j"], ["0j"], ["0j"], ["0j"], ["0j"], ["0j"], ["0j"], ["0j"], ["0j"], ["0j"], ["0j"], ["0j"], ["0j"], ["0j"], ["(-0.05711187773616423+0j)"], ["0j"], ["0j"], ["(0.02157930400704705+0j)"], ["0j"], ["0j"], ["(-0.021579304007047048+0j)"], ["0j"], ["0j"], ["(-0.05589460921146504+0j)"], ["0j"], ["0j"], ["0j"], ["0j"], ["0j"], ["(-0.005582337489178965+0j)"], ["0j"], ["0j"], ["0j"], ["0j"], ["0j"], ["(-0.0027420572761961367+0j)"], ["0j"], ["0j"], ["0j"], ["0j"], ["0j"], ["0j"], ["0j"], ["0j"], ["(0.0055823374891789315+0j)"], ["0j"], ["0j"], ["(0.002742057276196123+0j)"], ["0j"], ["0j"], ["0j"], ["0j"], ["0j"], ["0j"], ["0j"], ["0j"], ["0j"], ["0j"], ["0j"], ["(0.9920742535234683+0j)"], ["0j"], ["0j"], ["0j"], ["0j"], ["0j"], ["0j"], ["0j"], ["0j"], ["0j"], ["0j"], ["0j"], ["0j"], ["0j"], ["0j"], ["0j"]], "hf_energy": -1.8962993632250424}