{"geometry": [["H", [0.0, 0.0, 0.0]], ["H", [0.4278, 0.0, 0.0]], ["H", [-0.5276, 0.0115, 0.0]], ["H", [-1.143, -0.5293, 0.4743]]], "multiplicity": 1, "canonical_orbitals": [[0.5676262762098161, 0.26941652749070544, 0.3500261984171311, 3.188913393562163], [0.2445749447473481, 0.5472748390190134, -0.9506138278417631, -1.9901347936272722], [0.23836040103216577, -0.5295073330775371, 1.0023641451531087, -1.8490868208796425], [0.060457296111119274, -0.7031436088663208, -0.9066226398221128, 0.37049227490247394]], "canonical_to_oao": [[0.6565428184108606, 0.5278752582117145, 0.5030506988292451, 0.19297469722337707], [0.16702705063085255, 0.4700491753890022, -0.4205232132361305, -0.7578363703354685], [0.13836526913712388, -0.5093843082332339, 0.5887667031364503, -0.6121572086483974], [0.7224323803978465, -0.4908453025239092, -0.47270920322626, 0.1170826798809746]], "orbital_energies": [-0.9911617886719807, -0.3390858023333237, 0.5310001597683381, 2.2155328265498015], "exact_energy": -1.6865032494294967, "ground_states": [["0j"], ["0j"], ["0j"], ["0j"], ["0j"], ["0j"], ["0j"], ["0j"], ["0j"], ["0j"], ["0j"], ["0j"], ["0j"], ["0j"], ["0j"], ["(0.005192324361710952+0j)"], ["0j"], ["0j"], ["0j"], ["0j"], ["0j"], ["0j"], ["0j"], ["0j"], ["0j"], ["0j"], ["0j"], ["(-0.0004906957595302193+0j)"], ["0j"], ["0j"], ["(-0.00033211649906739193+0j)"], ["0j"], ["0j"], ["0j"], ["0j"], ["0j"], ["0j"], ["0j"], ["0j"], ["(0.0004906957595301822+0j)"], ["0j"], ["0j"], ["0j"], ["0j"], ["0j"], ["(0.0003321164990671843+0j)"], ["0j"], ["0j"], ["0j"], ["0j"], ["0j"], ["(-0.021899613957114695+0j)"], ["0j"], ["0j"], ["(0.005856630173865386+0j)"], ["0j"], ["0j"], ["(-0.005856630173865376+0j)"], ["0j"], ["0j"], ["(-0.0342748144450758+0j)"], ["0j"], ["0j"], ["0j"], ["0j"], ["0j"], ["0j"], ["0j"], ["0j"], ["0j"], ["0j"], ["0j"], ["0j"], ["0j"], ["0j"], ["(-0.00028591937229415583+0j)"], ["0j"], ["0j"], ["(-0.0013242658589543114+0j)"], ["0j"], ["0j"], ["0j"], ["0j"], ["0j"], ["0j"], ["0j"], ["0j"], ["0j"], ["0j"], ["0j"], ["(0.017771436227217646+0j)"], ["0j"], ["0j"], ["0j"], ["0j"], ["0j"], ["0j"], ["0j"], ["0j"], ["(-0.005192759030017353+0j)"], ["0j"], ["0j"], ["(0.009139035694145472+0j)"], ["0j"], ["0j"], ["(-0.026910471921363102+0j)"], ["0j"], ["0j"], ["(0.011648049751345514+0j)"], ["0j"], ["0j"], ["0j"], ["0j"], ["0j"], ["(0.0007171238635109201+0j)"], ["0j"], ["0j"], ["0j"], ["0j"], ["0j"], ["(-0.006698961743127782+0j)"], ["0j"], ["0j"], ["0j"], ["0j"], ["0j"], ["0j"], ["0j"], ["0j"], ["0j"], ["0j"], ["0j"], ["0j"], ["0j"], ["0j"], ["(0.0002859193722941403+0j)"], ["0j"], ["0j"], ["0j"], ["0j"], ["0j"], ["(0.0013242658589543068+0j)"], ["0j"], ["0j"], ["0j"], ["0j"], ["0j"], ["(0.005192759030017365+0j)"], ["0j"], ["0j"], ["(-0.0269104719213631+0j)"], ["0j"], ["0j"], ["(0.009139035694145474+0j)"], ["0j"], ["0j"], ["(-0.011648049751345525+0j)"], ["0j"], ["0j"], ["0j"], ["0j"], ["0j"], ["0j"], ["0j"], ["0j"], ["(0.017771436227217625+0j)"], ["0j"], ["0j"], ["0j"], ["0j"], ["0j"], ["0j"], ["0j"], ["0j"], ["0j"], ["0j"], ["0j"], ["(-0.0007171238635109106+0j)"], ["0j"], ["0j"], ["(0.006698961743127767+0j)"], ["0j"], ["0j"], ["0j"], ["0j"], ["0j"], ["0j"], ["0j"], ["0j"], ["0j"], ["0j"], ["0j"], ["0j"], ["0j"], ["0j"], ["(-0.012109028074305611+0j)"], ["0j"], ["0j"], ["(-0.006373229178700373+0j)"], ["0j"], ["0j"], ["(0.006373229178700372+0j)"], ["0j"], ["0j"], ["(-0.15865916773477282+0j)"], ["0j"], ["0j"], ["0j"], ["0j"], ["0j"], ["(0.0017315137437803143+0j)"], ["0j"], ["0j"], ["0j"], ["0j"], ["0j"], ["(0.014853025740580013+0j)"], ["0j"], ["0j"], ["0j"], ["0j"], ["0j"], ["0j"], ["0j"], ["0j"], ["(-0.0017315137437803059+0j)"], ["0j"], ["0j"], ["(-0.014853025740579992+0j)"], ["0j"], ["0j"], ["0j"], ["0j"], ["0j"], ["0j"], ["0j"], ["0j"], ["0j"], ["0j"], ["0j"], ["(0.9847511310733806+0j)"], ["0j"], ["0j"], ["0j"], ["0j"], ["0j"], ["0j"], ["0j"], ["0j"], ["0j"], ["0j"], ["0j"], ["0j"], ["0j"], ["0j"], ["0j"]], "hf_energy": -1.6457538197240988}