{"geometry": [["H", [0.0, 0.0, 0.0]], ["H", [0.5045, 0.0, 0.0]], ["H", [-0.7819, -0.4293, 0.0]], ["H", [-0.5707, -0.2522, -1.1398]]], "multiplicity": 1, "canonical_orbitals": [[0.4972706876119469, 0.24955397341180963, 0.12036674773384273, 1.9879947388166372], [0.34653406686025945, 0.5414630522102812, -0.34631907682320456, -1.6374312371075703], [0.23368427754686602, -0.5714247344909901, 0.8920821898568828, -0.7326070869038497], [0.14167617305028987, -0.6517754229056454, -0.8799041865149303, -0.012490476626055673]], "canonical_to_oao": [[0.6569160270235448, 0.5636814951364738, 0.41680651460391216, 0.27748303527251583], [0.20266847897269652, 0.4851882422265209, -0.5357393640137071, -0.6606823677700356], [0.0699953160481808, -0.23587527051065624, 0.6730244464420112, -0.6974966716653664], [0.72283295221082, -0.6254745385764097, -0.29375799175741824, 0.0006058625811249901]], "orbital_energies": [-0.7894151088645062, -0.31463263483681464, 0.30560282649466014, 1.30928645784191], "exact_energy": -1.9297599304503268, "ground_states": [["0j"], ["0j"], ["0j"], ["0j"], ["0j"], ["0j"], ["0j"], ["0j"], ["0j"], ["0j"], ["0j"], ["0j"], ["0j"], ["0j"], ["0j"], ["(-0.016027365187995326+0j)"], ["0j"], ["0j"], ["0j"], ["0j"], ["0j"], ["0j"], ["0j"], ["0j"], ["0j"], ["0j"], ["0j"], ["(0.0001910911751803815+0j)"], ["0j"], ["0j"], ["(-0.00419923701850522+0j)"], ["0j"], ["0j"], ["0j"], ["0j"], ["0j"], ["0j"], ["0j"], ["0j"], ["(-0.0001910911751803668+0j)"], ["0j"], ["0j"], ["0j"], ["0j"], ["0j"], ["(0.004199237018505057+0j)"], ["0j"], ["0j"], ["0j"], ["0j"], ["0j"], ["(0.03889057656579075+0j)"], ["0j"], ["0j"], ["(-0.005912226502190936+0j)"], ["0j"], ["0j"], ["(0.005912226502190931+0j)"], ["0j"], ["0j"], ["(0.03589708231894759+0j)"], ["0j"], ["0j"], ["0j"], ["0j"], ["0j"], ["0j"], ["0j"], ["0j"], ["0j"], ["0j"], ["0j"], ["0j"], ["0j"], ["0j"], ["(0.0012346124776708278+0j)"], ["0j"], ["0j"], ["(0.0018583331110990308+0j)"], ["0j"], ["0j"], ["0j"], ["0j"], ["0j"], ["0j"], ["0j"], ["0j"], ["0j"], ["0j"], ["0j"], ["(-0.014285085778857372+0j)"], ["0j"], ["0j"], ["0j"], ["0j"], ["0j"], ["0j"], ["0j"], ["0j"], ["(0.02116375737272701+0j)"], ["0j"], ["0j"], ["(-0.014431847543702669+0j)"], ["0j"], ["0j"], ["(0.02871693332256003+0j)"], ["0j"], ["0j"], ["(-0.07937370543049822+0j)"], ["0j"], ["0j"], ["0j"], ["0j"], ["0j"], ["(-0.0011144920532344445+0j)"], ["0j"], ["0j"], ["0j"], ["0j"], ["0j"], ["(0.000671043545811924+0j)"], ["0j"], ["0j"], ["0j"], ["0j"], ["0j"], ["0j"], ["0j"], ["0j"], ["0j"], ["0j"], ["0j"], ["0j"], ["0j"], ["0j"], ["(-0.0012346124776708362+0j)"], ["0j"], ["0j"], ["0j"], ["0j"], ["0j"], ["(-0.0018583331110990364+0j)"], ["0j"], ["0j"], ["0j"], ["0j"], ["0j"], ["(-0.021163757372726997+0j)"], ["0j"], ["0j"], ["(0.02871693332256005+0j)"], ["0j"], ["0j"], ["(-0.014431847543702666+0j)"], ["0j"], ["0j"], ["(0.07937370543049826+0j)"], ["0j"], ["0j"], ["0j"], ["0j"], ["0j"], ["0j"], ["0j"], ["0j"], ["(-0.014285085778857372+0j)"], ["0j"], ["0j"], ["0j"], ["0j"], ["0j"], ["0j"], ["0j"], ["0j"], ["0j"], ["0j"], ["0j"], ["(0.0011144920532344673+0j)"], ["0j"], ["0j"], ["(-0.0006710435458118797+0j)"], ["0j"], ["0j"], ["0j"], ["0j"], ["0j"], ["0j"], ["0j"], ["0j"], ["0j"], ["0j"], ["0j"], ["0j"], ["0j"], ["0j"], ["(0.023694580122400565+0j)"], ["0j"], ["0j"], ["(0.002197036228149802+0j)"], ["0j"], ["0j"], ["(-0.002197036228149804+0j)"], ["0j"], ["0j"], ["(0.25890880012957396+0j)"], ["0j"], ["0j"], ["0j"], ["0j"], ["0j"], ["(0.008422489703884907+0j)"], ["0j"], ["0j"], ["0j"], ["0j"], ["0j"], ["(-0.008007572308444327+0j)"], ["0j"], ["0j"], ["0j"], ["0j"], ["0j"], ["0j"], ["0j"], ["0j"], ["(-0.00842248970388488+0j)"], ["0j"], ["0j"], ["(0.008007572308444122+0j)"], ["0j"], ["0j"], ["0j"], ["0j"], ["0j"], ["0j"], ["0j"], ["0j"], ["0j"], ["0j"], ["0j"], ["(-0.9554989775913371+0j)"], ["0j"], ["0j"], ["0j"], ["0j"], ["0j"], ["0j"], ["0j"], ["0j"], ["0j"], ["0j"], ["0j"], ["0j"], ["0j"], ["0j"], ["0j"]], "hf_energy": -1.8577132692887708}