{"geometry": [["H", [0.0, 0.0, 0.0]], ["H", [0.9013, 0.0, 0.0]], ["H", [1.1387, 0.328, 0.0]], ["H", [-0.1405, -0.3232, -0.1916]]], "multiplicity": 1, "canonical_orbitals": [[0.3481935280459474, 0.44900074885365604, 1.9436422079855047, 0.9576986996599808], [0.35308360190096244, -0.453186547454887, 0.4542443990813586, -2.1864479898713842], [0.23947408738313314, -0.5274640623231085, -0.732861122096058, 1.873486674985652], [0.2643519077331252, 0.511778829891821, -1.9423841367091148, -0.442593772942251]], "canonical_to_oao": [[0.5374045420808136, 0.5366668743805623, 0.44726596946478414, 0.4723750381341466], [0.43442525185296277, -0.43415736644554814, -0.5735368889344027, 0.5420678174776682], [0.6587167203614809, 0.1665908804205792, -0.2714253929347184, -0.6816656196018294], [0.29759593582509497, -0.7040905663793282, 0.6303466075584189, -0.13548537801407987]], "orbital_energies": [-0.9403076479902917, -0.5689150419564473, 1.2132454099092886, 1.3169714592535868], "exact_energy": -1.6680219613943394, "ground_states": [["0j"], ["0j"], ["0j"], ["0j"], ["0j"], ["0j"], ["0j"], ["0j"], ["0j"], ["0j"], ["0j"], ["0j"], ["0j"], ["0j"], ["0j"], ["(0.0033573329844900903+0j)"], ["0j"], ["0j"], ["0j"], ["0j"], ["0j"], ["0j"], ["0j"], ["0j"], ["0j"], ["0j"], ["0j"], ["(0.00016964931247601817+0j)"], ["0j"], ["0j"], ["(0.0005150068678251296+0j)"], ["0j"], ["0j"], ["0j"], ["0j"], ["0j"], ["0j"], ["0j"], ["0j"], ["(-0.00016964931247601058+0j)"], ["0j"], ["0j"], ["0j"], ["0j"], ["0j"], ["(-0.0005150068678254796+0j)"], ["0j"], ["0j"], ["0j"], ["0j"], ["0j"], ["(-0.02733961967220295+0j)"], ["0j"], ["0j"], ["(0.0012534802120034126+0j)"], ["0j"], ["0j"], ["(-0.0012534802120034122+0j)"], ["0j"], ["0j"], ["(-0.02841833083173624+0j)"], ["0j"], ["0j"], ["0j"], ["0j"], ["0j"], ["0j"], ["0j"], ["0j"], ["0j"], ["0j"], ["0j"], ["0j"], ["0j"], ["0j"], ["(-0.00012996863226442314+0j)"], ["0j"], ["0j"], ["(0.00017334190636668695+0j)"], ["0j"], ["0j"], ["0j"], ["0j"], ["0j"], ["0j"], ["0j"], ["0j"], ["0j"], ["0j"], ["0j"], ["(0.0022508887523078037+0j)"], ["0j"], ["0j"], ["0j"], ["0j"], ["0j"], ["0j"], ["0j"], ["0j"], ["(0.01993530991336483+0j)"], ["0j"], ["0j"], ["(0.014234171795440627+0j)"], ["0j"], ["0j"], ["(-0.01648506054774844+0j)"], ["0j"], ["0j"], ["(-0.022475943895634384+0j)"], ["0j"], ["0j"], ["0j"], ["0j"], ["0j"], ["(6.48906148982388e-05+0j)"], ["0j"], ["0j"], ["0j"], ["0j"], ["0j"], ["(-0.00026607033525349324+0j)"], ["0j"], ["0j"], ["0j"], ["0j"], ["0j"], ["0j"], ["0j"], ["0j"], ["0j"], ["0j"], ["0j"], ["0j"], ["0j"], ["0j"], ["(0.00012996863226441267+0j)"], ["0j"], ["0j"], ["0j"], ["0j"], ["0j"], ["(-0.00017334190636668391+0j)"], ["0j"], ["0j"], ["0j"], ["0j"], ["0j"], ["(-0.01993530991336483+0j)"], ["0j"], ["0j"], ["(-0.016485060547748426+0j)"], ["0j"], ["0j"], ["(0.014234171795440634+0j)"], ["0j"], ["0j"], ["(0.02247594389563438+0j)"], ["0j"], ["0j"], ["0j"], ["0j"], ["0j"], ["0j"], ["0j"], ["0j"], ["(0.002250888752307802+0j)"], ["0j"], ["0j"], ["0j"], ["0j"], ["0j"], ["0j"], ["0j"], ["0j"], ["0j"], ["0j"], ["0j"], ["(-6.489061489823291e-05+0j)"], ["0j"], ["0j"], ["(0.0002660703352534976+0j)"], ["0j"], ["0j"], ["0j"], ["0j"], ["0j"], ["0j"], ["0j"], ["0j"], ["0j"], ["0j"], ["0j"], ["0j"], ["0j"], ["0j"], ["(-0.03185956537198677+0j)"], ["0j"], ["0j"], ["(-0.005825489034979089+0j)"], ["0j"], ["0j"], ["(0.005825489034979087+0j)"], ["0j"], ["0j"], ["(-0.0380396318484804+0j)"], ["0j"], ["0j"], ["0j"], ["0j"], ["0j"], ["(-0.0015282868953018667+0j)"], ["0j"], ["0j"], ["0j"], ["0j"], ["0j"], ["(-0.0005539373592652701+0j)"], ["0j"], ["0j"], ["0j"], ["0j"], ["0j"], ["0j"], ["0j"], ["0j"], ["(0.0015282868953018728+0j)"], ["0j"], ["0j"], ["(0.0005539373592652749+0j)"], ["0j"], ["0j"], ["0j"], ["0j"], ["0j"], ["0j"], ["0j"], ["0j"], ["0j"], ["0j"], ["0j"], ["(0.996559308060641+0j)"], ["0j"], ["0j"], ["0j"], ["0j"], ["0j"], ["0j"], ["0j"], ["0j"], ["0j"], ["0j"], ["0j"], ["0j"], ["0j"], ["0j"], ["0j"]], "hf_energy": -1.6480546914877994}