{"geometry": [["H", [0.0, 0.0, 0.0]], ["H", [0.634, 0.0, 0.0]], ["H", [-0.6595, 0.4357, 0.0]], ["H", [0.7612, 0.3516, -0.4387]]], "multiplicity": 1, "canonical_orbitals": [[0.3302798539001344, 0.496695698573323, 0.7817923548045258, 1.5885397773855277], [0.431079240963445, -0.405223017639739, 0.7239347224085984, -1.7834980300428387], [0.10996944833656193, 0.7053706738169256, -0.750955792317848, -0.8534472095931135], [0.3000586955013678, -0.5122603789990028, -1.1540733248998467, 0.8821314847676718]], "canonical_to_oao": [[0.5353860013068005, 0.6107290806244813, 0.27416140588201904, 0.5149828571992331], [0.3951332267391108, -0.29656676748403116, 0.7415655664768729, -0.4538704618794287], [0.4513074354365072, 0.37037214574564564, -0.48901050529918005, -0.64808548670876], [0.5946033648165598, -0.6339421236669905, -0.3684898368309091, 0.3298173169221669]], "orbital_energies": [-0.9223547815437607, -0.34018858395495727, 0.5596323793818365, 1.3091937465130636], "exact_energy": -1.886897986902197, "ground_states": [["0j"], ["0j"], ["0j"], ["0j"], ["0j"], ["0j"], ["0j"], ["0j"], ["0j"], ["0j"], ["0j"], ["0j"], ["0j"], ["0j"], ["0j"], ["(-0.007764675144724689+0j)"], ["0j"], ["0j"], ["0j"], ["0j"], ["0j"], ["0j"], ["0j"], ["0j"], ["0j"], ["0j"], ["0j"], ["(-0.0011330682039598916+0j)"], ["0j"], ["0j"], ["(-0.0004541570673046308+0j)"], ["0j"], ["0j"], ["0j"], ["0j"], ["0j"], ["0j"], ["0j"], ["0j"], ["(0.0011330682039598684+0j)"], ["0j"], ["0j"], ["0j"], ["0j"], ["0j"], ["(0.00045415706730461713+0j)"], ["0j"], ["0j"], ["0j"], ["0j"], ["0j"], ["(0.02950333684219185+0j)"], ["0j"], ["0j"], ["(0.008706717117730734+0j)"], ["0j"], ["0j"], ["(-0.008706717117730734+0j)"], ["0j"], ["0j"], ["(0.048939104699360796+0j)"], ["0j"], ["0j"], ["0j"], ["0j"], ["0j"], ["0j"], ["0j"], ["0j"], ["0j"], ["0j"], ["0j"], ["0j"], ["0j"], ["0j"], ["(0.0017035199426539845+0j)"], ["0j"], ["0j"], ["(-0.00011824535262602834+0j)"], ["0j"], ["0j"], ["0j"], ["0j"], ["0j"], ["0j"], ["0j"], ["0j"], ["0j"], ["0j"], ["0j"], ["(-0.01654190092434913+0j)"], ["0j"], ["0j"], ["0j"], ["0j"], ["0j"], ["0j"], ["0j"], ["0j"], ["(-0.0008733361883159448+0j)"], ["0j"], ["0j"], ["(-0.02339028662599656+0j)"], ["0j"], ["0j"], ["(0.03993218755034569+0j)"], ["0j"], ["0j"], ["(-0.01005665544257511+0j)"], ["0j"], ["0j"], ["0j"], ["0j"], ["0j"], ["(0.0005675168425253194+0j)"], ["0j"], ["0j"], ["0j"], ["0j"], ["0j"], ["(0.0025819874438303353+0j)"], ["0j"], ["0j"], ["0j"], ["0j"], ["0j"], ["0j"], ["0j"], ["0j"], ["0j"], ["0j"], ["0j"], ["0j"], ["0j"], ["0j"], ["(-0.0017035199426539865+0j)"], ["0j"], ["0j"], ["0j"], ["0j"], ["0j"], ["(0.00011824535262603478+0j)"], ["0j"], ["0j"], ["0j"], ["0j"], ["0j"], ["(0.0008733361883159455+0j)"], ["0j"], ["0j"], ["(0.03993218755034567+0j)"], ["0j"], ["0j"], ["(-0.023390286625996543+0j)"], ["0j"], ["0j"], ["(0.01005665544257511+0j)"], ["0j"], ["0j"], ["0j"], ["0j"], ["0j"], ["0j"], ["0j"], ["0j"], ["(-0.016541900924349123+0j)"], ["0j"], ["0j"], ["0j"], ["0j"], ["0j"], ["0j"], ["0j"], ["0j"], ["0j"], ["0j"], ["0j"], ["(-0.0005675168425253265+0j)"], ["0j"], ["0j"], ["(-0.002581987443830334+0j)"], ["0j"], ["0j"], ["0j"], ["0j"], ["0j"], ["0j"], ["0j"], ["0j"], ["0j"], ["0j"], ["0j"], ["0j"], ["0j"], ["0j"], ["(0.03466154705632412+0j)"], ["0j"], ["0j"], ["(-0.02582056780471625+0j)"], ["0j"], ["0j"], ["(0.025820567804716248+0j)"], ["0j"], ["0j"], ["(0.10808686477552772+0j)"], ["0j"], ["0j"], ["0j"], ["0j"], ["0j"], ["(0.001502543873864956+0j)"], ["0j"], ["0j"], ["0j"], ["0j"], ["0j"], ["(0.013963088724789137+0j)"], ["0j"], ["0j"], ["0j"], ["0j"], ["0j"], ["0j"], ["0j"], ["0j"], ["(-0.001502543873864954+0j)"], ["0j"], ["0j"], ["(-0.013963088724789229+0j)"], ["0j"], ["0j"], ["0j"], ["0j"], ["0j"], ["0j"], ["0j"], ["0j"], ["0j"], ["0j"], ["0j"], ["(-0.9883589118655834+0j)"], ["0j"], ["0j"], ["0j"], ["0j"], ["0j"], ["0j"], ["0j"], ["0j"], ["0j"], ["0j"], ["0j"], ["0j"], ["0j"], ["0j"], ["0j"]], "hf_energy": -1.8500371222124294}