{"geometry": [["H", [0.0, 0.0, 0.0]], ["H", [0.4146, 0.0, 0.0]], ["H", [0.9868, -0.25, 0.0]], ["H", [0.9996, 0.5175, 0.5359]]], "multiplicity": 1, "canonical_orbitals": [[0.22155556151110678, 0.7087288887025549, 0.44139409992282996, 2.0696195461593283], [0.5506009634759745, 0.2995924428022609, -0.0948505472298955, -2.8779997275684917], [0.23816315290384826, -0.5464620344612707, -1.0752276959066915, 1.1364315960706852], [0.12129073237764489, -0.7359157380589257, 0.9538443433779585, 0.19737851620828187]], "canonical_to_oao": [[0.507443246972044, 0.6416765803045943, 0.4772016250819606, 0.32098462020820717], [0.5711052403976016, 0.20439577971229939, -0.4341577402962369, -0.6660091787408513], [0.27291748046281106, -0.039341695565178386, -0.6884998670971845, 0.6707728474342469], [0.5846847050767592, -0.7381908713296729, 0.3312908066444966, 0.05885944756520363]], "orbital_energies": [-0.9627991461665838, -0.27004937488755143, 0.40727571180204925, 1.8436993595325761], "exact_energy": -1.5683405861955562, "ground_states": [["0j"], ["0j"], ["0j"], ["0j"], ["0j"], ["0j"], ["0j"], ["0j"], ["0j"], ["0j"], ["0j"], ["0j"], ["0j"], ["0j"], ["0j"], ["(-0.009058493896506314+0j)"], ["0j"], ["0j"], ["0j"], ["0j"], ["0j"], ["0j"], ["0j"], ["0j"], ["0j"], ["0j"], ["0j"], ["(-0.0003959508260705999+0j)"], ["0j"], ["0j"], ["(0.002053914416308311+0j)"], ["0j"], ["0j"], ["0j"], ["0j"], ["0j"], ["0j"], ["0j"], ["0j"], ["(0.00039595082607058775+0j)"], ["0j"], ["0j"], ["0j"], ["0j"], ["0j"], ["(-0.00205391441630811+0j)"], ["0j"], ["0j"], ["0j"], ["0j"], ["0j"], ["(0.0274523777306746+0j)"], ["0j"], ["0j"], ["(-0.0006594074502133166+0j)"], ["0j"], ["0j"], ["(0.0006594074502133192+0j)"], ["0j"], ["0j"], ["(0.03891054097236833+0j)"], ["0j"], ["0j"], ["0j"], ["0j"], ["0j"], ["0j"], ["0j"], ["0j"], ["0j"], ["0j"], ["0j"], ["0j"], ["0j"], ["0j"], ["(-6.557915226310378e-05+0j)"], ["0j"], ["0j"], ["(-0.000871622531176667+0j)"], ["0j"], ["0j"], ["0j"], ["0j"], ["0j"], ["0j"], ["0j"], ["0j"], ["0j"], ["0j"], ["0j"], ["(-0.01179163776296541+0j)"], ["0j"], ["0j"], ["0j"], ["0j"], ["0j"], ["0j"], ["0j"], ["0j"], ["(0.013510377365360548+0j)"], ["0j"], ["0j"], ["(-0.009285255256350893+0j)"], ["0j"], ["0j"], ["(0.021076893019316312+0j)"], ["0j"], ["0j"], ["(-0.0640975343391191+0j)"], ["0j"], ["0j"], ["0j"], ["0j"], ["0j"], ["(0.00046356988870600586+0j)"], ["0j"], ["0j"], ["0j"], ["0j"], ["0j"], ["(-0.005684885393186406+0j)"], ["0j"], ["0j"], ["0j"], ["0j"], ["0j"], ["0j"], ["0j"], ["0j"], ["0j"], ["0j"], ["0j"], ["0j"], ["0j"], ["0j"], ["(6.557915226310999e-05+0j)"], ["0j"], ["0j"], ["0j"], ["0j"], ["0j"], ["(0.0008716225311766783+0j)"], ["0j"], ["0j"], ["0j"], ["0j"], ["0j"], ["(-0.013510377365360551+0j)"], ["0j"], ["0j"], ["(0.0210768930193163+0j)"], ["0j"], ["0j"], ["(-0.009285255256350893+0j)"], ["0j"], ["0j"], ["(0.06409753433911913+0j)"], ["0j"], ["0j"], ["0j"], ["0j"], ["0j"], ["0j"], ["0j"], ["0j"], ["(-0.011791637762965409+0j)"], ["0j"], ["0j"], ["0j"], ["0j"], ["0j"], ["0j"], ["0j"], ["0j"], ["0j"], ["0j"], ["0j"], ["(-0.00046356988870601616+0j)"], ["0j"], ["0j"], ["(0.005684885393186396+0j)"], ["0j"], ["0j"], ["0j"], ["0j"], ["0j"], ["0j"], ["0j"], ["0j"], ["0j"], ["0j"], ["0j"], ["0j"], ["0j"], ["0j"], ["(0.020659130013907793+0j)"], ["0j"], ["0j"], ["(-0.011690948112678415+0j)"], ["0j"], ["0j"], ["(0.011690948112678425+0j)"], ["0j"], ["0j"], ["(0.20793825026442905+0j)"], ["0j"], ["0j"], ["0j"], ["0j"], ["0j"], ["(-0.004951574253998646+0j)"], ["0j"], ["0j"], ["0j"], ["0j"], ["0j"], ["(0.013700508822336099+0j)"], ["0j"], ["0j"], ["0j"], ["0j"], ["0j"], ["0j"], ["0j"], ["0j"], ["(0.00495157425399861+0j)"], ["0j"], ["0j"], ["(-0.013700508822336192+0j)"], ["0j"], ["0j"], ["0j"], ["0j"], ["0j"], ["0j"], ["0j"], ["0j"], ["0j"], ["0j"], ["0j"], ["(-0.9712312359291528+0j)"], ["0j"], ["0j"], ["0j"], ["0j"], ["0j"], ["0j"], ["0j"], ["0j"], ["0j"], ["0j"], ["0j"], ["0j"], ["0j"], ["0j"], ["0j"]], "hf_energy": -1.5168720982984591}