{"geometry": [["H", [0.0, 0.0, 0.0]], ["H", [0.9086, 0.0, 0.0]], ["H", [0.4282, -0.906, 0.0]], ["H", [-0.235, -0.4884, -0.0394]]], "multiplicity": 1, "canonical_orbitals": [[0.37133384304424044, 0.35413492680474207, 0.7001709775565367, 1.6501769667429542], [0.14579287332414553, -0.8552475274318314, 0.5574750927831679, -0.8180480817870708], [0.2619505519112828, -0.5155066967825686, -1.0042451249411215, 0.7885202914364696], [0.4058008456029032, 0.6691806340305743, -0.22267363349183986, -1.728317928810489]], "canonical_to_oao": [[0.5695759580658418, 0.33407988260569144, 0.45912010644917867, 0.5942916690360398], [0.26354467947723187, -0.7469442610765522, -0.3906173956385647, 0.4690805080032556], [0.47375571322888677, 0.46126113779570704, -0.73611552896685, -0.14466379974359078], [0.6178049482608667, -0.34307880383722406, 0.30783226941387537, -0.6370661458353521]], "orbital_energies": [-0.8889396492001769, -0.19368006660803347, 0.2828318854697237, 1.3191103630933094], "exact_energy": -1.6827741537490695, "ground_states": [["0j"], ["0j"], ["0j"], ["0j"], ["0j"], ["0j"], ["0j"], ["0j"], ["0j"], ["0j"], ["0j"], ["0j"], ["0j"], ["0j"], ["0j"], ["(-0.02022014512753285+0j)"], ["0j"], ["0j"], ["0j"], ["0j"], ["0j"], ["0j"], ["0j"], ["0j"], ["0j"], ["0j"], ["0j"], ["(-0.010914716239958634+0j)"], ["0j"], ["0j"], ["(-0.0032634350040202653+0j)"], ["0j"], ["0j"], ["0j"], ["0j"], ["0j"], ["0j"], ["0j"], ["0j"], ["(0.010914716239956249+0j)"], ["0j"], ["0j"], ["0j"], ["0j"], ["0j"], ["(0.003263435004021406+0j)"], ["0j"], ["0j"], ["0j"], ["0j"], ["0j"], ["(0.026407927107843027+0j)"], ["0j"], ["0j"], ["(-0.01183018242974792+0j)"], ["0j"], ["0j"], ["(0.011830182429748787+0j)"], ["0j"], ["0j"], ["(0.031277475603560284+0j)"], ["0j"], ["0j"], ["0j"], ["0j"], ["0j"], ["0j"], ["0j"], ["0j"], ["0j"], ["0j"], ["0j"], ["0j"], ["0j"], ["0j"], ["(-0.0013981513235788118+0j)"], ["0j"], ["0j"], ["(-0.00411070949434464+0j)"], ["0j"], ["0j"], ["0j"], ["0j"], ["0j"], ["0j"], ["0j"], ["0j"], ["0j"], ["0j"], ["0j"], ["(-0.0274645307681118+0j)"], ["0j"], ["0j"], ["0j"], ["0j"], ["0j"], ["0j"], ["0j"], ["0j"], ["(0.016547658915923805+0j)"], ["0j"], ["0j"], ["(-0.03425714567808079+0j)"], ["0j"], ["0j"], ["(0.06172167644619229+0j)"], ["0j"], ["0j"], ["(-0.054753570855346746+0j)"], ["0j"], ["0j"], ["0j"], ["0j"], ["0j"], ["(0.003797211411346455+0j)"], ["0j"], ["0j"], ["0j"], ["0j"], ["0j"], ["(0.008381315913866537+0j)"], ["0j"], ["0j"], ["0j"], ["0j"], ["0j"], ["0j"], ["0j"], ["0j"], ["0j"], ["0j"], ["0j"], ["0j"], ["0j"], ["0j"], ["(0.001398151323580238+0j)"], ["0j"], ["0j"], ["0j"], ["0j"], ["0j"], ["(0.004110709494341267+0j)"], ["0j"], ["0j"], ["0j"], ["0j"], ["0j"], ["(-0.016547658915924423+0j)"], ["0j"], ["0j"], ["(0.06172167644619245+0j)"], ["0j"], ["0j"], ["(-0.0342571456780832+0j)"], ["0j"], ["0j"], ["(0.05475357085534985+0j)"], ["0j"], ["0j"], ["0j"], ["0j"], ["0j"], ["0j"], ["0j"], ["0j"], ["(-0.027464530768108966+0j)"], ["0j"], ["0j"], ["0j"], ["0j"], ["0j"], ["0j"], ["0j"], ["0j"], ["0j"], ["0j"], ["0j"], ["(-0.003797211411342757+0j)"], ["0j"], ["0j"], ["(-0.008381315913869869+0j)"], ["0j"], ["0j"], ["0j"], ["0j"], ["0j"], ["0j"], ["0j"], ["0j"], ["0j"], ["0j"], ["0j"], ["0j"], ["0j"], ["0j"], ["(0.02464729091840584+0j)"], ["0j"], ["0j"], ["(0.024470288325912744+0j)"], ["0j"], ["0j"], ["(-0.024470288325915752+0j)"], ["0j"], ["0j"], ["(0.4073826092627494+0j)"], ["0j"], ["0j"], ["0j"], ["0j"], ["0j"], ["(0.017488563689225883+0j)"], ["0j"], ["0j"], ["0j"], ["0j"], ["0j"], ["(0.26077383915984365+0j)"], ["0j"], ["0j"], ["0j"], ["0j"], ["0j"], ["0j"], ["0j"], ["0j"], ["(-0.017488563689227323+0j)"], ["0j"], ["0j"], ["(-0.26077383915977187+0j)"], ["0j"], ["0j"], ["0j"], ["0j"], ["0j"], ["0j"], ["0j"], ["0j"], ["0j"], ["0j"], ["0j"], ["(-0.8214421646977595+0j)"], ["0j"], ["0j"], ["0j"], ["0j"], ["0j"], ["0j"], ["0j"], ["0j"], ["0j"], ["0j"], ["0j"], ["0j"], ["0j"], ["0j"], ["0j"]], "hf_energy": -1.5980893303411916}