{"geometry": [["H", [0.0, 0.0, 0.0]], ["H", [0.4173, 0.0, 0.0]], ["H", [-0.3895, -0.5687, 0.0]], ["H", [0.0402, 0.7187, 0.5656]]], "multiplicity": 1, "canonical_orbitals": [[0.5271120000617445, 0.1556451280760419, 0.06505501063868746, 2.5295551161122747], [0.35549132384067994, -0.24586153517428463, 1.0340086288246677, -1.7241129416582666], [0.139042409758169, 0.7919581874586421, -0.7395817033896527, -0.9669020293694626], [0.09197363355629215, -0.8139578583592834, -0.8358852395851257, -0.3318422469182338]], "canonical_to_oao": [[0.6452623146304466, 0.587585043382421, 0.3836934533699834, 0.30192664001717234], [0.08218858459312212, -0.15836476697376248, 0.6707725992104936, -0.7198817661896455], [0.06506703522106055, 0.5866971678014581, -0.5262888679971894, -0.6120234812844395], [0.7567350017065974, -0.5342760060758626, -0.35477243609340786, -0.1266404560639781]], "orbital_energies": [-0.9895267507128689, -0.20636664444052885, 0.37338147834729, 1.4111508404753441], "exact_energy": -1.5542030167672274, "ground_states": [["0j"], ["0j"], ["0j"], ["0j"], ["0j"], ["0j"], ["0j"], ["0j"], ["0j"], ["0j"], ["0j"], ["0j"], ["0j"], ["0j"], ["0j"], ["(0.012706535718669275+0j)"], ["0j"], ["0j"], ["0j"], ["0j"], ["0j"], ["0j"], ["0j"], ["0j"], ["0j"], ["0j"], ["0j"], ["(-0.0004879761963019133+0j)"], ["0j"], ["0j"], ["(-0.00043723036876974763+0j)"], ["0j"], ["0j"], ["0j"], ["0j"], ["0j"], ["0j"], ["0j"], ["0j"], ["(0.00048797619630184565+0j)"], ["0j"], ["0j"], ["0j"], ["0j"], ["0j"], ["(0.00043723036876981594+0j)"], ["0j"], ["0j"], ["0j"], ["0j"], ["0j"], ["(-0.03549996450842481+0j)"], ["0j"], ["0j"], ["(-0.0094092983363801+0j)"], ["0j"], ["0j"], ["(0.009409298336380104+0j)"], ["0j"], ["0j"], ["(-0.038359466530151494+0j)"], ["0j"], ["0j"], ["0j"], ["0j"], ["0j"], ["0j"], ["0j"], ["0j"], ["0j"], ["0j"], ["0j"], ["0j"], ["0j"], ["0j"], ["(0.005477040809578566+0j)"], ["0j"], ["0j"], ["(0.0030906861757531543+0j)"], ["0j"], ["0j"], ["0j"], ["0j"], ["0j"], ["0j"], ["0j"], ["0j"], ["0j"], ["0j"], ["0j"], ["(0.010916563413899188+0j)"], ["0j"], ["0j"], ["0j"], ["0j"], ["0j"], ["0j"], ["0j"], ["0j"], ["(-0.005122520907334102+0j)"], ["0j"], ["0j"], ["(0.008149538642648968+0j)"], ["0j"], ["0j"], ["(-0.019066102056548174+0j)"], ["0j"], ["0j"], ["(0.019023831898480496+0j)"], ["0j"], ["0j"], ["0j"], ["0j"], ["0j"], ["(-0.002042553471196382+0j)"], ["0j"], ["0j"], ["0j"], ["0j"], ["0j"], ["(-0.02790636272789217+0j)"], ["0j"], ["0j"], ["0j"], ["0j"], ["0j"], ["0j"], ["0j"], ["0j"], ["0j"], ["0j"], ["0j"], ["0j"], ["0j"], ["0j"], ["(-0.00547704080957857+0j)"], ["0j"], ["0j"], ["0j"], ["0j"], ["0j"], ["(-0.0030906861757531517+0j)"], ["0j"], ["0j"], ["0j"], ["0j"], ["0j"], ["(0.005122520907334092+0j)"], ["0j"], ["0j"], ["(-0.01906610205654816+0j)"], ["0j"], ["0j"], ["(0.008149538642648979+0j)"], ["0j"], ["0j"], ["(-0.019023831898480517+0j)"], ["0j"], ["0j"], ["0j"], ["0j"], ["0j"], ["0j"], ["0j"], ["0j"], ["(0.010916563413899193+0j)"], ["0j"], ["0j"], ["0j"], ["0j"], ["0j"], ["0j"], ["0j"], ["0j"], ["0j"], ["0j"], ["0j"], ["(0.0020425534711963757+0j)"], ["0j"], ["0j"], ["(0.027906362727892202+0j)"], ["0j"], ["0j"], ["0j"], ["0j"], ["0j"], ["0j"], ["0j"], ["0j"], ["0j"], ["0j"], ["0j"], ["0j"], ["0j"], ["0j"], ["(-0.01109380521534403+0j)"], ["0j"], ["0j"], ["(0.047850296314519154+0j)"], ["0j"], ["0j"], ["(-0.04785029631451916+0j)"], ["0j"], ["0j"], ["(-0.2883646555987507+0j)"], ["0j"], ["0j"], ["0j"], ["0j"], ["0j"], ["(0.0018842825669184889+0j)"], ["0j"], ["0j"], ["0j"], ["0j"], ["0j"], ["(0.010062521325596504+0j)"], ["0j"], ["0j"], ["0j"], ["0j"], ["0j"], ["0j"], ["0j"], ["0j"], ["(-0.0018842825669184572+0j)"], ["0j"], ["0j"], ["(-0.010062521325596574+0j)"], ["0j"], ["0j"], ["0j"], ["0j"], ["0j"], ["0j"], ["0j"], ["0j"], ["0j"], ["0j"], ["0j"], ["(0.9514952906188399+0j)"], ["0j"], ["0j"], ["0j"], ["0j"], ["0j"], ["0j"], ["0j"], ["0j"], ["0j"], ["0j"], ["0j"], ["0j"], ["0j"], ["0j"], ["0j"]], "hf_energy": -1.4856339326023242}