{"geometry": [["H", [0.0, 0.0, 0.0]], ["H", [1.2499, 0.0, 0.0]], ["H", [0.4666, -0.3149, 0.0]], ["H", [-0.202, 0.0622, -0.3719]]], "multiplicity": 1, "canonical_orbitals": [[0.49239151560592176, 0.3217066258431006, 0.42640169465313277, 2.488500508569422], [0.0647552770431763, -0.7311846653658215, -0.9415557492996974, 0.41651694898780806], [0.2759153473669877, -0.5253172473974872, 1.133918646811251, -1.4175954841388236], [0.28417943798218337, 0.55446057801804, -1.0640352476522947, -1.5810693291946558]], "canonical_to_oao": [[0.6343139937548138, 0.22431430193817792, 0.5075975013646904, 0.5382133665017313], [0.21565881260570674, -0.7651736145256284, -0.40767427009089485, 0.4492241152088084], [0.16667839278674507, -0.5804449654811962, 0.602055570249745, -0.5223323135292465], [0.723433028863311, 0.16515470210473768, -0.4622505342835567, -0.48548225577967474]], "orbital_energies": [-1.0127081552108095, -0.33656526454492647, 0.6451440134340627, 1.4557182312712809], "exact_energy": -1.653373610105404, "ground_states": [["0j"], ["0j"], ["0j"], ["0j"], ["0j"], ["0j"], ["0j"], ["0j"], ["0j"], ["0j"], ["0j"], ["0j"], ["0j"], ["0j"], ["0j"], ["(-0.006091961299693038+0j)"], ["0j"], ["0j"], ["0j"], ["0j"], ["0j"], ["0j"], ["0j"], ["0j"], ["0j"], ["0j"], ["0j"], ["(0.000780502533985733+0j)"], ["0j"], ["0j"], ["(-8.992540201130383e-05+0j)"], ["0j"], ["0j"], ["0j"], ["0j"], ["0j"], ["0j"], ["0j"], ["0j"], ["(-0.0007805025339857573+0j)"], ["0j"], ["0j"], ["0j"], ["0j"], ["0j"], ["(8.992540201140925e-05+0j)"], ["0j"], ["0j"], ["0j"], ["0j"], ["0j"], ["(0.03194096252681541+0j)"], ["0j"], ["0j"], ["(-0.006575749641233392+0j)"], ["0j"], ["0j"], ["(0.006575749641233395+0j)"], ["0j"], ["0j"], ["(0.03503030063122594+0j)"], ["0j"], ["0j"], ["0j"], ["0j"], ["0j"], ["0j"], ["0j"], ["0j"], ["0j"], ["0j"], ["0j"], ["0j"], ["0j"], ["0j"], ["(0.0005978734279930626+0j)"], ["0j"], ["0j"], ["(0.00038732162194383453+0j)"], ["0j"], ["0j"], ["0j"], ["0j"], ["0j"], ["0j"], ["0j"], ["0j"], ["0j"], ["0j"], ["0j"], ["(-0.013280540074545284+0j)"], ["0j"], ["0j"], ["0j"], ["0j"], ["0j"], ["0j"], ["0j"], ["0j"], ["(0.008735882146680902+0j)"], ["0j"], ["0j"], ["(-0.01522259565705795+0j)"], ["0j"], ["0j"], ["(0.028503135731603207+0j)"], ["0j"], ["0j"], ["(-0.010523507263183601+0j)"], ["0j"], ["0j"], ["0j"], ["0j"], ["0j"], ["(-0.00027307550395177567+0j)"], ["0j"], ["0j"], ["0j"], ["0j"], ["0j"], ["(0.004125747112584586+0j)"], ["0j"], ["0j"], ["0j"], ["0j"], ["0j"], ["0j"], ["0j"], ["0j"], ["0j"], ["0j"], ["0j"], ["0j"], ["0j"], ["0j"], ["(-0.0005978734279930602+0j)"], ["0j"], ["0j"], ["0j"], ["0j"], ["0j"], ["(-0.0003873216219438363+0j)"], ["0j"], ["0j"], ["0j"], ["0j"], ["0j"], ["(-0.008735882146680907+0j)"], ["0j"], ["0j"], ["(0.028503135731603232+0j)"], ["0j"], ["0j"], ["(-0.015222595657057945+0j)"], ["0j"], ["0j"], ["(0.010523507263183601+0j)"], ["0j"], ["0j"], ["0j"], ["0j"], ["0j"], ["0j"], ["0j"], ["0j"], ["(-0.013280540074545278+0j)"], ["0j"], ["0j"], ["0j"], ["0j"], ["0j"], ["0j"], ["0j"], ["0j"], ["0j"], ["0j"], ["0j"], ["(0.0002730755039517772+0j)"], ["0j"], ["0j"], ["(-0.004125747112584597+0j)"], ["0j"], ["0j"], ["0j"], ["0j"], ["0j"], ["0j"], ["0j"], ["0j"], ["0j"], ["0j"], ["0j"], ["0j"], ["0j"], ["0j"], ["(0.01691805984558552+0j)"], ["0j"], ["0j"], ["(0.012066041305706444+0j)"], ["0j"], ["0j"], ["(-0.012066041305706453+0j)"], ["0j"], ["0j"], ["(0.12328138901682874+0j)"], ["0j"], ["0j"], ["0j"], ["0j"], ["0j"], ["(0.00024994203014040554+0j)"], ["0j"], ["0j"], ["0j"], ["0j"], ["0j"], ["(-0.013020817300529265+0j)"], ["0j"], ["0j"], ["0j"], ["0j"], ["0j"], ["0j"], ["0j"], ["0j"], ["(-0.00024994203014041297+0j)"], ["0j"], ["0j"], ["(0.01302081730052929+0j)"], ["0j"], ["0j"], ["0j"], ["0j"], ["0j"], ["0j"], ["0j"], ["0j"], ["0j"], ["0j"], ["0j"], ["(-0.9892737394903492+0j)"], ["0j"], ["0j"], ["0j"], ["0j"], ["0j"], ["0j"], ["0j"], ["0j"], ["0j"], ["0j"], ["0j"], ["0j"], ["0j"], ["0j"], ["0j"]], "hf_energy": -1.6193445402884024}