{"geometry": [["H", [0.0, 0.0, 0.0]], ["H", [1.3702, 0.0, 0.0]], ["H", [0.2722, 0.4122, 0.0]], ["H", [1.3129, -0.3389, -0.3882]]], "multiplicity": 1, "canonical_orbitals": [[0.31019071810670434, 0.4728525238563249, 1.029670383513436, 1.3062039888672903], [0.3209552277574715, -0.463676588767282, -1.089814449583602, 1.247313470380362], [0.34320927534777285, 0.4433800446954901, -0.9821829675686735, -1.424390507210263], [0.29607114434781806, -0.48217154699106685, 1.1530721259736598, -1.1038802072326408]], "canonical_to_oao": [[0.4935374759729743, 0.5029489642290628, 0.5268645068845681, 0.47526507401282747], [0.5145468863742113, -0.49106353519621726, 0.46348596618748916, -0.5284684146384223], [0.4795208087493414, -0.514579946974197, -0.45248135928612526, 0.5482042426386257], [0.5115877788896149, 0.4910258872539593, -0.5503227871268898, -0.44081328531039543]], "orbital_energies": [-0.8273806651812986, -0.541362918519124, 0.8137323430658756, 1.20306908794235], "exact_energy": -2.0109964797183606, "ground_states": [["0j"], ["0j"], ["0j"], ["0j"], ["0j"], ["0j"], ["0j"], ["0j"], ["0j"], ["0j"], ["0j"], ["0j"], ["0j"], ["0j"], ["0j"], ["(0.005733993739548017+0j)"], ["0j"], ["0j"], ["0j"], ["0j"], ["0j"], ["0j"], ["0j"], ["0j"], ["0j"], ["0j"], ["0j"], ["(-6.77178172545645e-05+0j)"], ["0j"], ["0j"], ["(-0.00021630388468397294+0j)"], ["0j"], ["0j"], ["0j"], ["0j"], ["0j"], ["0j"], ["0j"], ["0j"], ["(6.771781725473341e-05+0j)"], ["0j"], ["0j"], ["0j"], ["0j"], ["0j"], ["(0.00021630388468397353+0j)"], ["0j"], ["0j"], ["0j"], ["0j"], ["0j"], ["(-0.02709612569529309+0j)"], ["0j"], ["0j"], ["(0.0016102595971654381+0j)"], ["0j"], ["0j"], ["(-0.0016102595971654358+0j)"], ["0j"], ["0j"], ["(-0.04115802501180239+0j)"], ["0j"], ["0j"], ["0j"], ["0j"], ["0j"], ["0j"], ["0j"], ["0j"], ["0j"], ["0j"], ["0j"], ["0j"], ["0j"], ["0j"], ["(0.0004259688327121538+0j)"], ["0j"], ["0j"], ["(4.388478436679496e-05+0j)"], ["0j"], ["0j"], ["0j"], ["0j"], ["0j"], ["0j"], ["0j"], ["0j"], ["0j"], ["0j"], ["0j"], ["(0.0066677745777922095+0j)"], ["0j"], ["0j"], ["0j"], ["0j"], ["0j"], ["0j"], ["0j"], ["0j"], ["(-0.004017958224220901+0j)"], ["0j"], ["0j"], ["(0.03298349610080137+0j)"], ["0j"], ["0j"], ["(-0.03965127067859362+0j)"], ["0j"], ["0j"], ["(0.0058220493806238815+0j)"], ["0j"], ["0j"], ["0j"], ["0j"], ["0j"], ["(-2.990142436886612e-05+0j)"], ["0j"], ["0j"], ["0j"], ["0j"], ["0j"], ["(-0.00014306561536772607+0j)"], ["0j"], ["0j"], ["0j"], ["0j"], ["0j"], ["0j"], ["0j"], ["0j"], ["0j"], ["0j"], ["0j"], ["0j"], ["0j"], ["0j"], ["(-0.0004259688327121532+0j)"], ["0j"], ["0j"], ["0j"], ["0j"], ["0j"], ["(-4.388478436678523e-05+0j)"], ["0j"], ["0j"], ["0j"], ["0j"], ["0j"], ["(0.004017958224220899+0j)"], ["0j"], ["0j"], ["(-0.0396512706785936+0j)"], ["0j"], ["0j"], ["(0.032983496100801375+0j)"], ["0j"], ["0j"], ["(-0.005822049380623882+0j)"], ["0j"], ["0j"], ["0j"], ["0j"], ["0j"], ["0j"], ["0j"], ["0j"], ["(0.006667774577792207+0j)"], ["0j"], ["0j"], ["0j"], ["0j"], ["0j"], ["0j"], ["0j"], ["0j"], ["0j"], ["0j"], ["0j"], ["(2.9901424368849567e-05+0j)"], ["0j"], ["0j"], ["(0.00014306561536773656+0j)"], ["0j"], ["0j"], ["0j"], ["0j"], ["0j"], ["0j"], ["0j"], ["0j"], ["0j"], ["0j"], ["0j"], ["0j"], ["0j"], ["0j"], ["(-0.03995389950786405+0j)"], ["0j"], ["0j"], ["(-0.0021907505397202385+0j)"], ["0j"], ["0j"], ["(0.002190750539720238+0j)"], ["0j"], ["0j"], ["(-0.04677397118672377+0j)"], ["0j"], ["0j"], ["0j"], ["0j"], ["0j"], ["(0.0009561553687139849+0j)"], ["0j"], ["0j"], ["0j"], ["0j"], ["0j"], ["(0.00017977577722330605+0j)"], ["0j"], ["0j"], ["0j"], ["0j"], ["0j"], ["0j"], ["0j"], ["0j"], ["(-0.0009561553687139866+0j)"], ["0j"], ["0j"], ["(-0.00017977577722330643+0j)"], ["0j"], ["0j"], ["0j"], ["0j"], ["0j"], ["0j"], ["0j"], ["0j"], ["0j"], ["0j"], ["0j"], ["(0.9940967570274495+0j)"], ["0j"], ["0j"], ["0j"], ["0j"], ["0j"], ["0j"], ["0j"], ["0j"], ["0j"], ["0j"], ["0j"], ["0j"], ["0j"], ["0j"], ["0j"]], "hf_energy": -1.9837811316719391}