{"geometry": [["H", [0.0, 0.0, 0.0]], ["H", [0.8077, 0.0, 0.0]], ["H", [0.6749, 0.3867, 0.0]], ["H", [0.2986, 0.4533, 0.4807]]], "multiplicity": 1, "canonical_orbitals": [[0.18888702701254162, 0.791292494794563, 1.1242922507112985, 0.3994058752361814], [0.2713069379475308, -0.7914500945348009, 0.5203681040329975, -1.8536983702936973], [0.4301036952606141, -0.5419607491059497, -0.46101540037113875, 2.288925768755829], [0.23239112494005743, 0.7267740126557775, -1.0814761504638606, -0.9965918721456817]], "canonical_to_oao": [[0.4136479094270493, 0.5178298497055813, 0.5871165871129231, 0.46480293342167356], [0.5820294254011779, -0.5400895216433768, -0.33519685186732173, 0.5071371876291856], [0.6847903387912356, 0.2746529924718718, -0.21931804157838927, -0.6383788234760396], [0.1455999549862257, -0.6039215918405019, 0.7034463592011329, -0.34531519477647366]], "orbital_energies": [-1.0628151621113948, -0.1923328659163721, 0.4854784918596407, 1.319617448564911], "exact_energy": -1.1840567506492834, "ground_states": [["0j"], ["0j"], ["0j"], ["0j"], ["0j"], ["0j"], ["0j"], ["0j"], ["0j"], ["0j"], ["0j"], ["0j"], ["0j"], ["0j"], ["0j"], ["(-0.012173385904593697+0j)"], ["0j"], ["0j"], ["0j"], ["0j"], ["0j"], ["0j"], ["0j"], ["0j"], ["0j"], ["0j"], ["0j"], ["(-0.0003371033661784227+0j)"], ["0j"], ["0j"], ["(0.0011640414145725753+0j)"], ["0j"], ["0j"], ["0j"], ["0j"], ["0j"], ["0j"], ["0j"], ["0j"], ["(0.00033710336617841924+0j)"], ["0j"], ["0j"], ["0j"], ["0j"], ["0j"], ["(-0.0011640414145725922+0j)"], ["0j"], ["0j"], ["0j"], ["0j"], ["0j"], ["(0.03162307202265923+0j)"], ["0j"], ["0j"], ["(0.0045571181098376864+0j)"], ["0j"], ["0j"], ["(-0.004557118109837685+0j)"], ["0j"], ["0j"], ["(0.04182227630754019+0j)"], ["0j"], ["0j"], ["0j"], ["0j"], ["0j"], ["0j"], ["0j"], ["0j"], ["0j"], ["0j"], ["0j"], ["0j"], ["0j"], ["0j"], ["(-0.00026527593780362917+0j)"], ["0j"], ["0j"], ["(0.0007889420848631564+0j)"], ["0j"], ["0j"], ["0j"], ["0j"], ["0j"], ["0j"], ["0j"], ["0j"], ["0j"], ["0j"], ["0j"], ["(-0.012149616190550026+0j)"], ["0j"], ["0j"], ["0j"], ["0j"], ["0j"], ["0j"], ["0j"], ["0j"], ["(-0.019096831255713608+0j)"], ["0j"], ["0j"], ["(-0.023157740852095647+0j)"], ["0j"], ["0j"], ["(0.035307357042645704+0j)"], ["0j"], ["0j"], ["(0.05586478758318532+0j)"], ["0j"], ["0j"], ["0j"], ["0j"], ["0j"], ["(-0.00010639123332790068+0j)"], ["0j"], ["0j"], ["0j"], ["0j"], ["0j"], ["(-0.0016710738166713739+0j)"], ["0j"], ["0j"], ["0j"], ["0j"], ["0j"], ["0j"], ["0j"], ["0j"], ["0j"], ["0j"], ["0j"], ["0j"], ["0j"], ["0j"], ["(0.00026527593780363134+0j)"], ["0j"], ["0j"], ["0j"], ["0j"], ["0j"], ["(-0.0007889420848631536+0j)"], ["0j"], ["0j"], ["0j"], ["0j"], ["0j"], ["(0.01909683125571359+0j)"], ["0j"], ["0j"], ["(0.03530735704264568+0j)"], ["0j"], ["0j"], ["(-0.023157740852095668+0j)"], ["0j"], ["0j"], ["(-0.05586478758318528+0j)"], ["0j"], ["0j"], ["0j"], ["0j"], ["0j"], ["0j"], ["0j"], ["0j"], ["(-0.012149616190550008+0j)"], ["0j"], ["0j"], ["0j"], ["0j"], ["0j"], ["0j"], ["0j"], ["0j"], ["0j"], ["0j"], ["0j"], ["(0.0001063912333278971+0j)"], ["0j"], ["0j"], ["(0.0016710738166713806+0j)"], ["0j"], ["0j"], ["0j"], ["0j"], ["0j"], ["0j"], ["0j"], ["0j"], ["0j"], ["0j"], ["0j"], ["0j"], ["0j"], ["0j"], ["(0.03360397681031459+0j)"], ["0j"], ["0j"], ["(-0.007127113542720522+0j)"], ["0j"], ["0j"], ["(0.007127113542720522+0j)"], ["0j"], ["0j"], ["(0.20023152553696844+0j)"], ["0j"], ["0j"], ["0j"], ["0j"], ["0j"], ["(-0.004645744218201023+0j)"], ["0j"], ["0j"], ["0j"], ["0j"], ["0j"], ["(0.0022619651164851534+0j)"], ["0j"], ["0j"], ["0j"], ["0j"], ["0j"], ["0j"], ["0j"], ["0j"], ["(0.004645744218201032+0j)"], ["0j"], ["0j"], ["(-0.0022619651164850784+0j)"], ["0j"], ["0j"], ["0j"], ["0j"], ["0j"], ["0j"], ["0j"], ["0j"], ["0j"], ["0j"], ["0j"], ["(-0.9720299411751805+0j)"], ["0j"], ["0j"], ["0j"], ["0j"], ["0j"], ["0j"], ["0j"], ["0j"], ["0j"], ["0j"], ["0j"], ["0j"], ["0j"], ["0j"], ["0j"]], "hf_energy": -1.134407260676341}