{"geometry": [["H", [0.0, 0.0, 0.0]], ["H", [1.1332, 0.0, 0.0]], ["H", [0.4743, 0.465, 0.0]], ["H", [0.4541, -0.1736, -0.1111]]], "multiplicity": 1, "canonical_orbitals": [[0.2762970541877014, 0.8854632445474949, 0.18358404344088902, 1.7635732958678854], [0.10788571179545878, -0.9619851893675052, 0.291318410365797, 1.1789991016481518], [0.32264342984834515, -0.13906130605576644, -1.481606618139735, -0.6002017833312013], [0.4152475264508073, 0.015029216312191118, 0.9946555484783457, -1.9760939568321612]], "canonical_to_oao": [[0.5228382002076633, 0.35191479318817587, 0.519764271588083, 0.5767506365141217], [0.5968071541210687, -0.7969292432898152, -0.08969493443657248, 0.026073371777591225], [0.11712505763963807, 0.19745220756828422, -0.8248282442947237, 0.5166746694129738], [0.5972797988099325, 0.44952462140716676, -0.20361308437969217, -0.6322390122032168]], "orbital_energies": [-1.0716308828318093, -0.2104048218268771, 0.48628189730068544, 1.4077102160351298], "exact_energy": -1.398845050925603, "ground_states": [["0j"], ["0j"], ["0j"], ["0j"], ["0j"], ["0j"], ["0j"], ["0j"], ["0j"], ["0j"], ["0j"], ["0j"], ["0j"], ["0j"], ["0j"], ["(0.005314281426838768+0j)"], ["0j"], ["0j"], ["0j"], ["0j"], ["0j"], ["0j"], ["0j"], ["0j"], ["0j"], ["0j"], ["0j"], ["(0.0010786698615224497+0j)"], ["0j"], ["0j"], ["(0.00032608954354085284+0j)"], ["0j"], ["0j"], ["0j"], ["0j"], ["0j"], ["0j"], ["0j"], ["0j"], ["(-0.0010786698615224447+0j)"], ["0j"], ["0j"], ["0j"], ["0j"], ["0j"], ["(-0.0003260895435405989+0j)"], ["0j"], ["0j"], ["0j"], ["0j"], ["0j"], ["(-0.02148085129627565+0j)"], ["0j"], ["0j"], ["(-0.008278061877034048+0j)"], ["0j"], ["0j"], ["(0.008278061877034053+0j)"], ["0j"], ["0j"], ["(-0.06299541906692946+0j)"], ["0j"], ["0j"], ["0j"], ["0j"], ["0j"], ["0j"], ["0j"], ["0j"], ["0j"], ["0j"], ["0j"], ["0j"], ["0j"], ["0j"], ["(-0.0004960280212665483+0j)"], ["0j"], ["0j"], ["(-0.005997110203649562+0j)"], ["0j"], ["0j"], ["0j"], ["0j"], ["0j"], ["0j"], ["0j"], ["0j"], ["0j"], ["0j"], ["0j"], ["(-0.0014646965553854932+0j)"], ["0j"], ["0j"], ["0j"], ["0j"], ["0j"], ["0j"], ["0j"], ["0j"], ["(-0.008738711901562356+0j)"], ["0j"], ["0j"], ["(-0.0022478269495392897+0j)"], ["0j"], ["0j"], ["(0.003712523504924788+0j)"], ["0j"], ["0j"], ["(0.00845903585924409+0j)"], ["0j"], ["0j"], ["0j"], ["0j"], ["0j"], ["(0.00687529031481885+0j)"], ["0j"], ["0j"], ["0j"], ["0j"], ["0j"], ["(0.005623783784839809+0j)"], ["0j"], ["0j"], ["0j"], ["0j"], ["0j"], ["0j"], ["0j"], ["0j"], ["0j"], ["0j"], ["0j"], ["0j"], ["0j"], ["0j"], ["(0.0004960280212665458+0j)"], ["0j"], ["0j"], ["0j"], ["0j"], ["0j"], ["(0.005997110203649558+0j)"], ["0j"], ["0j"], ["0j"], ["0j"], ["0j"], ["(0.00873871190156236+0j)"], ["0j"], ["0j"], ["(0.0037125235049247783+0j)"], ["0j"], ["0j"], ["(-0.0022478269495392845+0j)"], ["0j"], ["0j"], ["(-0.008459035859244103+0j)"], ["0j"], ["0j"], ["0j"], ["0j"], ["0j"], ["0j"], ["0j"], ["0j"], ["(-0.0014646965553854986+0j)"], ["0j"], ["0j"], ["0j"], ["0j"], ["0j"], ["0j"], ["0j"], ["0j"], ["0j"], ["0j"], ["0j"], ["(-0.006875290314818863+0j)"], ["0j"], ["0j"], ["(-0.005623783784839812+0j)"], ["0j"], ["0j"], ["0j"], ["0j"], ["0j"], ["0j"], ["0j"], ["0j"], ["0j"], ["0j"], ["0j"], ["0j"], ["0j"], ["0j"], ["(-0.061777478154604076+0j)"], ["0j"], ["0j"], ["(0.029100494973056237+0j)"], ["0j"], ["0j"], ["(-0.029100494973056248+0j)"], ["0j"], ["0j"], ["(-0.026728640684369826+0j)"], ["0j"], ["0j"], ["0j"], ["0j"], ["0j"], ["(-0.0019231314476626164+0j)"], ["0j"], ["0j"], ["0j"], ["0j"], ["0j"], ["(-0.01767210568857708+0j)"], ["0j"], ["0j"], ["0j"], ["0j"], ["0j"], ["0j"], ["0j"], ["0j"], ["(0.0019231314476626333+0j)"], ["0j"], ["0j"], ["(0.017672105688577012+0j)"], ["0j"], ["0j"], ["0j"], ["0j"], ["0j"], ["0j"], ["0j"], ["0j"], ["0j"], ["0j"], ["0j"], ["(0.9939706935857252+0j)"], ["0j"], ["0j"], ["0j"], ["0j"], ["0j"], ["0j"], ["0j"], ["0j"], ["0j"], ["0j"], ["0j"], ["0j"], ["0j"], ["0j"], ["0j"]], "hf_energy": -1.3741638657061714}