{"geometry": [["H", [0.0, 0.0, 0.0]], ["H", [0.6156, 0.0, 0.0]], ["H", [0.015, -0.4982, 0.0]], ["H", [-0.8246, -0.7401, 0.8133]]], "multiplicity": 1, "canonical_orbitals": [[0.4517083784763948, 0.10069352189790881, 0.39223311604205285, 1.9059392599976561], [0.29085051407774076, 0.6366944986621711, -1.1597789905528804, -0.6584934306924541], [0.347553929461305, -0.39343673651164796, 0.9349137123048975, -1.4427414569924002], [0.017578726799994365, -0.8266718979460248, -0.705675947475936, 0.13355734101012967]], "canonical_to_oao": [[0.6247932125649394, 0.5187900423379092, 0.5651407698378232, 0.14527988081947862], [0.05119812961945819, 0.4653548908284686, -0.2672740852935149, -0.8422518272084706], [0.2044650317511011, -0.6586437014785406, 0.510583176301896, -0.5135049613890147], [0.7518019977675443, -0.2837079344249963, -0.5903264297616126, 0.07627758793994938]], "orbital_energies": [-1.017396734799271, -0.2033815069375477, 0.4958062260476782, 0.890717646007094], "exact_energy": -1.6702482702941694, "ground_states": [["0j"], ["0j"], ["0j"], ["0j"], ["0j"], ["0j"], ["0j"], ["0j"], ["0j"], ["0j"], ["0j"], ["0j"], ["0j"], ["0j"], ["0j"], ["(0.011498110072640556+0j)"], ["0j"], ["0j"], ["0j"], ["0j"], ["0j"], ["0j"], ["0j"], ["0j"], ["0j"], ["0j"], ["0j"], ["(-0.0035860371568670257+0j)"], ["0j"], ["0j"], ["(1.696521694460884e-06+0j)"], ["0j"], ["0j"], ["0j"], ["0j"], ["0j"], ["0j"], ["0j"], ["0j"], ["(0.0035860371568670283+0j)"], ["0j"], ["0j"], ["0j"], ["0j"], ["0j"], ["(-1.6965216943110499e-06+0j)"], ["0j"], ["0j"], ["0j"], ["0j"], ["0j"], ["(-0.049429949825304416+0j)"], ["0j"], ["0j"], ["(0.0027300527714053486+0j)"], ["0j"], ["0j"], ["(-0.002730052771405344+0j)"], ["0j"], ["0j"], ["(-0.03714715177994177+0j)"], ["0j"], ["0j"], ["0j"], ["0j"], ["0j"], ["0j"], ["0j"], ["0j"], ["0j"], ["0j"], ["0j"], ["0j"], ["0j"], ["0j"], ["(0.004149170538487755+0j)"], ["0j"], ["0j"], ["(0.0017898781888239978+0j)"], ["0j"], ["0j"], ["0j"], ["0j"], ["0j"], ["0j"], ["0j"], ["0j"], ["0j"], ["0j"], ["0j"], ["(0.011237562253112897+0j)"], ["0j"], ["0j"], ["0j"], ["0j"], ["0j"], ["0j"], ["0j"], ["0j"], ["(0.0019232098128652492+0j)"], ["0j"], ["0j"], ["(0.016512008443859357+0j)"], ["0j"], ["0j"], ["(-0.02774957069697225+0j)"], ["0j"], ["0j"], ["(-0.01745319803515942+0j)"], ["0j"], ["0j"], ["0j"], ["0j"], ["0j"], ["(-0.0005112284479990078+0j)"], ["0j"], ["0j"], ["0j"], ["0j"], ["0j"], ["(-0.013853458848811685+0j)"], ["0j"], ["0j"], ["0j"], ["0j"], ["0j"], ["0j"], ["0j"], ["0j"], ["0j"], ["0j"], ["0j"], ["0j"], ["0j"], ["0j"], ["(-0.004149170538487752+0j)"], ["0j"], ["0j"], ["0j"], ["0j"], ["0j"], ["(-0.001789878188824003+0j)"], ["0j"], ["0j"], ["0j"], ["0j"], ["0j"], ["(-0.0019232098128652317+0j)"], ["0j"], ["0j"], ["(-0.02774957069697225+0j)"], ["0j"], ["0j"], ["(0.016512008443859354+0j)"], ["0j"], ["0j"], ["(0.017453198035159403+0j)"], ["0j"], ["0j"], ["0j"], ["0j"], ["0j"], ["0j"], ["0j"], ["0j"], ["(0.011237562253112897+0j)"], ["0j"], ["0j"], ["0j"], ["0j"], ["0j"], ["0j"], ["0j"], ["0j"], ["0j"], ["0j"], ["0j"], ["(0.0005112284479989859+0j)"], ["0j"], ["0j"], ["(0.013853458848811694+0j)"], ["0j"], ["0j"], ["0j"], ["0j"], ["0j"], ["0j"], ["0j"], ["0j"], ["0j"], ["0j"], ["0j"], ["0j"], ["0j"], ["0j"], ["(-0.004823850378696056+0j)"], ["0j"], ["0j"], ["(-0.005667602990723291+0j)"], ["0j"], ["0j"], ["(0.00566760299072329+0j)"], ["0j"], ["0j"], ["(-0.20269164066333428+0j)"], ["0j"], ["0j"], ["0j"], ["0j"], ["0j"], ["(0.0024534939408374754+0j)"], ["0j"], ["0j"], ["0j"], ["0j"], ["0j"], ["(0.05021137072667915+0j)"], ["0j"], ["0j"], ["0j"], ["0j"], ["0j"], ["0j"], ["0j"], ["0j"], ["(-0.002453493940837514+0j)"], ["0j"], ["0j"], ["(-0.05021137072667951+0j)"], ["0j"], ["0j"], ["0j"], ["0j"], ["0j"], ["0j"], ["0j"], ["0j"], ["0j"], ["0j"], ["0j"], ["(0.97283007794766+0j)"], ["0j"], ["0j"], ["0j"], ["0j"], ["0j"], ["0j"], ["0j"], ["0j"], ["0j"], ["0j"], ["0j"], ["0j"], ["0j"], ["0j"], ["0j"]], "hf_energy": -1.6188671870666873}