{"geometry": [["H", [0.0, 0.0, 0.0]], ["H", [0.6513, 0.0, 0.0]], ["H", [0.9325, -1.0081, 0.0]], ["H", [0.4989, -0.7618, 0.3638]]], "multiplicity": 1, "canonical_orbitals": [[0.2585549135412478, 0.6284061420199971, 0.8588113052723133, 1.0035265928618264], [0.34230470433516497, 0.4558562907911792, -1.274144794393016, -0.7146673281153346], [0.24839920046023212, -0.6432881637573014, -0.5315515352166748, 1.248459447878484], [0.36428666090303397, -0.4369448363224752, 0.9526310840610209, -1.2534170888354803]], "canonical_to_oao": [[0.45837843224353025, 0.5324515955118182, 0.45093390398853894, 0.5504935290487419], [0.5823830488943416, 0.3959262005064288, -0.6040654388832013, -0.3730648384127335], [0.4731107040364384, -0.67186609568007, -0.2879532912134787, 0.4917775038379522], [0.47632495099526295, -0.32914083864674193, 0.5906322560272399, -0.5620804102034289]], "orbital_energies": [-0.883397731884085, -0.36157982371400504, 0.6736148839159102, 0.9564808311916418], "exact_energy": -1.9257719884194158, "ground_states": [["0j"], ["0j"], ["0j"], ["0j"], ["0j"], ["0j"], ["0j"], ["0j"], ["0j"], ["0j"], ["0j"], ["0j"], ["0j"], ["0j"], ["0j"], ["(0.00932859066801634+0j)"], ["0j"], ["0j"], ["0j"], ["0j"], ["0j"], ["0j"], ["0j"], ["0j"], ["0j"], ["0j"], ["0j"], ["(-0.0020221876865412214+0j)"], ["0j"], ["0j"], ["(0.0006457131198798483+0j)"], ["0j"], ["0j"], ["0j"], ["0j"], ["0j"], ["0j"], ["0j"], ["0j"], ["(0.0020221876865412023+0j)"], ["0j"], ["0j"], ["0j"], ["0j"], ["0j"], ["(-0.0006457131198798601+0j)"], ["0j"], ["0j"], ["0j"], ["0j"], ["0j"], ["(-0.03250784530289685+0j)"], ["0j"], ["0j"], ["(-0.0020371632609947296+0j)"], ["0j"], ["0j"], ["(0.0020371632609947313+0j)"], ["0j"], ["0j"], ["(-0.05155082029574433+0j)"], ["0j"], ["0j"], ["0j"], ["0j"], ["0j"], ["0j"], ["0j"], ["0j"], ["0j"], ["0j"], ["0j"], ["0j"], ["0j"], ["0j"], ["(-0.0002971745871814459+0j)"], ["0j"], ["0j"], ["(-4.433102679132272e-05+0j)"], ["0j"], ["0j"], ["0j"], ["0j"], ["0j"], ["0j"], ["0j"], ["0j"], ["0j"], ["0j"], ["0j"], ["(0.0026440035684241604+0j)"], ["0j"], ["0j"], ["0j"], ["0j"], ["0j"], ["0j"], ["0j"], ["0j"], ["(0.012423258699645725+0j)"], ["0j"], ["0j"], ["(0.03905654427294466+0j)"], ["0j"], ["0j"], ["(-0.041700547841368785+0j)"], ["0j"], ["0j"], ["(-0.018777021224987023+0j)"], ["0j"], ["0j"], ["0j"], ["0j"], ["0j"], ["(0.001503409452539782+0j)"], ["0j"], ["0j"], ["0j"], ["0j"], ["0j"], ["(0.0005987437689037674+0j)"], ["0j"], ["0j"], ["0j"], ["0j"], ["0j"], ["0j"], ["0j"], ["0j"], ["0j"], ["0j"], ["0j"], ["0j"], ["0j"], ["0j"], ["(0.0002971745871814449+0j)"], ["0j"], ["0j"], ["0j"], ["0j"], ["0j"], ["(4.433102679132508e-05+0j)"], ["0j"], ["0j"], ["0j"], ["0j"], ["0j"], ["(-0.012423258699645721+0j)"], ["0j"], ["0j"], ["(-0.04170054784136878+0j)"], ["0j"], ["0j"], ["(0.03905654427294464+0j)"], ["0j"], ["0j"], ["(0.01877702122498702+0j)"], ["0j"], ["0j"], ["0j"], ["0j"], ["0j"], ["0j"], ["0j"], ["0j"], ["(0.0026440035684241634+0j)"], ["0j"], ["0j"], ["0j"], ["0j"], ["0j"], ["0j"], ["0j"], ["0j"], ["0j"], ["0j"], ["0j"], ["(-0.0015034094525397785+0j)"], ["0j"], ["0j"], ["(-0.0005987437689037696+0j)"], ["0j"], ["0j"], ["0j"], ["0j"], ["0j"], ["0j"], ["0j"], ["0j"], ["0j"], ["0j"], ["0j"], ["0j"], ["0j"], ["0j"], ["(-0.06869755265039207+0j)"], ["0j"], ["0j"], ["(0.005512252719558149+0j)"], ["0j"], ["0j"], ["(-0.0055122527195581444+0j)"], ["0j"], ["0j"], ["(-0.05671604341275246+0j)"], ["0j"], ["0j"], ["0j"], ["0j"], ["0j"], ["(-0.002260892231257036+0j)"], ["0j"], ["0j"], ["0j"], ["0j"], ["0j"], ["(0.010909557923901064+0j)"], ["0j"], ["0j"], ["0j"], ["0j"], ["0j"], ["0j"], ["0j"], ["0j"], ["(0.002260892231257029+0j)"], ["0j"], ["0j"], ["(-0.010909557923901065+0j)"], ["0j"], ["0j"], ["0j"], ["0j"], ["0j"], ["0j"], ["0j"], ["0j"], ["0j"], ["0j"], ["0j"], ["(0.9901385754197322+0j)"], ["0j"], ["0j"], ["0j"], ["0j"], ["0j"], ["0j"], ["0j"], ["0j"], ["0j"], ["0j"], ["0j"], ["0j"], ["0j"], ["0j"], ["0j"]], "hf_energy": -1.8901735686113246}