{"geometry": [["H", [0.0, 0.0, 0.0]], ["H", [1.1898, 0.0, 0.0]], ["H", [0.2136, -0.5447, 0.0]], ["H", [-0.0839, -0.2428, -0.5175]]], "multiplicity": 1, "canonical_orbitals": [[0.40489775183038956, 0.12249135314294593, 0.22497011668412636, 1.727072461105999], [0.0038629625437339166, -0.9497095323305648, 0.5663706323856035, -0.16237832208000927], [0.34758509266991744, -0.3147956298818779, -1.467296778632881, -0.6171140395057235], [0.3424744510461091, 0.6248412196499091, 0.9733163924285575, -1.1003598482327983]], "canonical_to_oao": [[0.5935251321182821, 0.16682734305332975, 0.5542502676969647, 0.5591987087892707], [0.06987904420917208, -0.894609947118091, -0.20165125827079955, 0.39258977538339196], [0.11241145611636205, 0.40157778869619976, -0.7537230312576428, 0.5079375318988146], [0.7938567259009581, -0.10284434720976737, -0.2899051619882552, -0.5245660454522113]], "orbital_energies": [-1.0526456903190555, -0.13250461131084235, 0.5500689577074016, 0.6720557562195466], "exact_energy": -1.5398453040124278, "ground_states": [["0j"], ["0j"], ["0j"], ["0j"], ["0j"], ["0j"], ["0j"], ["0j"], ["0j"], ["0j"], ["0j"], ["0j"], ["0j"], ["0j"], ["0j"], ["(0.009830758132953159+0j)"], ["0j"], ["0j"], ["0j"], ["0j"], ["0j"], ["0j"], ["0j"], ["0j"], ["0j"], ["0j"], ["0j"], ["(0.00472139826409089+0j)"], ["0j"], ["0j"], ["(-0.0008893444217882296+0j)"], ["0j"], ["0j"], ["0j"], ["0j"], ["0j"], ["0j"], ["0j"], ["0j"], ["(-0.004721398264090865+0j)"], ["0j"], ["0j"], ["0j"], ["0j"], ["0j"], ["(0.0008893444217882148+0j)"], ["0j"], ["0j"], ["0j"], ["0j"], ["0j"], ["(-0.0564056225584199+0j)"], ["0j"], ["0j"], ["(0.004423979624310773+0j)"], ["0j"], ["0j"], ["(-0.004423979624310777+0j)"], ["0j"], ["0j"], ["(-0.045379251598856134+0j)"], ["0j"], ["0j"], ["0j"], ["0j"], ["0j"], ["0j"], ["0j"], ["0j"], ["0j"], ["0j"], ["0j"], ["0j"], ["0j"], ["0j"], ["(-0.002099739397509674+0j)"], ["0j"], ["0j"], ["(0.005085109139604718+0j)"], ["0j"], ["0j"], ["0j"], ["0j"], ["0j"], ["0j"], ["0j"], ["0j"], ["0j"], ["0j"], ["0j"], ["(-0.004602325476987291+0j)"], ["0j"], ["0j"], ["0j"], ["0j"], ["0j"], ["0j"], ["0j"], ["0j"], ["(-0.020497560307689257+0j)"], ["0j"], ["0j"], ["(-0.018499696251870975+0j)"], ["0j"], ["0j"], ["(0.02310202172885828+0j)"], ["0j"], ["0j"], ["(0.0028240484985692206+0j)"], ["0j"], ["0j"], ["0j"], ["0j"], ["0j"], ["(-0.004659328105695265+0j)"], ["0j"], ["0j"], ["0j"], ["0j"], ["0j"], ["(0.00688491456646572+0j)"], ["0j"], ["0j"], ["0j"], ["0j"], ["0j"], ["0j"], ["0j"], ["0j"], ["0j"], ["0j"], ["0j"], ["0j"], ["0j"], ["0j"], ["(0.002099739397509669+0j)"], ["0j"], ["0j"], ["0j"], ["0j"], ["0j"], ["(-0.0050851091396047175+0j)"], ["0j"], ["0j"], ["0j"], ["0j"], ["0j"], ["(0.02049756030768927+0j)"], ["0j"], ["0j"], ["(0.023102021728858283+0j)"], ["0j"], ["0j"], ["(-0.01849969625187099+0j)"], ["0j"], ["0j"], ["(-0.002824048498569227+0j)"], ["0j"], ["0j"], ["0j"], ["0j"], ["0j"], ["0j"], ["0j"], ["0j"], ["(-0.004602325476987295+0j)"], ["0j"], ["0j"], ["0j"], ["0j"], ["0j"], ["0j"], ["0j"], ["0j"], ["0j"], ["0j"], ["0j"], ["(0.0046593281056952675+0j)"], ["0j"], ["0j"], ["(-0.006884914566465716+0j)"], ["0j"], ["0j"], ["0j"], ["0j"], ["0j"], ["0j"], ["0j"], ["0j"], ["0j"], ["0j"], ["0j"], ["0j"], ["0j"], ["0j"], ["(-0.0220188001449167+0j)"], ["0j"], ["0j"], ["(-0.043061136668860224+0j)"], ["0j"], ["0j"], ["(0.04306113666886026+0j)"], ["0j"], ["0j"], ["(-0.12778486052713095+0j)"], ["0j"], ["0j"], ["0j"], ["0j"], ["0j"], ["(0.008694751486924172+0j)"], ["0j"], ["0j"], ["0j"], ["0j"], ["0j"], ["(-0.052581645077637504+0j)"], ["0j"], ["0j"], ["0j"], ["0j"], ["0j"], ["0j"], ["0j"], ["0j"], ["(-0.008694751486924187+0j)"], ["0j"], ["0j"], ["(0.05258164507763733+0j)"], ["0j"], ["0j"], ["0j"], ["0j"], ["0j"], ["0j"], ["0j"], ["0j"], ["0j"], ["0j"], ["0j"], ["(0.9826111871048666+0j)"], ["0j"], ["0j"], ["0j"], ["0j"], ["0j"], ["0j"], ["0j"], ["0j"], ["0j"], ["0j"], ["0j"], ["0j"], ["0j"], ["0j"], ["0j"]], "hf_energy": -1.5051784193677284}