{"geometry": [["H", [0.0, 0.0, 0.0]], ["H", [0.6991, 0.0, 0.0]], ["H", [-0.422, -0.2249, 0.0]], ["H", [-0.9929, 0.2431, 0.0916]]], "multiplicity": 1, "canonical_orbitals": [[0.44155289075020066, 0.373941494379104, 0.45690332183384785, 2.2995483954112768], [0.1407359043288845, 0.6808430580313982, -0.8394542452314555, -1.0070632941630504], [0.3988509775312463, -0.374289389004434, 0.8894494416139838, -1.943721869593071], [0.1723493143391393, -0.6572840781385936, -1.0815160926838197, 0.4144826206876849]], "canonical_to_oao": [[0.6123863701361055, 0.3508721934085621, 0.5994037803528214, 0.37760660172054317], [0.25552940659790335, 0.682476734844211, -0.2619914884829697, -0.6326852999102995], [0.25541549871310654, -0.5298055836095814, 0.46571644491583025, -0.6611937382705675], [0.7031717991020288, -0.36113744456253805, -0.5959729532421644, 0.1412282057036438]], "orbital_energies": [-0.9481605753183944, -0.333699833908258, 0.5548815951249627, 1.555766005154441], "exact_energy": -1.8144296383022034, "ground_states": [["0j"], ["0j"], ["0j"], ["0j"], ["0j"], ["0j"], ["0j"], ["0j"], ["0j"], ["0j"], ["0j"], ["0j"], ["0j"], ["0j"], ["0j"], ["(0.006863878134173403+0j)"], ["0j"], ["0j"], ["0j"], ["0j"], ["0j"], ["0j"], ["0j"], ["0j"], ["0j"], ["0j"], ["0j"], ["(0.0002880189463369161+0j)"], ["0j"], ["0j"], ["(-0.0004042072765539917+0j)"], ["0j"], ["0j"], ["0j"], ["0j"], ["0j"], ["0j"], ["0j"], ["0j"], ["(-0.0002880189463369283+0j)"], ["0j"], ["0j"], ["0j"], ["0j"], ["0j"], ["(0.0004042072765540471+0j)"], ["0j"], ["0j"], ["0j"], ["0j"], ["0j"], ["(-0.03009694554933198+0j)"], ["0j"], ["0j"], ["(-0.003379037800208853+0j)"], ["0j"], ["0j"], ["(0.0033790378002088463+0j)"], ["0j"], ["0j"], ["(-0.037510065848576885+0j)"], ["0j"], ["0j"], ["0j"], ["0j"], ["0j"], ["0j"], ["0j"], ["0j"], ["0j"], ["0j"], ["0j"], ["0j"], ["0j"], ["0j"], ["(0.0009040443048581868+0j)"], ["0j"], ["0j"], ["(0.0003190330277023852+0j)"], ["0j"], ["0j"], ["0j"], ["0j"], ["0j"], ["0j"], ["0j"], ["0j"], ["0j"], ["0j"], ["0j"], ["(0.01764961887072373+0j)"], ["0j"], ["0j"], ["0j"], ["0j"], ["0j"], ["0j"], ["0j"], ["0j"], ["(-0.004499020684153382+0j)"], ["0j"], ["0j"], ["(0.013559672606951068+0j)"], ["0j"], ["0j"], ["(-0.031209291477674806+0j)"], ["0j"], ["0j"], ["(0.01735811320225085+0j)"], ["0j"], ["0j"], ["0j"], ["0j"], ["0j"], ["(-0.0005647197305667211+0j)"], ["0j"], ["0j"], ["0j"], ["0j"], ["0j"], ["(-0.010948920492925986+0j)"], ["0j"], ["0j"], ["0j"], ["0j"], ["0j"], ["0j"], ["0j"], ["0j"], ["0j"], ["0j"], ["0j"], ["0j"], ["0j"], ["0j"], ["(-0.00090404430485819+0j)"], ["0j"], ["0j"], ["0j"], ["0j"], ["0j"], ["(-0.0003190330277023848+0j)"], ["0j"], ["0j"], ["0j"], ["0j"], ["0j"], ["(0.004499020684153385+0j)"], ["0j"], ["0j"], ["(-0.031209291477674803+0j)"], ["0j"], ["0j"], ["(0.013559672606951045+0j)"], ["0j"], ["0j"], ["(-0.017358113202250853+0j)"], ["0j"], ["0j"], ["0j"], ["0j"], ["0j"], ["0j"], ["0j"], ["0j"], ["(0.017649618870723735+0j)"], ["0j"], ["0j"], ["0j"], ["0j"], ["0j"], ["0j"], ["0j"], ["0j"], ["0j"], ["0j"], ["0j"], ["(0.000564719730566723+0j)"], ["0j"], ["0j"], ["(0.010948920492925972+0j)"], ["0j"], ["0j"], ["0j"], ["0j"], ["0j"], ["0j"], ["0j"], ["0j"], ["0j"], ["0j"], ["0j"], ["0j"], ["0j"], ["0j"], ["(-0.017598961188825705+0j)"], ["0j"], ["0j"], ["(0.016367329468854514+0j)"], ["0j"], ["0j"], ["(-0.016367329468854518+0j)"], ["0j"], ["0j"], ["(-0.1517149936007663+0j)"], ["0j"], ["0j"], ["0j"], ["0j"], ["0j"], ["(0.0033941825989387193+0j)"], ["0j"], ["0j"], ["0j"], ["0j"], ["0j"], ["(-0.005303713050848993+0j)"], ["0j"], ["0j"], ["0j"], ["0j"], ["0j"], ["0j"], ["0j"], ["0j"], ["(-0.0033941825989387262+0j)"], ["0j"], ["0j"], ["(0.0053037130508489716+0j)"], ["0j"], ["0j"], ["0j"], ["0j"], ["0j"], ["0j"], ["0j"], ["0j"], ["0j"], ["0j"], ["0j"], ["(0.9848098164799349+0j)"], ["0j"], ["0j"], ["0j"], ["0j"], ["0j"], ["0j"], ["0j"], ["0j"], ["0j"], ["0j"], ["0j"], ["0j"], ["0j"], ["0j"], ["0j"]], "hf_energy": -1.7725597299650033}