{"geometry": [["H", [0.0, 0.0, 0.0]], ["H", [1.1185, 0.0, 0.0]], ["H", [0.5783, -0.7734, 0.0]], ["H", [-0.3954, -0.405, 0.0559]]], "multiplicity": 1, "canonical_orbitals": [[0.41901117589855696, 0.3166088927947557, 0.6033865091342335, 1.5292132910395075], [0.17553479539268013, -0.69071686721299, 0.7768445173567322, -0.6651156179892176], [0.28277016813194944, -0.4968581711644581, -1.1275658608144516, 0.33251333908808456], [0.35268788876002793, 0.5809553851411918, -0.17817680674848504, -1.4787050997024584]], "canonical_to_oao": [[0.6016847147559639, 0.3391810885169336, 0.46724780295770546, 0.5519159209994765], [0.27053577295254505, -0.6866093558092118, -0.4470494163162374, 0.5054946166276548], [0.3581347844276652, 0.5533159562455239, -0.7454568878168696, -0.0993728189870835], [0.6607006703227682, -0.3276663459555008, 0.16161787775148917, -0.6557355042654922]], "orbital_energies": [-0.8251953187131935, -0.32458881888282654, 0.44515433542543603, 1.0313213121804203], "exact_energy": -1.9541700654397336, "ground_states": [["0j"], ["0j"], ["0j"], ["0j"], ["0j"], ["0j"], ["0j"], ["0j"], ["0j"], ["0j"], ["0j"], ["0j"], ["0j"], ["0j"], ["0j"], ["(-0.013643396263993145+0j)"], ["0j"], ["0j"], ["0j"], ["0j"], ["0j"], ["0j"], ["0j"], ["0j"], ["0j"], ["0j"], ["0j"], ["(-0.0035286334069500325+0j)"], ["0j"], ["0j"], ["(-0.0019809295158901286+0j)"], ["0j"], ["0j"], ["0j"], ["0j"], ["0j"], ["0j"], ["0j"], ["0j"], ["(0.0035286334069501006+0j)"], ["0j"], ["0j"], ["0j"], ["0j"], ["0j"], ["(0.001980929515890147+0j)"], ["0j"], ["0j"], ["0j"], ["0j"], ["0j"], ["(0.03805895098910754+0j)"], ["0j"], ["0j"], ["(-0.01352924571100817+0j)"], ["0j"], ["0j"], ["(0.013529245711008171+0j)"], ["0j"], ["0j"], ["(0.05112704645922292+0j)"], ["0j"], ["0j"], ["0j"], ["0j"], ["0j"], ["0j"], ["0j"], ["0j"], ["0j"], ["0j"], ["0j"], ["0j"], ["0j"], ["0j"], ["(-0.0008556999787642431+0j)"], ["0j"], ["0j"], ["(-0.0016718816248096897+0j)"], ["0j"], ["0j"], ["0j"], ["0j"], ["0j"], ["0j"], ["0j"], ["0j"], ["0j"], ["0j"], ["0j"], ["(-0.0061228191239055514+0j)"], ["0j"], ["0j"], ["0j"], ["0j"], ["0j"], ["0j"], ["0j"], ["0j"], ["(0.027578781060204668+0j)"], ["0j"], ["0j"], ["(-0.024595457730609813+0j)"], ["0j"], ["0j"], ["(0.03071827685451535+0j)"], ["0j"], ["0j"], ["(-0.05629905636532759+0j)"], ["0j"], ["0j"], ["0j"], ["0j"], ["0j"], ["(0.0021484091550252344+0j)"], ["0j"], ["0j"], ["0j"], ["0j"], ["0j"], ["(-0.0016252276642129521+0j)"], ["0j"], ["0j"], ["0j"], ["0j"], ["0j"], ["0j"], ["0j"], ["0j"], ["0j"], ["0j"], ["0j"], ["0j"], ["0j"], ["0j"], ["(0.0008556999787642414+0j)"], ["0j"], ["0j"], ["0j"], ["0j"], ["0j"], ["(0.0016718816248096921+0j)"], ["0j"], ["0j"], ["0j"], ["0j"], ["0j"], ["(-0.02757878106020465+0j)"], ["0j"], ["0j"], ["(0.03071827685451534+0j)"], ["0j"], ["0j"], ["(-0.024595457730609793+0j)"], ["0j"], ["0j"], ["(0.05629905636532762+0j)"], ["0j"], ["0j"], ["0j"], ["0j"], ["0j"], ["0j"], ["0j"], ["0j"], ["(-0.006122819123905549+0j)"], ["0j"], ["0j"], ["0j"], ["0j"], ["0j"], ["0j"], ["0j"], ["0j"], ["0j"], ["0j"], ["0j"], ["(-0.0021484091550252366+0j)"], ["0j"], ["0j"], ["(0.0016252276642129615+0j)"], ["0j"], ["0j"], ["0j"], ["0j"], ["0j"], ["0j"], ["0j"], ["0j"], ["0j"], ["0j"], ["0j"], ["0j"], ["0j"], ["0j"], ["(0.05138734126995093+0j)"], ["0j"], ["0j"], ["(0.03472596838543646+0j)"], ["0j"], ["0j"], ["(-0.034725968385436436+0j)"], ["0j"], ["0j"], ["(0.12919966493006288+0j)"], ["0j"], ["0j"], ["0j"], ["0j"], ["0j"], ["(0.004509991046172539+0j)"], ["0j"], ["0j"], ["0j"], ["0j"], ["0j"], ["(0.030195560278811033+0j)"], ["0j"], ["0j"], ["0j"], ["0j"], ["0j"], ["0j"], ["0j"], ["0j"], ["(-0.004509991046172548+0j)"], ["0j"], ["0j"], ["(-0.030195560278811068+0j)"], ["0j"], ["0j"], ["0j"], ["0j"], ["0j"], ["0j"], ["0j"], ["0j"], ["0j"], ["0j"], ["0j"], ["(-0.9801476189849173+0j)"], ["0j"], ["0j"], ["0j"], ["0j"], ["0j"], ["0j"], ["0j"], ["0j"], ["0j"], ["0j"], ["0j"], ["0j"], ["0j"], ["0j"], ["0j"]], "hf_energy": -1.9052201385935643}