{"geometry": [["H", [0.0, 0.0, 0.0]], ["H", [0.401, 0.0, 0.0]], ["H", [-0.1196, 0.9943, 0.0]], ["H", [0.0526, 0.2628, -0.3113]]], "multiplicity": 1, "canonical_orbitals": [[0.43172990293337765, 0.3562560213309207, 0.6432280585052972, 2.394655958414787], [0.290712555662197, 0.6382909391664584, -1.6550417186347643, -1.043995255941215], [-0.020723080209971573, -0.9639533034957943, -0.7429636296946309, 0.3761323679232632], [0.3428286597125666, -0.4620186876299631, 1.3967703109428524, -1.66443723665959]], "canonical_to_oao": [[0.6018684250557125, 0.5448576616940042, 0.19814186669637207, 0.5492033576703383], [0.18107560861109306, 0.37593877971598816, -0.8717111357492308, -0.25690728616090985], [0.22226003943851996, -0.6726236971206653, -0.41266801669288705, 0.5726106399109915], [0.7453633327149021, -0.3307227305020357, 0.17482735618782372, -0.5518073697421815]], "orbital_energies": [-1.2213250670573323, -0.1999209486678689, 0.7738130913737156, 1.0337914291022674], "exact_energy": -0.9699775512139104, "ground_states": [["0j"], ["0j"], ["0j"], ["0j"], ["0j"], ["0j"], ["0j"], ["0j"], ["0j"], ["0j"], ["0j"], ["0j"], ["0j"], ["0j"], ["0j"], ["(0.004894451508121929+0j)"], ["0j"], ["0j"], ["0j"], ["0j"], ["0j"], ["0j"], ["0j"], ["0j"], ["0j"], ["0j"], ["0j"], ["(-0.001342671688999248+0j)"], ["0j"], ["0j"], ["(0.00037292768695185163+0j)"], ["0j"], ["0j"], ["0j"], ["0j"], ["0j"], ["0j"], ["0j"], ["0j"], ["(0.0013426716889992532+0j)"], ["0j"], ["0j"], ["0j"], ["0j"], ["0j"], ["(-0.0003729276869519762+0j)"], ["0j"], ["0j"], ["0j"], ["0j"], ["0j"], ["(-0.04039097240121256+0j)"], ["0j"], ["0j"], ["(0.004321327097102307+0j)"], ["0j"], ["0j"], ["(-0.004321327097102308+0j)"], ["0j"], ["0j"], ["(-0.039062386965396295+0j)"], ["0j"], ["0j"], ["0j"], ["0j"], ["0j"], ["0j"], ["0j"], ["0j"], ["0j"], ["0j"], ["0j"], ["0j"], ["0j"], ["0j"], ["(3.2905757006478537e-05+0j)"], ["0j"], ["0j"], ["(0.000847821843705104+0j)"], ["0j"], ["0j"], ["0j"], ["0j"], ["0j"], ["0j"], ["0j"], ["0j"], ["0j"], ["0j"], ["0j"], ["(0.005142746757071196+0j)"], ["0j"], ["0j"], ["0j"], ["0j"], ["0j"], ["0j"], ["0j"], ["0j"], ["(-0.0061453735837002105+0j)"], ["0j"], ["0j"], ["(0.01437770290813933+0j)"], ["0j"], ["0j"], ["(-0.019520449665210507+0j)"], ["0j"], ["0j"], ["(-0.007132538186311187+0j)"], ["0j"], ["0j"], ["0j"], ["0j"], ["0j"], ["(0.0004521739685458572+0j)"], ["0j"], ["0j"], ["0j"], ["0j"], ["0j"], ["(-0.0030146634596182067+0j)"], ["0j"], ["0j"], ["0j"], ["0j"], ["0j"], ["0j"], ["0j"], ["0j"], ["0j"], ["0j"], ["0j"], ["0j"], ["0j"], ["0j"], ["(-3.2905757006481965e-05+0j)"], ["0j"], ["0j"], ["0j"], ["0j"], ["0j"], ["(-0.0008478218437051184+0j)"], ["0j"], ["0j"], ["0j"], ["0j"], ["0j"], ["(0.006145373583700214+0j)"], ["0j"], ["0j"], ["(-0.01952044966521051+0j)"], ["0j"], ["0j"], ["(0.014377702908139323+0j)"], ["0j"], ["0j"], ["(0.007132538186311181+0j)"], ["0j"], ["0j"], ["0j"], ["0j"], ["0j"], ["0j"], ["0j"], ["0j"], ["(0.005142746757071187+0j)"], ["0j"], ["0j"], ["0j"], ["0j"], ["0j"], ["0j"], ["0j"], ["0j"], ["0j"], ["0j"], ["0j"], ["(-0.0004521739685458561+0j)"], ["0j"], ["0j"], ["(0.0030146634596182023+0j)"], ["0j"], ["0j"], ["0j"], ["0j"], ["0j"], ["0j"], ["0j"], ["0j"], ["0j"], ["0j"], ["0j"], ["0j"], ["0j"], ["0j"], ["(-0.018225951508401485+0j)"], ["0j"], ["0j"], ["(-0.01697241938930941+0j)"], ["0j"], ["0j"], ["(0.016972419389309393+0j)"], ["0j"], ["0j"], ["(-0.08434591895564936+0j)"], ["0j"], ["0j"], ["0j"], ["0j"], ["0j"], ["(-0.003949914463354483+0j)"], ["0j"], ["0j"], ["0j"], ["0j"], ["0j"], ["(0.017675886110178222+0j)"], ["0j"], ["0j"], ["0j"], ["0j"], ["0j"], ["0j"], ["0j"], ["0j"], ["(0.003949914463354507+0j)"], ["0j"], ["0j"], ["(-0.017675886110178268+0j)"], ["0j"], ["0j"], ["0j"], ["0j"], ["0j"], ["0j"], ["0j"], ["0j"], ["0j"], ["0j"], ["0j"], ["(0.9933142294648527+0j)"], ["0j"], ["0j"], ["0j"], ["0j"], ["0j"], ["0j"], ["0j"], ["0j"], ["0j"], ["0j"], ["0j"], ["0j"], ["0j"], ["0j"], ["0j"]], "hf_energy": -0.9457895607473477}