{"geometry": [["H", [0.0, 0.0, 0.0]], ["H", [1.385, 0.0, 0.0]], ["H", [0.1708, 0.5703, 0.0]], ["H", [-0.2464, -0.1967, -0.7297]]], "multiplicity": 1, "canonical_orbitals": [[0.4851518868600065, 0.14119494888274225, 0.16876557290799185, 1.7056492571782662], [0.07429760343716765, -0.7897303153795631, -0.7042831573352278, 0.01199943904310387], [0.3798593085927953, -0.35929851197745677, 0.7617988368264768, -1.2418027785798789], [0.24811663930686212, 0.6682055607492144, -0.7693303639805683, -0.7452636647530175]], "canonical_to_oao": [[0.650999178022475, 0.2002651149535752, 0.5801784458268768, 0.4466395917791023], [0.08791369713019698, -0.7710028255526774, -0.2709761109233445, 0.5695592788775777], [0.11727444499671719, -0.6044208506561226, 0.5276090095887377, -0.5852784575256736], [0.7447939021109615, 0.011133822997808917, -0.5582057428113398, -0.3654646768926082]], "orbital_energies": [-0.8379559084894347, -0.18312109089433456, 0.257569124563833, 0.9116976334571115], "exact_energy": -1.8605531672639866, "ground_states": [["0j"], ["0j"], ["0j"], ["0j"], ["0j"], ["0j"], ["0j"], ["0j"], ["0j"], ["0j"], ["0j"], ["0j"], ["0j"], ["0j"], ["0j"], ["(-0.0271651699907713+0j)"], ["0j"], ["0j"], ["0j"], ["0j"], ["0j"], ["0j"], ["0j"], ["0j"], ["0j"], ["0j"], ["0j"], ["(0.005194691384469677+0j)"], ["0j"], ["0j"], ["(0.0017292357415067405+0j)"], ["0j"], ["0j"], ["0j"], ["0j"], ["0j"], ["0j"], ["0j"], ["0j"], ["(-0.00519469138447008+0j)"], ["0j"], ["0j"], ["0j"], ["0j"], ["0j"], ["(-0.0017292357415068002+0j)"], ["0j"], ["0j"], ["0j"], ["0j"], ["0j"], ["(0.05051504001605785+0j)"], ["0j"], ["0j"], ["(0.00615996870947327+0j)"], ["0j"], ["0j"], ["(-0.006159968709473354+0j)"], ["0j"], ["0j"], ["(0.025740530935523396+0j)"], ["0j"], ["0j"], ["0j"], ["0j"], ["0j"], ["0j"], ["0j"], ["0j"], ["0j"], ["0j"], ["0j"], ["0j"], ["0j"], ["0j"], ["(-0.009765657264976099+0j)"], ["0j"], ["0j"], ["(-0.0027221428425112546+0j)"], ["0j"], ["0j"], ["0j"], ["0j"], ["0j"], ["0j"], ["0j"], ["0j"], ["0j"], ["0j"], ["0j"], ["(-0.024681029808219273+0j)"], ["0j"], ["0j"], ["0j"], ["0j"], ["0j"], ["0j"], ["0j"], ["0j"], ["(0.0027519367904616752+0j)"], ["0j"], ["0j"], ["(-0.024555090901129305+0j)"], ["0j"], ["0j"], ["(0.049236120709348775+0j)"], ["0j"], ["0j"], ["(-0.006287266133470351+0j)"], ["0j"], ["0j"], ["0j"], ["0j"], ["0j"], ["(0.0018303861921233407+0j)"], ["0j"], ["0j"], ["0j"], ["0j"], ["0j"], ["(0.039387540880318164+0j)"], ["0j"], ["0j"], ["0j"], ["0j"], ["0j"], ["0j"], ["0j"], ["0j"], ["0j"], ["0j"], ["0j"], ["0j"], ["0j"], ["0j"], ["(0.009765657264976127+0j)"], ["0j"], ["0j"], ["0j"], ["0j"], ["0j"], ["(0.0027221428425110244+0j)"], ["0j"], ["0j"], ["0j"], ["0j"], ["0j"], ["(-0.002751936790461843+0j)"], ["0j"], ["0j"], ["(0.04923612070934826+0j)"], ["0j"], ["0j"], ["(-0.024555090901129163+0j)"], ["0j"], ["0j"], ["(0.006287266133470654+0j)"], ["0j"], ["0j"], ["0j"], ["0j"], ["0j"], ["0j"], ["0j"], ["0j"], ["(-0.024681029808219308+0j)"], ["0j"], ["0j"], ["0j"], ["0j"], ["0j"], ["0j"], ["0j"], ["0j"], ["0j"], ["0j"], ["0j"], ["(-0.0018303861921230564+0j)"], ["0j"], ["0j"], ["(-0.03938754088031815+0j)"], ["0j"], ["0j"], ["0j"], ["0j"], ["0j"], ["0j"], ["0j"], ["0j"], ["0j"], ["0j"], ["0j"], ["0j"], ["0j"], ["0j"], ["(0.0024312112904903813+0j)"], ["0j"], ["0j"], ["(-0.03187966691491504+0j)"], ["0j"], ["0j"], ["(0.03187966691491539+0j)"], ["0j"], ["0j"], ["(0.44846045128058176+0j)"], ["0j"], ["0j"], ["0j"], ["0j"], ["0j"], ["(-0.010244007711198091+0j)"], ["0j"], ["0j"], ["0j"], ["0j"], ["0j"], ["(-0.07922653372166376+0j)"], ["0j"], ["0j"], ["0j"], ["0j"], ["0j"], ["0j"], ["0j"], ["0j"], ["(0.01024400771119828+0j)"], ["0j"], ["0j"], ["(0.07922653372167089+0j)"], ["0j"], ["0j"], ["0j"], ["0j"], ["0j"], ["0j"], ["0j"], ["0j"], ["0j"], ["0j"], ["0j"], ["(-0.8771038516766868+0j)"], ["0j"], ["0j"], ["0j"], ["0j"], ["0j"], ["0j"], ["0j"], ["0j"], ["0j"], ["0j"], ["0j"], ["0j"], ["0j"], ["0j"], ["0j"]], "hf_energy": -1.7438909925452135}