{"geometry": [["H", [0.0, 0.0, 0.0]], ["H", [0.6342, 0.0, 0.0]], ["H", [0.0428, 0.6785, 0.0]], ["H", [-0.3946, -0.018, 0.1481]]], "multiplicity": 1, "canonical_orbitals": [[0.529309478755956, 0.18904788826777882, 0.45691310977309624, 2.845912240311305], [0.12775913500062752, -0.9118948257801082, 0.659519320539559, -1.1854288270467574], [0.25181435777588557, -0.390857161337121, -1.31151169189294, -0.20393805032159779], [0.2071564819042473, 0.938715123346461, 0.14768032945761794, -1.970379867234242]], "canonical_to_oao": [[0.6161164564711163, 0.39269476908652845, 0.4667264077087557, 0.4983550849994729], [0.12670057600066964, -0.6997749424554183, -0.2711007633889695, 0.6486650676909704], [0.24613658513893427, 0.4718247413300163, -0.8394516533619305, 0.11008685931085394], [0.7374037276571879, -0.36535908598590583, -0.06318036170455812, -0.5645854431525026]], "orbital_energies": [-1.034933544314957, -0.16183814195747095, 0.3546160062269975, 1.7789529137488946], "exact_energy": -1.268383663576002, "ground_states": [["0j"], ["0j"], ["0j"], ["0j"], ["0j"], ["0j"], ["0j"], ["0j"], ["0j"], ["0j"], ["0j"], ["0j"], ["0j"], ["0j"], ["0j"], ["(0.010240191901029077+0j)"], ["0j"], ["0j"], ["0j"], ["0j"], ["0j"], ["0j"], ["0j"], ["0j"], ["0j"], ["0j"], ["0j"], ["(0.005622701938045113+0j)"], ["0j"], ["0j"], ["(0.00403846515207662+0j)"], ["0j"], ["0j"], ["0j"], ["0j"], ["0j"], ["0j"], ["0j"], ["0j"], ["(-0.005622701938044794+0j)"], ["0j"], ["0j"], ["0j"], ["0j"], ["0j"], ["(-0.004038465152076745+0j)"], ["0j"], ["0j"], ["0j"], ["0j"], ["0j"], ["(-0.02419064724676267+0j)"], ["0j"], ["0j"], ["(0.008381179451469602+0j)"], ["0j"], ["0j"], ["(-0.008381179451469618+0j)"], ["0j"], ["0j"], ["(-0.04578643336355198+0j)"], ["0j"], ["0j"], ["0j"], ["0j"], ["0j"], ["0j"], ["0j"], ["0j"], ["0j"], ["0j"], ["0j"], ["0j"], ["0j"], ["0j"], ["(-0.00041311635459202864+0j)"], ["0j"], ["0j"], ["(0.0030378586974428145+0j)"], ["0j"], ["0j"], ["0j"], ["0j"], ["0j"], ["0j"], ["0j"], ["0j"], ["0j"], ["0j"], ["0j"], ["(0.005117468517086717+0j)"], ["0j"], ["0j"], ["0j"], ["0j"], ["0j"], ["0j"], ["0j"], ["0j"], ["(-0.012715382508650626+0j)"], ["0j"], ["0j"], ["(0.009138502640299357+0j)"], ["0j"], ["0j"], ["(-0.014255971157386266+0j)"], ["0j"], ["0j"], ["(0.07684281929346105+0j)"], ["0j"], ["0j"], ["0j"], ["0j"], ["0j"], ["(-0.002305995647150906+0j)"], ["0j"], ["0j"], ["0j"], ["0j"], ["0j"], ["(0.00593409047603065+0j)"], ["0j"], ["0j"], ["0j"], ["0j"], ["0j"], ["0j"], ["0j"], ["0j"], ["0j"], ["0j"], ["0j"], ["0j"], ["0j"], ["0j"], ["(0.0004131163545919061+0j)"], ["0j"], ["0j"], ["0j"], ["0j"], ["0j"], ["(-0.003037858697442694+0j)"], ["0j"], ["0j"], ["0j"], ["0j"], ["0j"], ["(0.012715382508650785+0j)"], ["0j"], ["0j"], ["(-0.014255971157385777+0j)"], ["0j"], ["0j"], ["(0.009138502640299547+0j)"], ["0j"], ["0j"], ["(-0.07684281929346196+0j)"], ["0j"], ["0j"], ["0j"], ["0j"], ["0j"], ["0j"], ["0j"], ["0j"], ["(0.005117468517086442+0j)"], ["0j"], ["0j"], ["0j"], ["0j"], ["0j"], ["0j"], ["0j"], ["0j"], ["0j"], ["0j"], ["0j"], ["(0.0023059956471507747+0j)"], ["0j"], ["0j"], ["(-0.00593409047603004+0j)"], ["0j"], ["0j"], ["0j"], ["0j"], ["0j"], ["0j"], ["0j"], ["0j"], ["0j"], ["0j"], ["0j"], ["0j"], ["0j"], ["0j"], ["(-0.031557886302687126+0j)"], ["0j"], ["0j"], ["(-0.027838342073821555+0j)"], ["0j"], ["0j"], ["(0.02783834207382152+0j)"], ["0j"], ["0j"], ["(-0.22502041616900667+0j)"], ["0j"], ["0j"], ["0j"], ["0j"], ["0j"], ["(-0.015308748457597244+0j)"], ["0j"], ["0j"], ["0j"], ["0j"], ["0j"], ["(-0.1582090605273379+0j)"], ["0j"], ["0j"], ["0j"], ["0j"], ["0j"], ["0j"], ["0j"], ["0j"], ["(0.015308748457597339+0j)"], ["0j"], ["0j"], ["(0.1582090605273269+0j)"], ["0j"], ["0j"], ["0j"], ["0j"], ["0j"], ["0j"], ["0j"], ["0j"], ["0j"], ["0j"], ["0j"], ["(0.9383014049280876+0j)"], ["0j"], ["0j"], ["0j"], ["0j"], ["0j"], ["0j"], ["0j"], ["0j"], ["0j"], ["0j"], ["0j"], ["0j"], ["0j"], ["0j"], ["0j"]], "hf_energy": -1.2222937521626016}