{"geometry": [["H", [0.0, 0.0, 0.0]], ["H", [0.857, 0.0, 0.0]], ["H", [-0.3807, 0.3921, 0.0]], ["H", [0.1801, -0.5159, 0.2087]]], "multiplicity": 1, "canonical_orbitals": [[0.5064846324736887, 0.3315062009101412, 0.07224472426012757, 2.450583535656553], [0.17666669877062632, -0.7053438167984015, -1.0155583511754673, -0.3103944971702048], [0.16773405382601625, 0.7678786303178499, -0.3998648446067529, -1.5336709693978894], [0.2994578310900535, -0.47639444929480224, 1.098155362455619, -1.153880748213989]], "canonical_to_oao": [[0.6263568067346268, 0.38871420218700875, 0.4247542546602612, 0.5255114107451145], [0.21666417118283976, -0.6059928078621577, 0.6769547268689775, -0.35715774038195214], [0.045093791932598326, -0.6854583362199236, -0.2726306178302538, 0.6736363748026428], [0.7474625994068136, -0.10872375611644658, -0.5357132321860715, -0.3774786619197042]], "orbital_energies": [-0.948681987087132, -0.25749974495137373, 0.42101767168543075, 1.564529781535728], "exact_energy": -1.6899485779316892, "ground_states": [["0j"], ["0j"], ["0j"], ["0j"], ["0j"], ["0j"], ["0j"], ["0j"], ["0j"], ["0j"], ["0j"], ["0j"], ["0j"], ["0j"], ["0j"], ["(0.009363604874937159+0j)"], ["0j"], ["0j"], ["0j"], ["0j"], ["0j"], ["0j"], ["0j"], ["0j"], ["0j"], ["0j"], ["0j"], ["(0.0001609896005970446+0j)"], ["0j"], ["0j"], ["(0.002214864299146857+0j)"], ["0j"], ["0j"], ["0j"], ["0j"], ["0j"], ["0j"], ["0j"], ["0j"], ["(-0.00016098960059702456+0j)"], ["0j"], ["0j"], ["0j"], ["0j"], ["0j"], ["(-0.00221486429914698+0j)"], ["0j"], ["0j"], ["0j"], ["0j"], ["0j"], ["(-0.029694541613726522+0j)"], ["0j"], ["0j"], ["(-0.0037981154466987933+0j)"], ["0j"], ["0j"], ["(0.0037981154466987955+0j)"], ["0j"], ["0j"], ["(-0.04904610547691103+0j)"], ["0j"], ["0j"], ["0j"], ["0j"], ["0j"], ["0j"], ["0j"], ["0j"], ["0j"], ["0j"], ["0j"], ["0j"], ["0j"], ["0j"], ["(0.0004122681201286835+0j)"], ["0j"], ["0j"], ["(-0.0008116146644884932+0j)"], ["0j"], ["0j"], ["0j"], ["0j"], ["0j"], ["0j"], ["0j"], ["0j"], ["0j"], ["0j"], ["0j"], ["(0.011613239923370095+0j)"], ["0j"], ["0j"], ["0j"], ["0j"], ["0j"], ["0j"], ["0j"], ["0j"], ["(-0.014474194550534294+0j)"], ["0j"], ["0j"], ["(0.008171037379306864+0j)"], ["0j"], ["0j"], ["(-0.019784277302676963+0j)"], ["0j"], ["0j"], ["(0.06575053078272239+0j)"], ["0j"], ["0j"], ["0j"], ["0j"], ["0j"], ["(4.601863670946739e-05+0j)"], ["0j"], ["0j"], ["0j"], ["0j"], ["0j"], ["(-0.007972417198342314+0j)"], ["0j"], ["0j"], ["0j"], ["0j"], ["0j"], ["0j"], ["0j"], ["0j"], ["0j"], ["0j"], ["0j"], ["0j"], ["0j"], ["0j"], ["(-0.0004122681201286835+0j)"], ["0j"], ["0j"], ["0j"], ["0j"], ["0j"], ["(0.0008116146644884903+0j)"], ["0j"], ["0j"], ["0j"], ["0j"], ["0j"], ["(0.014474194550534293+0j)"], ["0j"], ["0j"], ["(-0.019784277302676963+0j)"], ["0j"], ["0j"], ["(0.008171037379306866+0j)"], ["0j"], ["0j"], ["(-0.06575053078272243+0j)"], ["0j"], ["0j"], ["0j"], ["0j"], ["0j"], ["0j"], ["0j"], ["0j"], ["(0.01161323992337008+0j)"], ["0j"], ["0j"], ["0j"], ["0j"], ["0j"], ["0j"], ["0j"], ["0j"], ["0j"], ["0j"], ["0j"], ["(-4.601863670947096e-05+0j)"], ["0j"], ["0j"], ["(0.007972417198342303+0j)"], ["0j"], ["0j"], ["0j"], ["0j"], ["0j"], ["0j"], ["0j"], ["0j"], ["0j"], ["0j"], ["0j"], ["0j"], ["0j"], ["0j"], ["(-0.02979177740322699+0j)"], ["0j"], ["0j"], ["(0.02501390858908312+0j)"], ["0j"], ["0j"], ["(-0.025013908589083093+0j)"], ["0j"], ["0j"], ["(-0.17156012184043634+0j)"], ["0j"], ["0j"], ["0j"], ["0j"], ["0j"], ["(-0.005663021206906789+0j)"], ["0j"], ["0j"], ["0j"], ["0j"], ["0j"], ["(-0.0015432145711572975+0j)"], ["0j"], ["0j"], ["0j"], ["0j"], ["0j"], ["0j"], ["0j"], ["0j"], ["(0.005663021206906806+0j)"], ["0j"], ["0j"], ["(0.001543214571157332+0j)"], ["0j"], ["0j"], ["0j"], ["0j"], ["0j"], ["0j"], ["0j"], ["0j"], ["0j"], ["0j"], ["0j"], ["(0.9770186546691498+0j)"], ["0j"], ["0j"], ["0j"], ["0j"], ["0j"], ["0j"], ["0j"], ["0j"], ["0j"], ["0j"], ["0j"], ["0j"], ["0j"], ["0j"], ["0j"]], "hf_energy": -1.6434039174998336}