{"geometry": [["H", [0.0, 0.0, 0.0]], ["H", [0.9701, 0.0, 0.0]], ["H", [-0.2341, 0.5105, 0.0]], ["H", [-0.0181, -0.2196, -0.5321]]], "multiplicity": 1, "canonical_orbitals": [[0.502630697819092, 0.11212700967307493, 0.07861688611440487, 2.1579802003547357], [0.06037119668309676, -0.9010895747754778, 0.6468907569725723, -0.3812547393203789], [0.24795945648720635, 0.7706062723905266, 0.6584059308515972, -1.227913338104317], [0.31812795292336277, -0.30924841729914787, -1.122790700217977, -1.0095602261167822]], "canonical_to_oao": [[0.6370515019236226, 0.2546165557941701, 0.49241318020422103, 0.5355978466849314], [0.06868823880602137, -0.7952814745963401, 0.5609686324517553, -0.21937068039919386], [0.04374805124523093, 0.5231891901679023, 0.4551244237289462, -0.7191807410026312], [0.7665072848700313, -0.17020827527132493, -0.4854948118072603, -0.3844353170281902]], "orbital_energies": [-0.963940030502249, -0.14477906906990573, 0.31820334222160557, 1.1591595386541458], "exact_energy": -1.5838743469325525, "ground_states": [["0j"], ["0j"], ["0j"], ["0j"], ["0j"], ["0j"], ["0j"], ["0j"], ["0j"], ["0j"], ["0j"], ["0j"], ["0j"], ["0j"], ["0j"], ["(-0.01924608095297736+0j)"], ["0j"], ["0j"], ["0j"], ["0j"], ["0j"], ["0j"], ["0j"], ["0j"], ["0j"], ["0j"], ["0j"], ["(-0.006753978565638862+0j)"], ["0j"], ["0j"], ["(-0.0016588427145498297+0j)"], ["0j"], ["0j"], ["0j"], ["0j"], ["0j"], ["0j"], ["0j"], ["0j"], ["(0.006753978565639709+0j)"], ["0j"], ["0j"], ["0j"], ["0j"], ["0j"], ["(0.0016588427145496762+0j)"], ["0j"], ["0j"], ["0j"], ["0j"], ["0j"], ["(0.038065894259051436+0j)"], ["0j"], ["0j"], ["(-0.009120824699668099+0j)"], ["0j"], ["0j"], ["(0.00912082469966806+0j)"], ["0j"], ["0j"], ["(0.03565451784104724+0j)"], ["0j"], ["0j"], ["0j"], ["0j"], ["0j"], ["0j"], ["0j"], ["0j"], ["0j"], ["0j"], ["0j"], ["0j"], ["0j"], ["0j"], ["(0.0057258904671373375+0j)"], ["0j"], ["0j"], ["(-0.005635808862958767+0j)"], ["0j"], ["0j"], ["0j"], ["0j"], ["0j"], ["0j"], ["0j"], ["0j"], ["0j"], ["0j"], ["0j"], ["(0.012493456080952165+0j)"], ["0j"], ["0j"], ["0j"], ["0j"], ["0j"], ["0j"], ["0j"], ["0j"], ["(0.012592706199679641+0j)"], ["0j"], ["0j"], ["(0.014345123304430033+0j)"], ["0j"], ["0j"], ["(-0.026838579385382776+0j)"], ["0j"], ["0j"], ["(-0.04068400227581129+0j)"], ["0j"], ["0j"], ["0j"], ["0j"], ["0j"], ["(0.003964258972638815+0j)"], ["0j"], ["0j"], ["0j"], ["0j"], ["0j"], ["(-0.02568997057909107+0j)"], ["0j"], ["0j"], ["0j"], ["0j"], ["0j"], ["0j"], ["0j"], ["0j"], ["0j"], ["0j"], ["0j"], ["0j"], ["0j"], ["0j"], ["(-0.005725890467137564+0j)"], ["0j"], ["0j"], ["0j"], ["0j"], ["0j"], ["(0.0056358088629584364+0j)"], ["0j"], ["0j"], ["0j"], ["0j"], ["0j"], ["(-0.012592706199679598+0j)"], ["0j"], ["0j"], ["(-0.02683857938538132+0j)"], ["0j"], ["0j"], ["(0.014345123304429809+0j)"], ["0j"], ["0j"], ["(0.040684002275810496+0j)"], ["0j"], ["0j"], ["0j"], ["0j"], ["0j"], ["0j"], ["0j"], ["0j"], ["(0.012493456080952122+0j)"], ["0j"], ["0j"], ["0j"], ["0j"], ["0j"], ["0j"], ["0j"], ["0j"], ["0j"], ["0j"], ["0j"], ["(-0.003964258972638407+0j)"], ["0j"], ["0j"], ["(0.025689970579091417+0j)"], ["0j"], ["0j"], ["0j"], ["0j"], ["0j"], ["0j"], ["0j"], ["0j"], ["0j"], ["0j"], ["0j"], ["0j"], ["0j"], ["0j"], ["(0.01750691881247976+0j)"], ["0j"], ["0j"], ["(0.0635280082374901+0j)"], ["0j"], ["0j"], ["(-0.06352800823749001+0j)"], ["0j"], ["0j"], ["(0.37007843913043464+0j)"], ["0j"], ["0j"], ["0j"], ["0j"], ["0j"], ["(0.01043424436367805+0j)"], ["0j"], ["0j"], ["0j"], ["0j"], ["0j"], ["(0.13720116394058546+0j)"], ["0j"], ["0j"], ["0j"], ["0j"], ["0j"], ["0j"], ["0j"], ["0j"], ["(-0.010434244363677337+0j)"], ["0j"], ["0j"], ["(-0.13720116394060525+0j)"], ["0j"], ["0j"], ["0j"], ["0j"], ["0j"], ["0j"], ["0j"], ["0j"], ["0j"], ["0j"], ["0j"], ["(-0.897870608950229+0j)"], ["0j"], ["0j"], ["0j"], ["0j"], ["0j"], ["0j"], ["0j"], ["0j"], ["0j"], ["0j"], ["0j"], ["0j"], ["0j"], ["0j"], ["0j"]], "hf_energy": -1.5050508089200616}