{"params": [0.017407771335132643, 0.0017808005406533122, 1.0082307453942119, 0.9986468032709859, 0.25260006529720236, 0.002796472281540082, -0.0003248766301095505, 0.009897378629881982, -0.010318024418033582, 0.0011837723208482835, 0.0016802386711823533, 0.9992414515368407, 0.9964338729063771, -0.25320854092335043, 0.007060290487332378, 0.9211962812478475, 0.23620369284824602, 0.25908146981833025, -0.00945725986787734, 0.009623057480529697, -0.0042438248235673786, 0.014561910589269506, -0.01399232042016333, 0.012904966445711317, 0.008105905950486181, -0.0006702711159591711, -0.00018419650322500124, -2.797724256266141e-05, 8.575573125977677e-05, -0.007909345868511716, -0.0001558078503257866, 0.004067675838475306, -6.933197341641557e-05, -0.000493299292314854, 0.2494095184738111, 0.0005784394540521205, -0.0019438353886162408, -0.0007724384167867578, -0.006452092215258694, -0.0014754870935243295, 0.0008729664508347525, 8.20491815446016e-05, -0.0010469329334134253, -0.000766483052276674, -0.00047282370567961537, 0.017997344035718295, -0.011966300885650193, -0.009437157195175417, -0.004872895021357514, -0.0007568321088514592, -0.019072275321485865, 0.013786654709509181], "infidelity": 0.0031029895846776956, "energy_expval": -1.7111284318349735, "energy_error": 0.004608001360551173, "optimizer_success": true, "optimizer_nfev": 1123}