{"params": [-0.0019067577120221574, -0.0012586018095259231, 1.0202642522026935, -0.000940969319791637, -0.23460004871160117, -0.0035208270355114473, 0.0002623469897177175, 0.010729796986663983, -0.04552555583014781, -0.00018701611517439617, -0.0030879638819250733, 1.0000008445309632, -0.005456622179253708, -0.03534943596392763, -0.018961369155269418, -0.006404096191892574, 0.011422083970894099, -0.0015450317707746037, -0.00749678115212835, 0.037768912248975335, 0.036281179807309036, -0.002466188762128852, -0.0097730335093539, -0.05978274570537566, -0.0029566631067067797, -0.0006625048843368885, -2.543038226728852e-05, -0.00013382204639265168, -3.374571808266154e-05, 0.010508845349318436, -0.0037088782166330237, 0.0037026916525780447, -7.54124278683977e-05, 0.013313511539095171, 0.004252567523698837, -0.09633877672382786, 0.08984355303849156, 0.0010917872222303035, -0.006341279963968239, -0.0030603300377525173, 0.0005427891231717728, -0.00010894150869030769, -8.623837344914327e-05, 5.1234847704918316e-05, -0.0013346565944203062, -0.018960586461630277, 0.04482671111871914, 0.0015929221335866223, 0.004387637109089446, -0.029101545004448958, 0.02154884418750594, 0.003426303600825284], "infidelity": 0.0017993394779607375, "energy_expval": -1.8544061635218667, "energy_error": 0.003155675420586812, "optimizer_success": true, "optimizer_nfev": 1200}