{"params": [-0.05511695219567712, 1.0137312272412966, 0.0069104984685689095, 1.0002516097354366, 0.005171224960769321, 1.0007739595431893, 0.0007212768488978528, 1.0212064830966077, -0.002175690635366647, 0.9992360422092001, 0.0012111301818527984, 4.451289373511502e-05, 0.0015333138555314889, -0.11800121196692677, 0.0015429587430278579, 0.0018744894294737188, 0.003424432084671509, 0.0005940614992563986, 0.006796084906254334, 0.002063482099458369, -0.0027940328509448702, 0.11099419139139516, -0.09022394720245179, 0.134750301117645, 0.001688794822541169, -4.658084108024047e-05, -0.00022815422762906024, -3.945830963587519e-05, 2.8450091588357246e-05, -0.0008920847315898772, -0.004800543648166357, 0.004132896856348022, 0.00015101052113263133, -0.0037869053812275844, -0.08561478782884717, 0.09097297722811513, -0.0016469567300470983, -0.0013168535698623114, 0.0036444004043881197, -0.0178968685128315, 0.00046723608349801037, -0.0001026814331673372, -0.0924266626685204, 0.08598920236025097, 0.000762346462806242, 0.0051195460031912875, 0.029431788312781655, -0.01471089082815344, -0.10644157564022462, 0.10693781968376963, 0.021111729771551433, -0.014126194391978859], "infidelity": 0.0048937489162107495, "energy_expval": -1.7715903770668133, "energy_error": 0.006288926026452701, "optimizer_success": true, "optimizer_nfev": 1932}