{"params": [-0.12693591965444956, 1.0002061820011448, 1.004831411229821, 1.00049456947873, 0.8043955093473545, -0.001491816664722581, 0.9996660695391378, -0.004369249644865022, -0.011731983753378448, -5.348818151820668e-05, 0.9999410992762002, 0.9999501526681082, 1.0011605421430008, -0.24022715104717313, -0.03776159177788802, 0.16473015039732944, 0.09949149071080755, 0.18457299725030635, 0.19032724318418406, 0.09203769866152228, -0.024170896753773718, 0.1383950868087419, 0.00786245400236593, -0.008222716722399976, 0.01420981155747826, 0.00022168538487520164, -8.878185804451542e-06, -6.043262319027327e-06, 0.00022563071934357857, 0.13064667384191261, 0.1306760298838378, 0.004198053717875718, -1.5405096381967615e-05, -0.01770957843860226, 0.13544064670883485, -0.001691526216992722, 0.029424625826049478, 0.12767930762163168, 0.0012542485235074096, -0.002507104079187982, -0.00027220215518382963, 0.00015257967095510337, 0.0032538370704185975, 0.12652109005297466, 0.0011723330784077887, -0.008816043174528564, -0.004185284564757539, 0.15424956779119794, 0.0381507210681131, -0.05589748406606604, 0.16834674083579654, -0.01823464588380143], "infidelity": 0.001763158917727714, "energy_expval": -1.6996765670324683, "energy_error": 0.003077839874531474, "optimizer_success": true, "optimizer_nfev": 1074}