{"params": [0.008953468348892959, -0.00040803722215539443, -0.017287378199862886, 1.0000729526505021, -0.0071031619503399085, 0.003378657204183195, -0.0003277115511534489, 0.9818256824739462, 1.268587666093577, 0.00038030600352265815, 0.00014825001470747073, 0.0005113264403137348, 1.000089231453734, 0.02059058555382197, -0.002566222382481345, -0.08806154390294928, 0.09257125830382851, -0.0013157064441870908, -0.10139426735972447, 0.1062585866555716, -0.017892486120863912, -0.0008439005744771176, 0.003234937860155735, 0.0017028622677418706, -0.0006083559284055413, -0.0003956738591869828, 7.795164321292223e-05, 0.00024530683724578533, 7.945734043677038e-05, 0.009539896063701534, -0.020788213943264525, 0.0040572909511964505, -0.0001361249692826698, -0.0024609906733933633, -0.0035846265190491522, 0.0012929030614673312, -0.0017708392622249826, -0.0004219993598090397, 0.0014355504089391764, 0.0030856544406473924, -5.533900420002514e-05, 8.026420829712851e-06, -0.0009579607621024984, 0.0007166350360857565, -0.0001245279105945719, 0.001552293634997446, 0.027638018223786618, 0.0006193316624749046, -0.005807762786296459, 0.007768348895995693, -0.0007960702041978622, -0.0014048724461980164], "infidelity": 0.007032647025968508, "energy_expval": -1.8662074737832963, "energy_error": 0.00884365649674601, "optimizer_success": true, "optimizer_nfev": 1130}