{"params": [-0.2602871853508304, -0.0008943389857477384, 0.016072925686891705, -0.0016924577245031997, -0.0027469117933785845, -0.002507116393276576, 0.0007908427965669563, -0.012417514236672741, 0.014093960350374194, 0.00027274715929556746, 0.0043745686120371125, 0.00020622977407052466, -0.0063676858094406695, 0.003711602497056744, 0.0003478868003181607, -0.004666018421948245, -0.009932308305729219, -0.005874232266918153, 0.005828376943627594, -0.010167598530495807, -0.011125556210960098, 0.005220343749703689, 0.01012179745603344, -0.03152420702445919, 0.009024469274298784, -0.0005045794933301892, -0.00022730502603456423, -1.711078691905128e-05, -3.750621951493614e-05, -0.0016542125713633086, -0.012949004618583358, 0.004850836051683244, -7.00661563092906e-05, 0.007329842333496461, -0.00581393826431031, -0.05171052350013273, -0.012652111663339415, -0.026141732919882532, -0.006000714383720482, -0.012988691367209641, 0.0020867130584169137, 0.00012611038099846186, 0.006814753598313927, -0.007143164990106799, -0.0021139915712978176, 0.0030733519087430905, 0.0034309719571780674, -0.0031871591233152796, -0.003625356761803813, 0.010142381566653464, -0.012708095767910396, 0.006268892734438264], "infidelity": 0.003515427376643898, "energy_expval": -1.9103916139913022, "energy_error": 0.003980390412431145, "optimizer_success": true, "optimizer_nfev": 1698}