{"params": [0.00024285936402704115, -0.0004499876579117788, 0.0009567898128211253, 0.0014368903021438173, 0.00036906589246621884, 0.000575147000725831, -0.0006887243033139096, -0.00011902020277257339, -0.002900863750391615, -0.0007236234981595922, 0.00042114854591542554, 0.00020373693096688888, -0.0005525033217572467, -0.0021253444461548227, 0.00018198330316315168, 0.001553766747791958, 0.003830645253091736, 1.639032671027885e-05, 7.865902235329132e-05, 3.7455637417973384e-05, 0.0013838250927915034, -2.1302667223605753e-05, 0.0011458866090985687, -6.228740432198596e-06, 0.004039898567867774, 3.251956128088893e-06, -5.929828096948197e-05, -8.937485328524672e-06, 5.797890908267018e-05, -0.002592857118207379, 1.94352600946368e-05, 0.002564686977738224, 5.348237999110332e-05, -0.00028404521225751893, -0.0011345502196826727, 7.768898913506237e-05, -0.0025130052318847436, 9.150893753036528e-05, -2.261355501440987e-05, 9.693815073940377e-05, 0.003965280366584555, 4.433926295255732e-05, -3.901037262563777e-05, 0.0015981657748759827, 0.00033294003675743335, -4.177202312925568e-05, 0.013867338126203145, 3.216575597625297e-05, -0.0004975510813049771, 0.0003510954027386444, -3.653086093181378e-05, 0.0029472363541601355], "infidelity": 0.000123024215032852, "energy_expval": -1.4638137142754415, "energy_error": 0.00015330040967875824, "optimizer_success": true, "optimizer_nfev": 1151}