{"params": [-0.001310622622720637, -0.0006708571553228032, 4.546240621972215e-05, -0.0008345620524674101, 0.00032528128983755756, -0.0023958936725077735, 0.0005349069279827089, 4.928545008499132e-05, 0.00044113404649703586, 0.00012076760128822474, -0.0033903437192923406, 0.0010748453751630548, -0.0004056592225668502, 0.000521238709102062, 0.0015290198833958226, -0.002078953089231279, 0.004157169875639573, -7.773924447521193e-05, -0.0002851289169314804, 5.687540877226308e-05, 0.001267455239560641, 5.699701838763719e-05, -0.003940286783716035, -5.3871131432987425e-05, 0.0038757626564377935, 0.00031450386200294016, 7.346902976465519e-08, -4.6659802871331045e-05, -9.993590889259252e-06, -0.002700652632030316, 2.768663524900015e-05, 0.00373685347624142, -2.5288024543659403e-06, 0.0020261401338533274, 0.003940673286089015, 6.747804800092007e-05, -0.0027149537512805777, 0.0001100864944226832, 4.303270202785752e-06, -1.341755266499208e-06, 0.003925992299291121, 3.5872843924604486e-05, 8.920058577202943e-06, 0.0011771076085362621, -0.0019764812508717717, 6.231944483438879e-05, 0.01285978397564466, -0.00014577542328172999, 0.0015587043308708144, -0.0016784246285342014, 2.1128383205636634e-05, 0.004159767092582291], "infidelity": 0.00013758875451874708, "energy_expval": -1.9172631555333, "energy_error": 0.00013538450928729517, "optimizer_success": true, "optimizer_nfev": 1520}