{"params": [-6.157271148231814e-05, 0.0012669014980676537, 4.96327951037778e-05, 0.00041380508367411256, 0.0012374708660886486, -0.0003638494099244198, -0.00039151206744681474, -0.00030799931737113403, 0.0006780722795932136, 0.0007729431862638725, -0.0005867294569589208, 0.00043526449342934896, -9.091054583894584e-05, 0.0014859740112956891, 0.00032066020939415247, -0.0010759366511896257, 0.002974644834931784, -1.359621583529197e-05, 0.000274938377756458, -5.9043295911852866e-05, 0.0004992999781847511, -5.3190549610540026e-05, -0.0036643192891964538, -3.813268506126647e-07, 0.001338440271517412, -0.00029230994125018064, -7.24614768587084e-05, 4.415715765503448e-05, 9.66738113604129e-05, -0.0010149941489695413, 2.298777756936269e-05, 0.002283886429625477, 3.343916943692201e-05, 0.0016738805152162126, 0.003655909832723922, -3.189580488508153e-05, -0.0008975030447097088, 4.349154731855581e-05, -4.264891042392703e-05, 6.891535670686489e-06, 0.001412549985503058, -2.73380209243577e-05, -3.905541619916311e-06, 0.0005068752986917697, -0.0016376122830070925, 3.007915414583835e-05, 0.0057661715108713145, 4.9513723020528964e-05, -0.00012510908237178126, 0.00018788781186274703, -5.7195104520531e-05, 0.002597736325079184], "infidelity": 0.0001154413031310142, "energy_expval": -1.9045995313610833, "energy_error": 0.0001549597128898128, "optimizer_success": true, "optimizer_nfev": 1212}