{"params": [-0.005839660632003953, -0.00033240937681529536, 0.0016517634496684877, -0.0018265170786445086, 0.000735934970446855, -0.006227419261601147, 0.0005709767798687255, 0.0033070216232400336, -0.008839782602098025, -0.0002360351308963624, -0.0009946654508616714, -7.707089209369153e-07, 0.0019513683535827152, -0.010244395809974488, -4.3436192191421905e-05, 0.0006572235247367413, 0.003250636705550689, 6.803590635646228e-05, 0.0006074926238777932, -3.722280009005383e-05, 0.0003542251131212091, -3.1366678033612895e-05, 0.00020680177585840874, -6.30226610468822e-06, 0.000920013335401259, -0.0006412260891557282, -1.866298831199347e-05, 5.4786369996511335e-05, -6.825160677942432e-05, -0.0004822952946044807, -5.214065023695834e-05, 0.0032078255764872972, -5.6219581617758744e-06, -0.00031565397578563106, -0.00028477433677418125, 4.776806415291565e-05, -0.00046068384883182035, 5.7715301234635007e-05, 4.3078660692439624e-05, -9.04179826265312e-05, 0.0008438519731899312, -2.3493025946868095e-05, -3.1622166555170543e-06, 0.00031906058131296437, 0.00030308707032150156, -1.8665472405389206e-05, 0.019939920715491707, -9.588181524677888e-05, -0.004605950700374871, 0.004632389197034639, 2.3190026548256743e-05, 0.0011371351186240022], "infidelity": 0.00029795445229297, "energy_expval": -1.12454792145564, "energy_error": 0.0005289884339574336, "optimizer_success": true, "optimizer_nfev": 1331}