{"params": [-0.0012225938502140811, 9.040889326465869e-05, 0.0002040754315947195, -0.0005813880225573327, -7.294387432845577e-05, -0.001457877338987324, -0.00043291216935511845, 0.0009730001179151055, 0.01567401719827559, -0.0006203976578491392, -0.0020288961620176737, 0.0002826260625260413, -0.0010247329814962395, 0.014882824749827484, -0.0006293538221659615, -0.0010102869150218734, 0.004326193190131997, 6.579903162495511e-05, -0.0003249001010116688, -4.094135817946645e-05, 0.0014242868066208353, 7.077148642683972e-05, 0.00563366618312002, -6.08523518530979e-06, 0.003345009088150766, 0.00031615814405654055, 1.2881893101568268e-05, -1.882752226769413e-05, 1.3558602199314755e-05, -0.001979339241569203, 2.8242802533524487e-05, 0.002144448757548505, 1.3475062801105566e-06, -0.0011891953788693477, -0.00559599486301557, 4.9997863470179935e-05, -0.002046257634667911, 4.184819236733452e-05, -2.2599915617308018e-05, -1.0156007517954369e-05, 0.003430626119880162, 0.00010162657792888406, 6.060845484093637e-05, 0.0013741069663584383, 0.0011710120663326988, -1.9220998048802737e-05, 0.01735221771635263, -0.0001051512967997883, -2.3348717189757974e-05, 0.0001484852803972245, 4.757585808248972e-05, 0.003047537083819871], "infidelity": 0.00012521468562010085, "energy_expval": -1.6792420020978258, "energy_error": 0.00017455099696883636, "optimizer_success": true, "optimizer_nfev": 1706}