{"params": [-0.0005927055125361783, -0.0013463510959741153, 0.00031874521275498073, -0.00014145984621867993, 0.0005617127237562765, -2.270794081685373e-05, -2.6209676108418376e-05, 0.0010314585205748643, 0.0040398510313174795, -0.00025827354533935896, -0.0007513847843276542, -0.00038168325083573945, 0.0002779298249029888, 0.005188121683911916, -0.0008865165779004622, -0.0016126725575694215, 0.004626896594166861, 3.804391160113424e-06, 0.00028619705669577836, -5.1102040348253296e-05, 0.00027211092174879946, -6.767010443652469e-05, -5.877870957742874e-05, -1.1163282328419462e-05, 0.0008888115769895536, -0.00021950777727045988, 6.025434441354052e-05, 2.5169136346924574e-05, 2.2582481232507533e-05, -0.0005840369349715781, -1.088022471508969e-05, 0.0018228203775457958, 1.698971207655783e-05, 0.0009744608424054241, 8.897634864299147e-05, -1.1190617575838508e-05, -0.0006201356036339323, 4.581985920849863e-06, -1.3602743834385306e-05, -6.408440259824426e-05, 0.0008049563739017855, 2.751000526827538e-05, -5.0547245031129205e-05, 0.00026273125262409004, -0.0009868993774450711, 4.776737850431363e-05, 0.0013025393137222796, -1.3152550819838982e-05, -0.0010164386321464883, 0.0010530722216679441, -7.081370085275394e-05, 0.003985543579875339], "infidelity": 0.00010264587276276327, "energy_expval": -1.1774435157945073, "energy_error": 0.00017606019133387107, "optimizer_success": true, "optimizer_nfev": 1096}