{"params": [0.005179666763997437, -0.0004114270060783146, -0.00035987653427854526, -0.00018400958782006512, 9.044055416949787e-05, 0.004173922403563718, -9.438713717323953e-05, -0.0010081924155083293, -0.0678069965186991, 0.000608384293007593, -0.0011591200550677737, 0.0004791243877390656, -0.000671632152107079, -0.0668019681869054, -3.2218509993137316e-05, -0.0008297416084581367, 0.0031658674040800513, -3.7103631244618026e-05, 0.00036207055870534044, -3.5127597533159465e-05, -0.0009692806649545591, -5.0705849214433024e-05, -0.001208372460416268, -8.65567710242972e-06, -0.001954519263553819, -0.00022760822312263126, -4.695164700754092e-05, -1.4535780373413956e-05, -4.135951337583071e-05, 0.0010361094016482209, -7.016430333197743e-05, 0.0030375697546812146, 4.794571454917959e-05, 0.0009160440459307539, 0.001154836618303201, -4.103405104463028e-05, 0.0010595176251359526, 5.529830561316484e-06, 1.534672660215659e-06, -2.6179439746919903e-05, -0.0019836584307019365, 0.0001009157219737413, 0.00018737169328396846, -0.00095549727246422, -0.0007632405779782911, 5.5969582205915625e-05, 0.029304077652359123, -5.7146223095797944e-05, -0.0033170698348070917, 0.0030621201520008804, -7.359047216726157e-06, 0.000877672521021756], "infidelity": 0.00014327370257516403, "energy_expval": -1.101441250568441, "energy_error": 0.000146422205159924, "optimizer_success": true, "optimizer_nfev": 1870}