{"params": [-0.011111145882088036, -0.0012682229765137044, 0.0012759049288167167, -0.0014307201847490508, 0.0006622614224776614, -0.01262329644430323, -0.00041912469319150983, -0.00033015357706790845, -0.00010366577274252175, 0.0006348809768269967, 0.004650451611554479, 0.00015891235151424912, -0.0009021812185506933, 0.0010933643513417713, -0.00017815321202968083, 0.005725957299090037, 0.0021099244917452023, 4.7113798285368196e-05, -0.00045904539155173114, 0.00014048415200079752, 0.0018240215806180587, 2.795740449955291e-05, -0.0007175702455343616, 1.6540205571517228e-06, 0.0030366669623981416, 0.0005679041559101074, -4.328075541964877e-05, -1.3778233557752575e-05, 0.00011085087037635295, -0.0011100196133366793, -6.133186212872026e-05, 0.0031358554860563353, 4.429015260356463e-05, 0.000203676435279868, 0.0006647923456632597, 3.4342847531775166e-05, -0.001115628422351341, -3.594574261778054e-05, -8.999849411057921e-05, -7.777866611933199e-05, 0.002970504286136343, 5.118296985531226e-05, -1.252373227779439e-05, 0.0018623739728914706, -0.00020957474480690316, -5.4495073287778873e-05, 0.03274117831384649, 8.74931895402462e-06, 0.0016116082476602621, -0.0016773762714452816, -4.2960006749865805e-07, 0.0005665208351025103], "infidelity": 0.00031147069893056045, "energy_expval": -1.8444674065839763, "energy_error": 0.0005879124821350779, "optimizer_success": true, "optimizer_nfev": 1444}