{"params": [0.0005196139494982481, -0.000777649703171462, 0.0020661499807236635, 0.00010091164634761095, 0.0007509311587822051, -0.0027396399138396657, -0.0003457404214323385, 0.00022122843543345675, -0.004888843727781026, 0.0009553082350299135, 0.0006835284756125024, 0.00013826542817943043, -0.0002848900342291612, -0.004319710647561718, -0.0001029439932343608, 0.0012786098342545493, 0.002941359986530337, -2.69020198677176e-05, -0.00040014049790434476, -2.1322064131504998e-05, 0.0013607826631757843, -1.0492588476839843e-05, 0.0004834403171815121, 2.296909947616379e-05, 0.0023726395144952066, 0.00042866454823157373, 1.065353966136885e-05, 7.171948226204524e-05, 1.8036744863499234e-05, -0.0009950564401270724, 8.136394178686314e-05, 0.0021506289687131925, -2.808198922908498e-05, -0.0003300859450268031, -0.0005259152609565422, 3.718105987651558e-05, -0.0008848253514156911, 8.94442594857064e-06, -1.2377412173891616e-05, 2.4582431429972843e-06, 0.0023708571750286856, 5.4257021110215605e-06, 1.4637541164863195e-05, 0.0014876262552869764, 0.00043607189774769254, 1.9767081686592748e-05, 0.012522510780160227, -2.207216740040833e-06, 0.0006385234004689796, -0.0006518998550301163, -6.154898102800159e-06, 0.0010068711059915678], "infidelity": 0.00018115897633153022, "energy_expval": -1.713936527852488, "energy_error": 0.0002820409361365961, "optimizer_success": true, "optimizer_nfev": 1160}