{"params": [0.0009529795871373551, -0.0006571321709467702, 0.0005743461284907533, -0.0006775158549438954, -0.0012065083294710986, 0.0017660371153554715, -0.0008188436629874361, 0.00043517113422581404, 7.687731602170554e-05, 0.0004476916036363218, -0.001147036643159254, 0.0018464979518062112, -0.0009291611430608759, -0.0016147208484928388, 1.4610058564259628e-06, -0.001327066589948025, 0.0030252134591931463, -7.721891974510011e-05, -0.0002184190339203612, -0.00012030724249630942, -0.0003621992754003768, -1.3779716261361467e-05, 0.0026278969813950336, -5.214174406477352e-05, -0.0007130008207585373, 9.797296116688627e-05, -7.015746505200197e-05, 1.9479273655785594e-05, -8.269942213437187e-05, 0.0004074200339241693, 4.547153550560273e-05, 0.002047156625860685, 7.737555344949489e-05, -0.001074017675967162, -0.0027174124349366464, 4.560980958934984e-05, 0.00043107839737764153, -4.7773130315811315e-05, -0.00012008435012148885, 2.5789551969442273e-05, -0.0009311354884457108, -1.8962392550538684e-05, 6.580431938456935e-05, -0.0004851230746751739, 0.0010945623330123637, -2.1379659500427684e-05, 0.005073197621347173, -8.852918816531275e-05, 0.0010655671154020908, -0.001046129392129664, -7.231376820566852e-05, 0.0024066632004979193], "infidelity": 0.00014643610849385258, "energy_expval": -0.9616141780553723, "energy_error": 0.00021075962739314225, "optimizer_success": true, "optimizer_nfev": 1208}