{"params": [-0.005465586284598339, 0.00025205328852499813, 0.0008680030224112367, 0.000581422848413909, 7.733506334896892e-05, -0.005523695515254501, 0.00036709097668828026, 0.0007513264603634507, -0.02864802310197664, 9.369858176488866e-05, 0.0010088196688504015, 0.00024329428445368052, 5.222088256230288e-05, -0.027475290157513627, 0.0008244294405513928, 0.0008550137610810376, 0.0034293163957022587, 2.879334658192001e-05, -0.0007550626968077528, -3.0209786304534953e-05, 0.0017482324703411763, 4.823962015753832e-05, -0.0020679556574515414, 3.7813790158904295e-05, 0.004113642959863434, 0.0008094844918035041, -8.991559231277125e-05, -7.727012737082431e-05, 0.00014291445988382583, -0.002258130827370916, 7.09899489869242e-05, 0.004497528830803865, -5.0133915527604726e-05, 0.0003609474614698351, 0.0021775285502695224, 6.159047632258633e-05, -0.002195624089536142, -5.807312957781002e-05, -2.2871966076719404e-05, 7.007465355489235e-05, 0.004093090913163354, 4.2012585132294306e-05, -6.62574411824186e-06, 0.0017688019492715778, -0.0004276676578438813, -1.4657721945381932e-05, 0.024780228455911858, -1.7842574462326283e-05, 0.0029850821107811, -0.003019889559152004, -1.2870505978847522e-05, 0.0014220052816620123], "infidelity": 0.00015655850115259273, "energy_expval": -1.7694248628398015, "energy_error": 0.0002192944454220136, "optimizer_success": true, "optimizer_nfev": 1567}