{"params": [-0.0012886926314949693, -0.0013697618043312396, -0.001667800006178184, -0.000438968600079913, 0.0006431025242816756, -0.0019104028974893349, -0.00018404538534398543, 0.0007541723583126114, 0.006339944700244736, 0.0003318534987121238, 0.0001415427346707328, 0.00018116652283861983, 0.0010558875490799223, 0.004975710186044472, 0.0006798803074356952, -0.0011377857478104515, 0.004170617748714217, 3.8474656540607604e-05, 0.0002685214440898586, 4.363022557706637e-05, 0.0007552827715394794, -7.989700320675933e-06, 0.004147724701932287, -7.884607531493442e-05, 0.0011670446546685651, -0.0002554234024595216, -4.288813773638961e-05, -1.6797641904323314e-05, 8.906338184466327e-05, -0.0004344753491797233, -5.631877582680841e-05, 0.0021624120691994234, 5.4673897752868325e-05, -0.0007500779383817417, -0.0040818667948535475, -3.2388357460786695e-05, -0.0004411666028548151, -1.4409419069512382e-05, 5.812662319099331e-06, -6.399849224742649e-05, 0.0012519221663147132, -3.782862905484775e-05, 6.004603171209257e-06, 0.0007003141940970812, 0.0006948494659930171, -0.00011864000578829797, 0.009889468185606607, 7.916889171006051e-05, -0.0019489370681604068, 0.0018631981668327758, -6.0893443692046895e-06, 0.00232178067539559], "infidelity": 0.0001368478896858205, "energy_expval": -1.2365256544038985, "energy_error": 0.00020588560407719392, "optimizer_success": true, "optimizer_nfev": 1344}