{"params": [-0.0010076357167272502, 0.0017843382760226584, -0.0007929142269799894, 0.0004991695894110013, 1.7607134566111823e-05, 0.0010460245509156044, -0.0001837910994292921, -9.339399608420305e-05, -0.00048763391228879086, 0.0007958812201814421, -0.0009284670820117762, 0.0014416058996903627, 0.0003283064305215201, -0.0003498121945150884, -0.0008077890323063373, -0.0011735185617081298, 0.0028094814009978664, -1.5824727355799173e-06, 0.0003729517860502232, 9.956359705594236e-05, -0.0003151991715077169, -6.142605552175766e-05, -0.002392590581984912, -2.3237781679017295e-05, 2.3087890679217105e-05, -0.00037829253544526936, 4.788278394407984e-05, -2.9933524369708207e-05, 0.00010109496847129203, -0.0004139478277151458, -1.685197354068808e-05, 0.0021880482387397265, 6.162256982671834e-05, 0.001529653757889883, 0.002428769338028669, -8.758503276508761e-05, -0.00019523331499216292, -6.951675819080576e-05, 2.9630643827689207e-05, -6.191555429545573e-06, 2.705120339695346e-05, -1.79844517945464e-05, 5.392911377071879e-05, -0.00026504717878175174, -0.001543453203861482, -2.5614686919669262e-06, 0.0038528360640917147, -2.461608171735807e-08, -0.0014582035263103613, 0.00149568407961236, -6.801432078474088e-05, 0.00321487629781266], "infidelity": 0.00012134711931444109, "energy_expval": -1.5694856207313508, "energy_error": 0.00017948747241414154, "optimizer_success": true, "optimizer_nfev": 1181}