{"params": [-0.0004810148432515574, -0.0003805676347495268, 0.0014476758315517244, 0.0006503676155334483, -0.001145888627407348, -0.000367494354577514, -0.00018100040716094665, 0.0013591865021917368, 0.017571807004038664, -0.000261376234477057, -0.0017841229237088854, -0.0005969233557453844, 0.0014504039045358946, 0.018343882932897765, -0.00044094045623111665, -0.0003538446781213987, 0.005669227146517275, -7.493782006646554e-05, -0.0003882087036571248, 1.8084851210785914e-05, 0.000924778900885674, -7.29654953557769e-05, 0.0013334927847592313, 7.2687588311782615e-06, 0.004030621838475641, 0.0004573082189437891, -2.8817458708384975e-05, -7.928643959877859e-05, 4.5001181059998915e-05, -0.003120311894808839, -1.7407164371463114e-05, 0.0019894600284665236, 3.525720722593962e-05, -0.0006531322158392823, -0.0012080638766337826, 5.7216066809460066e-05, -0.003132584765789149, -0.0001597435724377951, 6.557054440505155e-05, -5.78602284517843e-05, 0.003985540958632841, -9.350837889772236e-05, -4.659435579368382e-05, 0.00088590424691175, 0.0004479444177362176, 1.5190145773771975e-05, 0.007496225072085409, -5.074561531182547e-05, 0.0009370034130102584, -0.0009766783182558563, 2.287121600704306e-05, 0.005805569376156218], "infidelity": 0.0001624418996469812, "energy_expval": -1.780264742531665, "energy_error": 0.00019319180800314584, "optimizer_success": true, "optimizer_nfev": 1563}