{"params": [0.008762049714820992, 0.00013950174721361235, -0.0025454779089129904, 0.0004051140793823636, 0.0005797383017588678, 0.008748032922256737, 0.00017526030139007167, -0.0021344163141072247, -0.04246512940042721, -0.0008693364345219613, -0.0033372397219442415, -0.0002268102563575336, 0.00015655811990637885, -0.04202407223125814, -0.0006706935644924381, -0.0031022197064456297, 0.0031412528609179756, 3.854083068147147e-05, 0.0007658316644264262, 5.14645702600916e-05, -0.001193516915724459, 7.0250823082153e-05, -0.0034974956126028146, -3.815077581980656e-05, -0.0021373960639054237, -0.0007979083646747399, -6.822696056203803e-05, 3.3896609421123275e-07, -4.811071451552506e-05, 0.0010535145319243901, 5.761120276494044e-05, 0.003330881485271019, 6.458737113479253e-05, 0.0010063118263205922, 0.003560499130316564, -9.227590209265094e-05, 0.000979528082291008, -1.665684515007678e-05, 1.9847105657916967e-05, -1.1829543368781682e-05, -0.002182533570023167, -3.2809267632578965e-05, 1.7761253227694413e-05, -0.001161570572600545, -0.001063390146323416, 2.584349707670132e-05, 0.03229067893143613, 2.8402376065224658e-06, -0.00557575430685085, 0.005557195556856599, -1.3035307426114462e-05, 0.0016904301198512476], "infidelity": 0.00020739857207452417, "energy_expval": -1.5836210435655211, "energy_error": 0.00025330336703133227, "optimizer_success": true, "optimizer_nfev": 1634}