{"params": [-0.0007447426701662731, -0.0005774221949746081, 0.00013735600477872908, -0.0002350273880299349, -0.00032432552948855726, -0.0014840640154374133, -0.000758662924774186, -0.0002721288652477713, 0.0009443856533496095, -0.0003267071657395997, 0.0008332434664411084, -0.0004228118224133257, -0.00042514808604035857, 0.001601269168929917, 0.00100653699438987, 0.0022864749651871053, 0.0030239345639394236, -6.182055314626721e-05, 0.0004383421692710121, 8.601670690805238e-05, 0.0004273075905420402, 8.347095547782105e-05, -0.004803976977785166, 6.452544923756656e-05, 0.0011393843220623289, -0.00034980583667225005, -1.9167963204248194e-05, 8.970268822033829e-06, -4.000299005571178e-05, -0.000681054977866823, -3.0055533861002e-05, 0.0027615789375818917, -2.5424405401872194e-06, 0.0018302151850267169, 0.00489891480407616, 9.899942269977347e-06, -0.0006886794775827667, 0.00011688348562300466, -2.5034792133843397e-05, 2.2593082464385227e-05, 0.0011664801330014897, 3.212955792485839e-05, -2.4088717948936776e-05, 0.0004816469767489001, -0.0018033124402948692, 4.935426245629708e-05, 0.00944741105541553, -2.9119186035221567e-05, -0.00041348636395872765, 0.0004251091630998367, 3.751543808024216e-06, 0.002418675159112261], "infidelity": 0.00010597724806415965, "energy_expval": -1.8602486232661455, "energy_error": 0.00015088250913808388, "optimizer_success": true, "optimizer_nfev": 1559}