{"params": [-0.0013104183463360625, -0.00038080750633897177, 6.330840741485124e-05, 0.0013583557800264127, -0.0006434494868963244, -0.00122562018955799, 0.0002960240691961195, 0.0021595163387860103, -0.006446137491391634, -0.0008297044791017488, -0.0011541595485436047, -9.228656399813483e-05, 0.0009779617561096335, -0.007098359212238829, 0.00043450405038053834, -0.0006354631975253279, 0.002884241753233517, 1.6826873830814722e-05, -3.730343510156826e-05, -5.2844472479512855e-05, 0.0013207766084910146, 5.040309075429377e-05, 0.0035915149018715445, -1.749896588367137e-05, 0.0026381686166387854, 0.00011512066285418092, 7.670346715612723e-05, 2.4015492401654237e-05, 4.521630766392702e-05, -0.0013672702041709018, 2.120695535093867e-05, 0.0033384951165455726, 4.327331123275721e-05, -0.0014363897602183257, -0.0035303621628736967, 3.3821703313342556e-05, -0.0014425598813974495, -3.750739326954096e-05, 1.2728311218258627e-05, -5.501655889899458e-05, 0.0026357584527997935, 3.0318177702091093e-05, -1.981237136878073e-05, 0.0013015088824386404, 0.0013038056939819382, -7.106967219978594e-05, 0.01775084020968598, -8.09915700912949e-05, -0.0011518367434765154, 0.0010488708713558268, 0.00016021473424396242, 0.0015928296470620789], "infidelity": 0.00015551957469706057, "energy_expval": -1.9052986125051041, "energy_error": 0.0001960527449953453, "optimizer_success": true, "optimizer_nfev": 1398}