{"params": [-0.00023122541080915256, -0.001752281034197939, -0.0015611718497814573, -0.002353078643752397, -1.5395826431879484e-06, -0.0006080912559800006, 0.00032324033264084567, -0.000862123721036925, -0.005541845846851616, -0.0004912037293463718, -0.001827188014570715, -0.0018507652969532362, -9.324276144253922e-05, -0.004933857099509048, 4.857287367232787e-05, -0.0019428884441324468, 0.0038076835981454516, -3.0215107743227834e-05, -0.0005967129999793199, 1.7063848064790223e-05, 0.00033322099583888787, 5.324962985352202e-05, -0.0001501334593776913, -2.515102402008389e-05, 0.0014032069495624546, 0.0005305301065726417, -0.00010103564961359661, 3.2938514980141175e-05, 6.464182361077185e-06, -0.0011492637755382987, 8.335856877675162e-05, 0.0027120735773858203, -6.0195272654238475e-06, -0.0008719305617707689, 7.41204399693137e-05, 2.1966832075571756e-05, -0.0010234981308613676, 0.00011918720410008177, -6.872560238692467e-05, -3.969848823008906e-05, 0.0014023882266363107, 5.449311681183479e-05, -5.97547186784512e-05, 0.000379201056439603, 0.0007848199851161697, -5.107821983629671e-05, 0.003999699155167696, 2.310552467442575e-05, 0.0025317384299714013, -0.002634981273819746, -2.9316689520298865e-05, 0.0035773931231439346], "infidelity": 0.00018942711751290808, "energy_expval": -1.186522675938167, "energy_error": 0.00027699963140759287, "optimizer_success": true, "optimizer_nfev": 1096}