{"params": [-0.0015781002996250657, -0.0018860836731328867, -0.00010307295581063252, 7.397396433457197e-05, -0.0006510135145455607, -0.0006203534819384412, -8.303433286996753e-05, 0.00019206177031937604, -0.005584717229397431, 0.0001927419446327296, -0.0040494699759497255, 0.00045337857763121873, 0.0007065606142959009, -0.005189605363871714, 0.00010437434679641172, -0.0028893236848558167, 0.004749641674614973, -3.412800856672153e-05, 0.00016409915457947578, 5.7849944482047836e-05, 0.0013349417846851876, 3.733528247159257e-05, -0.006520333910765137, -1.4890361468216226e-05, 0.0036130778744270175, -0.0002494445472131625, -3.535300218988917e-05, 1.5014313755796357e-05, 1.1479545391326776e-05, -0.00215190662190366, -6.252370293605783e-05, 0.0033081594333009556, 0.00010064971662482824, 0.0020289985536718, 0.006273839936708705, 7.922561053805905e-05, -0.002195278216709736, -3.9340232410287554e-05, 9.327992257832578e-06, 3.7358385626256354e-05, 0.003467765344101237, 7.81896340929679e-05, -1.9526865616656037e-05, 0.0013019717787178743, -0.002080029186436543, 6.429116183717265e-05, 0.014934270634485576, 7.060774050191828e-05, 0.00027607361302510274, -0.0002365080044373469, -4.503607264081982e-05, 0.0037791127907557645], "infidelity": 0.00018315934619217433, "energy_expval": -1.9992370007853129, "energy_error": 0.00023951461503646243, "optimizer_success": true, "optimizer_nfev": 1480}