{"params": [0.0003028708770219229, 0.0013763786448234168, -0.001957041471258372, 0.0006121036936821422, -0.001862479608667124, 0.001750862935181721, -1.9763773122209617e-05, 0.0003868872137556856, 0.0007564078098190638, -0.0006757438043800823, -0.0002045883187622928, -0.00011597951835061434, -0.00028592018854964866, -0.0011100077523961934, -0.00013408813143483132, -0.00023910922318484335, 0.003120868455096422, -1.574675169797577e-05, 0.0004706210713107441, 1.0978895218599114e-05, -0.0006234793192113336, 5.1219127274928375e-05, -0.0024544286549416645, 4.177716798511009e-05, -0.0006578197490884255, -0.0005217184142716458, 4.234957959653634e-05, -6.2433260213294495e-06, -4.8496582924157455e-05, 0.00020408908403593524, -3.038709408136633e-05, 0.0022417853375026153, -2.0733897678959225e-05, 0.0009877569974036183, 0.0024921116949400543, -3.046362136567104e-06, 0.00017921578345801083, -4.909870752535941e-05, 1.2280493888944381e-05, -1.4542227126302741e-05, -0.0006682523200147335, -4.9687514648960134e-05, -4.023987710563404e-05, -0.0005034519422726256, -0.000922598374337438, -2.7814238131181256e-05, 0.006438831024726065, 9.104984262240427e-05, -0.002261485858195832, 0.002204479482406534, -2.892184059364277e-05, 0.002570725325361057], "infidelity": 0.00014335654786279406, "energy_expval": -1.4278653185788055, "energy_error": 0.00020123557781848156, "optimizer_success": true, "optimizer_nfev": 1315}