{"params": [-0.0014423654361019726, 0.00018889037426799769, -0.00022688017547316198, -0.0018349384052582056, 0.00033486149359112884, -0.0011845414206421393, -0.000160925936904171, -0.0014040947556025144, -0.017503752525509387, -0.0007056800840263578, 0.008483503329424881, -0.00015007495361904705, 0.0008506842242104578, -0.018844564523996674, 0.00130929389076982, 0.008523591600086838, 0.004677714323772156, 8.77102417903557e-05, 0.0013129319977556071, 7.53277859749201e-07, 8.608325850846852e-05, -3.178706304819426e-05, -0.0004748401848685361, -5.112624033958015e-05, 0.0044378408696087186, -0.0013866105371954883, 7.749941789475084e-05, 3.058724925886165e-05, -6.26854172931519e-05, -0.004123314568961592, -0.0001784325258925293, 0.004829290173943353, -1.4704521384638416e-06, 0.0017128957040065678, 0.0005654070720097174, 3.894738643836186e-05, -0.004358468523202694, -2.9109351205397482e-05, 0.00010601161039899877, 3.291415629767525e-05, 0.004360869423659366, -5.236514348124574e-05, -4.04527075215517e-05, 7.135885434503367e-05, -0.001677878346985319, 1.1812361115940273e-05, 0.010711264687062398, 5.407486911033791e-05, -0.004775203361912642, 0.004859318311353789, -4.700669003800551e-05, 0.008352893408351948], "infidelity": 0.0003947324295544563, "energy_expval": -1.839206901977411, "energy_error": 0.0006003738203206321, "optimizer_success": true, "optimizer_nfev": 1667}