{"params": [-0.002649258118599334, -0.0004980946678316204, 0.00527041789650877, 0.00018873957728244374, -0.0004129972106611982, -0.003176967389519399, -0.0007616075656623849, 0.00506673453459934, 0.004736949302786859, -0.0006478773776533986, 0.0018530041025538785, -0.0007640107977643124, -0.0010120396683947904, 0.005803404438755872, -0.0009134589553667398, 0.004336473310865091, 0.005721801526533561, -1.0987371842870454e-05, 0.00041288707619402436, -5.245625586843557e-06, -0.0006637269912812447, 9.191435427358118e-05, -0.0012971840733843327, 6.0764523635556915e-05, 0.0027781924504534376, -0.0004020565764037551, -1.3781974898864452e-05, -6.778504394433409e-06, -2.421534354288974e-05, -0.003366312846514767, 2.9453283578899726e-05, 0.0029450664386874224, 6.707652738492909e-06, 0.0008342501050068239, 0.0012650474166775309, 2.7407195301722037e-05, -0.0033640287504722276, -3.5143434181949854e-06, -6.574193765568108e-05, -0.00013462237052202323, 0.002724325124599623, -8.827074218865004e-05, -1.542631549812046e-05, -0.0006376860697919033, -0.0007551019523277821, -9.050857831657573e-05, 0.002083861524088012, -2.123747761219006e-06, -0.0019985581617486575, 0.002012818696427141, 3.9717994011272204e-05, 0.012970867368682845], "infidelity": 0.00025192110330996, "energy_expval": -1.8303901542735095, "energy_error": 0.0002975081467424534, "optimizer_success": true, "optimizer_nfev": 1382}