{"params": [-0.0013613447114007625, -0.0006835951541771604, -0.000793173251845728, -0.0002799284991750242, 0.0004679791899390066, -6.367690295488536e-05, 0.0004560236788662724, 0.00019642001464226916, 0.0008017066493618974, -0.0012560305956595974, -0.0011281559066446262, 0.0008861992905258001, 0.0012276553901246696, 0.00028126456872372977, 0.0005511758889106336, -0.001463018299886304, 0.0038346419773312513, -3.32289574635385e-05, -0.0004903035193391007, 3.310250493636069e-05, 0.0005099700209387851, -8.595422059765983e-05, -0.0029655261765260876, -5.106066186278729e-06, 0.0015449939601878627, 0.00041083450988027055, 8.413546640526991e-06, 1.651414401896949e-05, 3.999493026781865e-05, -0.0010838932501483064, 2.055594357453584e-05, 0.002532418976628169, -2.424624152115427e-05, 0.0016657542819014136, 0.0031168131840974772, 7.791601115449973e-05, -0.0010589884498378198, 3.038179400040465e-05, -5.095778221104718e-06, -6.995055840924396e-06, 0.0014614922363965575, 1.928158193068347e-05, -9.72367423040781e-06, 0.0005230936425675266, -0.001659641434936219, 2.531617945988224e-05, 0.004456445259957885, -0.00010914624524624589, 0.0017951327999010064, -0.00170994000695544, 2.2057632644387004e-05, 0.004636868551961223], "infidelity": 0.00013097413340046327, "energy_expval": -1.9272978056011596, "energy_error": 0.00015141089589576495, "optimizer_success": true, "optimizer_nfev": 1253}