{"params": [-0.0005198199373680637, -0.0002056538276292555, 0.0010482224839635304, 4.6905990134488016e-05, -0.000823059090348975, 0.0019107438892934422, 0.0004883002155866351, 0.0009405603894299019, 0.008489865448649445, 0.0010408503619286267, 0.0002655056149390615, -0.0004742232579498993, -0.00031475270568209366, 0.00778915628266382, 1.2156176153586523e-05, 0.0006406226210571109, 0.003953742672029855, -5.273701637753131e-05, 0.0012957281581122745, 4.545032896921764e-06, 0.001874560507523713, -3.3105513698865694e-05, -0.006611226659252491, 4.562996533185477e-05, 0.005258049136432201, -0.001416136917369272, -9.536149594296872e-05, -4.385940140163719e-05, -4.3335356390436705e-05, -0.003427309402290308, -5.456643751001779e-05, 0.004468177371924647, 2.394355650039321e-05, 0.00251463356767801, 0.006618536251178121, 5.2155268646844426e-05, -0.0033693445271236163, -5.7079305360678434e-05, -4.222377039122905e-05, 4.396045590729923e-05, 0.005210974658386061, 9.046998387601522e-05, 5.528338219322324e-05, 0.0018377798366070452, -0.0024806720992863944, -3.0153155903761083e-05, 0.029015544315780815, -0.00015120899432226646, -0.002689165034857714, 0.0026062283488533173, -7.232417228270279e-05, 0.0036252068985797386], "infidelity": 0.00011245866281039962, "energy_expval": -1.9709727409815416, "energy_error": 8.989495358657784e-05, "optimizer_success": true, "optimizer_nfev": 1603}