{"params": [-0.25938374091203803, 0.0006445268640341227, 0.011993047784072708, 0.000565723180641905, -0.017058707340755926, -0.0013406411486448354, -0.00022757946171674537, -0.011146929161521208, -0.009438387456977719, 0.0002816553739329376, -0.0009281162793249836, 0.0003100164356464857, 0.0015777935928326322, -0.01693617785183992, -0.0057470287407123755, 0.00561870561154878, -0.002815943832457971, -0.00294703619495783, 0.007841685771748774, -0.010247748431559298, 0.005819081973240516, 0.011710725283531155, 0.008398712829812477, 0.0018526437099827923, 0.010503937300660002, -0.00027059047869552216, -0.00023883852101233964, 3.720583963238808e-05, 4.960640070737312e-05, -0.02448441664169507, -0.030096229448696967, 0.0034831613205884866, 5.9216471425992465e-06, -0.023644398548795305, 0.003208672338765501, 0.008502707568373128, -0.010616142818528867, -0.009369146628837054, -0.005497744228732954, 0.010515716716074553, 0.002997790422478912, -0.0003356599545263908, -0.0008035989413720367, 0.008761903080268413, -0.0005751816036136867, 0.002162327831788905, -0.01118008229578827, -0.001596138578133701, -0.006477701801410887, 0.008129746906359382, -0.02103380598924886, 0.005923889470731377], "infidelity": 0.0051014434864564695, "energy_expval": -1.85108595508385, "energy_error": 0.00818812752010567, "optimizer_success": true, "optimizer_nfev": 1413}