{"params": [-0.0021104365510398334, 0.0006152075811614079, 0.0006343271479277395, -0.0002134186823552106, 0.0005402560159632682, -0.0027035625128369934, -0.0002464452623662678, 3.7595631323369167e-06, -0.002954080605413637, 0.00012587920520818434, -0.0013094487809710796, 0.001041489726726916, 0.0008947237421794754, -0.005602961838098417, 0.0011700096632396323, -0.000888759494475905, 0.003931258037995841, 2.1046525667914076e-05, -0.00025100339147519294, 5.2272887141191105e-05, 0.0011986778582541466, 2.8175259694664103e-05, -0.0035986879113655604, -1.4399534524431484e-05, 0.0023318891517570915, 0.00017553478409391247, -1.4730027517504107e-05, 1.267020121776565e-05, -1.2125786381320389e-05, -0.001166117082372986, -7.064705504546893e-05, 0.002255732006740591, -4.155676181275191e-06, 0.001027218907052713, 0.0036930091006374143, 1.07909893586804e-05, -0.001145551586246132, -1.0536963869692413e-05, 4.175588502118109e-05, -3.395619490387192e-05, 0.002467451302062255, -4.474401164172651e-05, 5.804651204576419e-06, 0.0012650850128587705, -0.0009214951533008832, 2.307260568367277e-05, 0.010478222726712264, -2.902876674940784e-06, 0.0016609978164136875, -0.0016566719384346696, -5.583517699335107e-05, 0.002595520326321686], "infidelity": 0.00014571210717684302, "energy_expval": -1.7915521349578882, "energy_error": 0.000134970446656002, "optimizer_success": true, "optimizer_nfev": 1434}