{"params": [8.908423269441554e-05, -0.0011566286959875625, -0.0005301519156555392, -0.0017411975272889602, -0.0006762450224598264, 5.217636585617825e-05, 0.0016544751886759495, -0.0003705241665066833, -0.011347150683457638, -0.0004588996693349714, -0.0009005413276187449, 0.0005083404804324492, 0.0002022238014499272, -0.008546885673406559, -0.0008744804304355941, -0.0015011172600895432, 0.004571301054992427, -8.839225047750071e-06, 0.0001965541858520738, -1.9517167894480782e-05, 0.0008031913299912395, 0.00010218177083837804, -0.002253654812599297, -8.77547985018448e-05, 0.002387508091881252, -0.0002033812895892306, -4.913092521299149e-05, -1.4063447138492216e-05, -4.686008115940402e-05, -0.0015497551968373378, 5.9411031453669494e-05, 0.0014566148778969818, -9.844483607160617e-05, 0.00028550644096928245, 0.002238844792419312, 2.4180537853573415e-05, -0.001529034287557274, -2.0256300001081283e-05, 2.8619736302080204e-07, -7.092774209553168e-06, 0.0023479058442441403, 0.0001228824554921706, 3.620775128719563e-05, 0.0009167976899024555, -0.00028299263728825876, -4.381103251828371e-05, 0.005820318427713681, 3.47137008453327e-05, -9.47367496676102e-05, 0.00010529201847010429, -1.81101286221249e-05, 0.003540472728489924], "infidelity": 0.000177491761727544, "energy_expval": -1.2857755564275022, "energy_error": 0.00027156923864035676, "optimizer_success": true, "optimizer_nfev": 1200}