{"params": [-0.245125741314201, -0.0003590689779147289, -0.008317877492526046, 0.00020626107617200047, 0.0025712890782248637, -0.000540999477170956, -0.00034129389806414, 0.010850665886282928, 9.268983717781003e-05, -0.0003250427226352101, -0.00043934965374962736, -0.0004418713345282159, 0.0013337365169782582, -0.00248289347664606, 0.0013568968449440084, 0.0019021850806778893, 5.249321668497598e-05, 0.0030290347491528846, 0.00181548032116939, 0.0006707324730917905, 0.00320488560098729, 0.00017779867273775088, 0.001998383221460596, -0.0016375757449502274, -0.000849839538413246, -3.908629816594952e-05, -1.5345369931440457e-05, -8.357298163084495e-05, -6.814177011966023e-05, 0.006960318697946517, 0.006940234581497257, 0.004084169001722416, 2.649156633235707e-05, -0.004525937934559038, 0.001096784329559236, -0.0015114791038232005, -0.00022756473668360193, -0.0022700568639639944, -0.0006715425700017356, -0.000741495945346432, -0.0002895511037669347, 8.546464177771801e-05, 0.0023953979193804356, -0.00040661402991904795, -0.0013434746708515376, 0.0015639849143356554, 0.001692852128178673, 0.002651308635206688, 0.0010658951094016764, 0.0040134810148809005, 0.0030656461298291604, 0.0038092992298952195], "infidelity": 0.0032515581649107395, "energy_expval": -1.2517227999753595, "energy_error": 0.004470296477260272, "optimizer_success": true, "optimizer_nfev": 1078}