{"params": [-0.0027679717056692246, 0.0008821783421302138, 0.0006459395675502311, 2.9353356253342515e-05, 0.00033223836654649265, -0.0023363750541994755, 0.00010412830494021329, 0.002390376976266517, 0.0025208526253759508, 0.0012314753126947968, -0.0006603101348267213, 0.0003057923299175071, 7.280858162954273e-05, 0.001725086526379369, 6.646100559796124e-07, -0.0008549767974279815, 0.004017381259945744, 2.2538813161893465e-05, 0.000977865827886166, -1.2082840146445032e-05, 0.00040290943369732123, -5.140131938332147e-05, 0.002275948110050253, -5.0985720416721064e-05, -3.2126487030549635e-05, -0.0008988119017753325, -8.784852528488616e-06, -6.141824716622176e-05, -2.9329693266421134e-05, 0.0005985429151745885, 9.563283865254241e-05, 0.0027797303504265595, -7.179737842837367e-05, -0.0008393553069201538, -0.0022847220978417203, 2.7276382757323074e-06, 0.0005062406388568351, 4.109565241815288e-05, 4.978822739614875e-05, 5.694818248723883e-06, -0.00016420715505036603, 4.351402016562706e-05, 1.195595117746331e-05, 0.0004042565161995279, 0.0008958607954253625, 0.00011891637870786213, 0.0058514171272173055, 3.779839523414103e-05, -0.0042461979636035, 0.004312915928768697, -1.5240988084286587e-05, 0.004536543916459696], "infidelity": 0.00011568857109245378, "energy_expval": -1.6309369158334037, "energy_error": 0.0001821465564622038, "optimizer_success": true, "optimizer_nfev": 1346}