{"params": [-0.00298347551253023, -0.000523120243480653, 0.0014525232639187914, 0.0002580935160699935, 0.0005642573057791597, -0.0044770399989998225, -0.0008319088424997535, -0.00039949581573849686, -0.0026097535399261353, 0.00038716422044903545, -0.00018899506089292524, -4.573222951851452e-05, 0.0017021935443962582, -0.0027185127943987275, 0.0007697629761537196, 0.002531907046946864, 0.003295599881715191, 6.566604025840929e-06, 0.00021216361789365876, 1.8358632133545588e-05, 0.0023157081097387074, -3.1467078240887316e-05, -0.002547895622713664, -3.378165873586936e-05, 0.00487759492731541, -7.218595656114818e-05, -0.0001071974718915873, -4.081667613249725e-05, -3.660996602757221e-05, -0.002739590349830993, 8.51449364924457e-06, 0.0022430241947105174, -3.7930163391209004e-06, 0.0005943679899855542, 0.0026542852122921727, -1.1871693257303277e-05, -0.0026602656868993874, 2.8285628740850543e-05, 9.187925124340614e-05, 4.141574064549842e-05, 0.0049058727930038765, -2.2219055626879126e-05, -1.164014595009102e-05, 0.002252446474864118, -0.000536872364598667, 5.5012493303044214e-05, 0.03019246835095475, 4.702880536634814e-05, 0.0002633258094074761, -0.00016182475988248834, 2.0326731921589747e-05, 0.002125875509520871], "infidelity": 0.0001486045630223476, "energy_expval": -1.5997317210760715, "energy_error": 0.00020173149368085674, "optimizer_success": true, "optimizer_nfev": 1529}