{"params": [0.00034808218925535763, -0.0005099137414574721, 0.0006813497031692198, -0.0010938040038193195, 0.0006050017275678759, -0.000679187500166279, 0.00010175116523309693, 5.8585943147391494e-05, -0.000857192106140092, 0.0015156052194182103, 0.0004385369326671619, -0.0004104881000839828, -8.120388355790296e-06, -0.000897221736402291, -0.0009711375596157531, 0.0002971382494910537, 0.0029206494865482613, 7.530111027871603e-05, 0.0004201871070714581, -4.499835118112921e-05, 0.0006254593882078569, -6.528719177347308e-05, -0.001247770121632168, 1.1993834367682723e-05, 0.0028863349521824964, -0.0003879372676336371, 0.0001387996685216383, -4.788476761189392e-05, -7.203545698582097e-05, -0.0021903205642582984, 2.0563129451979602e-05, 0.0030267446819344057, -1.0286065735465312e-05, 0.0010055999922939356, 0.0012587206988227352, 1.4226292950289128e-05, -0.002176320638718297, -6.187767916133969e-05, -1.2276877299251168e-05, -0.00012150685283933901, 0.0029381393429616064, -2.148028673642166e-05, 5.494363843188747e-05, 0.0007465429412765296, -0.0010257884389883597, -0.00011294283724856192, 0.006776491383213832, 4.2280980371937537e-05, -0.0005666800533061088, 0.0006034386772206943, -3.3417189432591875e-05, 0.0024497466137352454], "infidelity": 0.0001628591574321936, "energy_expval": -2.053334309866674, "energy_error": 0.00019508830938264055, "optimizer_success": true, "optimizer_nfev": 1049}