{"params": [0.0028180630137972728, 0.0017667211167117524, -0.00021383492818418745, 0.000362269762894582, -0.000193360858512237, 0.0024612100338764413, -2.5712051573789155e-05, 0.0003052929624742181, -0.016327295821810296, -6.765526022303781e-05, -0.004204333060765475, -0.00041294919844187683, -0.00015836798725635243, -0.01763320810795822, 0.00034457315869448456, -0.0022575743394794745, 0.0034933723160297005, 2.289650395498992e-05, 0.0005684068258557448, -3.143248955672291e-05, -0.0007462628802691592, 5.091600177281352e-08, -0.006066090118731457, 6.015327624429026e-05, -0.0013245431047118532, -0.0004458446747815639, 4.284374149867296e-05, -3.9941823471258524e-05, 6.361254310233165e-05, 0.0004683527441831733, 6.995513867570305e-05, 0.003584136658622161, -3.0373023443644204e-05, 0.0023539252679937537, 0.006096776050045948, 6.214251643691738e-06, 0.0005656817378357158, -5.0881379950203694e-05, -8.810843131951024e-06, -3.769937518737316e-05, -0.001216634728393861, -5.6180728964782764e-05, 4.352252607050749e-05, -0.0007523144810169088, -0.0022557445242989737, 2.6404955448586168e-05, 0.019872955895137982, -5.9198983271961815e-05, -0.003031849374035085, 0.003008757655571741, 6.677613638208107e-06, 0.0029622674108432433], "infidelity": 0.00012765237367773352, "energy_expval": -1.7094687261345627, "energy_error": 0.00015995912719524163, "optimizer_success": true, "optimizer_nfev": 1376}