{"params": [-0.019233484001681803, 1.0004592529141865, 0.006812227716274319, -0.00026617154785420975, 0.0005938805179075327, 0.01835315677234845, 0.0009435263269918527, -0.009052368083955044, -0.026778004341284276, 1.0009646398618852, 0.004942928605608385, -0.0002877343049055184, -1.0655088607943508e-05, 0.9739756523700154, 0.9992074046029475, -0.004199995623109756, 0.005092313556884716, -5.945468279995521e-05, 0.003962126042464406, 2.143005225075179e-05, -0.001840162738248406, -4.821151978278918e-05, -0.004437403228389139, 4.148509885690958e-05, -0.0010581075702518694, -0.0037855041204564316, -1.7402451061627658e-05, -9.962185060576086e-06, -3.971719223135156e-05, -0.0007727930400570927, -2.8665859407430553e-05, 0.0060108106649723785, -8.363390949459444e-06, 0.002099824378117422, 0.004480419084673014, 3.760750606475364e-05, -0.0007601529303259874, -3.4763853106463895e-05, -7.418255215225288e-05, 4.2872828538049176e-05, -0.0010828745320190828, 1.684979359249534e-05, -7.265305347768084e-05, -0.0017720327358345432, -0.002163540554191325, -5.8723631026946835e-05, 0.030006792354178993, -4.6080855491633404e-05, -0.017759365576916635, 0.01823320674999992, -6.572395455627816e-05, 0.006522323275856819], "infidelity": 0.004084052249359815, "energy_expval": -1.8734122707148642, "energy_error": 0.0056377178663187255, "optimizer_success": true, "optimizer_nfev": 1614}