{"params": [-0.010180070841815738, 0.00041386886841291977, 0.005559605720189094, 0.000845643558060839, 0.0004104403314054379, 0.9888050442842954, 6.015216833784002e-05, 0.006841181080856651, -0.01261208099567011, -0.0010158002894046908, 0.001215527993857569, -0.0007519493995472487, 0.0001439932323206018, -0.013189065201089348, 0.0014784674090845948, 0.0020246866446877302, 0.004371921160135751, 1.59096077208594e-06, 0.0021084026774357925, 3.2139887176393396e-05, 0.00021972574093636393, 2.962742946661799e-05, 0.00019705775265147323, 3.225521743059406e-05, 0.0010916210061770646, -0.002021988784934079, -4.1335216293848713e-07, 1.456124432101605e-05, -2.686612656543025e-05, -0.0009300788183761914, -8.326766062633956e-05, 0.004863289886178039, 5.0623207895680386e-05, -0.0004383636920446955, -0.00015785641287195017, -1.3242052925190134e-05, -0.000909073690176057, 1.2152972831373514e-05, 2.156215353910507e-06, 2.98690340194962e-05, 0.0012168308834441307, 3.58150616577152e-05, -7.384831702436196e-05, 0.00037363281318690837, 0.00041882506076932246, -3.1444785616822274e-05, 0.016720242150809188, 7.263410823975814e-05, -0.010422709740513994, 0.010502960932432668, -2.0861560275663523e-05, 0.004694614626414437], "infidelity": 0.0010974364067378728, "energy_expval": -1.8461472025578989, "energy_error": 0.0018374692746854215, "optimizer_success": true, "optimizer_nfev": 1610}