{"geometry": [["H", [0.0, 0.0, 0.0]], ["H", [1.4945, 0.0, 0.0]], ["H", [0.5373, -0.7676, 0.0]], ["H", [0.3655, 0.4167, -0.4465]]], "multiplicity": 1, "canonical_orbitals": [[0.44441215739415024, 0.43788217693184733, 0.25651995828470303, 1.3589792708972885], [0.16059256990412013, -0.7315255188725974, -0.7021182731626704, 0.4454168538073259], [0.284379378010331, -0.5673275099739216, 0.8248366711609441, -0.6767148155394818], [0.37899618449963385, 0.4653069898092349, -0.548690339089772, -1.1507899522194105]], "canonical_to_oao": [[0.6180894306498829, 0.30224195784308694, 0.4581423028922297, 0.5627796060081447], [0.34577339528092504, -0.6968157261622241, -0.4900324489959442, 0.3933914104552259], [0.1920098381921721, -0.600723621556065, 0.652789572552641, -0.41967740766989303], [0.679366202332894, 0.24945695660124617, -0.35190851538174156, -0.5936271445384235]], "orbital_energies": [-0.7329736862248624, -0.22198148324371889, 0.25444426936905495, 0.8584933502612503], "exact_energy": -1.9308413308440744, "ground_states": [["0j"], ["0j"], ["0j"], ["0j"], ["0j"], ["0j"], ["0j"], ["0j"], ["0j"], ["0j"], ["0j"], ["0j"], ["0j"], ["0j"], ["0j"], ["(0.03516485550222478+0j)"], ["0j"], ["0j"], ["0j"], ["0j"], ["0j"], ["0j"], ["0j"], ["0j"], ["0j"], ["0j"], ["0j"], ["(-0.006275284707136869+0j)"], ["0j"], ["0j"], ["(0.00018605932845111584+0j)"], ["0j"], ["0j"], ["0j"], ["0j"], ["0j"], ["0j"], ["0j"], ["0j"], ["(0.006275284707137093+0j)"], ["0j"], ["0j"], ["0j"], ["0j"], ["0j"], ["(-0.00018605932845111668+0j)"], ["0j"], ["0j"], ["0j"], ["0j"], ["0j"], ["(-0.049238030551744014+0j)"], ["0j"], ["0j"], ["(0.013629852657902177+0j)"], ["0j"], ["0j"], ["(-0.01362985265790216+0j)"], ["0j"], ["0j"], ["(-0.0407993727913549+0j)"], ["0j"], ["0j"], ["0j"], ["0j"], ["0j"], ["0j"], ["0j"], ["0j"], ["0j"], ["0j"], ["0j"], ["0j"], ["0j"], ["0j"], ["(-0.003085063647187941+0j)"], ["0j"], ["0j"], ["(-0.0018869906181847745+0j)"], ["0j"], ["0j"], ["0j"], ["0j"], ["0j"], ["0j"], ["0j"], ["0j"], ["0j"], ["0j"], ["0j"], ["(0.02823988134532701+0j)"], ["0j"], ["0j"], ["0j"], ["0j"], ["0j"], ["0j"], ["0j"], ["0j"], ["(-0.026686266336685055+0j)"], ["0j"], ["0j"], ["(0.04571555639607594+0j)"], ["0j"], ["0j"], ["(-0.073955437741403+0j)"], ["0j"], ["0j"], ["(0.06468329254745848+0j)"], ["0j"], ["0j"], ["0j"], ["0j"], ["0j"], ["(0.0008282317616069314+0j)"], ["0j"], ["0j"], ["0j"], ["0j"], ["0j"], ["(0.0022239653697553774+0j)"], ["0j"], ["0j"], ["0j"], ["0j"], ["0j"], ["0j"], ["0j"], ["0j"], ["0j"], ["0j"], ["0j"], ["0j"], ["0j"], ["0j"], ["(0.003085063647187882+0j)"], ["0j"], ["0j"], ["0j"], ["0j"], ["0j"], ["(0.0018869906181848816+0j)"], ["0j"], ["0j"], ["0j"], ["0j"], ["0j"], ["(0.02668626633668507+0j)"], ["0j"], ["0j"], ["(-0.0739554377414029+0j)"], ["0j"], ["0j"], ["(0.04571555639607594+0j)"], ["0j"], ["0j"], ["(-0.06468329254745858+0j)"], ["0j"], ["0j"], ["0j"], ["0j"], ["0j"], ["0j"], ["0j"], ["0j"], ["(0.028239881345327032+0j)"], ["0j"], ["0j"], ["0j"], ["0j"], ["0j"], ["0j"], ["0j"], ["0j"], ["0j"], ["0j"], ["0j"], ["(-0.0008282317616070536+0j)"], ["0j"], ["0j"], ["(-0.0022239653697552204+0j)"], ["0j"], ["0j"], ["0j"], ["0j"], ["0j"], ["0j"], ["0j"], ["0j"], ["0j"], ["0j"], ["0j"], ["0j"], ["0j"], ["0j"], ["(-0.03700911780746423+0j)"], ["0j"], ["0j"], ["(-0.025476979991562294+0j)"], ["0j"], ["0j"], ["(0.025476979991562176+0j)"], ["0j"], ["0j"], ["(-0.4013520048639872+0j)"], ["0j"], ["0j"], ["0j"], ["0j"], ["0j"], ["(0.004070269906238654+0j)"], ["0j"], ["0j"], ["0j"], ["0j"], ["0j"], ["(0.08393922804894884+0j)"], ["0j"], ["0j"], ["0j"], ["0j"], ["0j"], ["0j"], ["0j"], ["0j"], ["(-0.004070269906238621+0j)"], ["0j"], ["0j"], ["(-0.08393922804895028+0j)"], ["0j"], ["0j"], ["0j"], ["0j"], ["0j"], ["0j"], ["0j"], ["0j"], ["0j"], ["0j"], ["0j"], ["(0.8887096796621226+0j)"], ["0j"], ["0j"], ["0j"], ["0j"], ["0j"], ["0j"], ["0j"], ["0j"], ["0j"], ["0j"], ["0j"], ["0j"], ["0j"], ["0j"], ["0j"]], "hf_energy": -1.8208554713220586}