{"geometry": [["H", [0.0, 0.0, 0.0]], ["H", [0.6273, 0.0, 0.0]], ["H", [0.1571, 0.5981, 0.0]], ["H", [0.0376, -0.6741, -0.722]]], "multiplicity": 1, "canonical_orbitals": [[0.4168047663022794, 0.15061343921276377, 0.47286197209923786, 1.7305883025143949], [0.3580136293750058, 0.04861239479581899, -1.430875202544919, -0.37159998412794315], [0.31346428720631325, -0.7244573646879103, 0.747808203336664, -1.1139777628213101], [0.045829069192710514, 0.9089168621951278, 0.36467684200531325, -0.6644067123357937]], "canonical_to_oao": [[0.5952254803443608, 0.5559086568064976, 0.5348354240518156, 0.224996137779587], [0.09206724212883649, 0.03921141382559778, -0.5040943556655525, 0.8578315502117652], [0.25806737192242685, -0.8138002862684809, 0.4447219715419536, 0.2708370241422463], [0.7554015369488396, -0.1647941879519085, -0.5119202260052665, -0.37436489659064087]], "orbital_energies": [-0.9907886257960348, -0.1741424769312706, 0.45950538705911415, 0.8406335691024143], "exact_energy": -1.6670586722327334, "ground_states": [["0j"], ["0j"], ["0j"], ["0j"], ["0j"], ["0j"], ["0j"], ["0j"], ["0j"], ["0j"], ["0j"], ["0j"], ["0j"], ["0j"], ["0j"], ["(-0.009895522368067882+0j)"], ["0j"], ["0j"], ["0j"], ["0j"], ["0j"], ["0j"], ["0j"], ["0j"], ["0j"], ["0j"], ["0j"], ["(0.002566963376516785+0j)"], ["0j"], ["0j"], ["(-0.00234145856258694+0j)"], ["0j"], ["0j"], ["0j"], ["0j"], ["0j"], ["0j"], ["0j"], ["0j"], ["(-0.0025669633765167594+0j)"], ["0j"], ["0j"], ["0j"], ["0j"], ["0j"], ["(0.002341458562586732+0j)"], ["0j"], ["0j"], ["0j"], ["0j"], ["0j"], ["(0.04054711523221292+0j)"], ["0j"], ["0j"], ["(-0.012248730593047255+0j)"], ["0j"], ["0j"], ["(0.012248730593047256+0j)"], ["0j"], ["0j"], ["(0.06114251774716293+0j)"], ["0j"], ["0j"], ["0j"], ["0j"], ["0j"], ["0j"], ["0j"], ["0j"], ["0j"], ["0j"], ["0j"], ["0j"], ["0j"], ["0j"], ["(0.005069776423589227+0j)"], ["0j"], ["0j"], ["(-0.007496012728115072+0j)"], ["0j"], ["0j"], ["0j"], ["0j"], ["0j"], ["0j"], ["0j"], ["0j"], ["0j"], ["0j"], ["0j"], ["(0.001192607294388636+0j)"], ["0j"], ["0j"], ["0j"], ["0j"], ["0j"], ["0j"], ["0j"], ["0j"], ["(-0.006837929711110228+0j)"], ["0j"], ["0j"], ["(-0.01700170191999349+0j)"], ["0j"], ["0j"], ["(0.015809094625604835+0j)"], ["0j"], ["0j"], ["(-0.010023880890686098+0j)"], ["0j"], ["0j"], ["0j"], ["0j"], ["0j"], ["(0.00874483026969263+0j)"], ["0j"], ["0j"], ["0j"], ["0j"], ["0j"], ["(-0.01329208503591374+0j)"], ["0j"], ["0j"], ["0j"], ["0j"], ["0j"], ["0j"], ["0j"], ["0j"], ["0j"], ["0j"], ["0j"], ["0j"], ["0j"], ["0j"], ["(-0.005069776423589227+0j)"], ["0j"], ["0j"], ["0j"], ["0j"], ["0j"], ["(0.0074960127281150785+0j)"], ["0j"], ["0j"], ["0j"], ["0j"], ["0j"], ["(0.0068379297111102405+0j)"], ["0j"], ["0j"], ["(0.015809094625604845+0j)"], ["0j"], ["0j"], ["(-0.01700170191999349+0j)"], ["0j"], ["0j"], ["(0.010023880890686074+0j)"], ["0j"], ["0j"], ["0j"], ["0j"], ["0j"], ["0j"], ["0j"], ["0j"], ["(0.0011926072943886303+0j)"], ["0j"], ["0j"], ["0j"], ["0j"], ["0j"], ["0j"], ["0j"], ["0j"], ["0j"], ["0j"], ["0j"], ["(-0.008744830269692612+0j)"], ["0j"], ["0j"], ["(0.01329208503591373+0j)"], ["0j"], ["0j"], ["0j"], ["0j"], ["0j"], ["0j"], ["0j"], ["0j"], ["0j"], ["0j"], ["0j"], ["0j"], ["0j"], ["0j"], ["(0.06901308693202611+0j)"], ["0j"], ["0j"], ["(0.07544071064473744+0j)"], ["0j"], ["0j"], ["(-0.07544071064473745+0j)"], ["0j"], ["0j"], ["(0.07611597502935949+0j)"], ["0j"], ["0j"], ["0j"], ["0j"], ["0j"], ["(0.0129126514939016+0j)"], ["0j"], ["0j"], ["0j"], ["0j"], ["0j"], ["(-0.035487540748450216+0j)"], ["0j"], ["0j"], ["0j"], ["0j"], ["0j"], ["0j"], ["0j"], ["0j"], ["(-0.012912651493901677+0j)"], ["0j"], ["0j"], ["(0.035487540748450154+0j)"], ["0j"], ["0j"], ["0j"], ["0j"], ["0j"], ["0j"], ["0j"], ["0j"], ["0j"], ["0j"], ["0j"], ["(-0.9835439835385137+0j)"], ["0j"], ["0j"], ["0j"], ["0j"], ["0j"], ["0j"], ["0j"], ["0j"], ["0j"], ["0j"], ["0j"], ["0j"], ["0j"], ["0j"], ["0j"]], "hf_energy": -1.6290047210604763}