{"geometry": [["H", [0.0, 0.0, 0.0]], ["H", [1.1712, 0.0, 0.0]], ["H", [0.7977, -0.651, 0.0]], ["H", [1.3444, 0.529, -0.3329]]], "multiplicity": 1, "canonical_orbitals": [[0.20085999031847326, 0.6349156152378865, 0.930336736707127, 0.12816966583079], [0.459470323469013, -0.3389155920261625, -0.24509661812050462, 1.7775023422543401], [0.3202169600541977, 0.5161178434018361, -0.8468352894218852, -1.009797397597271], [0.2584531784675725, -0.6458302587734686, 0.4585474793010356, -1.2533628390380251]], "canonical_to_oao": [[0.36264176617284194, 0.6264471840971312, 0.5129909886691009, 0.46140559219423644], [0.6053827908407938, -0.26128385554039485, 0.43965916734196797, -0.6098706747827153], [0.7056882022765453, -0.16202407704309815, -0.6026973531243736, 0.33542250992278716], [0.06329918758205635, 0.7162701102440707, -0.4246127207860594, -0.5501403269794499]], "orbital_energies": [-0.7983089420139279, -0.2863863033713942, 0.33149946049590245, 1.1789553069494463], "exact_energy": -1.942843657313519, "ground_states": [["0j"], ["0j"], ["0j"], ["0j"], ["0j"], ["0j"], ["0j"], ["0j"], ["0j"], ["0j"], ["0j"], ["0j"], ["0j"], ["0j"], ["0j"], ["(-0.016227288921587504+0j)"], ["0j"], ["0j"], ["0j"], ["0j"], ["0j"], ["0j"], ["0j"], ["0j"], ["0j"], ["0j"], ["0j"], ["(-0.0009252743956059961+0j)"], ["0j"], ["0j"], ["(0.0031120354664229133+0j)"], ["0j"], ["0j"], ["0j"], ["0j"], ["0j"], ["0j"], ["0j"], ["0j"], ["(0.0009252743956058911+0j)"], ["0j"], ["0j"], ["0j"], ["0j"], ["0j"], ["(-0.003112035466422917+0j)"], ["0j"], ["0j"], ["0j"], ["0j"], ["0j"], ["(0.036884443791043664+0j)"], ["0j"], ["0j"], ["(0.0008648897554899176+0j)"], ["0j"], ["0j"], ["(-0.0008648897554899183+0j)"], ["0j"], ["0j"], ["(0.05158276272369368+0j)"], ["0j"], ["0j"], ["0j"], ["0j"], ["0j"], ["0j"], ["0j"], ["0j"], ["0j"], ["0j"], ["0j"], ["0j"], ["0j"], ["0j"], ["(-0.0010214543045938425+0j)"], ["0j"], ["0j"], ["(0.0020204898069237517+0j)"], ["0j"], ["0j"], ["0j"], ["0j"], ["0j"], ["0j"], ["0j"], ["0j"], ["0j"], ["0j"], ["0j"], ["(-0.020854827470433396+0j)"], ["0j"], ["0j"], ["0j"], ["0j"], ["0j"], ["0j"], ["0j"], ["0j"], ["(-0.020113255418147204+0j)"], ["0j"], ["0j"], ["(-0.02457318825145119+0j)"], ["0j"], ["0j"], ["(0.045428015721884596+0j)"], ["0j"], ["0j"], ["(0.07268388285479223+0j)"], ["0j"], ["0j"], ["0j"], ["0j"], ["0j"], ["(-0.0005325339338005863+0j)"], ["0j"], ["0j"], ["0j"], ["0j"], ["0j"], ["(-0.005476410914082479+0j)"], ["0j"], ["0j"], ["0j"], ["0j"], ["0j"], ["0j"], ["0j"], ["0j"], ["0j"], ["0j"], ["0j"], ["0j"], ["0j"], ["0j"], ["(0.00102145430459384+0j)"], ["0j"], ["0j"], ["0j"], ["0j"], ["0j"], ["(-0.0020204898069237543+0j)"], ["0j"], ["0j"], ["0j"], ["0j"], ["0j"], ["(0.020113255418147208+0j)"], ["0j"], ["0j"], ["(0.04542801572188457+0j)"], ["0j"], ["0j"], ["(-0.02457318825145119+0j)"], ["0j"], ["0j"], ["(-0.07268388285479233+0j)"], ["0j"], ["0j"], ["0j"], ["0j"], ["0j"], ["0j"], ["0j"], ["0j"], ["(-0.0208548274704334+0j)"], ["0j"], ["0j"], ["0j"], ["0j"], ["0j"], ["0j"], ["0j"], ["0j"], ["0j"], ["0j"], ["0j"], ["(0.0005325339338005806+0j)"], ["0j"], ["0j"], ["(0.00547641091408247+0j)"], ["0j"], ["0j"], ["0j"], ["0j"], ["0j"], ["0j"], ["0j"], ["0j"], ["0j"], ["0j"], ["0j"], ["0j"], ["0j"], ["0j"], ["(0.03493015686736898+0j)"], ["0j"], ["0j"], ["(0.011029499016195456+0j)"], ["0j"], ["0j"], ["(-0.01102949901619546+0j)"], ["0j"], ["0j"], ["(0.22660378906112008+0j)"], ["0j"], ["0j"], ["0j"], ["0j"], ["0j"], ["(-0.006294500172699649+0j)"], ["0j"], ["0j"], ["0j"], ["0j"], ["0j"], ["(0.00913638150558435+0j)"], ["0j"], ["0j"], ["0j"], ["0j"], ["0j"], ["0j"], ["0j"], ["0j"], ["(0.0062945001726996365+0j)"], ["0j"], ["0j"], ["(-0.009136381505584278+0j)"], ["0j"], ["0j"], ["0j"], ["0j"], ["0j"], ["0j"], ["0j"], ["0j"], ["0j"], ["0j"], ["0j"], ["(-0.9617604960885918+0j)"], ["0j"], ["0j"], ["0j"], ["0j"], ["0j"], ["0j"], ["0j"], ["0j"], ["0j"], ["0j"], ["0j"], ["0j"], ["0j"], ["0j"], ["0j"]], "hf_energy": -1.8781691096063162}