{"geometry": [["H", [0.0, 0.0, 0.0]], ["H", [0.4313, 0.0, 0.0]], ["H", [0.794, -0.8148, 0.0]], ["H", [0.3243, -0.2209, 1.2635]]], "multiplicity": 3, "canonical_orbitals": [[0.4534947649207639, 0.33203447754265053, 0.4370621489655886, 1.8265603330580198], [0.5133955347722047, 0.23680643662300452, 0.09186253066664207, -2.0727462664724974], [0.1000978729257066, -0.2578876174443879, -1.0948640262169318, 0.48480486926164695], [0.03561878261607959, -1.0096718925770762, 0.3639895829625761, -0.008890420896903062]], "canonical_to_oao": [[0.6514426875619131, 0.6710502411596306, 0.3057872661269937, 0.17834838529207273], [0.22124736902296094, 0.14246748969253226, -0.23880987831302955, -0.9347312223849381], [0.29781426479273404, 0.04062775351185659, -0.9028779276802669, 0.3073556523611167], [0.6617995846239958, -0.7264598914357825, 0.18513626765838825, -0.0013777968432040454]], "orbital_energies": [-0.8406709407461186, -0.029152444366597058, 0.050973937682250114, 1.2079261874489502], "exact_energy": -1.7027544069069998, "ground_states": [["0j", "0j", "0j"], ["0j", "0j", "0j"], ["0j", "0j", "0j"], ["0j", "0j", "0j"], ["0j", "0j", "0j"], ["0j", "0j", "0j"], ["0j", "0j", "0j"], ["0j", "0j", "0j"], ["0j", "0j", "0j"], ["0j", "0j", "0j"], ["0j", "0j", "0j"], ["0j", "0j", "0j"], ["0j", "0j", "0j"], ["0j", "0j", "0j"], ["0j", "0j", "0j"], ["0j", "0j", "0j"], ["0j", "0j", "0j"], ["0j", "0j", "0j"], ["0j", "0j", "0j"], ["0j", "0j", "0j"], ["0j", "0j", "0j"], ["0j", "0j", "0j"], ["0j", "0j", "0j"], ["(-0.00045152885131334575+0j)", "(-3.43931984459564e-05+0j)", "(-0.05134770956722435+0j)"], ["0j", "0j", "0j"], ["0j", "0j", "0j"], ["0j", "0j", "0j"], ["(-9.141601435335857e-07+0j)", "(0.036309717398534905+0j)", "(-2.4312565386969515e-05+0j)"], ["0j", "0j", "0j"], ["(0.00010517536327342472+0j)", "(8.01126468476281e-06+0j)", "(0.011960507044633117+0j)"], ["(2.1293683648309956e-07+0j)", "(-0.008457682619032217+0j)", "(5.663166128266342e-06+0j)"], ["0j", "0j", "0j"], ["0j", "0j", "0j"], ["0j", "0j", "0j"], ["0j", "0j", "0j"], ["0j", "0j", "0j"], ["0j", "0j", "0j"], ["0j", "0j", "0j"], ["0j", "0j", "0j"], ["(-9.141601435394701e-07+0j)", "(0.03630971739853066+0j)", "(-2.4312565386976366e-05+0j)"], ["0j", "0j", "0j"], ["0j", "0j", "0j"], ["0j", "0j", "0j"], ["(0.05134772106939836+0j)", "(9.904289903772678e-07+0j)", "(-0.00045152961585741383+0j)"], ["0j", "0j", "0j"], ["(2.1293683649171952e-07+0j)", "(-0.00845768261903095+0j)", "(5.66316612835381e-06+0j)"], ["(-0.011960509723853667+0j)", "(-2.3070226539897987e-07+0j)", "(0.00010517554135983726+0j)"], ["0j", "0j", "0j"], ["0j", "0j", "0j"], ["0j", "0j", "0j"], ["0j", "0j", "0j"], ["0j", "0j", "0j"], ["0j", "0j", "0j"], ["(-6.3244936604152355e-06+0j)", "(-4.817401255787552e-07+0j)", "(-0.0007192192983719989+0j)"], ["(-1.2804497478760204e-08+0j)", "(0.0005085845053571623+0j)", "(-3.4054228259044996e-07+0j)"], ["0j", "0j", "0j"], ["0j", "0j", "0j"], ["(-1.280449748200827e-08+0j)", "(0.0005085845053566632+0j)", "(-3.405422826213819e-07+0j)"], ["(0.0007192194594810657+0j)", "(1.3872783221304376e-08+0j)", "(-6.324504369524618e-06+0j)"], ["0j", "0j", "0j"], ["0j", "0j", "0j"], ["0j", "0j", "0j"], ["0j", "0j", "0j"], ["0j", "0j", "0j"], ["0j", "0j", "0j"], ["0j", "0j", "0j"], ["0j", "0j", "0j"], ["0j", "0j", "0j"], ["0j", "0j", "0j"], ["0j", "0j", "0j"], ["0j", "0j", "0j"], ["(0.0001604021349380329+0j)", "(1.221791795149535e-05+0j)", "(0.01824087700000356+0j)"], ["0j", "0j", "0j"], ["0j", "0j", "0j"], ["0j", "0j", "0j"], ["(3.247483262009102e-07+0j)", "(-0.012898746498214172+0j)", "(8.63685096206123e-06+0j)"], ["0j", "0j", "0j"], ["(-0.00011452222294804026+0j)", "(-8.723220075234875e-06+0j)", "(-0.013023428792696983+0j)"], ["(-2.318603816272626e-07+0j)", "(0.009209310853557418+0j)", "(-6.16644767126091e-06+0j)"], ["0j", "0j", "0j"], ["0j", "0j", "0j"], ["0j", "0j", "0j"], ["0j", "0j", "0j"], ["(-0.00011271382463040854+0j)", "(-8.58547339077189e-06+0j)", "(-0.012817778342399024+0j)"], ["0j", "0j", "0j"], ["0j", "0j", "0j"], ["(0.00015572563368350316+0j)", "(1.1861706304751062e-05+0j)", "(0.017709066845441185+0j)"], ["0j", "0j", "0j"], ["0j", "0j", "0j"], ["(-0.00026677410324935503+0j)", "(-2.0320328693523488e-05+0j)", "(-0.030337461568307824+0j)"], ["(-2.2482746035398865e-07+0j)", "(0.008929968784374734+0j)", "(-5.979403463605388e-06+0j)"], ["0j", "0j", "0j"], ["(-3.240286981881526e-05+0j)", "(-2.4681442363183087e-06+0j)", "(-0.0036848434906571145+0j)"], ["0j", "0j", "0j"], ["0j", "0j", "0j"], ["0j", "0j", "0j"], ["0j", "0j", "0j"], ["0j", "0j", "0j"], ["0j", "0j", "0j"], ["(-2.281991190694678e-07+0j)", "(0.009063888403438242+0j)", "(-6.069074486343836e-06+0j)"], ["0j", "0j", "0j"], ["(-2.5560763685681566e-05+0j)", "(-1.9469772868676774e-06+0j)", "(-0.0029067614754444138+0j)"], ["(2.6353030573158916e-07+0j)", "(-0.010467215175930493+0j)", "(7.008725807125533e-06+0j)"], ["0j", "0j", "0j"], ["0j", "0j", "0j"], ["(-5.918578251437741e-07+0j)", "(0.023508124393981564+0j)", "(-1.574076727677648e-05+0j)"], ["(0.015535159678272854+0j)", "(2.996524908834275e-07+0j)", "(-0.00013660946456287847+0j)"], ["0j", "0j", "0j"], ["(-6.560247931605727e-08+0j)", "(0.0026056785576481565+0j)", "(-1.7447321226082813e-06+0j)"], ["0j", "0j", "0j"], ["0j", "0j", "0j"], ["0j", "0j", "0j"], ["0j", "0j", "0j"], ["(0.00012865091463512703+0j)", "(9.799410213610173e-06+0j)", "(0.014630138873798514+0j)"], ["(2.6046516897934187e-07+0j)", "(-0.01034547037221673+0j)", "(6.927206899542016e-06+0j)"], ["0j", "0j", "0j"], ["(-1.703300347736903e-05+0j)", "(-1.2974131487354526e-06+0j)", "(-0.0019369874440341263+0j)"], ["0j", "0j", "0j"], ["0j", "0j", "0j"], ["0j", "0j", "0j"], ["(-3.448482386481762e-08+0j)", "(0.0013697099109241302+0j)", "(-9.171418605483377e-07+0j)"], ["0j", "0j", "0j"], ["0j", "0j", "0j"], ["0j", "0j", "0j"], ["0j", "0j", "0j"], ["0j", "0j", "0j"], ["0j", "0j", "0j"], ["0j", "0j", "0j"], ["0j", "0j", "0j"], ["0j", "0j", "0j"], ["0j", "0j", "0j"], ["0j", "0j", "0j"], ["0j", "0j", "0j"], ["0j", "0j", "0j"], ["0j", "0j", "0j"], ["(3.2474832619512866e-07+0j)", "(-0.012898746498213124+0j)", "(8.636850962086336e-06+0j)"], ["0j", "0j", "0j"], ["0j", "0j", "0j"], ["0j", "0j", "0j"], ["(-0.018240881086061967+0j)", "(-3.518422447238992e-07+0j)", "(0.0001604024065363877+0j)"], ["0j", "0j", "0j"], ["(-2.3186038159126883e-07+0j)", "(0.009209310853557286+0j)", "(-6.166447671231873e-06+0j)"], ["(0.01302343171001802+0j)", "(2.512046115118684e-07+0j)", "(-0.00011452241686096163+0j)"], ["0j", "0j", "0j"], ["0j", "0j", "0j"], ["0j", "0j", "0j"], ["0j", "0j", "0j"], ["(-2.2819911906850524e-07+0j)", "(0.009063888403440733+0j)", "(-6.069074486385632e-06+0j)"], ["0j", "0j", "0j"], ["(0.00013660923325146672+0j)", "(1.0405599675639764e-05+0j)", "(0.015535156198311018+0j)"], ["(5.91857825154888e-07+0j)", "(-0.023508124393985058+0j)", "(1.5740767276743804e-05+0j)"], ["0j", "0j", "0j"], ["0j", "0j", "0j"], ["(-2.6353030573110497e-07+0j)", "(0.010467215175932304+0j)", "(-7.008725807184297e-06+0j)"], ["(-0.0029067621265752267+0j)", "(-5.606756091796814e-08+0j)", "(2.5560806966048748e-05+0j)"], ["0j", "0j", "0j"], ["(-6.560247931652324e-08+0j)", "(0.0026056785576451117+0j)", "(-1.7447321226152947e-06+0j)"], ["0j", "0j", "0j"], ["0j", "0j", "0j"], ["0j", "0j", "0j"], ["0j", "0j", "0j"], ["0j", "0j", "0j"], ["0j", "0j", "0j"], ["(0.012817781213653042+0j)", "(2.4723788797880776e-07+0j)", "(-0.0001127140154812961+0j)"], ["0j", "0j", "0j"], ["(2.2482746036055544e-07+0j)", "(-0.008929968784373056+0j)", "(5.979403463502291e-06+0j)"], ["(-0.030337468364068813+0j)", "(-5.851692644720649e-07+0j)", "(0.0002667745549603149+0j)"], ["0j", "0j", "0j"], ["0j", "0j", "0j"], ["(0.017709070812371164+0j)", "(3.4158433450674886e-07+0j)", "(-0.00015572589736348485+0j)"], ["0j", "0j", "0j"], ["0j", "0j", "0j"], ["(0.0036848443160826384+0j)", "(7.107572762035008e-08+0j)", "(-3.2402924684554627e-05+0j)"], ["0j", "0j", "0j"], ["0j", "0j", "0j"], ["0j", "0j", "0j"], ["0j", "0j", "0j"], ["(2.6046516897239377e-07+0j)", 