{"geometry": [["H", [0.0, 0.0, 0.0]], ["H", [0.4525, 0.0, 0.0]], ["H", [-0.3022, -0.5119, 0.0]], ["H", [-0.7646, -0.2919, -0.138]]], "multiplicity": 1, "canonical_orbitals": [[0.4343253740171591, 0.4160968619800884, 0.45297116197262344, 2.3819796433684717], [0.16562288890118426, 0.7001755375872609, 0.19969948032707857, -1.8400102113526557], [0.3457974392803128, -0.4544556660806857, -1.8866053983064746, -0.4079829548907427], [0.18410703911675286, -0.6810498640216244, 1.4533985463707133, -0.5530244993990718]], "canonical_to_oao": [[0.5808341742868517, 0.4300580371540734, 0.5437955554464979, 0.4265772386524236], [0.3126113033026165, 0.634204056601581, -0.356302043829896, -0.6108258681491603], [0.15592055420304213, 0.11083748685056594, -0.7504570393884082, 0.6326279035246959], [0.7352513963298322, -0.6328904729713757, -0.11895158456976146, -0.21143687934096256]], "orbital_energies": [-1.0510094489780566, -0.39449638213373067, 0.9544058102545226, 1.3808413296955737], "exact_energy": -1.569665108203765, "ground_states": [["0j"], ["0j"], ["0j"], ["0j"], ["0j"], ["0j"], ["0j"], ["0j"], ["0j"], ["0j"], ["0j"], ["0j"], ["0j"], ["0j"], ["0j"], ["(-0.004221851364077574+0j)"], ["0j"], ["0j"], ["0j"], ["0j"], ["0j"], ["0j"], ["0j"], ["0j"], ["0j"], ["0j"], ["0j"], ["(-0.0004011370916481849+0j)"], ["0j"], ["0j"], ["(-0.0006368916334625677+0j)"], ["0j"], ["0j"], ["0j"], ["0j"], ["0j"], ["0j"], ["0j"], ["0j"], ["(0.0004011370916481319+0j)"], ["0j"], ["0j"], ["0j"], ["0j"], ["0j"], ["(0.0006368916334625657+0j)"], ["0j"], ["0j"], ["0j"], ["0j"], ["0j"], ["(0.027928282567599515+0j)"], ["0j"], ["0j"], ["(-0.0047438639649891945+0j)"], ["0j"], ["0j"], ["(0.004743863964989193+0j)"], ["0j"], ["0j"], ["(0.03538501053137639+0j)"], ["0j"], ["0j"], ["0j"], ["0j"], ["0j"], ["0j"], ["0j"], ["0j"], ["0j"], ["0j"], ["0j"], ["0j"], ["0j"], ["0j"], ["(0.00034148970804494656+0j)"], ["0j"], ["0j"], ["(-0.0002467902441009481+0j)"], ["0j"], ["0j"], ["0j"], ["0j"], ["0j"], ["0j"], ["0j"], ["0j"], ["0j"], ["0j"], ["0j"], ["(0.003322688712172116+0j)"], ["0j"], ["0j"], ["0j"], ["0j"], ["0j"], ["0j"], ["0j"], ["0j"], ["(0.019316973228269342+0j)"], ["0j"], ["0j"], ["(-0.004076055628394816+0j)"], ["0j"], ["0j"], ["(0.0007533669162227017+0j)"], ["0j"], ["0j"], ["(-0.030431500873356283+0j)"], ["0j"], ["0j"], ["0j"], ["0j"], ["0j"], ["(0.0013879872615387633+0j)"], ["0j"], ["0j"], ["0j"], ["0j"], ["0j"], ["(-0.0019897025456183572+0j)"], ["0j"], ["0j"], ["0j"], ["0j"], ["0j"], ["0j"], ["0j"], ["0j"], ["0j"], ["0j"], ["0j"], ["0j"], ["0j"], ["0j"], ["(-0.000341489708044944+0j)"], ["0j"], ["0j"], ["0j"], ["0j"], ["0j"], ["(0.00024679024410094685+0j)"], ["0j"], ["0j"], ["0j"], ["0j"], ["0j"], ["(-0.01931697322826935+0j)"], ["0j"], ["0j"], ["(0.0007533669162226967+0j)"], ["0j"], ["0j"], ["(-0.004076055628394815+0j)"], ["0j"], ["0j"], ["(0.030431500873356283+0j)"], ["0j"], ["0j"], ["0j"], ["0j"], ["0j"], ["0j"], ["0j"], ["0j"], ["(0.003322688712172116+0j)"], ["0j"], ["0j"], ["0j"], ["0j"], ["0j"], ["0j"], ["0j"], ["0j"], ["0j"], ["0j"], ["0j"], ["(-0.0013879872615387649+0j)"], ["0j"], ["0j"], ["(0.001989702545618356+0j)"], ["0j"], ["0j"], ["0j"], ["0j"], ["0j"], ["0j"], ["0j"], ["0j"], ["0j"], ["0j"], ["0j"], ["0j"], ["0j"], ["0j"], ["(0.040717628912289104+0j)"], ["0j"], ["0j"], ["(0.018353118774506145+0j)"], ["0j"], ["0j"], ["(-0.018353118774506152+0j)"], ["0j"], ["0j"], ["(0.04857974948125442+0j)"], ["0j"], ["0j"], ["0j"], ["0j"], ["0j"], ["(0.0018952277381955734+0j)"], ["0j"], ["0j"], ["0j"], ["0j"], ["0j"], ["(0.0021135773193446004+0j)"], ["0j"], ["0j"], ["0j"], ["0j"], ["0j"], ["0j"], ["0j"], ["0j"], ["(-0.0018952277381955784+0j)"], ["0j"], ["0j"], ["(-0.002113577319344589+0j)"], ["0j"], ["0j"], ["0j"], ["0j"], ["0j"], ["0j"], ["0j"], ["0j"], ["0j"], ["0j"], ["0j"], ["(-0.9952533464244183+0j)"], ["0j"], ["0j"], ["0j"], ["0j"], ["0j"], ["0j"], ["0j"], ["0j"], ["0j"], ["0j"], ["0j"], ["0j"], ["0j"], ["0j"], ["0j"]], "hf_energy": -1.5459785577889118}