{"geometry": [["H", [0.0, 0.0, 0.0]], ["H", [0.4275, 0.0, 0.0]], ["H", [0.797, -1.163, 0.0]], ["H", [0.8852, -0.0223, -0.5587]]], "multiplicity": 1, "canonical_orbitals": [[0.32511515203782027, 0.6035328740324869, 0.46874407682784186, 1.8509754467153798], [0.5234066798837381, 0.22985483827925157, -0.006736884718250291, -2.3714368171602094], [0.06006706632969547, -0.7863702299208134, 0.7489880796417988, 0.0895678818971608], [0.22684201603473864, -0.5679994412422025, -0.9814421936345435, 0.8198243599071949]], "canonical_to_oao": [[0.5712654805707278, 0.6577215431982999, 0.2084264883908932, 0.44454079819312514], [0.4491862386762952, 0.15875218187288742, -0.7485871419974303, -0.4611363774097222], [0.31385992097879867, 0.009121805322526988, 0.6285816652197156, -0.7115432754375879], [0.6110478080275886, -0.7362858881107961, 0.03256961655852886, 0.2888648253955612]], "orbital_energies": [-0.9033812192315294, -0.21337344411702316, 0.27274299000527114, 1.4112100026480991], "exact_energy": -1.6484050265648282, "ground_states": [["0j"], ["0j"], ["0j"], ["0j"], ["0j"], ["0j"], ["0j"], ["0j"], ["0j"], ["0j"], ["0j"], ["0j"], ["0j"], ["0j"], ["0j"], ["(-0.019134025685236603+0j)"], ["0j"], ["0j"], ["0j"], ["0j"], ["0j"], ["0j"], ["0j"], ["0j"], ["0j"], ["0j"], ["0j"], ["(-0.0038021518975272887+0j)"], ["0j"], ["0j"], ["(0.003354002911314269+0j)"], ["0j"], ["0j"], ["0j"], ["0j"], ["0j"], ["0j"], ["0j"], ["0j"], ["(0.003802151897527332+0j)"], ["0j"], ["0j"], ["0j"], ["0j"], ["0j"], ["(-0.0033540029113141587+0j)"], ["0j"], ["0j"], ["0j"], ["0j"], ["0j"], ["(0.03490147521660323+0j)"], ["0j"], ["0j"], ["(-0.0018468214271918975+0j)"], ["0j"], ["0j"], ["(0.0018468214271918947+0j)"], ["0j"], ["0j"], ["(0.024135855582882774+0j)"], ["0j"], ["0j"], ["0j"], ["0j"], ["0j"], ["0j"], ["0j"], ["0j"], ["0j"], ["0j"], ["0j"], ["0j"], ["0j"], ["0j"], ["(-0.0005244885266717193+0j)"], ["0j"], ["0j"], ["(-0.0011918239443231174+0j)"], ["0j"], ["0j"], ["0j"], ["0j"], ["0j"], ["0j"], ["0j"], ["0j"], ["0j"], ["0j"], ["0j"], ["(-0.015306386019485137+0j)"], ["0j"], ["0j"], ["0j"], ["0j"], ["0j"], ["0j"], ["0j"], ["0j"], ["(0.016587103784338673+0j)"], ["0j"], ["0j"], ["(-0.013509079659922164+0j)"], ["0j"], ["0j"], ["(0.02881546567940731+0j)"], ["0j"], ["0j"], ["(-0.06953308792510038+0j)"], ["0j"], ["0j"], ["0j"], ["0j"], ["0j"], ["(0.0008006189036521469+0j)"], ["0j"], ["0j"], ["0j"], ["0j"], ["0j"], ["(-0.0035966200607954473+0j)"], ["0j"], ["0j"], ["0j"], ["0j"], ["0j"], ["0j"], ["0j"], ["0j"], ["0j"], ["0j"], ["0j"], ["0j"], ["0j"], ["0j"], ["(0.0005244885266717241+0j)"], ["0j"], ["0j"], ["0j"], ["0j"], ["0j"], ["(0.0011918239443231035+0j)"], ["0j"], ["0j"], ["0j"], ["0j"], ["0j"], ["(-0.016587103784338676+0j)"], ["0j"], ["0j"], ["(0.02881546567940732+0j)"], ["0j"], ["0j"], ["(-0.01350907965992217+0j)"], ["0j"], ["0j"], ["(0.06953308792510042+0j)"], ["0j"], ["0j"], ["0j"], ["0j"], ["0j"], ["0j"], ["0j"], ["0j"], ["(-0.015306386019485148+0j)"], ["0j"], ["0j"], ["0j"], ["0j"], ["0j"], ["0j"], ["0j"], ["0j"], ["0j"], ["0j"], ["0j"], ["(-0.0008006189036521307+0j)"], ["0j"], ["0j"], ["(0.003596620060795419+0j)"], ["0j"], ["0j"], ["0j"], ["0j"], ["0j"], ["0j"], ["0j"], ["0j"], ["0j"], ["0j"], ["0j"], ["0j"], ["0j"], ["0j"], ["(0.01403851131231177+0j)"], ["0j"], ["0j"], ["(-0.010583205134781677+0j)"], ["0j"], ["0j"], ["(0.010583205134781682+0j)"], ["0j"], ["0j"], ["(0.40334778872054+0j)"], ["0j"], ["0j"], ["0j"], ["0j"], ["0j"], ["(-0.009151502759627629+0j)"], ["0j"], ["0j"], ["0j"], ["0j"], ["0j"], ["(0.0866161163600544+0j)"], ["0j"], ["0j"], ["0j"], ["0j"], ["0j"], ["0j"], ["0j"], ["0j"], ["(0.009151502759627608+0j)"], ["0j"], ["0j"], ["(-0.08661611636005398+0j)"], ["0j"], ["0j"], ["0j"], ["0j"], ["0j"], ["0j"], ["0j"], ["0j"], ["0j"], ["0j"], ["0j"], ["(-0.8981912607928763+0j)"], ["0j"], ["0j"], ["0j"], ["0j"], ["0j"], ["0j"], ["0j"], ["0j"], ["0j"], ["0j"], ["0j"], ["0j"], ["0j"], ["0j"], ["0j"]], "hf_energy": -1.549244964891606}