{"geometry": [["H", [0.0, 0.0, 0.0]], ["H", [0.8872, 0.0, 0.0]], ["H", [0.4769, -0.0136, 0.0]], ["H", [0.1671, -1.0064, -0.7575]]], "multiplicity": 1, "canonical_orbitals": [[0.20708375141429897, 0.5174229016867876, 1.0036594703912949, 1.8284161867113968], [0.2155711606286037, -0.6091084036082884, -0.8275558366961203, 2.173776991092601], [0.6359369323811203, -0.20560937918684952, 0.10195816822466253, -3.4942314601147344], [-0.0005472562420694715, 0.8545899791796526, -0.6502982809392815, -0.03439951387378022]], "canonical_to_oao": [[0.5037295557607498, 0.5300406823591393, 0.6681830365484271, 0.13727650697137195], [0.3613753220081799, -0.4290180335325523, -0.10092505123794288, 0.8216845730448913], [0.6499521821674246, -0.5200914921678164, 0.036183311087470194, -0.552953676784236], [0.4395754453929005, 0.5143007308207691, -0.7362311672975332, -0.015226765400715724]], "orbital_energies": [-1.0466092553520667, -0.1732717376534258, 0.29706203771485495, 2.2329231392723554], "exact_energy": -1.3979049722607217, "ground_states": [["0j"], ["0j"], ["0j"], ["0j"], ["0j"], ["0j"], ["0j"], ["0j"], ["0j"], ["0j"], ["0j"], ["0j"], ["0j"], ["0j"], ["0j"], ["(-0.011225478837275885+0j)"], ["0j"], ["0j"], ["0j"], ["0j"], ["0j"], ["0j"], ["0j"], ["0j"], ["0j"], ["0j"], ["0j"], ["(-0.003988572567203714+0j)"], ["0j"], ["0j"], ["(0.0003085453184899292+0j)"], ["0j"], ["0j"], ["0j"], ["0j"], ["0j"], ["0j"], ["0j"], ["0j"], ["(0.003988572567203784+0j)"], ["0j"], ["0j"], ["0j"], ["0j"], ["0j"], ["(-0.00030854531849000403+0j)"], ["0j"], ["0j"], ["0j"], ["0j"], ["0j"], ["(0.021641487272446455+0j)"], ["0j"], ["0j"], ["(0.0028632521218138716+0j)"], ["0j"], ["0j"], ["(-0.002863252121813869+0j)"], ["0j"], ["0j"], ["(0.024854287420177656+0j)"], ["0j"], ["0j"], ["0j"], ["0j"], ["0j"], ["0j"], ["0j"], ["0j"], ["0j"], ["0j"], ["0j"], ["0j"], ["0j"], ["0j"], ["(-0.001110892739007172+0j)"], ["0j"], ["0j"], ["(-0.0033524617223586917+0j)"], ["0j"], ["0j"], ["0j"], ["0j"], ["0j"], ["0j"], ["0j"], ["0j"], ["0j"], ["0j"], ["0j"], ["(-0.018729947915713377+0j)"], ["0j"], ["0j"], ["0j"], ["0j"], ["0j"], ["0j"], ["0j"], ["0j"], ["(-0.005141414164105895+0j)"], ["0j"], ["0j"], ["(-0.011266746273008879+0j)"], ["0j"], ["0j"], ["(0.02999669418872229+0j)"], ["0j"], ["0j"], ["(0.02018197158972216+0j)"], ["0j"], ["0j"], ["0j"], ["0j"], ["0j"], ["(0.002937144323601872+0j)"], ["0j"], ["0j"], ["0j"], ["0j"], ["0j"], ["(0.011057807001196285+0j)"], ["0j"], ["0j"], ["0j"], ["0j"], ["0j"], ["0j"], ["0j"], ["0j"], ["0j"], ["0j"], ["0j"], ["0j"], ["0j"], ["0j"], ["(0.0011108927390071812+0j)"], ["0j"], ["0j"], ["0j"], ["0j"], ["0j"], ["(0.003352461722358706+0j)"], ["0j"], ["0j"], ["0j"], ["0j"], ["0j"], ["(0.005141414164105894+0j)"], ["0j"], ["0j"], ["(0.029996694188722237+0j)"], ["0j"], ["0j"], ["(-0.011266746273008867+0j)"], ["0j"], ["0j"], ["(-0.020181971589722167+0j)"], ["0j"], ["0j"], ["0j"], ["0j"], ["0j"], ["0j"], ["0j"], ["0j"], ["(-0.018729947915713394+0j)"], ["0j"], ["0j"], ["0j"], ["0j"], ["0j"], ["0j"], ["0j"], ["0j"], ["0j"], ["0j"], ["0j"], ["(-0.0029371443236018966+0j)"], ["0j"], ["0j"], ["(-0.011057807001196289+0j)"], ["0j"], ["0j"], ["0j"], ["0j"], ["0j"], ["0j"], ["0j"], ["0j"], ["0j"], ["0j"], ["0j"], ["0j"], ["0j"], ["0j"], ["(0.004855204587129805+0j)"], ["0j"], ["0j"], ["(0.004131107582927644+0j)"], ["0j"], ["0j"], ["(-0.004131107582927653+0j)"], ["0j"], ["0j"], ["(0.41189008735067467+0j)"], ["0j"], ["0j"], ["0j"], ["0j"], ["0j"], ["(-0.0011220289606375944+0j)"], ["0j"], ["0j"], ["0j"], ["0j"], ["0j"], ["(0.1487875090381638+0j)"], ["0j"], ["0j"], ["0j"], ["0j"], ["0j"], ["0j"], ["0j"], ["0j"], ["(0.0011220289606375686+0j)"], ["0j"], ["0j"], ["(-0.14878750903816454+0j)"], ["0j"], ["0j"], ["0j"], ["0j"], ["0j"], ["0j"], ["0j"], ["0j"], ["0j"], ["0j"], ["0j"], ["(-0.8836521009169642+0j)"], ["0j"], ["0j"], ["0j"], ["0j"], ["0j"], ["0j"], ["0j"], ["0j"], ["0j"], ["0j"], ["0j"], ["0j"], ["0j"], ["0j"], ["0j"]], "hf_energy": -1.3093956434010166}