{"geometry": [["H", [0.0, 0.0, 0.0]], ["H", [1.3992, 0.0, 0.0]], ["H", [0.1648, -0.4237, 0.0]], ["H", [-0.3887, -0.4545, -0.1808]]], "multiplicity": 1, "canonical_orbitals": [[0.37799886417698153, 0.12564365339794764, 1.228142622095723, 1.434387504910232], [-0.014478866611308983, 0.8751847216996309, -0.5606365641297852, 0.29839162163409905], [0.3964363024849168, 0.24557425437413274, 0.2231060221175395, -2.004949107135035], [0.3100093251207078, -0.6677381157433451, -1.3563051744916588, 0.5319253463882989]], "canonical_to_oao": [[0.5859386517027272, 0.10156660983146998, 0.5944302502781693, 0.5413065654159089], [0.08872114548102375, 0.8913986826573358, 0.1433424410908213, -0.4207016656532575], [0.5844847544231639, -0.4047692413923819, 0.12346572368533705, -0.6923118142458551], [0.5542400442337403, 0.17678934794478968, -0.7815765075865655, 0.22517029690841467]], "orbital_energies": [-1.1220139552116049, -0.15807215953790116, 0.5451803691773827, 0.8313448438045025], "exact_energy": -1.4772934052537192, "ground_states": [["0j"], ["0j"], ["0j"], ["0j"], ["0j"], ["0j"], ["0j"], ["0j"], ["0j"], ["0j"], ["0j"], ["0j"], ["0j"], ["0j"], ["0j"], ["(0.008655397756630025+0j)"], ["0j"], ["0j"], ["0j"], ["0j"], ["0j"], ["0j"], ["0j"], ["0j"], ["0j"], ["0j"], ["0j"], ["(0.003587172828135284+0j)"], ["0j"], ["0j"], ["(-0.0009668095423633893+0j)"], ["0j"], ["0j"], ["0j"], ["0j"], ["0j"], ["0j"], ["0j"], ["0j"], ["(-0.003587172828135274+0j)"], ["0j"], ["0j"], ["0j"], ["0j"], ["0j"], ["(0.0009668095423633446+0j)"], ["0j"], ["0j"], ["0j"], ["0j"], ["0j"], ["(-0.04693736738608781+0j)"], ["0j"], ["0j"], ["(0.006719739393477444+0j)"], ["0j"], ["0j"], ["(-0.006719739393477439+0j)"], ["0j"], ["0j"], ["(-0.04335082833451719+0j)"], ["0j"], ["0j"], ["0j"], ["0j"], ["0j"], ["0j"], ["0j"], ["0j"], ["0j"], ["0j"], ["0j"], ["0j"], ["0j"], ["0j"], ["(0.0054769614112730475+0j)"], ["0j"], ["0j"], ["(-0.002226476185970496+0j)"], ["0j"], ["0j"], ["0j"], ["0j"], ["0j"], ["0j"], ["0j"], ["0j"], ["0j"], ["0j"], ["0j"], ["(-0.0017067654215565645+0j)"], ["0j"], ["0j"], ["0j"], ["0j"], ["0j"], ["0j"], ["0j"], ["0j"], ["(-0.006930006364349573+0j)"], ["0j"], ["0j"], ["(0.010871731528951292+0j)"], ["0j"], ["0j"], ["(-0.00916496610739472+0j)"], ["0j"], ["0j"], ["(0.02632547445432865+0j)"], ["0j"], ["0j"], ["0j"], ["0j"], ["0j"], ["(0.002809088669800612+0j)"], ["0j"], ["0j"], ["0j"], ["0j"], ["0j"], ["(-0.010774757600978744+0j)"], ["0j"], ["0j"], ["0j"], ["0j"], ["0j"], ["0j"], ["0j"], ["0j"], ["0j"], ["0j"], ["0j"], ["0j"], ["0j"], ["0j"], ["(-0.005476961411273044+0j)"], ["0j"], ["0j"], ["0j"], ["0j"], ["0j"], ["(0.002226476185970494+0j)"], ["0j"], ["0j"], ["0j"], ["0j"], ["0j"], ["(0.006930006364349572+0j)"], ["0j"], ["0j"], ["(-0.009164966107394708+0j)"], ["0j"], ["0j"], ["(0.01087173152895127+0j)"], ["0j"], ["0j"], ["(-0.026325474454328635+0j)"], ["0j"], ["0j"], ["0j"], ["0j"], ["0j"], ["0j"], ["0j"], ["0j"], ["(-0.0017067654215565677+0j)"], ["0j"], ["0j"], ["0j"], ["0j"], ["0j"], ["0j"], ["0j"], ["0j"], ["0j"], ["0j"], ["0j"], ["(-0.002809088669800611+0j)"], ["0j"], ["0j"], ["(0.010774757600978744+0j)"], ["0j"], ["0j"], ["0j"], ["0j"], ["0j"], ["0j"], ["0j"], ["0j"], ["0j"], ["0j"], ["0j"], ["0j"], ["0j"], ["0j"], ["(-0.015322584653910705+0j)"], ["0j"], ["0j"], ["(-0.04789647898363897+0j)"], ["0j"], ["0j"], ["(0.04789647898363893+0j)"], ["0j"], ["0j"], ["(-0.14107207585152506+0j)"], ["0j"], ["0j"], ["0j"], ["0j"], ["0j"], ["(0.00781057807968368+0j)"], ["0j"], ["0j"], ["0j"], ["0j"], ["0j"], ["(-0.051280232851858704+0j)"], ["0j"], ["0j"], ["0j"], ["0j"], ["0j"], ["0j"], ["0j"], ["0j"], ["(-0.0078105780796836576+0j)"], ["0j"], ["0j"], ["(0.05128023285185891+0j)"], ["0j"], ["0j"], ["0j"], ["0j"], ["0j"], ["0j"], ["0j"], ["0j"], ["0j"], ["0j"], ["0j"], ["(0.9815339857107059+0j)"], ["0j"], ["0j"], ["0j"], ["0j"], ["0j"], ["0j"], ["0j"], ["0j"], ["0j"], ["0j"], ["0j"], ["0j"], ["0j"], ["0j"], ["0j"]], "hf_energy": -1.4371417619149978}