{"geometry": [["H", [0.0, 0.0, 0.0]], ["H", [0.7309, 0.0, 0.0]], ["H", [0.918, -1.039, 0.0]], ["H", [0.1885, -0.2758, 0.4304]]], "multiplicity": 1, "canonical_orbitals": [[0.3850737200369099, 0.6145788289488947, 0.07987816682830419, 1.5690497443745033], [0.3059073400967587, -0.436210543828704, -1.311445128931413, -0.40315643200952894], [0.052220542882957854, -0.8846646886077788, 0.5556735190937298, 0.4992026837542747], [0.3952014157745151, 0.24657260426150746, 0.8385421559973845, -1.4472805203521084]], "canonical_to_oao": [[0.5868977345671016, 0.5120487498565591, 0.21950980490889677, 0.5875138913074287], [0.412468084369222, -0.31237746207300443, -0.8380045539378513, 0.17331695861928145], [0.05353120947644888, -0.777938344589763, 0.4135466693012466, 0.47002712042899514], [0.6946621755564172, -0.18718528514843993, 0.28025517914594883, -0.6355022938093878]], "orbital_energies": [-0.969760212048701, -0.18999503465011444, 0.4616546751747877, 0.8463361928608029], "exact_energy": -1.6665383021557785, "ground_states": [["0j"], ["0j"], ["0j"], ["0j"], ["0j"], ["0j"], ["0j"], ["0j"], ["0j"], ["0j"], ["0j"], ["0j"], ["0j"], ["0j"], ["0j"], ["(0.012928324722755201+0j)"], ["0j"], ["0j"], ["0j"], ["0j"], ["0j"], ["0j"], ["0j"], ["0j"], ["0j"], ["0j"], ["0j"], ["(0.005775367761582134+0j)"], ["0j"], ["0j"], ["(0.00041165953043842407+0j)"], ["0j"], ["0j"], ["0j"], ["0j"], ["0j"], ["0j"], ["0j"], ["0j"], ["(-0.005775367761582143+0j)"], ["0j"], ["0j"], ["0j"], ["0j"], ["0j"], ["(-0.0004116595304385077+0j)"], ["0j"], ["0j"], ["0j"], ["0j"], ["0j"], ["(-0.04462606333945316+0j)"], ["0j"], ["0j"], ["(-0.01244649353667988+0j)"], ["0j"], ["0j"], ["(0.012446493536679861+0j)"], ["0j"], ["0j"], ["(-0.050275171025675656+0j)"], ["0j"], ["0j"], ["0j"], ["0j"], ["0j"], ["0j"], ["0j"], ["0j"], ["0j"], ["0j"], ["0j"], ["0j"], ["0j"], ["0j"], ["(0.003031702236434465+0j)"], ["0j"], ["0j"], ["(-0.004269893676469374+0j)"], ["0j"], ["0j"], ["0j"], ["0j"], ["0j"], ["0j"], ["0j"], ["0j"], ["0j"], ["0j"], ["0j"], ["(-0.00215720326453038+0j)"], ["0j"], ["0j"], ["0j"], ["0j"], ["0j"], ["0j"], ["0j"], ["0j"], ["(-0.030280913971057553+0j)"], ["0j"], ["0j"], ["(-0.015488583476577415+0j)"], ["0j"], ["0j"], ["(0.01764578674110779+0j)"], ["0j"], ["0j"], ["(0.033486479588414525+0j)"], ["0j"], ["0j"], ["0j"], ["0j"], ["0j"], ["(0.0053774889863138055+0j)"], ["0j"], ["0j"], ["0j"], ["0j"], ["0j"], ["(0.0017195560472246531+0j)"], ["0j"], ["0j"], ["0j"], ["0j"], ["0j"], ["0j"], ["0j"], ["0j"], ["0j"], ["0j"], ["0j"], ["0j"], ["0j"], ["0j"], ["(-0.0030317022364344495+0j)"], ["0j"], ["0j"], ["0j"], ["0j"], ["0j"], ["(0.004269893676469376+0j)"], ["0j"], ["0j"], ["0j"], ["0j"], ["0j"], ["(0.030280913971057553+0j)"], ["0j"], ["0j"], ["(0.017645786741107807+0j)"], ["0j"], ["0j"], ["(-0.0154885834765774+0j)"], ["0j"], ["0j"], ["(-0.03348647958841446+0j)"], ["0j"], ["0j"], ["0j"], ["0j"], ["0j"], ["0j"], ["0j"], ["0j"], ["(-0.0021572032645303944+0j)"], ["0j"], ["0j"], ["0j"], ["0j"], ["0j"], ["0j"], ["0j"], ["0j"], ["0j"], ["0j"], ["0j"], ["(-0.005377488986313829+0j)"], ["0j"], ["0j"], ["(-0.0017195560472246625+0j)"], ["0j"], ["0j"], ["0j"], ["0j"], ["0j"], ["0j"], ["0j"], ["0j"], ["0j"], ["0j"], ["0j"], ["0j"], ["0j"], ["0j"], ["(-0.05511468681656504+0j)"], ["0j"], ["0j"], ["(0.05407874253315327+0j)"], ["0j"], ["0j"], ["(-0.05407874253315321+0j)"], ["0j"], ["0j"], ["(-0.13087234431015224+0j)"], ["0j"], ["0j"], ["0j"], ["0j"], ["0j"], ["(-0.004225304212535126+0j)"], ["0j"], ["0j"], ["0j"], ["0j"], ["0j"], ["(-0.07097863313253505+0j)"], ["0j"], ["0j"], ["0j"], ["0j"], ["0j"], ["0j"], ["0j"], ["0j"], ["(0.0042253042125351605+0j)"], ["0j"], ["0j"], ["(0.07097863313253558+0j)"], ["0j"], ["0j"], ["0j"], ["0j"], ["0j"], ["0j"], ["0j"], ["0j"], ["0j"], ["0j"], ["0j"], ["(0.9764753165037723+0j)"], ["0j"], ["0j"], ["0j"], ["0j"], ["0j"], ["0j"], ["0j"], ["0j"], ["0j"], ["0j"], ["0j"], ["0j"], ["0j"], ["0j"], ["0j"]], "hf_energy": -1.6243054189377322}