{"geometry": [["H", [0.0, 0.0, 0.0]], ["H", [1.3972, 0.0, 0.0]], ["H", [0.7936, -0.8197, 0.0]], ["H", [-0.0284, -0.4487, 0.4926]]], "multiplicity": 1, "canonical_orbitals": [[0.39599679779304026, 0.4045497634854732, 0.6177559693136578, 1.1766379256871013], [0.16866374828950875, -0.6794131049150973, 0.7977919424931279, -0.464111723858064], [0.29005632154429234, -0.5247365078786346, -0.9867693961939277, 0.5304004176467598], [0.4119434346638444, 0.45175056761890825, -0.25460531048205187, -1.330296805821707]], "canonical_to_oao": [[0.5794160015246979, 0.3094290161547091, 0.4668870952978176, 0.5920702841580804], [0.36049298071624136, -0.6950804013352252, -0.4832911208803346, 0.3915836296529925], [0.4004042100164216, 0.5901709777396869, -0.6818653817062083, -0.16258624439218178], [0.6115540668105959, -0.2698427999316913, 0.2889735869473947, -0.6853325854935002]], "orbital_energies": [-0.7559034791389799, -0.3077415123540369, 0.4262235115361436, 0.7912827433864353], "exact_energy": -2.020748420157144, "ground_states": [["0j"], ["0j"], ["0j"], ["0j"], ["0j"], ["0j"], ["0j"], ["0j"], ["0j"], ["0j"], ["0j"], ["0j"], ["0j"], ["0j"], ["0j"], ["(0.02024897272810459+0j)"], ["0j"], ["0j"], ["0j"], ["0j"], ["0j"], ["0j"], ["0j"], ["0j"], ["0j"], ["0j"], ["0j"], ["(0.0037385861859868807+0j)"], ["0j"], ["0j"], ["(-0.00034745930381673007+0j)"], ["0j"], ["0j"], ["0j"], ["0j"], ["0j"], ["0j"], ["0j"], ["0j"], ["(-0.0037385861859866635+0j)"], ["0j"], ["0j"], ["0j"], ["0j"], ["0j"], ["(0.00034745930381672736+0j)"], ["0j"], ["0j"], ["0j"], ["0j"], ["0j"], ["(-0.052512062818563285+0j)"], ["0j"], ["0j"], ["(0.015085878209725756+0j)"], ["0j"], ["0j"], ["(-0.015085878209725768+0j)"], ["0j"], ["0j"], ["(-0.049815525502759826+0j)"], ["0j"], ["0j"], ["0j"], ["0j"], ["0j"], ["0j"], ["0j"], ["0j"], ["0j"], ["0j"], ["0j"], ["0j"], ["0j"], ["0j"], ["(0.0032519989431044755+0j)"], ["0j"], ["0j"], ["(0.0005399631864480878+0j)"], ["0j"], ["0j"], ["0j"], ["0j"], ["0j"], ["0j"], ["0j"], ["0j"], ["0j"], ["0j"], ["0j"], ["(0.009614932680582852+0j)"], ["0j"], ["0j"], ["0j"], ["0j"], ["0j"], ["0j"], ["0j"], ["0j"], ["(-0.033513804024385634+0j)"], ["0j"], ["0j"], ["(0.037969837242828944+0j)"], ["0j"], ["0j"], ["(-0.04758476992341183+0j)"], ["0j"], ["0j"], ["(0.05166683227444902+0j)"], ["0j"], ["0j"], ["0j"], ["0j"], ["0j"], ["(-0.0006619738333610373+0j)"], ["0j"], ["0j"], ["0j"], ["0j"], ["0j"], ["(-0.0018771596729815854+0j)"], ["0j"], ["0j"], ["0j"], ["0j"], ["0j"], ["0j"], ["0j"], ["0j"], ["0j"], ["0j"], ["0j"], ["0j"], ["0j"], ["0j"], ["(-0.0032519989431044785+0j)"], ["0j"], ["0j"], ["0j"], ["0j"], ["0j"], ["(-0.0005399631864480692+0j)"], ["0j"], ["0j"], ["0j"], ["0j"], ["0j"], ["(0.03351380402438563+0j)"], ["0j"], ["0j"], ["(-0.04758476992341181+0j)"], ["0j"], ["0j"], ["(0.037969837242828965+0j)"], ["0j"], ["0j"], ["(-0.051666832274449+0j)"], ["0j"], ["0j"], ["0j"], ["0j"], ["0j"], ["0j"], ["0j"], ["0j"], ["(0.009614932680582843+0j)"], ["0j"], ["0j"], ["0j"], ["0j"], ["0j"], ["0j"], ["0j"], ["0j"], ["0j"], ["0j"], ["0j"], ["(0.000661973833361017+0j)"], ["0j"], ["0j"], ["(0.0018771596729816094+0j)"], ["0j"], ["0j"], ["0j"], ["0j"], ["0j"], ["0j"], ["0j"], ["0j"], ["0j"], ["0j"], ["0j"], ["0j"], ["0j"], ["0j"], ["(-0.05332933832504164+0j)"], ["0j"], ["0j"], ["(-0.034478658033388766+0j)"], ["0j"], ["0j"], ["(0.03447865803338879+0j)"], ["0j"], ["0j"], ["(-0.1657788414705987+0j)"], ["0j"], ["0j"], ["0j"], ["0j"], ["0j"], ["(0.001763450280163265+0j)"], ["0j"], ["0j"], ["0j"], ["0j"], ["0j"], ["(-0.029405878637986868+0j)"], ["0j"], ["0j"], ["0j"], ["0j"], ["0j"], ["0j"], ["0j"], ["0j"], ["(-0.0017634502801632556+0j)"], ["0j"], ["0j"], ["(0.029405878637986736+0j)"], ["0j"], ["0j"], ["0j"], ["0j"], ["0j"], ["0j"], ["0j"], ["0j"], ["0j"], ["0j"], ["0j"], ["(0.9717076827776453+0j)"], ["0j"], ["0j"], ["0j"], ["0j"], ["0j"], ["0j"], ["0j"], ["0j"], ["0j"], ["0j"], ["0j"], ["0j"], ["0j"], ["0j"], ["0j"]], "hf_energy": -1.9596064717605841}