{"geometry": [["H", [0.0, 0.0, 0.0]], ["H", [0.8719, 0.0, 0.0]], ["H", [-0.3994, -0.6146, 0.0]], ["H", [-0.306, 0.2216, 0.1361]]], "multiplicity": 1, "canonical_orbitals": [[0.5038388239423424, 0.29693865124291785, 0.10937272406351606, 2.5714448225571456], [0.03374276128118492, 0.8804514091919993, -0.49623208878421443, -0.8064672107332675], [0.19286336228774711, -0.7183763417717705, -1.0296658047572573, -0.4679517503626489], [0.36983581079134864, -0.22039034435225308, 0.9930554302877443, -1.8502084402392396]], "canonical_to_oao": [[0.6346142324394808, 0.23921555305070835, 0.42594382428378225, 0.5988426786046535], [0.15279361119110185, 0.8222629766506317, -0.5374477238558163, -0.10810945255169571], [0.09466324757097169, -0.40696328455774233, -0.709793315293011, 0.567109516889504], [0.7516367193822748, -0.3178685285306797, -0.16098214883043727, -0.5550554822753575]], "orbital_energies": [-1.012860558860109, -0.16695838395150306, 0.3256909819716844, 1.4538036611786274], "exact_energy": -1.4750795192092854, "ground_states": [["0j"], ["0j"], ["0j"], ["0j"], ["0j"], ["0j"], ["0j"], ["0j"], ["0j"], ["0j"], ["0j"], ["0j"], ["0j"], ["0j"], ["0j"], ["(0.013443137362139704+0j)"], ["0j"], ["0j"], ["0j"], ["0j"], ["0j"], ["0j"], ["0j"], ["0j"], ["0j"], ["0j"], ["0j"], ["(0.004941670347690937+0j)"], ["0j"], ["0j"], ["(-0.00016589548235779183+0j)"], ["0j"], ["0j"], ["0j"], ["0j"], ["0j"], ["0j"], ["0j"], ["0j"], ["(-0.004941670347691217+0j)"], ["0j"], ["0j"], ["0j"], ["0j"], ["0j"], ["(0.00016589548235770813+0j)"], ["0j"], ["0j"], ["0j"], ["0j"], ["0j"], ["(-0.03257575255010473+0j)"], ["0j"], ["0j"], ["(-0.011664719242432937+0j)"], ["0j"], ["0j"], ["(0.011664719242432856+0j)"], ["0j"], ["0j"], ["(-0.04544498652336885+0j)"], ["0j"], ["0j"], ["0j"], ["0j"], ["0j"], ["0j"], ["0j"], ["0j"], ["0j"], ["0j"], ["0j"], ["0j"], ["0j"], ["0j"], ["(0.005440894741054904+0j)"], ["0j"], ["0j"], ["(0.002801708813667605+0j)"], ["0j"], ["0j"], ["0j"], ["0j"], ["0j"], ["0j"], ["0j"], ["0j"], ["0j"], ["0j"], ["0j"], ["(0.011648397508950666+0j)"], ["0j"], ["0j"], ["0j"], ["0j"], ["0j"], ["0j"], ["0j"], ["0j"], ["(-0.007289289226179528+0j)"], ["0j"], ["0j"], ["(-0.002259008956248995+0j)"], ["0j"], ["0j"], ["(-0.009389388552701598+0j)"], ["0j"], ["0j"], ["(0.047954786839723+0j)"], ["0j"], ["0j"], ["0j"], ["0j"], ["0j"], ["(-0.002422334479983841+0j)"], ["0j"], ["0j"], ["0j"], ["0j"], ["0j"], ["(-0.027836275568696126+0j)"], ["0j"], ["0j"], ["0j"], ["0j"], ["0j"], ["0j"], ["0j"], ["0j"], ["0j"], ["0j"], ["0j"], ["0j"], ["0j"], ["0j"], ["(-0.005440894741054866+0j)"], ["0j"], ["0j"], ["0j"], ["0j"], ["0j"], ["(-0.002801708813667663+0j)"], ["0j"], ["0j"], ["0j"], ["0j"], ["0j"], ["(0.007289289226179441+0j)"], ["0j"], ["0j"], ["(-0.009389388552701905+0j)"], ["0j"], ["0j"], ["(-0.0022590089562488755+0j)"], ["0j"], ["0j"], ["(-0.047954786839722825+0j)"], ["0j"], ["0j"], ["0j"], ["0j"], ["0j"], ["0j"], ["0j"], ["0j"], ["(0.011648397508950699+0j)"], ["0j"], ["0j"], ["0j"], ["0j"], ["0j"], ["0j"], ["0j"], ["0j"], ["0j"], ["0j"], ["0j"], ["(0.0024223344799838755+0j)"], ["0j"], ["0j"], ["(0.027836275568695786+0j)"], ["0j"], ["0j"], ["0j"], ["0j"], ["0j"], ["0j"], ["0j"], ["0j"], ["0j"], ["0j"], ["0j"], ["0j"], ["0j"], ["0j"], ["(-0.014684493736719161+0j)"], ["0j"], ["0j"], ["(0.060768298223325336+0j)"], ["0j"], ["0j"], ["(-0.060768298223324885+0j)"], ["0j"], ["0j"], ["(-0.30661859586735807+0j)"], ["0j"], ["0j"], ["0j"], ["0j"], ["0j"], ["(0.003083287778411385+0j)"], ["0j"], ["0j"], ["0j"], ["0j"], ["0j"], ["(-0.11786836607724153+0j)"], ["0j"], ["0j"], ["0j"], ["0j"], ["0j"], ["0j"], ["0j"], ["0j"], ["(-0.003083287778411099+0j)"], ["0j"], ["0j"], ["(0.11786836607724785+0j)"], ["0j"], ["0j"], ["0j"], ["0j"], ["0j"], ["0j"], ["0j"], ["0j"], ["0j"], ["0j"], ["0j"], ["(0.9274432037920844+0j)"], ["0j"], ["0j"], ["0j"], ["0j"], ["0j"], ["0j"], ["0j"], ["0j"], ["0j"], ["0j"], ["0j"], ["0j"], ["0j"], ["0j"], ["0j"]], "hf_energy": -1.4080972239795342}