{"geometry": [["H", [0.0, 0.0, 0.0]], ["H", [0.4028, 0.0, 0.0]], ["H", [-0.4404, 0.4811, 0.0]], ["H", [0.0828, -0.7849, -0.2394]]], "multiplicity": 1, "canonical_orbitals": [[0.5436028821499037, 0.22195325231413987, 0.03455713226469409, 2.772364006775638], [0.33868681889616215, -0.27781125065020895, 1.1422789033033849, -1.7836898814470576], [0.10901949348948277, 0.8133525666190211, -0.6831651225902796, -1.1338588754497356], [0.10985816248173905, -0.8037671109151149, -0.926754905894539, -0.399578780166123]], "canonical_to_oao": [[0.6398741523399774, 0.5805717438503528, 0.3695291884324049, 0.34197324209100793], [0.11627178426234039, -0.17147686216033864, 0.7002773173106993, -0.6831458385939462], [0.05307578983942843, 0.6136556842905132, -0.47306897825223376, -0.629932856331726], [0.757776287491607, -0.5069110741778492, -0.3863490644119698, -0.13982367975164123]], "orbital_energies": [-1.0250999545233919, -0.2209602812112389, 0.42825324051013797, 1.5855865960999032], "exact_energy": -1.4823842334475137, "ground_states": [["0j"], ["0j"], ["0j"], ["0j"], ["0j"], ["0j"], ["0j"], ["0j"], ["0j"], ["0j"], ["0j"], ["0j"], ["0j"], ["0j"], ["0j"], ["(0.00954180311616015+0j)"], ["0j"], ["0j"], ["0j"], ["0j"], ["0j"], ["0j"], ["0j"], ["0j"], ["0j"], ["0j"], ["0j"], ["(0.00018704445148647053+0j)"], ["0j"], ["0j"], ["(-8.012217939651345e-05+0j)"], ["0j"], ["0j"], ["0j"], ["0j"], ["0j"], ["0j"], ["0j"], ["0j"], ["(-0.000187044451486497+0j)"], ["0j"], ["0j"], ["0j"], ["0j"], ["0j"], ["(8.012217939651548e-05+0j)"], ["0j"], ["0j"], ["0j"], ["0j"], ["0j"], ["(-0.031829518843388076+0j)"], ["0j"], ["0j"], ["(-0.008436287610166819+0j)"], ["0j"], ["0j"], ["(0.008436287610166827+0j)"], ["0j"], ["0j"], ["(-0.041495452401984934+0j)"], ["0j"], ["0j"], ["0j"], ["0j"], ["0j"], ["0j"], ["0j"], ["0j"], ["0j"], ["0j"], ["0j"], ["0j"], ["0j"], ["0j"], ["(0.0034867243976705363+0j)"], ["0j"], ["0j"], ["(0.002326436781267458+0j)"], ["0j"], ["0j"], ["0j"], ["0j"], ["0j"], ["0j"], ["0j"], ["0j"], ["0j"], ["0j"], ["0j"], ["(0.010577599463791467+0j)"], ["0j"], ["0j"], ["0j"], ["0j"], ["0j"], ["0j"], ["0j"], ["0j"], ["(-0.0063618130641536555+0j)"], ["0j"], ["0j"], ["(0.005833804099042249+0j)"], ["0j"], ["0j"], ["(-0.016411403562833708+0j)"], ["0j"], ["0j"], ["(0.027697172594042745+0j)"], ["0j"], ["0j"], ["0j"], ["0j"], ["0j"], ["(-0.0017251170310721728+0j)"], ["0j"], ["0j"], ["0j"], ["0j"], ["0j"], ["(-0.02038195556876844+0j)"], ["0j"], ["0j"], ["0j"], ["0j"], ["0j"], ["0j"], ["0j"], ["0j"], ["0j"], ["0j"], ["0j"], ["0j"], ["0j"], ["0j"], ["(-0.003486724397670533+0j)"], ["0j"], ["0j"], ["0j"], ["0j"], ["0j"], ["(-0.0023264367812674642+0j)"], ["0j"], ["0j"], ["0j"], ["0j"], ["0j"], ["(0.006361813064153655+0j)"], ["0j"], ["0j"], ["(-0.01641140356283371+0j)"], ["0j"], ["0j"], ["(0.005833804099042256+0j)"], ["0j"], ["0j"], ["(-0.02769717259404276+0j)"], ["0j"], ["0j"], ["0j"], ["0j"], ["0j"], ["0j"], ["0j"], ["0j"], ["(0.010577599463791458+0j)"], ["0j"], ["0j"], ["0j"], ["0j"], ["0j"], ["0j"], ["0j"], ["0j"], ["0j"], ["0j"], ["0j"], ["(0.0017251170310721672+0j)"], ["0j"], ["0j"], ["(0.02038195556876843+0j)"], ["0j"], ["0j"], ["0j"], ["0j"], ["0j"], ["0j"], ["0j"], ["0j"], ["0j"], ["0j"], ["0j"], ["0j"], ["0j"], ["0j"], ["(-0.01600582796133053+0j)"], ["0j"], ["0j"], ["(0.043992031666029635+0j)"], ["0j"], ["0j"], ["(-0.04399203166602965+0j)"], ["0j"], ["0j"], ["(-0.2244286836278648+0j)"], ["0j"], ["0j"], ["0j"], ["0j"], ["0j"], ["(0.0006632320676914749+0j)"], ["0j"], ["0j"], ["0j"], ["0j"], ["0j"], ["(-0.004483047689080481+0j)"], ["0j"], ["0j"], ["0j"], ["0j"], ["0j"], ["0j"], ["0j"], ["0j"], ["(-0.0006632320676914729+0j)"], ["0j"], ["0j"], ["(0.004483047689080441+0j)"], ["0j"], ["0j"], ["0j"], ["0j"], ["0j"], ["0j"], ["0j"], ["0j"], ["0j"], ["0j"], ["0j"], ["(0.9691118549663323+0j)"], ["0j"], ["0j"], ["0j"], ["0j"], ["0j"], ["0j"], ["0j"], ["0j"], ["0j"], ["0j"], ["0j"], ["0j"], ["0j"], ["0j"], ["0j"]], "hf_energy": -1.4283818546398548}