{"geometry": [["H", [0.0, 0.0, 0.0]], ["H", [1.2067, 0.0, 0.0]], ["H", [0.1369, 1.0127, 0.0]], ["H", [0.2209, -0.1601, 0.6885]]], "multiplicity": 3, "canonical_orbitals": [[0.4897156494859595, 0.045980162804156344, 0.3257419069646913, 1.3337004224095026], [0.12428491653040365, 0.35292342488923445, -1.0421321563333148, 0.02971893283875081], [0.15642171833472004, -1.030230271855716, -0.21507804051032636, -0.4334028251352725], [0.45545774735296557, 0.4087113200386511, 0.42784427308078377, -1.1294451409155137]], "canonical_to_oao": [[0.6484619474087567, 0.29249337181140145, 0.32880845052461294, 0.6211519404081776], [-0.002081851903463744, 0.3040547455612508, -0.8930309924811541, 0.3317258266437214], [0.21679253896308023, -0.9065829421760591, -0.19610712207014594, 0.30438521757586534], [0.7297217029151843, 0.010281444620358925, -0.23647969469934027, -0.6414654177630994]], "orbital_energies": [-0.7138514061894485, 0.017050278856856168, 0.05070795718808279, 0.6973808138185842], "exact_energy": -1.8915014647079125, "ground_states": [["0j", "0j", "0j"], ["0j", "0j", "0j"], ["0j", "0j", "0j"], ["0j", "0j", "0j"], ["0j", "0j", "0j"], ["0j", "0j", "0j"], ["0j", "0j", "0j"], ["0j", "0j", "0j"], ["0j", "0j", "0j"], ["0j", "0j", "0j"], ["0j", "0j", "0j"], ["0j", "0j", "0j"], ["0j", "0j", "0j"], ["0j", "0j", "0j"], ["0j", "0j", "0j"], ["0j", "0j", "0j"], ["0j", "0j", "0j"], ["0j", "0j", "0j"], ["0j", "0j", "0j"], ["0j", "0j", "0j"], ["0j", "0j", "0j"], ["0j", "0j", "0j"], ["0j", "0j", "0j"], ["(0.011853091431623454+0j)", "(0.05991085336904582+0j)", "(-0.05705053119762817+0j)"], ["0j", "0j", "0j"], ["0j", "0j", "0j"], ["0j", "0j", "0j"], ["(-0.057952031282691316+0j)", "(0.011568705788989242+0j)", "(0.00010833046813045401+0j)"], ["0j", "0j", "0j"], ["(-2.597971492918584e-05+0j)", "(-0.00013131316000409478+0j)", "(0.00012504387953420111+0j)"], ["(0.00012701979572046388+0j)", "(-2.5356395859464755e-05+0j)", "(-2.3743971749572478e-07+0j)"], ["0j", "0j", "0j"], ["0j", "0j", "0j"], ["0j", "0j", "0j"], ["0j", "0j", "0j"], ["0j", "0j", "0j"], ["0j", "0j", "0j"], ["0j", "0j", "0j"], ["0j", "0j", "0j"], ["(-0.05795203128269256+0j)", "(0.011568705788989565+0j)", "(0.00010833046813047936+0j)"], ["0j", "0j", "0j"], ["0j", "0j", "0j"], ["0j", "0j", "0j"], ["(-0.011278191422325834+0j)", "(-0.05592485117685679+0j)", "(-0.0610719465623381+0j)"], ["0j", "0j", "0j"], ["(0.00012701979572051885+0j)", "(-2.535639585964628e-05+0j)", "(-2.374397175527355e-07+0j)"], ["(2.4719643795578783e-05+0j)", "(0.0001225766037006859+0j)", "(0.0001338580547549735+0j)"], ["0j", "0j", "0j"], ["0j", "0j", "0j"], ["0j", "0j", "0j"], ["0j", "0j", "0j"], ["0j", "0j", "0j"], ["0j", "0j", "0j"], ["(-0.002680106044328254+0j)", "(-0.013546460951685392+0j)", "(0.012899712651078228+0j)"], ["(0.013103551104605963+0j)", "(-0.002615803521721468+0j)", "(-2.449463450904639e-05+0j)"], ["0j", "0j", "0j"], ["0j", "0j", "0j"], ["(0.013103551104605657+0j)", "(-0.0026158035217213045+0j)", "(-2.4494634508979358e-05+0j)"], ["(0.0025501152314933643+0j)", "(0.012645184805321528+0j)", "(0.013808996080459374+0j)"], ["0j", "0j", "0j"], ["0j", "0j", "0j"], ["0j", "0j", "0j"], ["0j", "0j", "0j"], ["0j", "0j", "0j"], ["0j", "0j", "0j"], ["0j", "0j", "0j"], ["0j", "0j", "0j"], ["0j", "0j", "0j"], ["0j", "0j", "0j"], ["0j", "0j", "0j"], ["0j", "0j", "0j"], ["(-0.002787730360342957+0j)", "(-0.01409044263383942+0j)", "(0.013417723031225877+0j)"], ["0j", "0j", "0j"], ["0j", "0j", "0j"], ["0j", "0j", "0j"], ["(0.013629746972108848+0j)", "(-0.002720845658187988+0j)", "(-2.5478259127325417e-05+0j)"], ["0j", "0j", "0j"], ["(-0.003979127412717276+0j)", "(-0.020112299001088893+0j)", "(0.019152078080905546+0j)"], ["(0.01945471505301854+0j)", "(-0.0038836580819594656+0j)", "(-3.6366945944594956e-05+0j)"], ["0j", "0j", "0j"], ["0j", "0j", "0j"], ["0j", "0j", "0j"], ["0j", "0j", "0j"], ["(0.006559263784769657+0j)", "(0.033153468281683945+0j)", "(-0.03157062318680019+0j)"], ["0j", "0j", "0j"], ["0j", "0j", "0j"], ["(0.005106449725671214+0j)", "(0.025810292826636192+0j)", "(-0.024578032749016508+0j)"], ["0j", "0j", "0j"], ["0j", "0j", "0j"], ["(-0.00028410151279006045+0j)", "(-0.0014359767806464076+0j)", "(0.001367418981977942+0j)"], ["(-0.023577382837300893+0j)", "(0.004706647882428221+0j)", "(4.4073501196046806e-05+0j)"], ["0j", "0j", "0j"], ["(-0.0010803648634819718+0j)", "(-0.005460649763356504+0j)", "(0.005199942116742653+0j)"], ["0j", "0j", "0j"], ["0j", "0j", "0j"], ["0j", "0j", "0j"], ["0j", "0j", "0j"], ["0j", "0j", "0j"], ["0j", "0j", "0j"], ["(-0.03206949530754962+0j)", "(0.006401890456689271+0j)", "(5.994791489602077e-05+0j)"], ["0j", "0j", "0j"], ["(-0.009101248043971341+0j)", "(-0.046001799630343426+0j)", "(0.04380553701666863+0j)"], ["(0.01953133310796302+0j)", "(-0.0038989530028820845+0j)", "(-3.651016904772083e-05+0j)"], ["0j", "0j", "0j"], ["0j", "0j", "0j"], ["(0.04588676922387776+0j)", "(-0.009160171283190997+0j)", "(-8.57767205220054e-05+0j)"], ["(0.004071364137396465+0j)", "(0.020188559046795684+0j)", "(0.02204663174475721+0j)"], ["0j", "0j", "0j"], ["(0.005282110471044987+0j)", "(-0.0010544441779163642+0j)", "(-9.873916192138857e-06+0j)"], ["0j", "0j", "0j"], ["0j", "0j", "0j"], ["0j", "0j", "0j"], ["0j", "0j", "0j"], ["(0.0046333848712621075+0j)", "(0.02341921035755641+0j)", "(-0.02230110766237067+0j)"], ["(-0.022653504914992226+0j)", "(0.004522218249306615+0j)", "(4.234648446172888e-05+0j)"], ["0j", "0j", "0j"], ["(-0.0016483215413100139+0j)", "(-0.008331358172349715+0j)", "(0.00793359437567006+0j)"], ["0j", "0j", "0j"], ["0j", "0j", "0j"], ["0j", "0j", "0j"], ["(0.008058959308377816+0j)", "(-0.0016087741385504208+0j)", "(-1.506471499263295e-05+0j)"], ["0j", "0j", "0j"], ["0j", "0j", "0j"], ["0j", "0j", "0j"], ["0j", "0j", "0j"], ["0j", "0j", "0j"], ["0j", "0j", "0j"], ["0j", "0j", "0j"], ["0j", "0j", "0j"], ["0j", "0j", "0j"], ["0j", "0j", "0j"], ["0j", "0j", "0j"], ["0j", "0j", "0j"], ["0j", "0j", "0j"], ["0j", "0j", "0j"], ["(0.013629746972109662+0j)", "(-0.0027208456581883853+0j)", "(-2.547825912745661e-05+0j)"], ["0j", "0j", "0j"], ["0j", "0j", "0j"], ["0j", "0j", "0j"], ["(0.002652519540505282+0j)", "(0.013152974177474198+0j)", "(0.014363520316973775+0j)"], ["0j", "0j", "0j"], ["(0.019454715053018632+0j)", "(-0.003883658081959443+0j)", "(-3.6366945944515484e-05+0j)"], ["(0.0037861313154743024+0j)", "(0.01877418306048506+0j)", "(0.02050208235683211+0j)"], ["0j", "0j", "0j"], ["0j", "0j", "0j"], ["0j", "0j", "0j"], ["0j", "0j", "0j"], ["(-0.032069495307548955+0j)", "(0.006401890456688966+0j)", "(5.9947914895940705e-05+0j)"], ["0j", "0j", "0j"], ["(0.00427889983109021+0j)", "(0.021627483584353797+0j)", "(-0.020594923249630616+0j)"], ["(-0.04588676922387959+0j)", "(0.009160171283191394+0j)", "(8.577672052197746e-05+0j)"], ["0j", "0j", "0j"], ["0j", "0j", "0j"], ["(-0.019531333107962165+0j)", "(0.003898953002882103+0j)", "(3.6510169047866316e-05+0j)"], ["(-0.008659818260418032+0j)", "(-0.04294119768829324+0j)", "(-0.04689333052043066+0j)"], ["0j", "0j", "0j"], ["(0.005282110471044267+0j)", "(-0.0010544441779162367+0j)", "(-9.873916192133623e-06+0j)"], ["0j", "0j", "0j"], ["0j", "0j", "0j"], ["0j", "0j", "0j"], ["0j", "0j", "0j"], ["0j", "0j", "0j"], ["0j", "0j", "0j"], ["(-0.0062411256152800475+0j)", "(-0.030947694372315142+0j)", "(-0.03379599403772307+0j)"], ["0j", "0j", "0j"], ["(0.023577382837301753+0j)", "(-0.00470664788242865+0j)", "(-4.4073501196213495e-05+0j)"], ["(-0.00027032198841141583+0j)", "(-0.0013404380547943615+0j)", "(-0.0014638065105196628+0j)"], ["0j", "0j", "0j"], ["0j", "0j", "0j"], ["(0.0048587761114329865+0j)", "(0.024093076696291932+0j)", "(0.026310505286193116+0j)"], ["0j", "0j", "0j"], ["0j", "0j", "0j"], ["(0.0010279648821232123+0j)", "(0.005097340601434845+0j)", "(0.005566479056625398+0j)"], ["0j", "0j", "0j"], ["0j", "0j", "0j"], ["0j", "0j", "0j"], ["0j", "0j", "0j"], ["(-0.02265350491499216+0j)", "(0.004522218249306405+0j)", "(4.234648446160588e-05+0j)"], ["(-0.004408655903217421+0j)", 