{"geometry": [["H", [0.0, 0.0, 0.0]], ["H", [0.6039, 0.0, 0.0]], ["H", [-0.1323, -0.5894, 0.0]], ["H", [0.536, 0.4524, 0.2614]]], "multiplicity": 1, "canonical_orbitals": [[0.3803874971410362, 0.4298773177259246, 1.1470987738623122, 1.5630132658369897], [0.3802368923081247, -0.3798195104730385, -1.7582845345481823, 0.5822689035213582], [0.13001195743733415, 0.7721320742455724, -0.357132330141886, -1.3238590844244325], [0.24343757229586188, -0.6966155399470725, 0.9811131184419779, -1.2476779358363421]], "canonical_to_oao": [[0.5565339095760716, 0.5673275065547704, 0.3644092601529066, 0.4854023062503191], [0.3138537865835458, -0.2850001422214973, 0.7112513430826028, -0.5607069167970815], [0.48407554560808935, -0.7403378953382471, -0.1668886335214631, 0.4355672747942641], [0.5978600791852331, 0.22093940338066212, -0.5774734643941176, -0.5101700732805494]], "orbital_energies": [-1.0372788659717838, -0.33243627845248186, 0.8464610915959879, 1.102497395214128], "exact_energy": -1.6286497718895896, "ground_states": [["0j"], ["0j"], ["0j"], ["0j"], ["0j"], ["0j"], ["0j"], ["0j"], ["0j"], ["0j"], ["0j"], ["0j"], ["0j"], ["0j"], ["0j"], ["(-0.005727407285718077+0j)"], ["0j"], ["0j"], ["0j"], ["0j"], ["0j"], ["0j"], ["0j"], ["0j"], ["0j"], ["0j"], ["0j"], ["(-0.0010376722069984634+0j)"], ["0j"], ["0j"], ["(-0.0007283870081800491+0j)"], ["0j"], ["0j"], ["0j"], ["0j"], ["0j"], ["0j"], ["0j"], ["0j"], ["(0.001037672206998316+0j)"], ["0j"], ["0j"], ["0j"], ["0j"], ["0j"], ["(0.0007283870081800567+0j)"], ["0j"], ["0j"], ["0j"], ["0j"], ["0j"], ["(0.026808555535273667+0j)"], ["0j"], ["0j"], ["(-0.0006070631528195172+0j)"], ["0j"], ["0j"], ["(0.0006070631528195173+0j)"], ["0j"], ["0j"], ["(0.04694769681505316+0j)"], ["0j"], ["0j"], ["0j"], ["0j"], ["0j"], ["0j"], ["0j"], ["0j"], ["0j"], ["0j"], ["0j"], ["0j"], ["0j"], ["0j"], ["(0.0008836929512696368+0j)"], ["0j"], ["0j"], ["(-0.0007950326966676455+0j)"], ["0j"], ["0j"], ["0j"], ["0j"], ["0j"], ["0j"], ["0j"], ["0j"], ["0j"], ["0j"], ["0j"], ["(0.0011778915661633674+0j)"], ["0j"], ["0j"], ["0j"], ["0j"], ["0j"], ["0j"], ["0j"], ["0j"], ["(0.00804131441104783+0j)"], ["0j"], ["0j"], ["(-0.0251505931926791+0j)"], ["0j"], ["0j"], ["(0.02397270162651574+0j)"], ["0j"], ["0j"], ["(-0.015811132860740554+0j)"], ["0j"], ["0j"], ["0j"], ["0j"], ["0j"], ["(0.003230388573938387+0j)"], ["0j"], ["0j"], ["0j"], ["0j"], ["0j"], ["(-0.0011245624637969869+0j)"], ["0j"], ["0j"], ["0j"], ["0j"], ["0j"], ["0j"], ["0j"], ["0j"], ["0j"], ["0j"], ["0j"], ["0j"], ["0j"], ["0j"], ["(-0.0008836929512696365+0j)"], ["0j"], ["0j"], ["0j"], ["0j"], ["0j"], ["(0.0007950326966676437+0j)"], ["0j"], ["0j"], ["0j"], ["0j"], ["0j"], ["(-0.008041314411047832+0j)"], ["0j"], ["0j"], ["(0.023972701626515727+0j)"], ["0j"], ["0j"], ["(-0.02515059319267913+0j)"], ["0j"], ["0j"], ["(0.015811132860740575+0j)"], ["0j"], ["0j"], ["0j"], ["0j"], ["0j"], ["0j"], ["0j"], ["0j"], ["(0.0011778915661633696+0j)"], ["0j"], ["0j"], ["0j"], ["0j"], ["0j"], ["0j"], ["0j"], ["0j"], ["0j"], ["0j"], ["0j"], ["(-0.0032303885739383854+0j)"], ["0j"], ["0j"], ["(0.001124562463796985+0j)"], ["0j"], ["0j"], ["0j"], ["0j"], ["0j"], ["0j"], ["0j"], ["0j"], ["0j"], ["0j"], ["0j"], ["0j"], ["0j"], ["0j"], ["(0.07168057044069052+0j)"], ["0j"], ["0j"], ["(0.0037141472280638223+0j)"], ["0j"], ["0j"], ["(-0.003714147228063826+0j)"], ["0j"], ["0j"], ["(0.02933705914495564+0j)"], ["0j"], ["0j"], ["0j"], ["0j"], ["0j"], ["(0.003714688422754842+0j)"], ["0j"], ["0j"], ["0j"], ["0j"], ["0j"], ["(0.005377110615541285+0j)"], ["0j"], ["0j"], ["0j"], ["0j"], ["0j"], ["0j"], ["0j"], ["0j"], ["(-0.0037146884227548544+0j)"], ["0j"], ["0j"], ["(-0.005377110615541265+0j)"], ["0j"], ["0j"], ["0j"], ["0j"], ["0j"], ["0j"], ["0j"], ["0j"], ["0j"], ["0j"], ["0j"], ["(-0.9939093937626237+0j)"], ["0j"], ["0j"], ["0j"], ["0j"], ["0j"], ["0j"], ["0j"], ["0j"], ["0j"], ["0j"], ["0j"], ["0j"], ["0j"], ["0j"], ["0j"]], "hf_energy": -1.6014931975588327}