{"geometry": [["H", [0.0, 0.0, 0.0]], ["H", [0.493, 0.0, 0.0]], ["H", [0.0264, 1.4187, 0.0]], ["H", [-0.3706, 1.3973, 0.0794]]], "multiplicity": 1, "canonical_orbitals": [[0.2802440576003312, 0.4667099307129564, 1.3913636635916256, 0.9632135152966446], [0.2630368244519674, 0.48016290456853367, -1.3292764873134746, -1.0173000391995823], [0.37998886278864064, -0.37801319659971383, -0.9981276140715574, 1.7232748821477388], [0.366684352444963, -0.3972268470468418, 0.9045584670045764, -1.7635814719301053]], "canonical_to_oao": [[0.44740541084068053, 0.42127476031588984, 0.5644046570556505, 0.551183597148143], [0.5426589465419722, 0.5729143515314037, -0.42102847554819484, -0.44724203327155293], [0.6101428650227247, -0.588234232596418, -0.392988355549843, 0.35674405988859637], [0.36479494287928826, -0.3850677988768309, 0.5913903603151541, -0.6073754042140338]], "orbital_energies": [-0.8172802393438929, -0.6171885243655505, 0.9203085963851749, 1.2857543579927444], "exact_energy": -1.922594639802032, "ground_states": [["0j"], ["0j"], ["0j"], ["0j"], ["0j"], ["0j"], ["0j"], ["0j"], ["0j"], ["0j"], ["0j"], ["0j"], ["0j"], ["0j"], ["0j"], ["(0.004474069734337076+0j)"], ["0j"], ["0j"], ["0j"], ["0j"], ["0j"], ["0j"], ["0j"], ["0j"], ["0j"], ["0j"], ["0j"], ["(0.000324289485767848+0j)"], ["0j"], ["0j"], ["(-8.235522742233714e-05+0j)"], ["0j"], ["0j"], ["0j"], ["0j"], ["0j"], ["0j"], ["0j"], ["0j"], ["(-0.0003242894857678274+0j)"], ["0j"], ["0j"], ["0j"], ["0j"], ["0j"], ["(8.235522742234668e-05+0j)"], ["0j"], ["0j"], ["0j"], ["0j"], ["0j"], ["(-0.0277030975276115+0j)"], ["0j"], ["0j"], ["(-0.007333862225368318+0j)"], ["0j"], ["0j"], ["(0.007333862225368324+0j)"], ["0j"], ["0j"], ["(-0.032852932307958764+0j)"], ["0j"], ["0j"], ["0j"], ["0j"], ["0j"], ["0j"], ["0j"], ["0j"], ["0j"], ["0j"], ["0j"], ["0j"], ["0j"], ["0j"], ["(-9.79831293746846e-05+0j)"], ["0j"], ["0j"], ["(-1.4032723293938156e-05+0j)"], ["0j"], ["0j"], ["0j"], ["0j"], ["0j"], ["0j"], ["0j"], ["0j"], ["0j"], ["0j"], ["0j"], ["(0.005004280294242378+0j)"], ["0j"], ["0j"], ["0j"], ["0j"], ["0j"], ["0j"], ["0j"], ["0j"], ["(0.012590274269994062+0j)"], ["0j"], ["0j"], ["(0.025733207412660664+0j)"], ["0j"], ["0j"], ["(-0.03073748770690304+0j)"], ["0j"], ["0j"], ["(-0.016460468154710518+0j)"], ["0j"], ["0j"], ["0j"], ["0j"], ["0j"], ["(0.00018424404927091392+0j)"], ["0j"], ["0j"], ["0j"], ["0j"], ["0j"], ["(0.00013716586533073585+0j)"], ["0j"], ["0j"], ["0j"], ["0j"], ["0j"], ["0j"], ["0j"], ["0j"], ["0j"], ["0j"], ["0j"], ["0j"], ["0j"], ["0j"], ["(9.798312937468463e-05+0j)"], ["0j"], ["0j"], ["0j"], ["0j"], ["0j"], ["(1.4032723293936724e-05+0j)"], ["0j"], ["0j"], ["0j"], ["0j"], ["0j"], ["(-0.012590274269994069+0j)"], ["0j"], ["0j"], ["(-0.03073748770690305+0j)"], ["0j"], ["0j"], ["(0.02573320741266067+0j)"], ["0j"], ["0j"], ["(0.01646046815471052+0j)"], ["0j"], ["0j"], ["0j"], ["0j"], ["0j"], ["0j"], ["0j"], ["0j"], ["(0.005004280294242379+0j)"], ["0j"], ["0j"], ["0j"], ["0j"], ["0j"], ["0j"], ["0j"], ["0j"], ["0j"], ["0j"], ["0j"], ["(-0.00018424404927090744+0j)"], ["0j"], ["0j"], ["(-0.0001371658653307367+0j)"], ["0j"], ["0j"], ["0j"], ["0j"], ["0j"], ["0j"], ["0j"], ["0j"], ["0j"], ["0j"], ["0j"], ["0j"], ["0j"], ["0j"], ["(-0.03240464957268267+0j)"], ["0j"], ["0j"], ["(0.010019964929715944+0j)"], ["0j"], ["0j"], ["(-0.010019964929715944+0j)"], ["0j"], ["0j"], ["(-0.04240367779942134+0j)"], ["0j"], ["0j"], ["0j"], ["0j"], ["0j"], ["(0.00015423805091583433+0j)"], ["0j"], ["0j"], ["0j"], ["0j"], ["0j"], ["(-0.0010276749627223152+0j)"], ["0j"], ["0j"], ["0j"], ["0j"], ["0j"], ["0j"], ["0j"], ["0j"], ["(-0.0001542380509158349+0j)"], ["0j"], ["0j"], ["(0.0010276749627223171+0j)"], ["0j"], ["0j"], ["0j"], ["0j"], ["0j"], ["0j"], ["0j"], ["0j"], ["0j"], ["0j"], ["0j"], ["(0.9954150900659512+0j)"], ["0j"], ["0j"], ["0j"], ["0j"], ["0j"], ["0j"], ["0j"], ["0j"], ["0j"], ["0j"], ["0j"], ["0j"], ["0j"], ["0j"], ["0j"]], "hf_energy": -1.899263493268875}