{"geometry": [["H", [0.0, 0.0, 0.0]], ["H", [1.1161, 0.0, 0.0]], ["H", [-0.0945, -0.677, 0.0]], ["H", [0.8907, -1.0888, -0.4944]]], "multiplicity": 1, "canonical_orbitals": [[0.4226724264694752, 0.4569685019360654, 0.32206598087308147, 1.3116378531277668], [0.24027242123911577, -0.6122340742641437, 0.8138930962246638, -0.5242072007157487], [0.4161970940552375, 0.42404144273532407, -0.4107242208917261, -1.288193412171159], [0.20938763070587862, -0.6619939619701397, -0.7543845990671493, 0.5257343923927978]], "canonical_to_oao": [[0.6004401812224666, 0.39638855852204125, 0.595419737076277, 0.3575234763569668], [0.3886263335851401, -0.5671914383673592, 0.36323018296744647, -0.6287505699944721], [0.24413671300197726, 0.6672428951143186, -0.31152136047371465, -0.6309822709495565], [0.654857562361689, -0.2756027972192026, -0.6453631635366718, 0.28055491143909167]], "orbital_energies": [-0.7075967083016146, -0.25508119032207305, 0.2516272588771679, 0.9049683855922847], "exact_energy": -1.9710626359351282, "ground_states": [["0j"], ["0j"], ["0j"], ["0j"], ["0j"], ["0j"], ["0j"], ["0j"], ["0j"], ["0j"], ["0j"], ["0j"], ["0j"], ["0j"], ["0j"], ["(-0.03323190695928653+0j)"], ["0j"], ["0j"], ["0j"], ["0j"], ["0j"], ["0j"], ["0j"], ["0j"], ["0j"], ["0j"], ["0j"], ["(0.002333433206012453+0j)"], ["0j"], ["0j"], ["(0.0006719663086650063+0j)"], ["0j"], ["0j"], ["0j"], ["0j"], ["0j"], ["0j"], ["0j"], ["0j"], ["(-0.0023334332060124625+0j)"], ["0j"], ["0j"], ["0j"], ["0j"], ["0j"], ["(-0.0006719663086650011+0j)"], ["0j"], ["0j"], ["0j"], ["0j"], ["0j"], ["(0.04824368709665583+0j)"], ["0j"], ["0j"], ["(-0.016185011448642643+0j)"], ["0j"], ["0j"], ["(0.016185011448642646+0j)"], ["0j"], ["0j"], ["(0.04865387908487753+0j)"], ["0j"], ["0j"], ["0j"], ["0j"], ["0j"], ["0j"], ["0j"], ["0j"], ["0j"], ["0j"], ["0j"], ["0j"], ["0j"], ["0j"], ["(0.0009660162508583227+0j)"], ["0j"], ["0j"], ["(0.0006769769063313003+0j)"], ["0j"], ["0j"], ["0j"], ["0j"], ["0j"], ["0j"], ["0j"], ["0j"], ["0j"], ["0j"], ["0j"], ["(-0.022679089011183498+0j)"], ["0j"], ["0j"], ["0j"], ["0j"], ["0j"], ["0j"], ["0j"], ["0j"], ["(0.030385998289353493+0j)"], ["0j"], ["0j"], ["(-0.04197509646582822+0j)"], ["0j"], ["0j"], ["(0.06465418547701174+0j)"], ["0j"], ["0j"], ["(-0.08201072550274505+0j)"], ["0j"], ["0j"], ["0j"], ["0j"], ["0j"], ["(-0.0004887464696731992+0j)"], ["0j"], ["0j"], ["0j"], ["0j"], ["0j"], ["(-0.0018642033348344688+0j)"], ["0j"], ["0j"], ["0j"], ["0j"], ["0j"], ["0j"], ["0j"], ["0j"], ["0j"], ["0j"], ["0j"], ["0j"], ["0j"], ["0j"], ["(-0.0009660162508583224+0j)"], ["0j"], ["0j"], ["0j"], ["0j"], ["0j"], ["(-0.0006769769063312982+0j)"], ["0j"], ["0j"], ["0j"], ["0j"], ["0j"], ["(-0.03038599828935349+0j)"], ["0j"], ["0j"], ["(0.06465418547701174+0j)"], ["0j"], ["0j"], ["(-0.041975096465828254+0j)"], ["0j"], ["0j"], ["(0.08201072550274499+0j)"], ["0j"], ["0j"], ["0j"], ["0j"], ["0j"], ["0j"], ["0j"], ["0j"], ["(-0.022679089011183488+0j)"], ["0j"], ["0j"], ["0j"], ["0j"], ["0j"], ["0j"], ["0j"], ["0j"], ["0j"], ["0j"], ["0j"], ["(0.0004887464696731965+0j)"], ["0j"], ["0j"], ["(0.0018642033348344903+0j)"], ["0j"], ["0j"], ["0j"], ["0j"], ["0j"], ["0j"], ["0j"], ["0j"], ["0j"], ["0j"], ["0j"], ["0j"], ["0j"], ["0j"], ["(0.04176547997175379+0j)"], ["0j"], ["0j"], ["(0.029969418639111782+0j)"], ["0j"], ["0j"], ["(-0.02996941863911183+0j)"], ["0j"], ["0j"], ["(0.34835463166041314+0j)"], ["0j"], ["0j"], ["0j"], ["0j"], ["0j"], ["(-0.002666011493292463+0j)"], ["0j"], ["0j"], ["0j"], ["0j"], ["0j"], ["(-0.028395026883191354+0j)"], ["0j"], ["0j"], ["0j"], ["0j"], ["0j"], ["0j"], ["0j"], ["0j"], ["(0.002666011493292459+0j)"], ["0j"], ["0j"], ["(0.028395026883191312+0j)"], ["0j"], ["0j"], ["0j"], ["0j"], ["0j"], ["0j"], ["0j"], ["0j"], ["0j"], ["0j"], ["0j"], ["(-0.9159288747536027+0j)"], ["0j"], ["0j"], ["0j"], ["0j"], ["0j"], ["0j"], ["0j"], ["0j"], ["0j"], ["0j"], ["0j"], ["0j"], ["0j"], ["0j"], ["0j"]], "hf_energy": -1.8666644447259562}