{"geometry": [["H", [0.0, 0.0, 0.0]], ["H", [1.1489, 0.0, 0.0]], ["H", [0.0669, 0.9118, 0.0]], ["H", [-0.1599, 0.3041, 1.0367]]], "multiplicity": 1, "canonical_orbitals": [[0.4445745440262525, 0.19729914242679292, 0.05152705696876275, 1.2254046965806353], [0.1714033192771038, 0.8132607696153135, 0.4409032577298809, -0.5737493980597983], [0.42678382026220174, -0.16007692942279358, -0.9393819161699333, -0.6290534093626253], [0.26511373977528857, -0.7177414716518489, 0.7501331000298412, -0.3705611246266289]], "canonical_to_oao": [[0.6102514439980178, 0.3217009504168241, 0.5835744509233978, 0.42841864318526357], [0.15034381479683537, 0.7600295151948077, -0.12054456107504762, -0.6206616487107158], [0.03982696302662678, 0.37830300996755806, -0.6966941213372215, 0.6082088021064145], [0.7767906574275627, -0.41922603352266175, -0.39940852559608275, -0.24762600233270043]], "orbital_energies": [-0.7051517818542927, -0.13835390496098238, 0.25844032432391034, 0.48539830619891117], "exact_energy": -1.8790499885811829, "ground_states": [["0j"], ["0j"], ["0j"], ["0j"], ["0j"], ["0j"], ["0j"], ["0j"], ["0j"], ["0j"], ["0j"], ["0j"], ["0j"], ["0j"], ["0j"], ["(-0.04795207391407823+0j)"], ["0j"], ["0j"], ["0j"], ["0j"], ["0j"], ["0j"], ["0j"], ["0j"], ["0j"], ["0j"], ["0j"], ["(0.008595294064342111+0j)"], ["0j"], ["0j"], ["(-0.004540107291445383+0j)"], ["0j"], ["0j"], ["0j"], ["0j"], ["0j"], ["0j"], ["0j"], ["0j"], ["(-0.008595294064341499+0j)"], ["0j"], ["0j"], ["0j"], ["0j"], ["0j"], ["(0.004540107291445296+0j)"], ["0j"], ["0j"], ["0j"], ["0j"], ["0j"], ["(0.06913359553359752+0j)"], ["0j"], ["0j"], ["(-0.04197752494989064+0j)"], ["0j"], ["0j"], ["(0.04197752494989082+0j)"], ["0j"], ["0j"], ["(0.05595408383481978+0j)"], ["0j"], ["0j"], ["0j"], ["0j"], ["0j"], ["0j"], ["0j"], ["0j"], ["0j"], ["0j"], ["0j"], ["0j"], ["0j"], ["0j"], ["(0.03172388973376595+0j)"], ["0j"], ["0j"], ["(-0.020227230458718274+0j)"], ["0j"], ["0j"], ["0j"], ["0j"], ["0j"], ["0j"], ["0j"], ["0j"], ["0j"], ["0j"], ["0j"], ["(0.025198963971694494+0j)"], ["0j"], ["0j"], ["0j"], ["0j"], ["0j"], ["0j"], ["0j"], ["0j"], ["(0.0295507797822044+0j)"], ["0j"], ["0j"], ["(-0.013586023588277126+0j)"], ["0j"], ["0j"], ["(-0.011612940383417675+0j)"], ["0j"], ["0j"], ["(-0.05956446678527895+0j)"], ["0j"], ["0j"], ["0j"], ["0j"], ["0j"], ["(0.021459722967779902+0j)"], ["0j"], ["0j"], ["0j"], ["0j"], ["0j"], ["(-0.0649911046479009+0j)"], ["0j"], ["0j"], ["0j"], ["0j"], ["0j"], ["0j"], ["0j"], ["0j"], ["0j"], ["0j"], ["0j"], ["0j"], ["0j"], ["0j"], ["(-0.03172388973376609+0j)"], ["0j"], ["0j"], ["0j"], ["0j"], ["0j"], ["(0.020227230458718288+0j)"], ["0j"], ["0j"], ["0j"], ["0j"], ["0j"], ["(-0.02955077978220448+0j)"], ["0j"], ["0j"], ["(-0.011612940383416677+0j)"], ["0j"], ["0j"], ["(-0.01358602358827745+0j)"], ["0j"], ["0j"], ["(0.05956446678527876+0j)"], ["0j"], ["0j"], ["0j"], ["0j"], ["0j"], ["0j"], ["0j"], ["0j"], ["(0.02519896397169438+0j)"], ["0j"], ["0j"], ["0j"], ["0j"], ["0j"], ["0j"], ["0j"], ["0j"], ["0j"], ["0j"], ["0j"], ["(-0.02145972296777992+0j)"], ["0j"], ["0j"], ["(0.0649911046479014+0j)"], ["0j"], ["0j"], ["0j"], ["0j"], ["0j"], ["0j"], ["0j"], ["0j"], ["0j"], ["0j"], ["0j"], ["0j"], ["0j"], ["0j"], ["(0.06555127408945638+0j)"], ["0j"], ["0j"], ["(0.20278523357028747+0j)"], ["0j"], ["0j"], ["(-0.2027852335702886+0j)"], ["0j"], ["0j"], ["(0.3513023251766016+0j)"], ["0j"], ["0j"], ["0j"], ["0j"], ["0j"], ["(0.009797533784713913+0j)"], ["0j"], ["0j"], ["0j"], ["0j"], ["0j"], ["(-0.0844413676803984+0j)"], ["0j"], ["0j"], ["0j"], ["0j"], ["0j"], ["0j"], ["0j"], ["0j"], ["(-0.009797533784712915+0j)"], ["0j"], ["0j"], ["(0.08444136768039229+0j)"], ["0j"], ["0j"], ["0j"], ["0j"], ["0j"], ["0j"], ["0j"], ["0j"], ["0j"], ["0j"], ["0j"], ["(-0.8594878621136449+0j)"], ["0j"], ["0j"], ["0j"], ["0j"], ["0j"], ["0j"], ["0j"], ["0j"], ["0j"], ["0j"], ["0j"], ["0j"], ["0j"], ["0j"], ["0j"]], "hf_energy": -1.758855695048767}