{"geometry": [["H", [0.0, 0.0, 0.0]], ["H", [0.786, 0.0, 0.0]], ["H", [-0.3752, -0.5705, 0.0]], ["H", [0.1194, -0.6787, 0.4716]]], "multiplicity": 1, "canonical_orbitals": [[0.35891421525939005, 0.4169413012551685, 0.8331392374178157, 1.3957008864262566], [0.13882904672442833, 0.8395945025631181, -0.36639693727165185, -0.9838665413410561], [0.35023328030833456, -0.6547061950761166, 0.5894302360754693, -1.352319803191077], [0.33307503819847967, -0.3885460179255509, -1.2006319659898663, 0.6717061444173456]], "canonical_to_oao": [[0.5494883830378716, 0.3377754735229279, 0.5525889409926961, 0.5278406091665927], [0.2989660233423744, 0.7680459949412844, -0.4805979367330941, -0.299583527166286], [0.5064242040343901, -0.25953526855385634, 0.36085811916295524, -0.7388892933173333], [0.5934781877722268, -0.47817833861195946, -0.5774534642156368, 0.29270567774859046]], "orbital_energies": [-0.924129574578028, -0.23226276923658412, 0.44351867066528244, 1.0393021267548663], "exact_energy": -1.7454792884163173, "ground_states": [["0j"], ["0j"], ["0j"], ["0j"], ["0j"], ["0j"], ["0j"], ["0j"], ["0j"], ["0j"], ["0j"], ["0j"], ["0j"], ["0j"], ["0j"], ["(0.01160243123206537+0j)"], ["0j"], ["0j"], ["0j"], ["0j"], ["0j"], ["0j"], ["0j"], ["0j"], ["0j"], ["0j"], ["0j"], ["(0.004268797349858328+0j)"], ["0j"], ["0j"], ["(0.002305964277991124+0j)"], ["0j"], ["0j"], ["0j"], ["0j"], ["0j"], ["0j"], ["0j"], ["0j"], ["(-0.00426879734985839+0j)"], ["0j"], ["0j"], ["0j"], ["0j"], ["0j"], ["(-0.0023059642779908666+0j)"], ["0j"], ["0j"], ["0j"], ["0j"], ["0j"], ["(-0.029355096493679123+0j)"], ["0j"], ["0j"], ["(-0.004079346612531361+0j)"], ["0j"], ["0j"], ["(0.004079346612531366+0j)"], ["0j"], ["0j"], ["(-0.06732152384163426+0j)"], ["0j"], ["0j"], ["0j"], ["0j"], ["0j"], ["0j"], ["0j"], ["0j"], ["0j"], ["0j"], ["0j"], ["0j"], ["0j"], ["0j"], ["(-0.0030800790926759337+0j)"], ["0j"], ["0j"], ["(0.000860156923280222+0j)"], ["0j"], ["0j"], ["0j"], ["0j"], ["0j"], ["0j"], ["0j"], ["0j"], ["0j"], ["0j"], ["0j"], ["(0.010749990003057753+0j)"], ["0j"], ["0j"], ["0j"], ["0j"], ["0j"], ["0j"], ["0j"], ["0j"], ["(-0.0015384660896611967+0j)"], ["0j"], ["0j"], ["(0.035842384519986295+0j)"], ["0j"], ["0j"], ["(-0.04659237452304403+0j)"], ["0j"], ["0j"], ["(0.023532377809586745+0j)"], ["0j"], ["0j"], ["0j"], ["0j"], ["0j"], ["(-0.0034169191445716104+0j)"], ["0j"], ["0j"], ["0j"], ["0j"], ["0j"], ["(0.002972182311870078+0j)"], ["0j"], ["0j"], ["0j"], ["0j"], ["0j"], ["0j"], ["0j"], ["0j"], ["0j"], ["0j"], ["0j"], ["0j"], ["0j"], ["0j"], ["(0.003080079092675949+0j)"], ["0j"], ["0j"], ["0j"], ["0j"], ["0j"], ["(-0.0008601569232802297+0j)"], ["0j"], ["0j"], ["0j"], ["0j"], ["0j"], ["(0.001538466089661185+0j)"], ["0j"], ["0j"], ["(-0.04659237452304409+0j)"], ["0j"], ["0j"], ["(0.035842384519986295+0j)"], ["0j"], ["0j"], ["(-0.023532377809586714+0j)"], ["0j"], ["0j"], ["0j"], ["0j"], ["0j"], ["0j"], ["0j"], ["0j"], ["(0.010749990003057767+0j)"], ["0j"], ["0j"], ["0j"], ["0j"], ["0j"], ["0j"], ["0j"], ["0j"], ["0j"], ["0j"], ["0j"], ["(0.0034169191445716125+0j)"], ["0j"], ["0j"], ["(-0.002972182311870085+0j)"], ["0j"], ["0j"], ["0j"], ["0j"], ["0j"], ["0j"], ["0j"], ["0j"], ["0j"], ["0j"], ["0j"], ["0j"], ["0j"], ["0j"], ["(-0.07161832782333544+0j)"], ["0j"], ["0j"], ["(0.015741357429072397+0j)"], ["0j"], ["0j"], ["(-0.015741357429072407+0j)"], ["0j"], ["0j"], ["(-0.08664953858971428+0j)"], ["0j"], ["0j"], ["0j"], ["0j"], ["0j"], ["(-0.008847592570762257+0j)"], ["0j"], ["0j"], ["0j"], ["0j"], ["0j"], ["(-0.04813904707263824+0j)"], ["0j"], ["0j"], ["0j"], ["0j"], ["0j"], ["0j"], ["0j"], ["0j"], ["(0.008847592570762078+0j)"], ["0j"], ["0j"], ["(0.0481390470726383+0j)"], ["0j"], ["0j"], ["0j"], ["0j"], ["0j"], ["0j"], ["0j"], ["0j"], ["0j"], ["0j"], ["0j"], ["(0.9839466351191587+0j)"], ["0j"], ["0j"], ["0j"], ["0j"], ["0j"], ["0j"], ["0j"], ["0j"], ["0j"], ["0j"], ["0j"], ["0j"], ["0j"], ["0j"], ["0j"]], "hf_energy": -1.7058511442868116}