{"geometry": [["H", [0.0, 0.0, 0.0]], ["H", [0.977, 0.0, 0.0]], ["H", [0.1546, -0.8492, 0.0]], ["H", [0.0702, 0.628, -0.1674]]], "multiplicity": 1, "canonical_orbitals": [[0.4393305367651928, 0.19879966003735494, 0.421290385134045, 1.6735135749243504], [0.3021263688260745, -0.37294590838710434, -1.087778896787351, 0.023858415022794843], [0.20981386819392456, -0.7767837682863573, 0.5620275129834011, -0.8488577163671897], [0.29323738235468294, 0.761516709277045, 0.049247280438396185, -1.2674546028671085]], "canonical_to_oao": [[0.6113170325664015, 0.4703305111225217, 0.39497878914996615, 0.49907159017826835], [0.14804268571050855, -0.301529131057971, -0.68582515835809, 0.6456062255695384], [0.30301049581405404, -0.8292958563265731, 0.4678049792809289, 0.04014378489964239], [0.7159326004089713, 0.011737806874801065, -0.39343882579722345, -0.5766356093034158]], "orbital_energies": [-0.8008371692789713, -0.20611801293552204, 0.2348269854275305, 1.095286122697977], "exact_energy": -1.8289088719618949, "ground_states": [["0j"], ["0j"], ["0j"], ["0j"], ["0j"], ["0j"], ["0j"], ["0j"], ["0j"], ["0j"], ["0j"], ["0j"], ["0j"], ["0j"], ["0j"], ["(-0.02184398974772047+0j)"], ["0j"], ["0j"], ["0j"], ["0j"], ["0j"], ["0j"], ["0j"], ["0j"], ["0j"], ["0j"], ["0j"], ["(-0.013914815059812333+0j)"], ["0j"], ["0j"], ["(-0.010379563311015416+0j)"], ["0j"], ["0j"], ["0j"], ["0j"], ["0j"], ["0j"], ["0j"], ["0j"], ["(0.013914815059814267+0j)"], ["0j"], ["0j"], ["0j"], ["0j"], ["0j"], ["(0.010379563311014764+0j)"], ["0j"], ["0j"], ["0j"], ["0j"], ["0j"], ["(0.032120531030972996+0j)"], ["0j"], ["0j"], ["(-0.011283059865264185+0j)"], ["0j"], ["0j"], ["(0.011283059865264055+0j)"], ["0j"], ["0j"], ["(0.05511278849143342+0j)"], ["0j"], ["0j"], ["0j"], ["0j"], ["0j"], ["0j"], ["0j"], ["0j"], ["0j"], ["0j"], ["0j"], ["0j"], ["0j"], ["0j"], ["(0.0006689253115166124+0j)"], ["0j"], ["0j"], ["(-0.0031794382998242337+0j)"], ["0j"], ["0j"], ["0j"], ["0j"], ["0j"], ["0j"], ["0j"], ["0j"], ["0j"], ["0j"], ["0j"], ["(-0.010855235164102573+0j)"], ["0j"], ["0j"], ["0j"], ["0j"], ["0j"], ["0j"], ["0j"], ["0j"], ["(0.026148060011865273+0j)"], ["0j"], ["0j"], ["(-0.024931178368178694+0j)"], ["0j"], ["0j"], ["(0.03578641353228006+0j)"], ["0j"], ["0j"], ["(-0.11969626268218676+0j)"], ["0j"], ["0j"], ["0j"], ["0j"], ["0j"], ["(0.0039977360366348835+0j)"], ["0j"], ["0j"], ["0j"], ["0j"], ["0j"], ["(-0.0027780088470672677+0j)"], ["0j"], ["0j"], ["0j"], ["0j"], ["0j"], ["0j"], ["0j"], ["0j"], ["0j"], ["0j"], ["0j"], ["0j"], ["0j"], ["0j"], ["(-0.000668925311517597+0j)"], ["0j"], ["0j"], ["0j"], ["0j"], ["0j"], ["(0.003179438299825335+0j)"], ["0j"], ["0j"], ["0j"], ["0j"], ["0j"], ["(-0.026148060011864135+0j)"], ["0j"], ["0j"], ["(0.035786413532282776+0j)"], ["0j"], ["0j"], ["(-0.02493117836817721+0j)"], ["0j"], ["0j"], ["(0.11969626268218188+0j)"], ["0j"], ["0j"], ["0j"], ["0j"], ["0j"], ["0j"], ["0j"], ["0j"], ["(-0.010855235164104403+0j)"], ["0j"], ["0j"], ["0j"], ["0j"], ["0j"], ["0j"], ["0j"], ["0j"], ["0j"], ["0j"], ["0j"], ["(-0.003997736036636052+0j)"], ["0j"], ["0j"], ["(0.002778008847071317+0j)"], ["0j"], ["0j"], ["0j"], ["0j"], ["0j"], ["0j"], ["0j"], ["0j"], ["0j"], ["0j"], ["0j"], ["0j"], ["0j"], ["0j"], ["(0.04845429497559592+0j)"], ["0j"], ["0j"], ["(0.0303114405313639+0j)"], ["0j"], ["0j"], ["(-0.03031144053136416+0j)"], ["0j"], ["0j"], ["(0.28253201710872516+0j)"], ["0j"], ["0j"], ["0j"], ["0j"], ["0j"], ["(0.03559147067288347+0j)"], ["0j"], ["0j"], ["0j"], ["0j"], ["0j"], ["(0.24331242328681674+0j)"], ["0j"], ["0j"], ["0j"], ["0j"], ["0j"], ["0j"], ["0j"], ["0j"], ["(-0.03559147067288261+0j)"], ["0j"], ["0j"], ["(-0.243312423286858+0j)"], ["0j"], ["0j"], ["0j"], ["0j"], ["0j"], ["0j"], ["0j"], ["0j"], ["0j"], ["0j"], ["0j"], ["(-0.8692069844956621+0j)"], ["0j"], ["0j"], ["0j"], ["0j"], ["0j"], ["0j"], ["0j"], ["0j"], ["0j"], ["0j"], ["0j"], ["0j"], ["0j"], ["0j"], ["0j"]], "hf_energy": -1.7542449639937754}