{"geometry": [["H", [0.0, 0.0, 0.0]], ["H", [1.2855, 0.0, 0.0]], ["H", [0.1139, -0.3957, 0.0]], ["H", [0.4866, -0.1572, 0.5365]]], "multiplicity": 1, "canonical_orbitals": [[0.3862970985013193, 0.4837846341486151, 0.4901071218547916, 1.8771092526191528], [0.04440905878991492, -0.8226323229136829, 0.8223988995149344, 0.0010653919149861898], [0.42175804685554785, 0.40367276046424666, 0.30832926421952145, -2.0081407194930128], [0.25988951251637255, -0.5492757063521685, -1.3736728026211684, 0.1808040355894072]], "canonical_to_oao": [[0.5953271207890773, 0.2077385839205341, 0.6107299284867065, 0.4789981779237804], [0.3321945574975411, -0.8027391823079555, 0.27319882858821953, -0.41306050551292406], [0.25648399726801396, 0.5589760156030334, 0.1646552337898884, -0.7711358032873176], [0.6851630129884607, -0.0005476484299093733, -0.7247482380069937, 0.07274157834093298]], "orbital_energies": [-1.0126167123546224, -0.2504240568303977, 0.5453878686785385, 1.0074403559988887], "exact_energy": -1.5482837181524896, "ground_states": [["0j"], ["0j"], ["0j"], ["0j"], ["0j"], ["0j"], ["0j"], ["0j"], ["0j"], ["0j"], ["0j"], ["0j"], ["0j"], ["0j"], ["0j"], ["(-0.010514865219037196+0j)"], ["0j"], ["0j"], ["0j"], ["0j"], ["0j"], ["0j"], ["0j"], ["0j"], ["0j"], ["0j"], ["0j"], ["(-0.002866277245667843+0j)"], ["0j"], ["0j"], ["(0.0002429950167668754+0j)"], ["0j"], ["0j"], ["0j"], ["0j"], ["0j"], ["0j"], ["0j"], ["0j"], ["(0.0028662772456678003+0j)"], ["0j"], ["0j"], ["0j"], ["0j"], ["0j"], ["(-0.00024299501676689178+0j)"], ["0j"], ["0j"], ["0j"], ["0j"], ["0j"], ["(0.04657578207284382+0j)"], ["0j"], ["0j"], ["(-0.0005254372194015801+0j)"], ["0j"], ["0j"], ["(0.0005254372194015807+0j)"], ["0j"], ["0j"], ["(0.033026148601436385+0j)"], ["0j"], ["0j"], ["0j"], ["0j"], ["0j"], ["0j"], ["0j"], ["0j"], ["0j"], ["0j"], ["0j"], ["0j"], ["0j"], ["0j"], ["(-0.002092541517864889+0j)"], ["0j"], ["0j"], ["(0.0003050522520677912+0j)"], ["0j"], ["0j"], ["0j"], ["0j"], ["0j"], ["0j"], ["0j"], ["0j"], ["0j"], ["0j"], ["0j"], ["(-0.002379822439737847+0j)"], ["0j"], ["0j"], ["0j"], ["0j"], ["0j"], ["0j"], ["0j"], ["0j"], ["(0.027381370768099947+0j)"], ["0j"], ["0j"], ["(-0.004113428825802762+0j)"], ["0j"], ["0j"], ["(0.00649325126554061+0j)"], ["0j"], ["0j"], ["(-0.037615631796104554+0j)"], ["0j"], ["0j"], ["0j"], ["0j"], ["0j"], ["(-0.000288482909228671+0j)"], ["0j"], ["0j"], ["0j"], ["0j"], ["0j"], ["(-0.0016658381848214878+0j)"], ["0j"], ["0j"], ["0j"], ["0j"], ["0j"], ["0j"], ["0j"], ["0j"], ["0j"], ["0j"], ["0j"], ["0j"], ["0j"], ["0j"], ["(0.002092541517864891+0j)"], ["0j"], ["0j"], ["0j"], ["0j"], ["0j"], ["(-0.0003050522520677922+0j)"], ["0j"], ["0j"], ["0j"], ["0j"], ["0j"], ["(-0.027381370768099933+0j)"], ["0j"], ["0j"], ["(0.00649325126554061+0j)"], ["0j"], ["0j"], ["(-0.004113428825802763+0j)"], ["0j"], ["0j"], ["(0.037615631796104596+0j)"], ["0j"], ["0j"], ["0j"], ["0j"], ["0j"], ["0j"], ["0j"], ["0j"], ["(-0.002379822439737846+0j)"], ["0j"], ["0j"], ["0j"], ["0j"], ["0j"], ["0j"], ["0j"], ["0j"], ["0j"], ["0j"], ["0j"], ["(0.00028848290922867256+0j)"], ["0j"], ["0j"], ["(0.0016658381848214808+0j)"], ["0j"], ["0j"], ["0j"], ["0j"], ["0j"], ["0j"], ["0j"], ["0j"], ["0j"], ["0j"], ["0j"], ["0j"], ["0j"], ["0j"], ["(0.019200165128581078+0j)"], ["0j"], ["0j"], ["(-0.0018571352265540843+0j)"], ["0j"], ["0j"], ["(0.00185713522655408+0j)"], ["0j"], ["0j"], ["(0.16189539459255886+0j)"], ["0j"], ["0j"], ["0j"], ["0j"], ["0j"], ["(-0.0010883041493083747+0j)"], ["0j"], ["0j"], ["0j"], ["0j"], ["0j"], ["(0.03914204016897692+0j)"], ["0j"], ["0j"], ["0j"], ["0j"], ["0j"], ["0j"], ["0j"], ["0j"], ["(0.0010883041493083903+0j)"], ["0j"], ["0j"], ["(-0.03914204016897686+0j)"], ["0j"], ["0j"], ["0j"], ["0j"], ["0j"], ["0j"], ["0j"], ["0j"], ["0j"], ["0j"], ["0j"], ["(-0.9810640004642156+0j)"], ["0j"], ["0j"], ["0j"], ["0j"], ["0j"], ["0j"], ["0j"], ["0j"], ["0j"], ["0j"], ["0j"], ["0j"], ["0j"], ["0j"], ["0j"]], "hf_energy": -1.5064323665739068}