{"geometry": [["H", [0.0, 0.0, 0.0]], ["H", [0.9347, 0.0, 0.0]], ["H", [0.3482, -0.803, 0.0]], ["H", [0.1932, -1.052, -0.5282]]], "multiplicity": 1, "canonical_orbitals": [[0.2933184310901622, 0.5229886217547206, 1.1116112948182475, 0.32195859622879613], [0.22901624712904906, 0.6468948313719834, -0.9712733525093773, 0.35526781312088396], [0.43303201098627236, -0.3580447992954195, -0.1203529721660376, -1.6717623195917015], [0.2767522331641797, -0.6591652735561098, -0.10395111778274503, 1.3396621098277806]], "canonical_to_oao": [[0.4799554731278897, 0.4105306147860839, 0.6053387911660403, 0.48442987732754517], [0.4550141473529994, 0.5947569781937179, -0.2854834819845152, -0.5981015332805102], [0.7355984401617436, -0.6697747470672641, -0.07094666207309755, -0.07254856417102164], [0.14662811584008356, 0.17067671019861472, -0.7396152381909926, 0.6343019436172703]], "orbital_energies": [-0.8240881014115463, -0.2916262755934409, 0.43575110993221733, 0.963571875943521], "exact_energy": -1.9129686007176847, "ground_states": [["0j"], ["0j"], ["0j"], ["0j"], ["0j"], ["0j"], ["0j"], ["0j"], ["0j"], ["0j"], ["0j"], ["0j"], ["0j"], ["0j"], ["0j"], ["(0.015536567974895384+0j)"], ["0j"], ["0j"], ["0j"], ["0j"], ["0j"], ["0j"], ["0j"], ["0j"], ["0j"], ["0j"], ["0j"], ["(0.001373611583953105+0j)"], ["0j"], ["0j"], ["(0.004092751179293197+0j)"], ["0j"], ["0j"], ["0j"], ["0j"], ["0j"], ["0j"], ["0j"], ["0j"], ["(-0.0013736115839531988+0j)"], ["0j"], ["0j"], ["0j"], ["0j"], ["0j"], ["(-0.004092751179293171+0j)"], ["0j"], ["0j"], ["0j"], ["0j"], ["0j"], ["(-0.04296086089721411+0j)"], ["0j"], ["0j"], ["(0.004288883151092392+0j)"], ["0j"], ["0j"], ["(-0.0042888831510923915+0j)"], ["0j"], ["0j"], ["(-0.05113465046417257+0j)"], ["0j"], ["0j"], ["0j"], ["0j"], ["0j"], ["0j"], ["0j"], ["0j"], ["0j"], ["0j"], ["0j"], ["0j"], ["0j"], ["0j"], ["(1.3937923740656302e-05+0j)"], ["0j"], ["0j"], ["(0.0018218524425280577+0j)"], ["0j"], ["0j"], ["0j"], ["0j"], ["0j"], ["0j"], ["0j"], ["0j"], ["0j"], ["0j"], ["0j"], ["(0.0031533095863628038+0j)"], ["0j"], ["0j"], ["0j"], ["0j"], ["0j"], ["0j"], ["0j"], ["0j"], ["(0.03555886840225796+0j)"], ["0j"], ["0j"], ["(-0.0017057319330997507+0j)"], ["0j"], ["0j"], ["(-0.0014475776532630543+0j)"], ["0j"], ["0j"], ["(-0.08221042875238543+0j)"], ["0j"], ["0j"], ["0j"], ["0j"], ["0j"], ["(-0.0002236439295982326+0j)"], ["0j"], ["0j"], ["0j"], ["0j"], ["0j"], ["(-0.0027491438715448063+0j)"], ["0j"], ["0j"], ["0j"], ["0j"], ["0j"], ["0j"], ["0j"], ["0j"], ["0j"], ["0j"], ["0j"], ["0j"], ["0j"], ["0j"], ["(-1.39379237406586e-05+0j)"], ["0j"], ["0j"], ["0j"], ["0j"], ["0j"], ["(-0.0018218524425280577+0j)"], ["0j"], ["0j"], ["0j"], ["0j"], ["0j"], ["(-0.035558868402257984+0j)"], ["0j"], ["0j"], ["(-0.001447577653263065+0j)"], ["0j"], ["0j"], ["(-0.0017057319330997494+0j)"], ["0j"], ["0j"], ["(0.08221042875238538+0j)"], ["0j"], ["0j"], ["0j"], ["0j"], ["0j"], ["0j"], ["0j"], ["0j"], ["(0.0031533095863628055+0j)"], ["0j"], ["0j"], ["0j"], ["0j"], ["0j"], ["0j"], ["0j"], ["0j"], ["0j"], ["0j"], ["0j"], ["(0.00022364392959821816+0j)"], ["0j"], ["0j"], ["(0.002749143871544787+0j)"], ["0j"], ["0j"], ["0j"], ["0j"], ["0j"], ["0j"], ["0j"], ["0j"], ["0j"], ["0j"], ["0j"], ["0j"], ["0j"], ["0j"], ["(-0.05120597782400224+0j)"], ["0j"], ["0j"], ["(-0.017071904935734968+0j)"], ["0j"], ["0j"], ["(0.01707190493573494+0j)"], ["0j"], ["0j"], ["(-0.15190596728271566+0j)"], ["0j"], ["0j"], ["0j"], ["0j"], ["0j"], ["(-0.0120010864897622+0j)"], ["0j"], ["0j"], ["0j"], ["0j"], ["0j"], ["(-0.012935217781702198+0j)"], ["0j"], ["0j"], ["0j"], ["0j"], ["0j"], ["0j"], ["0j"], ["0j"], ["(0.012001086489762225+0j)"], ["0j"], ["0j"], ["(0.012935217781702068+0j)"], ["0j"], ["0j"], ["0j"], ["0j"], ["0j"], ["0j"], ["0j"], ["0j"], ["0j"], ["0j"], ["0j"], ["(0.9758193325909696+0j)"], ["0j"], ["0j"], ["0j"], ["0j"], ["0j"], ["0j"], ["0j"], ["0j"], ["0j"], ["0j"], ["0j"], ["0j"], ["0j"], ["0j"], ["0j"]], "hf_energy": -1.8594544562499862}