{"geometry": [["H", [0.0, 0.0, 0.0]], ["H", [1.2874, 0.0, 0.0]], ["H", [-0.0371, 0.4357, 0.0]], ["H", [0.7497, 0.2318, -0.2511]]], "multiplicity": 1, "canonical_orbitals": [[0.37799485480217876, 0.4191249017752955, 1.3518594232037353, 1.3210020621226342], [0.13655675815767013, -0.6520500645892903, 1.0092368249298969, -0.8851509033451944], [0.35592870373054386, 0.48423273849447684, -0.7701544329689918, -1.706316181637298], [0.3031917880431041, -0.5110897861115867, -1.3570832442094394, 1.0127160817272336]], "canonical_to_oao": [[0.5767333888179331, 0.31480709969413945, 0.5642161621873552, 0.4999352063331003], [0.36423536847572213, -0.7015939492215212, 0.4167810719441428, -0.44876727246558135], [0.5458275390679851, 0.4955626355563372, -0.2964994873301362, -0.6071062722855114], [0.4866040404362957, -0.40383176526663855, -0.6481062524066773, 0.4243756576243189]], "orbital_energies": [-0.9470311431464622, -0.4327138790222466, 0.9202456978695542, 1.0818385068684362], "exact_energy": -1.822045569252532, "ground_states": [["0j"], ["0j"], ["0j"], ["0j"], ["0j"], ["0j"], ["0j"], ["0j"], ["0j"], ["0j"], ["0j"], ["0j"], ["0j"], ["0j"], ["0j"], ["(-0.005576682357830618+0j)"], ["0j"], ["0j"], ["0j"], ["0j"], ["0j"], ["0j"], ["0j"], ["0j"], ["0j"], ["0j"], ["0j"], ["(-0.0009487685341267316+0j)"], ["0j"], ["0j"], ["(0.0003649159824183103+0j)"], ["0j"], ["0j"], ["0j"], ["0j"], ["0j"], ["0j"], ["0j"], ["0j"], ["(0.0009487685341267344+0j)"], ["0j"], ["0j"], ["0j"], ["0j"], ["0j"], ["(-0.00036491598241830794+0j)"], ["0j"], ["0j"], ["0j"], ["0j"], ["0j"], ["(0.03363695915392272+0j)"], ["0j"], ["0j"], ["(-0.008519884872071283+0j)"], ["0j"], ["0j"], ["(0.008519884872071285+0j)"], ["0j"], ["0j"], ["(0.03614450904202133+0j)"], ["0j"], ["0j"], ["0j"], ["0j"], ["0j"], ["0j"], ["0j"], ["0j"], ["0j"], ["0j"], ["0j"], ["0j"], ["0j"], ["0j"], ["(-0.0010194287865752279+0j)"], ["0j"], ["0j"], ["(0.0002658577746597044+0j)"], ["0j"], ["0j"], ["0j"], ["0j"], ["0j"], ["0j"], ["0j"], ["0j"], ["0j"], ["0j"], ["0j"], ["(-0.0013617683522444116+0j)"], ["0j"], ["0j"], ["0j"], ["0j"], ["0j"], ["0j"], ["0j"], ["0j"], ["(0.01093711746844212+0j)"], ["0j"], ["0j"], ["(-0.027796388985699673+0j)"], ["0j"], ["0j"], ["(0.029158157337944097+0j)"], ["0j"], ["0j"], ["(-0.007777751334098589+0j)"], ["0j"], ["0j"], ["0j"], ["0j"], ["0j"], ["(0.0004692729576083617+0j)"], ["0j"], ["0j"], ["0j"], ["0j"], ["0j"], ["(-8.427206652826824e-05+0j)"], ["0j"], ["0j"], ["0j"], ["0j"], ["0j"], ["0j"], ["0j"], ["0j"], ["0j"], ["0j"], ["0j"], ["0j"], ["0j"], ["0j"], ["(0.001019428786575234+0j)"], ["0j"], ["0j"], ["0j"], ["0j"], ["0j"], ["(-0.00026585777465970974+0j)"], ["0j"], ["0j"], ["0j"], ["0j"], ["0j"], ["(-0.010937117468442118+0j)"], ["0j"], ["0j"], ["(0.029158157337944097+0j)"], ["0j"], ["0j"], ["(-0.027796388985699676+0j)"], ["0j"], ["0j"], ["(0.007777751334098589+0j)"], ["0j"], ["0j"], ["0j"], ["0j"], ["0j"], ["0j"], ["0j"], ["0j"], ["(-0.0013617683522444135+0j)"], ["0j"], ["0j"], ["0j"], ["0j"], ["0j"], ["0j"], ["0j"], ["0j"], ["0j"], ["0j"], ["0j"], ["(-0.0004692729576083637+0j)"], ["0j"], ["0j"], ["(8.42720665282581e-05+0j)"], ["0j"], ["0j"], ["0j"], ["0j"], ["0j"], ["0j"], ["0j"], ["0j"], ["0j"], ["0j"], ["0j"], ["0j"], ["0j"], ["0j"], ["(0.044480493533262576+0j)"], ["0j"], ["0j"], ["(0.021349204348813267+0j)"], ["0j"], ["0j"], ["(-0.021349204348813274+0j)"], ["0j"], ["0j"], ["(0.051695403068727275+0j)"], ["0j"], ["0j"], ["0j"], ["0j"], ["0j"], ["(-0.002151687808022346+0j)"], ["0j"], ["0j"], ["0j"], ["0j"], ["0j"], ["(0.004931219103396989+0j)"], ["0j"], ["0j"], ["0j"], ["0j"], ["0j"], ["0j"], ["0j"], ["0j"], ["(0.0021516878080223355+0j)"], ["0j"], ["0j"], ["(-0.00493121910339699+0j)"], ["0j"], ["0j"], ["0j"], ["0j"], ["0j"], ["0j"], ["0j"], ["0j"], ["0j"], ["0j"], ["0j"], ["(-0.9940578962754978+0j)"], ["0j"], ["0j"], ["0j"], ["0j"], ["0j"], ["0j"], ["0j"], ["0j"], ["0j"], ["0j"], ["0j"], ["0j"], ["0j"], ["0j"], ["0j"]], "hf_energy": -1.7951764996606716}