{"geometry": [["H", [0.0, 0.0, 0.0]], ["H", [1.1913, 0.0, 0.0]], ["H", [0.5201, 1.2922, 0.0]], ["H", [0.07, 0.419, -0.1533]]], "multiplicity": 3, "canonical_orbitals": [[0.4602556206168731, 0.4993815269941491, 0.014592371317804278, 1.8406310987047387], [0.06263936069115453, -0.4295416293973959, 1.0101029185055677, -0.1080503599643549], [0.07391773243542793, -0.9115838751925169, -0.519743636529195, 0.5983670552638645], [0.5177226701708871, 0.17699215870560667, -0.23449963080263106, -2.046083310736863]], "canonical_to_oao": [[0.6569175792891214, 0.2262203760685238, 0.24657649126115516, 0.6756357520363139], [0.3587644163141628, -0.4081268106521497, -0.8343825470849032, 0.09233831888101403], [0.026460897099320833, 0.8836107188021294, -0.43869881868839505, -0.16147837323954717], [0.6626063752578745, -0.03858685652271199, 0.22483137138498815, -0.7133825764710418]], "orbital_energies": [-0.810939152439308, -0.04237403145417137, 0.022770209491459723, 1.3170539520231803], "exact_energy": -1.7726385025755147, "ground_states": [["0j", "0j", "0j"], ["0j", "0j", "0j"], ["0j", "0j", "0j"], ["0j", "0j", "0j"], ["0j", "0j", "0j"], ["0j", "0j", "0j"], ["0j", "0j", "0j"], ["0j", "0j", "0j"], ["0j", "0j", "0j"], ["0j", "0j", "0j"], ["0j", "0j", "0j"], ["0j", "0j", "0j"], ["0j", "0j", "0j"], ["0j", "0j", "0j"], ["0j", "0j", "0j"], ["0j", "0j", "0j"], ["0j", "0j", "0j"], ["0j", "0j", "0j"], ["0j", "0j", "0j"], ["0j", "0j", "0j"], ["0j", "0j", "0j"], ["0j", "0j", "0j"], ["0j", "0j", "0j"], ["(-0.004214267712364277+0j)", "(-0.04779995417811848+0j)", "(-9.75439249805477e-05+0j)"], ["0j", "0j", "0j"], ["0j", "0j", "0j"], ["0j", "0j", "0j"], ["(-0.0003537981957952526+0j)", "(0.00010043010025362792+0j)", "(-0.0339288569499696+0j)"], ["0j", "0j", "0j"], ["(0.0012340187795011838+0j)", "(0.013996747511325524+0j)", "(2.8562740544237316e-05+0j)"], ["(0.00010359892810883561+0j)", "(-2.9407868270144742e-05+0j)", "(0.009935022998283399+0j)"], ["0j", "0j", "0j"], ["0j", "0j", "0j"], ["0j", "0j", "0j"], ["0j", "0j", "0j"], ["0j", "0j", "0j"], ["0j", "0j", "0j"], ["0j", "0j", "0j"], ["0j", "0j", "0j"], ["(-0.0003537981957950841+0j)", "(0.00010043010025396733+0j)", "(-0.033928856949958314+0j)"], ["0j", "0j", "0j"], ["0j", "0j", "0j"], ["0j", "0j", "0j"], ["(-0.047797434951269376+0j)", "(0.00421300305704886+0j)", "(0.0005108854269493292+0j)"], ["0j", "0j", "0j"], ["(0.00010359892810897042+0j)", "(-2.9407868270138715e-05+0j)", "(0.009935022998284587+0j)"], ["(0.013996009833167941+0j)", "(-0.0012336484640596082+0j)", "(-0.00014959709587958336+0j)"], ["0j", "0j", "0j"], ["0j", "0j", "0j"], ["0j", "0j", "0j"], ["0j", "0j", "0j"], ["0j", "0j", "0j"], ["0j", "0j", "0j"], ["(-0.0011984596656970784+0j)", "(-0.013593421446998313+0j)", "(-2.7739685207939193e-05+0j)"], ["(-0.00010061365257194366+0j)", "(2.8560459987778293e-05+0j)", "(-0.009648738365249928+0j)"], ["0j", "0j", "0j"], ["0j", "0j", "0j"], ["(-0.000100613652571969+0j)", "(2.856045998754885e-05+0j)", "(-0.009648738365257375+0j)"], ["(-0.013592705025552532+0j)", "(0.001198100021153864+0j)", "(0.00014528635098214637+0j)"], ["0j", "0j", "0j"], ["0j", "0j", "0j"], ["0j", "0j", "0j"], ["0j", "0j", "0j"], ["0j", "0j", "0j"], ["0j", "0j", "0j"], ["0j", "0j", "0j"], ["0j", "0j", "0j"], ["0j", "0j", "0j"], ["0j", "0j", "0j"], ["0j", "0j", "0j"], ["0j", "0j", "0j"], ["(0.0017154648598761665+0j)", "(0.01945750656885733+0j)", "(3.970634687197669e-05+0j)"], ["0j", "0j", "0j"], ["0j", "0j", "0j"], ["0j", "0j", "0j"], ["(0.00014401751711056582+0j)", "(-4.0881196833691155e-05+0j)", "(0.013811121126137253+0j)"], ["0j", "0j", "0j"], ["(-0.0013111088762015996+0j)", "(-0.014871135030431672+0j)", "(-3.0347076785439765e-05+0j)"], ["(-0.00011007083236115649+0j)", "(3.124500028659996e-05+0j)", "(-0.010555671481418926+0j)"], ["0j", "0j", "0j"], ["0j", "0j", "0j"], ["0j", "0j", "0j"], ["0j", "0j", "0j"], ["(0.000795234621280942+0j)", "(0.009019877485845986+0j)", "(1.8406591971500186e-05+0j)"], ["0j", "0j", "0j"], ["0j", "0j", "0j"], ["(0.0013079823763814107+0j)", "(0.014835672986171585+0j)", "(3.0274710461154187e-05+0j)"], ["0j", "0j", "0j"], ["0j", "0j", "0j"], ["(0.0004475625539416222+0j)", "(0.005076438192923526+0j)", "(1.0359334329352406e-05+0j)"], ["(0.0001473823381375749+0j)", "(-4.1836343911988796e-05+0j)", "(0.01413380375324174+0j)"], ["0j", "0j", "0j"], ["(-0.0005767475264399398+0j)", "(-0.006541707176145736+0j)", "(-1.3349464555067498e-05+0j)"], ["0j", "0j", "0j"], ["0j", "0j", "0j"], ["0j", "0j", "0j"], ["0j", "0j", "0j"], ["0j", "0j", "0j"], ["0j", "0j", "0j"], ["(6.676191296943403e-05+0j)", "(-1.8951214823597837e-05+0j)", "(0.006402393855501828+0j)"], ["0j", "0j", "0j"], ["(-0.0029981068676616356+0j)", "(-0.034005758693229665+0j)", "(-6.939452624825392e-05+0j)"], ["(-0.00014189013050334542+0j)", "(4.027731119310325e-05+0j)", "(-0.013607107095740445+0j)"], ["0j", "0j", "0j"], ["0j", "0j", "0j"], ["(-0.00021412450230503621+0j)", "(6.0781952787842966e-05+0j)", "(-0.020534303720404583+0j)"], ["(-0.014092904729003753+0j)", "(0.001242189058188972+0j)", "(0.0001506327621299058+0j)"], ["0j", "0j", "0j"], ["(-4.841938106701858e-05+0j)", "(1.3744454756054424e-05+0j)", "(-0.004643365266848375+0j)"], ["0j", "0j", "0j"], ["0j", "0j", "0j"], ["0j", "0j", "0j"], ["0j", "0j", "0j"], ["(0.0014992268373262728+0j)", "(0.017004846160235232+0j)", "(3.470127674136934e-05+0j)"], ["(0.00012586380038875976+0j)", "(-3.572803434714021e-05+0j)", "(0.012070199705147276+0j)"], ["0j", "0j", "0j"], ["(0.0005342448796495034+0j)", "(0.006059624710650477+0j)", "(1.2365693405965544e-05+0j)"], ["0j", "0j", "0j"], ["0j", "0j", "0j"], ["0j", "0j", "0j"], ["(4.48511787653624e-05+0j)", "(-1.273157532588628e-05+0j)", "(0.004301178599710845+0j)"], ["0j", "0j", "0j"], ["0j", "0j", "0j"], ["0j", "0j", "0j"], ["0j", "0j", "0j"], ["0j", "0j", "0j"], ["0j", "0j", "0j"], ["0j", "0j", "0j"], ["0j", "0j", "0j"], ["0j", "0j", "0j"], ["0j", "0j", "0j"], ["0j", "0j", "0j"], ["0j", "0j", "0j"], ["0j", "0j", "0j"], ["0j", "0j", "0j"], ["(0.00014401751711044992+0j)", "(-4.0881196833771494e-05+0j)", "(0.013811121126134761+0j)"], ["0j", "0j", "0j"], ["0j", "0j", "0j"], ["0j", "0j", "0j"], ["(0.01945648108936042+0j)", "(-0.0017149500677695177+0j)", "(-0.00020796163347268536+0j)"], ["0j", "0j", "0j"], ["(-0.00011007083236058604+0j)", "(3.124500028654729e-05+0j)", "(-0.010555671481419686+0j)"], ["(-0.014870351268955565+0j)", "(0.001310715426871163+0j)", "(0.00015894254084289526+0j)"], ["0j", "0j", "0j"], ["0j", "0j", "0j"], ["0j", "0j", "0j"], ["0j", "0j", "0j"], ["(6.676191296957134e-05+0j)", "(-1.8951214823325485e-05+0j)", "(0.006402393855510778+0j)"], ["0j", "0j", "0j"], ["(0.0012425619373386341+0j)", "(0.014093647514134618+0j)", "(2.8760481457747818e-05+0j)"], ["(0.00021412450230502087+0j)", "(-6.0781952788291663e-05+0j)", "(0.020534303720389578+0j)"], ["0j", "0j", "0j"], ["0j", "0j", "0j"], ["(0.00014189013050376736+0j)", "(-4.027731119292414e-05+0j)", "(0.013607107095748007+0j)"], ["(0.03400396646932916+0j)", "(-0.002997207168818273+0j)", "(-0.0003634532050803072+0j)"], ["0j", "0j", "0j"], ["(-4.8419381067205174e-05+0j)", "(1.3744454755581711e-05+0j)", "(-0.004643365266864518+0j)"], ["0j", "0j", "0j"], ["0j", "0j", "0j"], ["0j", "0j", "0j"], ["0j", "0j", "0j"], ["0j", "0j", "0j"], ["0j", "0j", "0j"], ["(0.009019402106362283+0j)", "(-0.0007949959801315177+0j)", "(-9.640435936854932e-05+0j)"], ["0j", "0j", "0j"], ["(-0.0001473823381375439+0j)", "(4.183634391222488e-05+0j)", "(-0.014133803753234305+0j)"], ["(-0.005076170646654654+0j)", "(0.0004474282453495856+0j)", "(5.425692007800127e-05+0j)"], ["0j", "0j", "0j"], ["0j", "0j", "0j"], ["(-0.014834891093670774+0j)", "(0.0013075898652791312+0j)", "(0.00015856352287239682+0j)"], ["0j", "0j", "0j"], ["0j", "0j", "0j"], ["(-0.006541362405012911+0j)", "(0.0005765744508607869+0j)", "(6.991770015530613e-05+0j)"], ["0j", "0j", "0j"], ["0j", "0j", "0j"], ["0j", "0j", "0j"], ["0j", "0j", "0j"], ["(0.0001258638003888861+0j)", "(-3.5728034347167614e-05+0j)", 