{"params": [-0.010422193653471502, 0.0003508180071829764, -0.0013287747864889467, 0.0006971475187598793, 0.00013193078326517483, -0.012466832729093142, 0.0009517675898798147, 0.0005799947194956038, -0.029820478351366236, -0.0007724037308586636, 0.0039006029211385777, -0.000854789953753544, -0.0003368409247268485, -0.028216347042304864, -0.0009124045172713371, 0.004380203766832683, 0.0027049464645876684, -5.56901377943399e-06, -0.0008098522581174444, -3.348846862536159e-05, 0.0008449178058032581, -2.830822464162876e-05, -0.002950363401050816, -0.00011388579161940842, 0.0008567920259874471, 0.0009377304186440626, 1.0932799727376542e-05, -4.2340341203140094e-05, 2.1269029556619873e-05, -7.44991344769117e-05, -3.0041226876360596e-05, 0.004318549043756792, -9.976550227871857e-07, 0.0010117081385024216, 0.002860684597552775, -5.297416332214955e-05, 5.862033798491223e-05, 7.669983673272418e-05, 5.719233522201337e-05, 4.943594775710162e-05, 0.0008604845388329017, 4.334021374363006e-05, -2.4758248747994393e-06, 0.0007962411843043997, -0.0008511434070323001, 2.2037115552064376e-05, 0.028349137957395458, 0.00010258935190937972, 0.0038605938004217743, -0.00399434936351261, -5.301726487726811e-05, 0.0003594618315102174], "infidelity": 0.0005074254364171304, "energy_expval": -1.757736205365309, "energy_error": 0.0010375465109095927, "optimizer_success": true, "optimizer_nfev": 1566}