{"params": [-0.0018521538723655418, -0.0003844756161947897, 0.0002626712630831534, -0.0005279993174499092, -0.0006190306254218858, -0.0020163006194587755, 0.0005798168779770063, -0.0007058289696358239, -0.03286890696772061, -0.0003748441356853491, -0.0001399442436132914, -0.0005643043690039373, -0.0010868352695958248, -0.032848228583215844, -0.00043664815165162305, -0.0010741013248057917, 0.0019377686821651727, 9.899864485258388e-05, 0.0005533469521412774, 5.181931076708507e-06, 0.0006537288330019888, 3.5538050457823494e-06, -0.00584631842201818, -6.746472159355072e-05, 0.0014979106753561205, -0.0004887234305923017, -1.3875380800587784e-05, 5.5949823918405875e-05, 3.624306975493549e-06, -0.000837580523161866, -2.1206927277591507e-05, 0.004317127241607845, -0.00010202222488349744, 0.00210559966250859, 0.005819431646972782, -4.0366562321093626e-05, -0.0008564283069332039, 3.3383961337564026e-05, 8.396127036052192e-06, 1.5923575147670643e-05, 0.001406489598426229, -2.5227232691059188e-05, 2.9935891600210096e-05, 0.0005180142459247442, -0.00218467388480929, -6.476434798034864e-05, 0.032274847411749734, 5.8456227818340524e-05, -0.0009652646203589481, 0.0009357114199767075, 1.075493349104073e-05, 0.0016096348663898097], "infidelity": 0.00013689338344347046, "energy_expval": -1.72217112853452, "energy_error": 0.00025043404309910144, "optimizer_success": true, "optimizer_nfev": 1896}