{"params": [0.0005702563374532397, 4.6866769944894226e-05, -0.00015929296768428904, 0.000894149765380206, 0.0013884272589808054, 0.00044494669767141396, -0.0018198789961121895, -7.815414869315109e-05, 0.00707970415535381, 0.0003626264068208766, -0.003288293865773158, 0.00046260928717903067, -1.985622983591279e-05, 0.005228761130020924, 0.0006757036576343397, -0.0018465891767379145, 0.005906638034566857, 6.358769076179259e-05, 0.00021291951547566397, 1.2621204932732501e-05, -0.00019276567651096735, 1.0156970242489713e-05, -0.005239656378070795, -1.9996826892733403e-05, 0.00011464942120834795, -0.0002518812505460248, -3.628853598367626e-05, 4.398739824734413e-05, -7.2379339648019375e-06, -0.0003183429873589499, 1.5916519437473298e-05, 0.00251111047032924, -7.433599178286825e-05, 0.0004137953274864031, 0.005193761144191131, 1.1467887839219067e-05, -0.0001612196882815184, -0.00014772151963263457, 0.00012779836528281838, -0.00010123691576160754, 0.00010410365409058733, -5.647263720114958e-05, -1.224665992026823e-05, -0.00020304393718827252, -0.0005234627005664001, -4.6566378615096104e-05, 0.00589580345483209, -1.3962451826697516e-05, -0.001152119339148309, 0.0013018648920893646, -2.9719935637054583e-05, 0.0032092128167337587], "infidelity": 0.00020576551961992706, "energy_expval": -1.4589385880473618, "energy_error": 0.00032963518350381804, "optimizer_success": true, "optimizer_nfev": 1065}