{"params": [0.0009469880574919742, -0.0013833647468754666, -5.267586553755899e-05, 1.0525666786124807e-05, 0.0008961833112852733, 0.001480294005750758, 0.0001904696195421382, 0.0004851740226322302, -0.042352650662052356, -8.090917295907516e-05, 0.0013788809994349823, 0.00012740753291233623, 3.935638925319911e-05, -0.04268788158450523, -0.0006063931907846405, 0.0023938048589862105, 0.001822141038265823, -2.898286741053455e-05, 0.0003969776170226267, -4.365102408564028e-05, 0.0013832067141579221, 0.00011172664118788944, -0.0043975500941286095, 6.539527179578502e-05, 0.002760682099630625, -0.0002618717672080519, -2.5300210445507823e-05, -2.112057612171289e-05, -0.00010654182861120065, -0.0013254309447898638, -5.4045468776527526e-05, 0.0032656683246008516, 0.00012048721326236678, 0.0013068555096949167, 0.004538720466549812, 9.038459072998861e-05, -0.001363111191276029, -7.48641416236389e-05, 7.641139511411087e-05, 1.5286503731224328e-05, 0.0027979162359390315, -4.26137133643685e-06, -2.059562822029418e-05, 0.0014005479403189573, -0.0012084029114960751, 2.1497778163303964e-06, 0.037563315697028, -5.913662071764326e-05, 0.00035212737018733373, -0.000582174612376314, 5.0161942580933576e-05, 0.000974096102990484], "infidelity": 0.00011173473674808143, "energy_expval": -1.5854515059365832, "energy_error": 0.00016969544315070806, "optimizer_success": true, "optimizer_nfev": 1909}