{"params": [0.0014254476901202045, -8.96951089893868e-05, -0.0002606750723457365, -0.0007173816750031079, -0.00029460204899731584, 0.0007705970064977773, -0.0012134455756247517, -0.0016226435893106216, 0.02506183662638986, -0.0007445626997587095, 0.0012769649191527418, -0.0006809292649694571, -2.1996794569310132e-07, 0.02482566767450593, -0.0013983118994375585, 0.0010715147504576992, 0.003035933270022587, 7.842145155075676e-05, 0.0007370145251329676, 2.4778093372242703e-06, 0.0024495788613464113, 1.0692074639941372e-05, -0.004602444959761339, 9.080177940556086e-06, 0.005952651060583232, -0.0006413455471343637, 4.299137175809707e-06, 2.83659152965078e-05, -2.0435597733946734e-05, -0.0033680974039774405, -2.3290044023558066e-05, 0.003105823632455646, -6.204089414820893e-05, 0.0014890928731176537, 0.004546447469732867, 4.208696623320099e-05, -0.003344759896964594, 3.20902015526728e-05, -8.950152314377775e-05, 3.0799932103627695e-05, 0.0059767016764027, 6.6136236818646e-05, 3.971468567549484e-05, 0.0025421565684360576, -0.0013758107094612268, 4.9541490502131213e-05, 0.037997877423645264, -6.596343491946697e-05, -0.0009731955859332413, 0.0008780503009548148, 3.006102550934592e-05, 0.0026698045761363036], "infidelity": 0.0001329479335114847, "energy_expval": -1.7784073511894218, "energy_error": 0.00019624805531037737, "optimizer_success": true, "optimizer_nfev": 1679}