{"params": [-0.0009312420900935478, -0.0013314836341788699, 0.0005348169454911291, 0.0004590968980093685, 0.0004039044664316266, 0.0011409494713689632, 0.001257491933072289, 0.0009871260815257556, 0.0005275849032609095, 0.00017496764681600044, -0.006350586626460929, 0.0015268646370245648, -0.0006806607234816056, 0.000920824716988863, 0.00030815787715885866, -0.004835782877315367, 0.004879658986121649, 3.701484574804022e-05, -0.00038146574405058866, -2.052471402687856e-05, -0.00042612242983827497, -4.239067510422245e-05, 0.005284432437347719, -4.04179456760115e-06, -0.00053436425769156, 0.0005285869948554023, -5.8416466574838414e-05, 9.555487639076267e-06, -9.90800104364942e-06, 0.00012806221791970295, 9.412276487282804e-06, 0.0033050845451962135, 6.80367998122324e-05, -0.0031417394489926635, -0.005312934281086246, 1.844864638117389e-05, 4.9197690018591605e-05, -1.4219411890008724e-05, -7.660207423525935e-05, 0.00011811866199630553, -0.0005304708748746004, 5.772379352060925e-06, -5.675153853813814e-05, -0.00044479984291206177, 0.003154599151430437, 3.431179122003299e-05, 0.006919551534942016, -2.474246009470515e-05, 0.0018216477709182704, -0.0018412236943888436, 9.810663255690957e-06, 0.007057029773740898], "infidelity": 0.00018293936256508214, "energy_expval": -1.9024596314164957, "energy_error": 0.00023601199244338567, "optimizer_success": true, "optimizer_nfev": 1363}