{"params": [-0.013451289902485954, 0.0008247743750409189, -0.00039538262072996765, -0.0008760528800930382, 0.0005702285772227788, -0.01470191687854372, -3.480897515172497e-06, -8.148660457777052e-05, 0.00835689824850009, -0.0007550247459923009, 0.00454950319371608, 0.0002530966431079312, -0.0008581447950600537, 0.007418946950567261, -5.276679939880306e-06, 0.002436343126154705, 0.0020329199303338054, -9.321301206885772e-06, 0.00024355325870803007, -7.369384979009132e-05, 0.0011768356999103072, -2.424302310602023e-05, 0.0006866252070266639, -4.451250148071869e-05, 0.0021115482568732752, -0.00010384110871557494, -6.261323131821059e-05, 3.680771298916851e-05, 5.318723914156499e-05, -0.0009057375344298929, 0.00010451940696454019, 0.00413314765075086, -7.868883003519882e-05, 1.1510016785731982e-06, -0.000608409373982582, 4.447614341075319e-05, -0.000786635996192194, -2.9878801592538405e-06, 8.126984148974064e-05, 2.4537561308608753e-05, 0.001990984718655567, -1.5935096076304907e-05, -3.478070642287069e-05, 0.001166460523996464, 0.0002577476132038241, -0.00010297961782999324, 0.038725655348965014, 2.567332565038711e-05, -0.000765640576235772, 0.000710181456855231, 6.542953180412083e-05, -0.00048710861313361705], "infidelity": 0.0005739707331322563, "energy_expval": -1.6163204222770688, "energy_error": 0.0013087783509342366, "optimizer_success": true, "optimizer_nfev": 1558}