{"params": [0.0017121713593501802, 0.0008677553295242207, -0.0020134570489509793, 7.508517070400133e-05, 6.436882409453875e-05, 0.0010555923888003057, -0.00037414517467218626, -0.0014545954173748746, -0.06495254820485462, -0.0003585492068244109, -0.005749403739778979, -0.0003410913818526095, 0.0010579496618183574, -0.06470480260223103, -0.0003726816438279292, -0.00633644288453801, 0.005174904808242608, -2.3999154867183112e-05, 0.000853629269223161, 7.995412766425519e-05, 0.0011810798547697357, 1.2982661762318673e-05, -0.005428859420966658, 2.8872467640352434e-05, 0.003584541603440604, -0.0007751142398369976, 5.495339869912694e-06, -4.613791792813565e-05, 4.7786390275600214e-05, -0.0024776507304552506, 3.24640401109782e-07, 0.002343294576882909, -3.194096180611806e-05, 0.0013516273378441134, 0.005369243866112592, 6.4023075670904645e-06, -0.002523141926110083, -3.590953284732177e-05, 3.960446596831176e-05, 4.271631690274579e-05, 0.003575018271770022, 1.7202176513954477e-05, -6.881791652488318e-05, 0.0012517585854777355, -0.0014668968547916247, 6.397185987797158e-07, 0.01780877743358698, 1.9296673163083103e-05, -0.0021657896609268298, 0.002183504210834057, -7.639397817646427e-06, 0.004715265726677411], "infidelity": 0.00021941812240477976, "energy_expval": -1.6920435671938074, "energy_error": 0.00038415241700251457, "optimizer_success": true, "optimizer_nfev": 2140}