{"params": [0.001235984031315945, -0.00028616066928942026, -0.0010236620283769658, -0.00025508673705554384, -0.0005489110548557439, 0.0018109362828065004, -0.0002419202456958464, 0.000955589591306343, -0.0046066077427369305, 8.543084306640732e-05, -0.007828140900484904, -0.0006165466675228115, -0.0011457771707931886, -0.0017393981399544706, -0.0003814300792153504, -0.006837967594950866, 0.006888963961838006, -1.4514454159428767e-05, 0.000323598359718993, 3.9460203252210335e-05, -0.00016961662345665816, -6.802961949519838e-05, -0.009259798619895641, -6.763332071615382e-05, 0.00037029802811568716, -0.0002339461750059995, 8.159326485321044e-05, -3.864640766274667e-05, -0.00012077782741982664, -0.00042791724344177037, 3.7081936842101284e-05, 0.0031631183186801655, -6.452271275405883e-05, 0.0024068185693425738, 0.009225623918763632, 9.053230940479477e-05, -0.0005012636430557096, 6.762393469399829e-05, -5.221486179179515e-05, 1.4211044699695383e-06, 0.00033841322798716916, -7.376224024899002e-06, -1.1158465449284157e-05, -6.580538053899961e-05, -0.0023735124718034556, -3.3974581572263916e-05, 0.012565544692055909, -4.154752332935225e-05, -0.001493642061903342, 0.0014776578636019444, -0.00012303157609503806, 0.00607878781943809], "infidelity": 0.0004477670561731095, "energy_expval": -1.9228953678815994, "energy_error": 0.0006998030376332842, "optimizer_success": true, "optimizer_nfev": 1380}