{"params": [-0.0006431831722768814, -0.0007465057939822628, -7.003854576328246e-05, 0.0002178595720730728, 0.00025987120482155496, 0.00021109746821095925, 0.000577071239703718, 0.0012287305422379311, 0.0009196509573451249, 0.00011354120671866176, 0.001249482203698082, -0.00044747864659906917, -0.0003450356562304345, 0.00045523902077784984, 0.0004028873230775543, 0.0005253859832823419, 0.003417579599837248, -5.6226339059642e-06, 0.0011651861371452168, -6.137464742822597e-05, 0.0011267823841619627, -2.222927796625156e-05, -0.004046465040125264, 1.834524014474295e-05, 0.002617957129928718, -0.0011538935546086591, 2.842674206316258e-05, 5.972031218424863e-05, -8.471179435664932e-06, -0.0015501405034449376, 3.351024408386111e-05, 0.0026063949444308804, 1.0601422636807345e-05, 0.0016003838515772633, 0.004066044493200222, -7.219233028317207e-05, -0.0017968583243549753, 8.487954473684412e-05, -2.9480980765001896e-05, 6.758945504623188e-05, 0.0026735589543751114, 4.3559544519740096e-05, -4.524784298782579e-05, 0.0010126342930007848, -0.0016452700490739165, 4.798047217575139e-06, 0.01094899446768784, -6.790023700576435e-05, -0.0019825873914567486, 0.0018108112673247, -4.0896465074719624e-05, 0.0024256412858376744], "infidelity": 7.944681690641442e-05, "energy_expval": -1.9063823443815648, "energy_error": 0.00010800014329626073, "optimizer_success": true, "optimizer_nfev": 1414}