{"params": [-0.0023763581030841704, 0.0004047551401981358, 7.839598198918632e-05, -0.0007165258316056935, -0.00027683890845079886, -0.002934213739765862, -0.0012693654868038778, 0.0002491927432825624, -0.000816265358208779, 0.0004067741663901392, -0.0015036021902663232, -0.0008207306812453306, -0.0009202940020514479, -0.0017361176949602568, -0.000690831338820185, -0.002920929858567779, 0.0028714781966447675, -3.936687933665914e-05, 0.0003054756105859731, 1.2034198807223844e-05, 0.001609028345141317, 4.266558367522817e-05, -0.006712494025945238, 2.0863399320372656e-05, 0.003117716084980594, -0.0004149706584510088, -9.343560238197265e-05, -6.845553756232015e-05, -0.00013089112576327927, -0.0013765615473068937, -3.6830906421213394e-05, 0.0027126018161259574, -6.651377905871216e-05, 0.0011504061848433306, 0.0066612384328070375, 0.0001181644167152625, -0.0014419409501208024, 0.00012565794064303882, 4.5752095084801284e-05, -1.2647726257605012e-06, 0.0030677966498165953, -6.008718607914894e-05, 2.1881708229914465e-05, 0.001549291191916429, -0.0012120596023517866, -6.723389294596914e-05, 0.03093942472607365, 5.621394211784751e-05, 0.0006440396131973368, -0.0006633802108257093, 3.774692125190473e-05, 0.001754273903030468], "infidelity": 0.00011694895243297143, "energy_expval": -1.7117351307914639, "energy_error": 0.00019110066153360528, "optimizer_success": true, "optimizer_nfev": 1643}