{"params": [-0.00046305310811400657, 0.9995056909370588, -0.0033689551033431416, -0.009417553120677592, -0.005376760704253038, -0.0025431309021526818, 0.0005463385280528654, 0.9965223768788637, -0.014656592474503518, 0.0005214310867004201, 0.0011966054970978485, 0.9998878862412263, 0.0037363832379237794, 0.042256800297764074, -0.00450247696775165, -0.0016141477195608525, 0.005848813657779862, 0.13397032046773824, 0.12713258347036055, -0.017286296958877317, 0.0039350071268981586, 0.12375071246176884, -0.004661559646882693, 0.003921098739873368, 0.133944425911427, -0.0015747737085714385, 0.00012737414630685785, 1.2802819627741795e-06, -8.10207133255149e-07, -0.02648799585166766, 0.025696088735989785, 0.0037309991034890303, -0.00010450335395124753, 0.02387838293422468, 0.0022078396304556548, 0.10684230855441267, -0.01614183857974548, -0.0054074268505198315, -0.0033106905901930093, 0.006176971634785161, 0.000777242904464349, 7.17021688212375e-05, 0.12512445918518897, -7.001318275403935e-05, -0.0019303191570700102, 0.028981187363125344, 0.04848156871090997, 0.008028143620181685, -0.06295872297762328, 0.12079335279479503, 0.0004935060868355227, 0.03063627665751487], "infidelity": 0.0007329668508000431, "energy_expval": -1.7710793340079694, "energy_error": 0.0015591685675453437, "optimizer_success": true, "optimizer_nfev": 980}