{"params": [-0.021456249052364696, -3.1662604892233005e-06, 0.9910298405875605, 1.0000461995692058, -0.023662350479956604, 0.997349485795421, -0.00030819361291912047, 0.011301053815130252, -0.24152011203505366, -0.0006732867011475392, -0.005251436782842911, 0.9998721313352876, 0.0006836190824152605, -0.0007692043410454051, -0.02475071611084076, 0.0033992062921643458, -0.009285127165999482, 0.011622467400780429, 0.013859388962596874, 0.008335141270426848, -0.001084461283475327, 0.0007225182529503706, -0.011555925367847717, -0.007905175326303403, 0.010023639833047444, 5.460625845726707e-05, -6.3252597763226e-05, -3.306526203613766e-05, 1.762495129202133e-05, -0.008059027214714114, 0.0008562791520671314, 0.006471607192299926, 1.921577266846455e-05, 0.00447283780146688, 0.12929066932637256, -0.0042802612700959305, 0.00042225429795841635, -0.006123831504340678, 0.000627918671035702, -0.012412662832733257, 0.0032869831020621693, -0.00013285818852768312, -0.01601753401733126, -0.010559304696164831, -0.0018038470985620358, -0.005337759646916822, 0.18175699155711078, -0.007740344940953949, 0.006467762760730256, -0.0012998299216029202, -0.010318861315604475, 0.005061489462652895], "infidelity": 0.007036311651543725, "energy_expval": -1.8834489340752003, "energy_error": 0.008052530632712163, "optimizer_success": true, "optimizer_nfev": 1173}