{"params": [-0.008790855525535308, 0.00037349622548408324, -0.002914329881307171, 0.0002652160218496356, -0.00013078451169211197, -0.008933727717770496, 7.802359249255516e-05, -0.005529385735722736, 0.011891482647265934, 0.0003112622184958741, 0.0011157500955148276, -0.00027466549276516326, -0.00026731016601666286, 0.009900257564205527, 0.00038547240138077805, 0.0009387492136726156, 0.0034836371684039127, -5.071657201029363e-06, -0.001387686769208795, 4.052147238102887e-05, 0.00041392890226032167, -2.5673482461148773e-05, 0.000193506950816536, -2.8279448779505235e-05, 0.0016233357454616842, 0.0015059611985912362, -8.308439898425555e-05, 4.7343087402043455e-06, 8.5594681111953e-05, -0.001069455206956464, 4.026513048497336e-05, 0.005197426304085795, 3.8301625857108155e-05, 0.00043732005712880494, -0.00021310805888110875, 9.766847140756789e-05, -0.0011521695867135996, 2.651561714382852e-05, -4.387632437283194e-06, 0.00010400341648388927, 0.001603642049306323, 7.93979790960448e-05, -3.972128394301193e-05, 0.00043678272388725285, -0.00042322101246245597, 6.349373000429899e-05, 0.018022762373107574, -2.704434139176113e-05, 0.007605464405451547, -0.007671158577941664, -6.969229672094306e-05, 0.0020441294694039467], "infidelity": 0.0007368102641908125, "energy_expval": -1.817064582068067, "energy_error": 0.0013059002854836077, "optimizer_success": true, "optimizer_nfev": 1484}