{"params": [-0.01580331915478832, 8.289174863921954e-05, -0.001744736095422632, -0.0009728155231049473, 4.097829384362691e-05, -0.015085312284662533, 0.00011079425952969564, -0.0010017112199743256, 0.008060392625107611, -0.0002157406341757046, 0.9956358141796328, 0.0007357805099206117, -0.0018863361280283964, 0.00854733539816771, 0.9994910144566365, 0.005006450511007865, 0.0024135374604507378, 4.4312093058670137e-05, -0.0009526923086385529, -6.799557175740037e-05, 0.0020399176662794635, -7.875421913359319e-05, -0.0018423983897317277, -0.00010613587083112534, 0.0038335987458721797, 0.0009291744135310902, 2.2695730082107517e-06, 4.5137673966562265e-05, -0.0001129809726196779, -0.0017540703431206555, -7.365305062012206e-05, 0.005276066191882092, 9.30322826985217e-05, 0.000726876165173115, 0.0019234582711304042, -6.301773908404104e-05, -0.0017701090482064848, 6.505386301850364e-05, -3.681098265166781e-05, -1.7360632286662826e-05, 0.003859515079699968, -0.00010531950574040668, 5.684602706710946e-05, 0.0021848641777605874, -0.0006004689580815747, 0.00012543506649216412, 0.03185130136707625, -1.764665432153879e-05, 0.003505887395321364, -0.003389917028033295, -4.432552276511499e-05, 0.0005179278091950835], "infidelity": 0.0005471031836800089, "energy_expval": -1.9686060881531489, "energy_error": 0.0009258763766040179, "optimizer_success": true, "optimizer_nfev": 1430}