{"geometry": [["H", [0.0, 0.0, 0.0]], ["H", [1.4642, 0.0, 0.0]], ["H", [0.3191, -0.8201, 0.0]], ["H", [0.3723, -0.441, 0.6028]]], "multiplicity": 3, "canonical_orbitals": [[0.2173849394384137, 0.15999006292323661, 1.263975441133502, 0.16841998922031545], [0.06123688114255385, -1.0619234734133773, 0.03406796226008332, 0.07687203808100332], [0.4419666699094312, 0.19784914638604814, -0.6538960913098429, 1.1623636312865164], [0.4578686474814783, 0.13891577506492286, -0.4294719712005286, -1.319786115679438]], "canonical_to_oao": [[0.4459655201672568, 0.19843695503054315, 0.6118280147253002, 0.6224178741789579], [0.12325467979417726, -0.9786026469698624, 0.14122048129925277, 0.08486412029839938], [0.8811646775759322, 0.03155890512446437, -0.40294751087579694, -0.24532865706812118], [0.0973234284398529, 0.0443133132267282, 0.6658502530884118, -0.738381961460109]], "orbital_energies": [-0.7787964566107695, -0.021840535963847704, 0.24088169959488412, 0.6233741925477185], "exact_energy": -1.7319910936505545, "ground_states": [["0j", "0j", "0j"], ["0j", "0j", "0j"], ["0j", "0j", "0j"], ["0j", "0j", "0j"], ["0j", "0j", "0j"], ["0j", "0j", "0j"], ["0j", "0j", "0j"], ["0j", "0j", "0j"], ["0j", "0j", "0j"], ["0j", "0j", "0j"], ["0j", "0j", "0j"], ["0j", "0j", "0j"], ["0j", "0j", "0j"], ["0j", "0j", "0j"], ["0j", "0j", "0j"], ["0j", "0j", "0j"], ["0j", "0j", "0j"], ["0j", "0j", "0j"], ["0j", "0j", "0j"], ["0j", "0j", "0j"], ["0j", "0j", "0j"], ["0j", "0j", "0j"], ["0j", "0j", "0j"], ["(0.023975475326879596+0j)", "(0.0581830990116888+0j)", "(-0.060416409864458676+0j)"], ["0j", "0j", "0j"], ["0j", "0j", "0j"], ["0j", "0j", "0j"], ["(0.000784108655495634+0j)", "(-0.04458341688797236+0j)", "(-0.042624213969784185+0j)"], ["0j", "0j", "0j"], ["(0.0005421491900784442+0j)", "(0.0013156744371226432+0j)", "(-0.0013661755284884616+0j)"], ["(1.773077975363339e-05+0j)", "(-0.0010081494955656973+0j)", "(-0.0009638467127922801+0j)"], ["0j", "0j", "0j"], ["0j", "0j", "0j"], ["0j", "0j", "0j"], ["0j", "0j", "0j"], ["0j", "0j", "0j"], ["0j", "0j", "0j"], ["0j", "0j", "0j"], ["0j", "0j", "0j"], ["(0.0007841086554956062+0j)", "(-0.044583416887970045+0j)", "(-0.042624213969782+0j)"], ["0j", "0j", "0j"], ["0j", "0j", "0j"], ["0j", "0j", "0j"], ["(0.08387005388544277+0j)", "(-0.015798856770250242+0j)", "(0.018067905099102315+0j)"], ["0j", "0j", "0j"], ["(1.7730779753705826e-05+0j)", "(-0.0010081494955657508+0j)", "(-0.0009638467127923437+0j)"], ["(0.0018965247264503063+0j)", "(-0.00035725412261392443+0j)", "(0.0004085633332537206+0j)"], ["0j", "0j", "0j"], ["0j", "0j", "0j"], ["0j", "0j", "0j"], ["0j", "0j", "0j"], ["0j", "0j", "0j"], ["0j", "0j", "0j"], ["(0.0011028189579139842+0j)", "(0.0026762941608229375+0j)", "(-0.002779021531762071+0j)"], ["(3.606726784582406e-05+0j)", "(-0.0020507387938003803+0j)", "(-0.001960619782972945+0j)"], ["0j", "0j", "0j"], ["0j", "0j", "0j"], ["(3.606726784584753e-05+0j)", "(-0.0020507387938005824+0j)", "(-0.001960619782973085+0j)"], ["(0.003857837401139692+0j)", "(-0.0007267125478036316+0j)", "(0.0008310837637801451+0j)"], ["0j", "0j", "0j"], ["0j", "0j", "0j"], ["0j", "0j", "0j"], ["0j", "0j", "0j"], ["0j", "0j", "0j"], ["0j", "0j", "0j"], ["0j", "0j", "0j"], ["0j", "0j", "0j"], ["0j", "0j", "0j"], ["0j", "0j", "0j"], ["0j", "0j", "0j"], ["0j", "0j", "0j"], ["(-0.0067378675359078275+0j)", "(-0.016351292669883034+0j)", "(0.016978923717330875+0j)"], ["0j", "0j", "0j"], ["0j", "0j", "0j"], ["0j", "0j", "0j"], ["(-0.00022035935398389054+0j)", "(0.012529351480782911+0j)", "(0.01197875344012941+0j)"], ["0j", "0j", "0j"], ["(-0.0005607100414021393+0j)", "(-0.0013607174586095195+0j)", "(0.0014129474896578112+0j)"], ["(-1.8337805223502304e-05+0j)", "(0.0010426641886459565+0j)", "(0.0009968446695584464+0j)"], ["0j", "0j", "0j"], ["0j", "0j", "0j"], ["0j", "0j", "0j"], ["0j", "0j", "0j"], ["(-0.017500200925017+0j)", "(-0.0424690609576012+0j)", "(0.044099201262168077+0j)"], ["0j", "0j", "0j"], ["0j", "0j", "0j"], ["(-0.007060370347034823+0j)", "(-0.017133934629448747+0j)", "(0.017791606750882333+0j)"], ["0j", "0j", "0j"], ["0j", "0j", "0j"], ["(0.009713106363680644+0j)", "(0.02357152972210326+0j)", "(-0.02447630368634649+0j)"], ["(8.675670630251433e-05+0j)", "(-0.004932875536831099+0j)", "(-0.00471610201830287+0j)"], ["0j", "0j", "0j"], ["(0.0023755163461736378+0j)", "(0.005764845154846498+0j)", "(-0.005986124039394571+0j)"], ["0j", "0j", "0j"], ["0j", "0j", "0j"], ["0j", "0j", "0j"], ["0j", "0j", "0j"], ["0j", "0j", "0j"], ["0j", "0j", "0j"], ["(-0.0005723373084843117+0j)", "(0.03254236851723864+0j)", "(0.031112305327511993+0j)"], ["0j", "0j", "0j"], ["(0.0027088116811646856+0j)", "(0.0065736781482086315+0j)", "(-0.0068260034282364304+0j)"], ["(-0.0001423160445533899+0j)", "(0.008091908563557676+0j)", "(0.007736312425395938+0j)"], ["0j", "0j", "0j"], ["0j", "0j", "0j"], ["(0.0004062540293373998+0j)", "(-0.023099085344124536+0j)", "(-0.02208400398489645+0j)"], ["(0.018755552838637623+0j)", "(-0.0035330404502807618+0j)", "(0.004040459413947317+0j)"], ["0j", "0j", "0j"], ["(7.769034410838433e-05+0j)", "(-0.004417373759714559+0j)", "(-0.004223253789446037+0j)"], ["0j", "0j", "0j"], ["0j", "0j", "0j"], ["0j", "0j", "0j"], ["0j", "0j", "0j"], ["(0.0012811325529248827+0j)", "(0.0031090212459878564+0j)", "(-0.0032283584935407996+0j)"], ["(4.1898945063435276e-05+0j)", "(-0.002382320513652593+0j)", "(-0.0022776302582124095+0j)"], ["0j", "0j", "0j"], ["(0.001244452285434726+0j)", "(0.0030200064670915885+0j)", "(-0.003135926954878528+0j)"], ["0j", "0j", "0j"], ["0j", "0j", "0j"], ["0j", "0j", "0j"], ["(4.0699331089259664e-05+0j)", "(-0.0023141119949571277+0j)", "(-0.00221241913940696+0j)"], ["0j", "0j", "0j"], ["0j", "0j", "0j"], ["0j", "0j", "0j"], ["0j", "0j", "0j"], ["0j", "0j", "0j"], ["0j", "0j", "0j"], ["0j", "0j", "0j"], ["0j", "0j", "0j"], ["0j", "0j", "0j"], ["0j", "0j", "0j"], ["0j", "0j", "0j"], ["0j", "0j", "0j"], ["0j", "0j", "0j"], ["0j", "0j", "0j"], ["(-0.00022035935398392106+0j)", "(0.01252935148078229+0j)", "(0.011978753440128841+0j)"], ["0j", "0j", "0j"], ["0j", "0j", "0j"], ["0j", "0j", "0j"], ["(-0.023570140137159582+0j)", "(0.0044399788819778465+0j)", "(-0.005077653291512424+0j)"], ["0j", "0j", "0j"], ["(-1.8337805223564066e-05+0j)", "(0.0010426641886459107+0j)", "(0.000996844669558372+0j)"], ["(-0.001961453558077323+0j)", "(0.00036948496382140073+0j)", "(-0.0004225507806641417+0j)"], ["0j", "0j", "0j"], ["0j", "0j", "0j"], ["0j", "0j", "0j"], ["0j", "0j", "0j"], ["(-0.0005723373084843431+0j)", "(0.03254236851723995+0j)", "(0.031112305327513187+0j)"], ["0j", "0j", "0j"], ["(-0.0053615476978105675+0j)", "(-0.013011273240863189+0j)", "(0.013510700363700638+0j)"], ["(-0.00040625402933744316+0j)", "(0.02309908534412499+0j)", "(0.022084003984896884+0j)"], ["0j", "0j", "0j"], ["0j", "0j", "0j"], ["(0.0001423160445534004+0j)", "(-0.00809190856355796+0j)", "(-0.007736312425396206+0j)"], ["(-0.0094758572485981+0j)", "(0.001784996008830793+0j)", "(-0.00204135900203623+0j)"], ["0j", "0j", "0j"], ["(7.769034410837515e-05+0j)", "(-0.004417373759715039+0j)", "(-0.004223253789446493+0j)"], ["0j", "0j", "0j"], ["0j", "0j", "0j"], ["0j", "0j", "0j"], ["0j", "0j", "0j"], ["0j", "0j", "0j"], ["0j", "0j", "0j"], ["(-0.061218506602107925+0j)", "(0.011531916013984992+0j)", "(-0.01318814184984852+0j)"], ["0j", "0j", "0j"], ["(-8.675670630247777e-05+0j)", "(0.004932875536830923+0j)", "(0.0047161020183027185+0j)"], ["(-0.03397800222978771+0j)", "(0.006400539473849464+0j)", "(-0.0073197916455786435+0j)"], ["0j", "0j", "0j"], ["0j", "0j", "0j"], ["(0.02469830663974816+0j)", "(-0.004652495032399507+0j)", "(0.005320691233667563+0j)"], ["0j", "0j", "0j"], ["0j", "0j", "0j"], ["(0.008309936768426045+0j)", "(-0.00156536802698998+0j)", "(0.0017901878197972994+0j)"], ["0j", "0j", "0j"], ["0j", "0j", "0j"], ["0j", "0j", "0j"], ["0j", "0j", "0j"], ["(4.189894506342706e-05+0j)", "(-0.0023823205136527153+0j)", "(-0.0022776302582125448+0j)"], ["(0.004481606924711964+0j)", 