{"geometry": [["H", [0.0, 0.0, 0.0]], ["H", [0.9009, 0.0, 0.0]], ["H", [1.1914, 0.713, 0.0]], ["H", [0.4247, -0.0021, -0.645]]], "multiplicity": 1, "canonical_orbitals": [[0.30421246078617525, 0.5923363403198364, 1.1332347187964815, 0.3187317032392124], [0.3799958896612045, -0.4262191219822188, 0.03876771944799873, -1.4915273313425965], [0.17737759239134654, -0.7423690409675103, 0.16623475298457766, 1.047840139107314], [0.3586095621957599, 0.449047679313635, -1.2243805904604272, 0.45594434478634543]], "canonical_to_oao": [[0.49880998079804384, 0.5636760721246881, 0.36593979432919077, 0.5473079167129318], [0.5023206190121184, -0.33603968795619077, -0.7094135266839856, 0.3626069111191587], [0.6864074750321518, 0.019216928943715877, 0.1095975674558293, -0.718654201316407], [0.1664553303187475, -0.7543058553891525, 0.5922912191581653, 0.22914277479826764]], "orbital_energies": [-0.8508021914458856, -0.2719284733669562, 0.5456415022652006, 0.7652404846771279], "exact_energy": -1.902695643408939, "ground_states": [["0j"], ["0j"], ["0j"], ["0j"], ["0j"], ["0j"], ["0j"], ["0j"], ["0j"], ["0j"], ["0j"], ["0j"], ["0j"], ["0j"], ["0j"], ["(-0.014500546187863369+0j)"], ["0j"], ["0j"], ["0j"], ["0j"], ["0j"], ["0j"], ["0j"], ["0j"], ["0j"], ["0j"], ["0j"], ["(0.0004898192503038357+0j)"], ["0j"], ["0j"], ["(-0.003937401769028431+0j)"], ["0j"], ["0j"], ["0j"], ["0j"], ["0j"], ["0j"], ["0j"], ["0j"], ["(-0.0004898192503037671+0j)"], ["0j"], ["0j"], ["0j"], ["0j"], ["0j"], ["(0.003937401769028379+0j)"], ["0j"], ["0j"], ["0j"], ["0j"], ["0j"], ["(0.04112586900742957+0j)"], ["0j"], ["0j"], ["(0.00513768047335074+0j)"], ["0j"], ["0j"], ["(-0.0051376804733507375+0j)"], ["0j"], ["0j"], ["(0.06014000018879894+0j)"], ["0j"], ["0j"], ["0j"], ["0j"], ["0j"], ["0j"], ["0j"], ["0j"], ["0j"], ["0j"], ["0j"], ["0j"], ["0j"], ["0j"], ["(0.0005036258332657058+0j)"], ["0j"], ["0j"], ["(-0.0027486040224416136+0j)"], ["0j"], ["0j"], ["0j"], ["0j"], ["0j"], ["0j"], ["0j"], ["0j"], ["0j"], ["0j"], ["0j"], ["(0.004679782899403362+0j)"], ["0j"], ["0j"], ["0j"], ["0j"], ["0j"], ["0j"], ["0j"], ["0j"], ["(-0.039834021682487356+0j)"], ["0j"], ["0j"], ["(0.0015825270636594935+0j)"], ["0j"], ["0j"], ["(-0.006262309963062845+0j)"], ["0j"], ["0j"], ["(0.065700255789283+0j)"], ["0j"], ["0j"], ["0j"], ["0j"], ["0j"], ["(-0.0006233949575144064+0j)"], ["0j"], ["0j"], ["0j"], ["0j"], ["0j"], ["(-0.0030534008605661647+0j)"], ["0j"], ["0j"], ["0j"], ["0j"], ["0j"], ["0j"], ["0j"], ["0j"], ["0j"], ["0j"], ["0j"], ["0j"], ["0j"], ["0j"], ["(-0.0005036258332657081+0j)"], ["0j"], ["0j"], ["0j"], ["0j"], ["0j"], ["(0.0027486040224416228+0j)"], ["0j"], ["0j"], ["0j"], ["0j"], ["0j"], ["(0.03983402168248737+0j)"], ["0j"], ["0j"], ["(-0.006262309963062846+0j)"], ["0j"], ["0j"], ["(0.001582527063659488+0j)"], ["0j"], ["0j"], ["(-0.06570025578928308+0j)"], ["0j"], ["0j"], ["0j"], ["0j"], ["0j"], ["0j"], ["0j"], ["0j"], ["(0.004679782899403368+0j)"], ["0j"], ["0j"], ["0j"], ["0j"], ["0j"], ["0j"], ["0j"], ["0j"], ["0j"], ["0j"], ["0j"], ["(0.0006233949575143961+0j)"], ["0j"], ["0j"], ["(0.0030534008605661573+0j)"], ["0j"], ["0j"], ["0j"], ["0j"], ["0j"], ["0j"], ["0j"], ["0j"], ["0j"], ["0j"], ["0j"], ["0j"], ["0j"], ["0j"], ["(0.08617434030717908+0j)"], ["0j"], ["0j"], ["(-0.02247580847185769+0j)"], ["0j"], ["0j"], ["(0.022475808471857702+0j)"], ["0j"], ["0j"], ["(0.08607350565239148+0j)"], ["0j"], ["0j"], ["0j"], ["0j"], ["0j"], ["(0.01751915674589046+0j)"], ["0j"], ["0j"], ["0j"], ["0j"], ["0j"], ["(-0.0019790561777683667+0j)"], ["0j"], ["0j"], ["0j"], ["0j"], ["0j"], ["0j"], ["0j"], ["0j"], ["(-0.017519156745890458+0j)"], ["0j"], ["0j"], ["(0.001979056177768387+0j)"], ["0j"], ["0j"], ["0j"], ["0j"], ["0j"], ["0j"], ["0j"], ["0j"], ["0j"], ["0j"], ["0j"], ["(-0.9828335599135838+0j)"], ["0j"], ["0j"], ["0j"], ["0j"], ["0j"], ["0j"], ["0j"], ["0j"], ["0j"], ["0j"], ["0j"], ["0j"], ["0j"], ["0j"], ["0j"]], "hf_energy": -1.856723817161981}