{"geometry": [["H", [0.0, 0.0, 0.0]], ["H", [1.0283, 0.0, 0.0]], ["H", [-0.0801, -0.4533, 0.0]], ["H", [0.2857, 0.1277, -0.709]]], "multiplicity": 1, "canonical_orbitals": [[0.4641981685795648, 0.3555252952360583, 0.037453929633308236, 2.0120513144229433], [0.12542520001315027, -0.7750514140080689, 0.8693937324961053, -0.1245948458982439], [0.3303178134666938, 0.6377510290703129, 0.3126210193325021, -1.6664557606395856], [0.2440825181148576, -0.5865176342291558, -1.083234590444349, -0.4777881146746601]], "canonical_to_oao": [[0.6255656274078235, 0.3101564537774911, 0.5575139930771372, 0.4490531900668464], [0.24980267147033774, -0.6940925633419404, 0.484540574383753, -0.4701644080697333], [0.027497339317247363, 0.647556429515288, 0.20060484210791552, -0.7346238930546314], [0.7385866011935305, -0.0520495752816464, -0.6435497468120907, -0.1939700946756583]], "orbital_energies": [-0.9052714405679447, -0.22717673163150504, 0.3711609295526827, 1.1200564693416974], "exact_energy": -1.6509619694965336, "ground_states": [["0j"], ["0j"], ["0j"], ["0j"], ["0j"], ["0j"], ["0j"], ["0j"], ["0j"], ["0j"], ["0j"], ["0j"], ["0j"], ["0j"], ["0j"], ["(-0.018251035691656325+0j)"], ["0j"], ["0j"], ["0j"], ["0j"], ["0j"], ["0j"], ["0j"], ["0j"], ["0j"], ["0j"], ["0j"], ["(-0.00269056968314052+0j)"], ["0j"], ["0j"], ["(-0.0030119232331910772+0j)"], ["0j"], ["0j"], ["0j"], ["0j"], ["0j"], ["0j"], ["0j"], ["0j"], ["(0.002690569683140615+0j)"], ["0j"], ["0j"], ["0j"], ["0j"], ["0j"], ["(0.0030119232331910907+0j)"], ["0j"], ["0j"], ["0j"], ["0j"], ["0j"], ["(0.04216184761161617+0j)"], ["0j"], ["0j"], ["(-0.00012684149115396533+0j)"], ["0j"], ["0j"], ["(0.000126841491153962+0j)"], ["0j"], ["0j"], ["(0.03495225599848837+0j)"], ["0j"], ["0j"], ["0j"], ["0j"], ["0j"], ["0j"], ["0j"], ["0j"], ["0j"], ["0j"], ["0j"], ["0j"], ["0j"], ["0j"], ["(-0.0007186724633342069+0j)"], ["0j"], ["0j"], ["(0.0007551628782965025+0j)"], ["0j"], ["0j"], ["0j"], ["0j"], ["0j"], ["0j"], ["0j"], ["0j"], ["0j"], ["0j"], ["0j"], ["(0.008165367078708633+0j)"], ["0j"], ["0j"], ["0j"], ["0j"], ["0j"], ["0j"], ["0j"], ["0j"], ["(0.02806438692625511+0j)"], ["0j"], ["0j"], ["(0.009009991276513451+0j)"], ["0j"], ["0j"], ["(-0.017175358355222083+0j)"], ["0j"], ["0j"], ["(-0.07995924025263276+0j)"], ["0j"], ["0j"], ["0j"], ["0j"], ["0j"], ["(-3.342938034444489e-05+0j)"], ["0j"], ["0j"], ["0j"], ["0j"], ["0j"], ["(-0.0024314069227255298+0j)"], ["0j"], ["0j"], ["0j"], ["0j"], ["0j"], ["0j"], ["0j"], ["0j"], ["0j"], ["0j"], ["0j"], ["0j"], ["0j"], ["0j"], ["(0.0007186724633342157+0j)"], ["0j"], ["0j"], ["0j"], ["0j"], ["0j"], ["(-0.0007551628782964855+0j)"], ["0j"], ["0j"], ["0j"], ["0j"], ["0j"], ["(-0.02806438692625511+0j)"], ["0j"], ["0j"], ["(-0.01717535835522211+0j)"], ["0j"], ["0j"], ["(0.009009991276513455+0j)"], ["0j"], ["0j"], ["(0.0799592402526325+0j)"], ["0j"], ["0j"], ["0j"], ["0j"], ["0j"], ["0j"], ["0j"], ["0j"], ["(0.008165367078708623+0j)"], ["0j"], ["0j"], ["0j"], ["0j"], ["0j"], ["0j"], ["0j"], ["0j"], ["0j"], ["0j"], ["0j"], ["(3.342938034442999e-05+0j)"], ["0j"], ["0j"], ["(0.002431406922725455+0j)"], ["0j"], ["0j"], ["0j"], ["0j"], ["0j"], ["0j"], ["0j"], ["0j"], ["0j"], ["0j"], ["0j"], ["0j"], ["0j"], ["0j"], ["(0.028062500038592345+0j)"], ["0j"], ["0j"], ["(0.010638003973923543+0j)"], ["0j"], ["0j"], ["(-0.010638003973923532+0j)"], ["0j"], ["0j"], ["(0.27494006609196875+0j)"], ["0j"], ["0j"], ["0j"], ["0j"], ["0j"], ["(0.009796105970807758+0j)"], ["0j"], ["0j"], ["0j"], ["0j"], ["0j"], ["(0.04559597278426892+0j)"], ["0j"], ["0j"], ["0j"], ["0j"], ["0j"], ["0j"], ["0j"], ["0j"], ["(-0.009796105970807772+0j)"], ["0j"], ["0j"], ["(-0.045595972784268315+0j)"], ["0j"], ["0j"], ["0j"], ["0j"], ["0j"], ["0j"], ["0j"], ["0j"], ["0j"], ["0j"], ["0j"], ["(-0.9489032100324061+0j)"], ["0j"], ["0j"], ["0j"], ["0j"], ["0j"], ["0j"], ["0j"], ["0j"], ["0j"], ["0j"], ["0j"], ["0j"], ["0j"], ["0j"], ["0j"]], "hf_energy": -1.579889091165341}