{"geometry": [["H", [0.0, 0.0, 0.0]], ["H", [0.4933, 0.0, 0.0]], ["H", [0.149, 0.7944, 0.0]], ["H", [-0.3015, -0.1067, -0.7499]]], "multiplicity": 1, "canonical_orbitals": [[0.4578259686552949, 0.27953728059449867, 0.24795257846501773, 1.9827933713368742], [0.3845780321759651, -0.2896130121375206, 0.9202667431531079, -1.4468995764611532], [0.20345649884108408, -0.754963655182292, -1.0062130695174725, -0.17645267078070104], [0.09440425986867618, 0.9062242066553856, -0.5450054451309023, -0.7044993120143664]], "canonical_to_oao": [[0.6179169954240602, 0.5883771078413114, 0.420096822476706, 0.30904631607475586], [0.1633737057566125, -0.17408799427540997, -0.5731582959126648, 0.78389538226922], [0.15724209099600828, 0.5555039660631347, -0.6996342451568633, -0.42095390663481747], [0.7528363327129353, -0.5611783075864473, -0.07429771581448288, -0.3358514741169098]], "orbital_energies": [-0.963138598904136, -0.1451736476352453, 0.3493039911472827, 1.0332731476465695], "exact_energy": -1.5634975441019492, "ground_states": [["0j"], ["0j"], ["0j"], ["0j"], ["0j"], ["0j"], ["0j"], ["0j"], ["0j"], ["0j"], ["0j"], ["0j"], ["0j"], ["0j"], ["0j"], ["(0.019601412425232844+0j)"], ["0j"], ["0j"], ["0j"], ["0j"], ["0j"], ["0j"], ["0j"], ["0j"], ["0j"], ["0j"], ["0j"], ["(0.005628362269071008+0j)"], ["0j"], ["0j"], ["(0.0001440023786047906+0j)"], ["0j"], ["0j"], ["0j"], ["0j"], ["0j"], ["0j"], ["0j"], ["0j"], ["(-0.005628362269070661+0j)"], ["0j"], ["0j"], ["0j"], ["0j"], ["0j"], ["(-0.00014400237860470125+0j)"], ["0j"], ["0j"], ["0j"], ["0j"], ["0j"], ["(-0.041810868401683195+0j)"], ["0j"], ["0j"], ["(-0.011528549859634248+0j)"], ["0j"], ["0j"], ["(0.011528549859634356+0j)"], ["0j"], ["0j"], ["(-0.04008794100735063+0j)"], ["0j"], ["0j"], ["0j"], ["0j"], ["0j"], ["0j"], ["0j"], ["0j"], ["0j"], ["0j"], ["0j"], ["0j"], ["0j"], ["0j"], ["(0.009130019581064575+0j)"], ["0j"], ["0j"], ["(0.002341228532536741+0j)"], ["0j"], ["0j"], ["0j"], ["0j"], ["0j"], ["0j"], ["0j"], ["0j"], ["0j"], ["0j"], ["0j"], ["(0.01669560989585451+0j)"], ["0j"], ["0j"], ["0j"], ["0j"], ["0j"], ["0j"], ["0j"], ["0j"], ["(-0.01171491089379179+0j)"], ["0j"], ["0j"], ["(0.007354194664562292+0j)"], ["0j"], ["0j"], ["(-0.024049804560416912+0j)"], ["0j"], ["0j"], ["(0.05165550841367125+0j)"], ["0j"], ["0j"], ["0j"], ["0j"], ["0j"], ["(-0.0025990052131555294+0j)"], ["0j"], ["0j"], ["0j"], ["0j"], ["0j"], ["(-0.032696852790663505+0j)"], ["0j"], ["0j"], ["0j"], ["0j"], ["0j"], ["0j"], ["0j"], ["0j"], ["0j"], ["0j"], ["0j"], ["0j"], ["0j"], ["0j"], ["(-0.009130019581064658+0j)"], ["0j"], ["0j"], ["0j"], ["0j"], ["0j"], ["(-0.0023412285325365824+0j)"], ["0j"], ["0j"], ["0j"], ["0j"], ["0j"], ["(0.011714910893791999+0j)"], ["0j"], ["0j"], ["(-0.02404980456041649+0j)"], ["0j"], ["0j"], ["(0.007354194664562158+0j)"], ["0j"], ["0j"], ["(-0.05165550841367149+0j)"], ["0j"], ["0j"], ["0j"], ["0j"], ["0j"], ["0j"], ["0j"], ["0j"], ["(0.016695609895854457+0j)"], ["0j"], ["0j"], ["0j"], ["0j"], ["0j"], ["0j"], ["0j"], ["0j"], ["0j"], ["0j"], ["0j"], ["(0.0025990052131553546+0j)"], ["0j"], ["0j"], ["(0.032696852790663894+0j)"], ["0j"], ["0j"], ["0j"], ["0j"], ["0j"], ["0j"], ["0j"], ["0j"], ["0j"], ["0j"], ["0j"], ["0j"], ["0j"], ["0j"], ["(-0.013259664395284799+0j)"], ["0j"], ["0j"], ["(0.06841319900732623+0j)"], ["0j"], ["0j"], ["(-0.06841319900732686+0j)"], ["0j"], ["0j"], ["(-0.3589926528520681+0j)"], ["0j"], ["0j"], ["0j"], ["0j"], ["0j"], ["(0.0012341560326224424+0j)"], ["0j"], ["0j"], ["0j"], ["0j"], ["0j"], ["(-0.10088809546870714+0j)"], ["0j"], ["0j"], ["0j"], ["0j"], ["0j"], ["0j"], ["0j"], ["0j"], ["(-0.001234156032622882+0j)"], ["0j"], ["0j"], ["(0.10088809546869897+0j)"], ["0j"], ["0j"], ["0j"], ["0j"], ["0j"], ["0j"], ["0j"], ["0j"], ["0j"], ["0j"], ["0j"], ["(0.9096133159952039+0j)"], ["0j"], ["0j"], ["0j"], ["0j"], ["0j"], ["0j"], ["0j"], ["0j"], ["0j"], ["0j"], ["0j"], ["0j"], ["0j"], ["0j"], ["0j"]], "hf_energy": -1.4870416919970009}