{"geometry": [["H", [0.0, 0.0, 0.0]], ["H", [0.7265, 0.0, 0.0]], ["H", [-0.5382, 0.1053, 0.0]], ["H", [-0.9647, -0.8196, 0.5432]]], "multiplicity": 1, "canonical_orbitals": [[0.5033314088996312, 0.25479511383313586, 0.2182165356318375, 2.100031265741195], [0.21944805478112145, 0.6276731611002414, -0.7124139008754279, -1.0716188782097136], [0.35695379649800113, -0.4323790719086862, 0.7426265958983087, -1.5454386284167756], [0.11206080466991769, -0.6914564778622133, -0.8274392815937082, 0.1685322834351145]], "canonical_to_oao": [[0.657644520072658, 0.4240268925245305, 0.5726358241750542, 0.2445262613825885], [0.16686751206208233, 0.6017571488949379, -0.33618157891828754, -0.7050003639488799], [0.14740187135186897, -0.5323422363098268, 0.5073472425240504, -0.6614251335305156], [0.7196746535474056, -0.41797281204699943, -0.5492439661667723, 0.07548633691165094]], "orbital_energies": [-0.8384276166134373, -0.2731744910833952, 0.29440736948859536, 1.4242931498889395], "exact_energy": -1.9124374768947534, "ground_states": [["0j"], ["0j"], ["0j"], ["0j"], ["0j"], ["0j"], ["0j"], ["0j"], ["0j"], ["0j"], ["0j"], ["0j"], ["0j"], ["0j"], ["0j"], ["(-0.014063624669149084+0j)"], ["0j"], ["0j"], ["0j"], ["0j"], ["0j"], ["0j"], ["0j"], ["0j"], ["0j"], ["0j"], ["0j"], ["(0.0004676135639929968+0j)"], ["0j"], ["0j"], ["(0.0011467628841668187+0j)"], ["0j"], ["0j"], ["0j"], ["0j"], ["0j"], ["0j"], ["0j"], ["0j"], ["(-0.00046761356399300374+0j)"], ["0j"], ["0j"], ["0j"], ["0j"], ["0j"], ["(-0.0011467628841668645+0j)"], ["0j"], ["0j"], ["0j"], ["0j"], ["0j"], ["(0.03470885721527837+0j)"], ["0j"], ["0j"], ["(0.0024641444216783456+0j)"], ["0j"], ["0j"], ["(-0.002464144421678348+0j)"], ["0j"], ["0j"], ["(0.03420465800618317+0j)"], ["0j"], ["0j"], ["0j"], ["0j"], ["0j"], ["0j"], ["0j"], ["0j"], ["0j"], ["0j"], ["0j"], ["0j"], ["0j"], ["0j"], ["(-0.0022731494783129035+0j)"], ["0j"], ["0j"], ["(0.00028116231419066654+0j)"], ["0j"], ["0j"], ["0j"], ["0j"], ["0j"], ["0j"], ["0j"], ["0j"], ["0j"], ["0j"], ["0j"], ["(-0.02582937375288834+0j)"], ["0j"], ["0j"], ["0j"], ["0j"], ["0j"], ["0j"], ["0j"], ["0j"], ["(0.005585920757894038+0j)"], ["0j"], ["0j"], ["(-0.017917985532423908+0j)"], ["0j"], ["0j"], ["(0.04374735928531228+0j)"], ["0j"], ["0j"], ["(-0.023030218864070737+0j)"], ["0j"], ["0j"], ["0j"], ["0j"], ["0j"], ["(-0.00017801615907851238+0j)"], ["0j"], ["0j"], ["0j"], ["0j"], ["0j"], ["(0.02491538602093785+0j)"], ["0j"], ["0j"], ["0j"], ["0j"], ["0j"], ["0j"], ["0j"], ["0j"], ["0j"], ["0j"], ["0j"], ["0j"], ["0j"], ["0j"], ["(0.0022731494783129083+0j)"], ["0j"], ["0j"], ["0j"], ["0j"], ["0j"], ["(-0.0002811623141906711+0j)"], ["0j"], ["0j"], ["0j"], ["0j"], ["0j"], ["(-0.005585920757894041+0j)"], ["0j"], ["0j"], ["(0.04374735928531228+0j)"], ["0j"], ["0j"], ["(-0.017917985532423904+0j)"], ["0j"], ["0j"], ["(0.02303021886407075+0j)"], ["0j"], ["0j"], ["0j"], ["0j"], ["0j"], ["0j"], ["0j"], ["0j"], ["(-0.025829373752888365+0j)"], ["0j"], ["0j"], ["0j"], ["0j"], ["0j"], ["0j"], ["0j"], ["0j"], ["0j"], ["0j"], ["0j"], ["(0.00017801615907850105+0j)"], ["0j"], ["0j"], ["(-0.024915386020937885+0j)"], ["0j"], ["0j"], ["0j"], ["0j"], ["0j"], ["0j"], ["0j"], ["0j"], ["0j"], ["0j"], ["0j"], ["0j"], ["0j"], ["0j"], ["(0.01249648757813988+0j)"], ["0j"], ["0j"], ["(-0.015190751369717977+0j)"], ["0j"], ["0j"], ["(0.015190751369717988+0j)"], ["0j"], ["0j"], ["(0.31089703168222027+0j)"], ["0j"], ["0j"], ["0j"], ["0j"], ["0j"], ["(-0.008396424951068801+0j)"], ["0j"], ["0j"], ["0j"], ["0j"], ["0j"], ["(-0.008341192763854977+0j)"], ["0j"], ["0j"], ["0j"], ["0j"], ["0j"], ["0j"], ["0j"], ["0j"], ["(0.008396424951068814+0j)"], ["0j"], ["0j"], ["(0.008341192763855101+0j)"], ["0j"], ["0j"], ["0j"], ["0j"], ["0j"], ["0j"], ["0j"], ["0j"], ["0j"], ["0j"], ["0j"], ["(-0.9442871195390394+0j)"], ["0j"], ["0j"], ["0j"], ["0j"], ["0j"], ["0j"], ["0j"], ["0j"], ["0j"], ["0j"], ["0j"], ["0j"], ["0j"], ["0j"], ["0j"]], "hf_energy": -1.8324893320032138}