{"geometry": [["H", [0.0, 0.0, 0.0]], ["H", [0.8291, 0.0, 0.0]], ["H", [0.3064, 0.2634, 0.0]], ["H", [-0.3491, 0.3057, 0.4876]]], "multiplicity": 1, "canonical_orbitals": [[0.38641445914463424, 0.3495381187709483, 1.266592543993403, 1.8278592251238286], [0.12762779325206702, -0.7894791268530894, -0.9755604871732939, 0.9826936754327951], [0.4685159630757114, -0.31433364423806487, 0.3852649848695134, -2.476309511222103], [0.11347590902156562, 0.7970166021348233, -1.1815844220623326, -0.10501697849535384]], "canonical_to_oao": [[0.5839235914514622, 0.39455446270400607, 0.6096971558878715, 0.36280765345982013], [0.21688346745484108, -0.6680735296468544, -0.18446892670831233, 0.6874667523662814], [0.5488908408570037, -0.5194050626781386, 0.18439595590102414, -0.6284388252924542], [0.5574169406418179, 0.35808227519645164, -0.748490964961283, -0.028717831515954164]], "orbital_energies": [-1.088108380170607, -0.2832878129248582, 0.7249464851904349, 1.2792161490478882], "exact_energy": -1.417477859533568, "ground_states": [["0j"], ["0j"], ["0j"], ["0j"], ["0j"], ["0j"], ["0j"], ["0j"], ["0j"], ["0j"], ["0j"], ["0j"], ["0j"], ["0j"], ["0j"], ["(-0.006162157227749384+0j)"], ["0j"], ["0j"], ["0j"], ["0j"], ["0j"], ["0j"], ["0j"], ["0j"], ["0j"], ["0j"], ["0j"], ["(-5.418969521317485e-05+0j)"], ["0j"], ["0j"], ["(-2.9552795580145563e-06+0j)"], ["0j"], ["0j"], ["0j"], ["0j"], ["0j"], ["0j"], ["0j"], ["0j"], ["(5.4189695213183116e-05+0j)"], ["0j"], ["0j"], ["0j"], ["0j"], ["0j"], ["(2.9552795580356237e-06+0j)"], ["0j"], ["0j"], ["0j"], ["0j"], ["0j"], ["(0.03662317046948217+0j)"], ["0j"], ["0j"], ["(-0.0035462234561007937+0j)"], ["0j"], ["0j"], ["(0.0035462234561007893+0j)"], ["0j"], ["0j"], ["(0.03389701263493685+0j)"], ["0j"], ["0j"], ["0j"], ["0j"], ["0j"], ["0j"], ["0j"], ["0j"], ["0j"], ["0j"], ["0j"], ["0j"], ["0j"], ["0j"], ["(-0.0020553322788276424+0j)"], ["0j"], ["0j"], ["(0.0007456337362560418+0j)"], ["0j"], ["0j"], ["0j"], ["0j"], ["0j"], ["0j"], ["0j"], ["0j"], ["0j"], ["0j"], ["0j"], ["(-0.009529691223954187+0j)"], ["0j"], ["0j"], ["0j"], ["0j"], ["0j"], ["0j"], ["0j"], ["0j"], ["(-0.0070586842806650545+0j)"], ["0j"], ["0j"], ["(-0.011889407891204407+0j)"], ["0j"], ["0j"], ["(0.021419099115158602+0j)"], ["0j"], ["0j"], ["(0.012695555264629932+0j)"], ["0j"], ["0j"], ["0j"], ["0j"], ["0j"], ["(-0.0011897655235133591+0j)"], ["0j"], ["0j"], ["0j"], ["0j"], ["0j"], ["(0.008833921471473997+0j)"], ["0j"], ["0j"], ["0j"], ["0j"], ["0j"], ["0j"], ["0j"], ["0j"], ["0j"], ["0j"], ["0j"], ["0j"], ["0j"], ["0j"], ["(0.002055332278827643+0j)"], ["0j"], ["0j"], ["0j"], ["0j"], ["0j"], ["(-0.0007456337362560435+0j)"], ["0j"], ["0j"], ["0j"], ["0j"], ["0j"], ["(0.0070586842806650545+0j)"], ["0j"], ["0j"], ["(0.021419099115158588+0j)"], ["0j"], ["0j"], ["(-0.01188940789120441+0j)"], ["0j"], ["0j"], ["(-0.012695555264629925+0j)"], ["0j"], ["0j"], ["0j"], ["0j"], ["0j"], ["0j"], ["0j"], ["0j"], ["(-0.009529691223954185+0j)"], ["0j"], ["0j"], ["0j"], ["0j"], ["0j"], ["0j"], ["0j"], ["0j"], ["0j"], ["0j"], ["0j"], ["(0.0011897655235133552+0j)"], ["0j"], ["0j"], ["(-0.008833921471473969+0j)"], ["0j"], ["0j"], ["0j"], ["0j"], ["0j"], ["0j"], ["0j"], ["0j"], ["0j"], ["0j"], ["0j"], ["0j"], ["0j"], ["0j"], ["(0.016010169832143473+0j)"], ["0j"], ["0j"], ["(0.020846839447612106+0j)"], ["0j"], ["0j"], ["(-0.020846839447612116+0j)"], ["0j"], ["0j"], ["(0.12416563767553526+0j)"], ["0j"], ["0j"], ["0j"], ["0j"], ["0j"], ["(-0.0005842573492096805+0j)"], ["0j"], ["0j"], ["0j"], ["0j"], ["0j"], ["(0.0008213717558622162+0j)"], ["0j"], ["0j"], ["0j"], ["0j"], ["0j"], ["0j"], ["0j"], ["0j"], ["(0.0005842573492097007+0j)"], ["0j"], ["0j"], ["(-0.0008213717558622105+0j)"], ["0j"], ["0j"], ["0j"], ["0j"], ["0j"], ["0j"], ["0j"], ["0j"], ["0j"], ["0j"], ["0j"], ["(-0.989408706127872+0j)"], ["0j"], ["0j"], ["0j"], ["0j"], ["0j"], ["0j"], ["0j"], ["0j"], ["0j"], ["0j"], ["0j"], ["0j"], ["0j"], ["0j"], ["0j"]], "hf_energy": -1.3835430506511401}