{"geometry": [["H", [0.0, 0.0, 0.0]], ["H", [1.2639, 0.0, 0.0]], ["H", [0.7036, -1.0129, 0.0]], ["H", [0.1549, -0.731, -0.4081]]], "multiplicity": 3, "canonical_orbitals": [[0.2483858837049156, 0.08782873612091757, 1.004106021397273, 0.7453114028001913], [0.10790610873594372, -1.0617140962453187, -0.014485958331067793, -0.38165097290942895], [0.401173881364163, 0.11483378004724189, -0.7463295470695773, 1.1091883124575228], [0.4699477201014548, 0.4078166742539444, -0.08190855647118894, -1.4008588082559497]], "canonical_to_oao": [[0.4380368029509485, 0.26738207234530215, 0.5767031002434041, 0.635644649799312], [0.046614956678337434, -0.9455809748550956, 0.05287553845959583, 0.3176599490627867], [0.8141470453408749, -0.0035737810080170764, -0.5796735434041246, -0.033621417717518046], [0.37830595242093457, -0.18539329941970922, 0.5732331939791694, -0.7027927405811769]], "orbital_energies": [-0.7433182357473653, 0.00196782616667831, 0.05526802854745191, 0.8586961768526886], "exact_energy": -1.8691908503126262, "ground_states": [["0j", "0j", "0j"], ["0j", "0j", "0j"], ["0j", "0j", "0j"], ["0j", "0j", "0j"], ["0j", "0j", "0j"], ["0j", "0j", "0j"], ["0j", "0j", "0j"], ["0j", "0j", "0j"], ["0j", "0j", "0j"], ["0j", "0j", "0j"], ["0j", "0j", "0j"], ["0j", "0j", "0j"], ["0j", "0j", "0j"], ["0j", "0j", "0j"], ["0j", "0j", "0j"], ["0j", "0j", "0j"], ["0j", "0j", "0j"], ["0j", "0j", "0j"], ["0j", "0j", "0j"], ["0j", "0j", "0j"], ["0j", "0j", "0j"], ["0j", "0j", "0j"], ["0j", "0j", "0j"], ["(0.000411184099434332+0j)", "(-0.00010326284085484399+0j)", "(-0.06095735618907314+0j)"], ["0j", "0j", "0j"], ["0j", "0j", "0j"], ["0j", "0j", "0j"], ["(-0.0027340566471240387+0j)", "(0.043017509231200346+0j)", "(-9.131483348236695e-05+0j)"], ["0j", "0j", "0j"], ["(7.172742053749395e-05+0j)", "(-1.8013287046114463e-05+0j)", "(-0.010633470331774253+0j)"], ["(-0.00047693194160744744+0j)", "(0.00750402308684194+0j)", "(-1.5929063092427105e-05+0j)"], ["0j", "0j", "0j"], ["0j", "0j", "0j"], ["0j", "0j", "0j"], ["0j", "0j", "0j"], ["0j", "0j", "0j"], ["0j", "0j", "0j"], ["0j", "0j", "0j"], ["0j", "0j", "0j"], ["(-0.0027340566470721193+0j)", "(0.04301750923038601+0j)", "(-9.131483348172075e-05+0j)"], ["0j", "0j", "0j"], ["0j", "0j", "0j"], ["0j", "0j", "0j"], ["(0.06083469244827947+0j)", "(0.0038673175564476196+0j)", "(0.00040380537428501084+0j)"], ["0j", "0j", "0j"], ["(-0.0004769319416008853+0j)", "(0.00750402308673718+0j)", "(-1.5929063092321423e-05+0j)"], ["(0.010612072729744536+0j)", "(0.0006746192596097413+0j)", "(7.044026735591953e-05+0j)"], ["0j", "0j", "0j"], ["0j", "0j", "0j"], ["0j", "0j", "0j"], ["0j", "0j", "0j"], ["0j", "0j", "0j"], ["0j", "0j", "0j"], ["(-0.00013981329959371344+0j)", "(3.5112054491393635e-05+0j)", "(0.020727088219184106+0j)"], ["(0.0009296504452153243+0j)", "(-0.0146270731628442+0j)", "(3.1049420900542156e-05+0j)"], ["0j", "0j", "0j"], ["0j", "0j", "0j"], ["(0.0009296504452259535+0j)", "(-0.014627073163011166+0j)", "(3.1049420900633845e-05+0j)"], ["(-0.02068537935358234+0j)", "(-0.0013149886605229556+0j)", "(-0.0001373043409268531+0j)"], ["0j", "0j", "0j"], ["0j", "0j", "0j"], ["0j", "0j", "0j"], ["0j", "0j", "0j"], ["0j", "0j", "0j"], ["0j", "0j", "0j"], ["0j", "0j", "0j"], ["0j", "0j", "0j"], ["0j", "0j", "0j"], ["0j", "0j", "0j"], ["0j", "0j", "0j"], ["0j", "0j", "0j"], ["(-0.0001863982559004841+0j)", "(4.6811181320354215e-05+0j)", "(0.02763323020898713+0j)"], ["0j", "0j", "0j"], ["0j", "0j", "0j"], ["0j", "0j", "0j"], ["(0.0012394044206900604+0j)", "(-0.01950072657210938+0j)", "(4.139490248373555e-05+0j)"], ["0j", "0j", "0j"], ["(1.0324148065070462e-06+0j)", "(-2.5927579889222346e-07+0j)", "(-0.00015305377126036704+0j)"], ["(-6.8647609865358615e-06+0j)", "(0.0001080098027385415+0j)", "(-2.29276341783387e-07+0j)"], ["0j", "0j", "0j"], ["0j", "0j", "0j"], ["0j", "0j", "0j"], ["0j", "0j", "0j"], ["(-0.00010967118337319823+0j)", "(2.754230518788478e-05+0j)", "(0.016258569817637385+0j)"], ["0j", "0j", "0j"], ["0j", "0j", "0j"], ["(-0.00016784439564267788+0j)", "(4.215165211755132e-05+0j)", "(0.02488265140506359+0j)"], ["0j", "0j", "0j"], ["0j", "0j", "0j"], ["(0.0006759331795332533+0j)", "(-0.00016975067966554504+0j)", "(-0.10020596526349335+0j)"], ["(-0.00337839794591463+0j)", "(0.053155542690721334+0j)", "(-0.00011283520632009538+0j)"], ["0j", "0j", "0j"], ["(-6.50261327781224e-05+0j)", "(1.6330357155631063e-05+0j)", "(0.009640015610549967+0j)"], ["0j", "0j", "0j"], ["0j", "0j", "0j"], ["0j", "0j", "0j"], ["0j", "0j", "0j"], ["0j", "0j", "0j"], ["0j", "0j", "0j"], ["(0.0007292286552584143+0j)", "(-0.011473646839847978+0j)", "(2.4355528001298763e-05+0j)"], ["0j", "0j", "0j"], ["(-0.00036620396274664754+0j)", "(9.196674087725422e-05+0j)", "(0.054289126028242436+0j)"], ["(0.003551009064125221+0j)", "(-0.055871397308749744+0j)", "(0.00011860024982641895+0j)"], ["0j", "0j", "0j"], ["0j", "0j", "0j"], ["(-0.0020594600450263693+0j)", "(0.032403440357172686+0j)", "(-6.878396293533219e-05+0j)"], ["(0.020991860991802357+0j)", "(0.001334471981182878+0j)", "(0.00013933868888959833+0j)"], ["0j", "0j", "0j"], ["(0.00043237355432797903+0j)", "(-0.006802943671337384+0j)", "(1.444085628498403e-05+0j)"], ["0j", "0j", "0j"], ["0j", "0j", "0j"], ["0j", "0j", "0j"], ["0j", "0j", "0j"], ["(-1.1698280604643593e-05+0j)", "(2.937851171809889e-06+0j)", "(0.0017342505670768988+0j)"], ["(7.778452982654409e-05+0j)", "(-0.001223857864605254+0j)", "(2.5979276604794987e-06+0j)"], ["0j", "0j", "0j"], ["(2.1547317840010217e-05+0j)", "(-5.411292061203691e-06+0j)", "(-0.003194353892331507+0j)"], ["0j", "0j", "0j"], ["0j", "0j", "0j"], ["0j", "0j", "0j"], ["(-0.0001432730196765647+0j)", "(0.0022542504571018977+0j)", "(-4.785179541872489e-06+0j)"], ["0j", "0j", "0j"], ["0j", "0j", "0j"], ["0j", "0j", "0j"], ["0j", "0j", "0j"], ["0j", "0j", "0j"], ["0j", "0j", "0j"], ["0j", "0j", "0j"], ["0j", "0j", "0j"], ["0j", "0j", "0j"], ["0j", "0j", "0j"], ["0j", "0j", "0j"], ["0j", "0j", "0j"], ["0j", "0j", "0j"], ["0j", "0j", "0j"], ["(0.0012394044206689775+0j)", "(-0.019500726571779474+0j)", "(4.139490248350437e-05+0j)"], ["0j", "0j", "0j"], ["0j", "0j", "0j"], ["0j", "0j", "0j"], ["(-0.027577624198497918+0j)", "(-0.00175313502765943+0j)", "(-0.000183053327192059+0j)"], ["0j", "0j", "0j"], ["(-6.864760987982075e-06+0j)", "(0.00010800980275680705+0j)", "(-2.2927634183613345e-07+0j)"], ["(0.00015274578303221977+0j)", "(9.710190429513262e-06+0j)", "(1.0138880564047011e-06+0j)"], ["0j", "0j", "0j"], ["0j", "0j", "0j"], ["0j", "0j", "0j"], ["0j", "0j", "0j"], ["(0.0007292286552700155+0j)", "(-0.011473646840027324+0j)", "(2.4355528001417212e-05+0j)"], ["0j", "0j", "0j"], ["(-0.00014188482114385202+0j)", "(3.563228667074063e-05+0j)", "(0.021034187830187675+0j)"], ["(0.002059460045125882+0j)", "(-0.032403440358737684+0j)", "(6.878396293668666e-05+0j)"], ["0j", "0j", "0j"], ["0j", "0j", "0j"], ["(-0.0035510090641772993+0j)", "(0.055871397309564814+0j)", "(-0.00011860024982707756+0j)"], ["(0.05417988068527808+0j)", "(0.003444265029506887+0j)", "(0.0003596324090472825+0j)"], ["0j", "0j", "0j"], ["(0.00043237355433607883+0j)", "(-0.006802943671465525+0j)", "(1.4440856285069195e-05+0j)"], ["0j", "0j", "0j"], ["0j", "0j", "0j"], ["0j", "0j", "0j"], ["0j", "0j", "0j"], ["0j", "0j", "0j"], ["0j", "0j", "0j"], ["(-0.01622585289685101+0j)", "(-0.0010314924470059357+0j)", "(-0.00010770312692342459+0j)"], ["0j", "0j", "0j"], ["(0.003378397945866813+0j)", "(-0.05315554268997145+0j)", "(0.00011283520631948077+0j)"], ["(-0.10000432202767212+0j)", "(-0.006357367066942424+0j)", "(-0.0006638035150884568+0j)"], ["0j", "0j", "0j"], ["0j", "0j", "0j"], ["(0.02483258035059156+0j)", "(0.001578630056252647+0j)", "(0.0001648324171517536+0j)"], ["0j", "0j", "0j"], ["0j", "0j", "0j"], ["(-0.009620617125280262+0j)", "(-0.000611591511604815+0j)", "(-6.385923463714255e-05+0j)"], ["0j", "0j", "0j"], ["0j", "0j", "0j"], ["0j", "0j", "0j"], ["0j", "0j", "0j"], ["(7.778452982698575e-05+0j)", "(-0.0012238578646117308+0j)", 