{"geometry": [["H", [0.0, 0.0, 0.0]], ["H", [0.6998, 0.0, 0.0]], ["H", [-0.2506, 0.9655, 0.0]], ["H", [0.061, 0.425, 0.0341]]], "multiplicity": 1, "canonical_orbitals": [[0.3538405113428581, 0.3625384315647118, 1.2752066572329015, 1.6732490067955763], [0.16791445091929186, 0.7322147447663052, -1.180729864919691, 0.22424099676680204], [0.08673379216495342, -0.7947838740055431, -0.6258987725749929, 1.267686410050331], [0.4965905908233026, -0.36319246097833324, 0.12788688461155795, -2.678987611754769]], "canonical_to_oao": [[0.578431202849762, 0.4111033085423345, 0.34367775478992124, 0.6150585452929536], [0.22952237598784214, 0.6059475057892578, -0.7315469716596326, -0.21209933381388635], [0.6174853577145897, -0.6758357587803149, -0.3922085106132658, 0.09016842221335243], [0.48109110935326904, 0.08406971563625198, 0.43920053884382393, -0.7540467585590284]], "orbital_energies": [-1.0487593573713252, -0.27621268948421546, 0.5844545222354184, 1.5729600932843184], "exact_energy": -1.528506874339898, "ground_states": [["0j"], ["0j"], ["0j"], ["0j"], ["0j"], ["0j"], ["0j"], ["0j"], ["0j"], ["0j"], ["0j"], ["0j"], ["0j"], ["0j"], ["0j"], ["(-0.006250466655053268+0j)"], ["0j"], ["0j"], ["0j"], ["0j"], ["0j"], ["0j"], ["0j"], ["0j"], ["0j"], ["0j"], ["0j"], ["(0.000446030931397598+0j)"], ["0j"], ["0j"], ["(-0.00037843195319188505+0j)"], ["0j"], ["0j"], ["0j"], ["0j"], ["0j"], ["0j"], ["0j"], ["0j"], ["(-0.00044603093139758117+0j)"], ["0j"], ["0j"], ["0j"], ["0j"], ["0j"], ["(0.0003784319531919088+0j)"], ["0j"], ["0j"], ["0j"], ["0j"], ["0j"], ["(0.02955014646952437+0j)"], ["0j"], ["0j"], ["(-0.0062145778905622565+0j)"], ["0j"], ["0j"], ["(0.006214577890562259+0j)"], ["0j"], ["0j"], ["(0.0429208617814775+0j)"], ["0j"], ["0j"], ["0j"], ["0j"], ["0j"], ["0j"], ["0j"], ["0j"], ["0j"], ["0j"], ["0j"], ["0j"], ["0j"], ["0j"], ["(-0.0012065102395635292+0j)"], ["0j"], ["0j"], ["(0.0006791740232851024+0j)"], ["0j"], ["0j"], ["0j"], ["0j"], ["0j"], ["0j"], ["0j"], ["0j"], ["0j"], ["0j"], ["0j"], ["(-0.010937716623778598+0j)"], ["0j"], ["0j"], ["0j"], ["0j"], ["0j"], ["0j"], ["0j"], ["0j"], ["(-0.008821038473052477+0j)"], ["0j"], ["0j"], ["(-0.006159039586343896+0j)"], ["0j"], ["0j"], ["(0.017096756210122504+0j)"], ["0j"], ["0j"], ["(0.03337945618815434+0j)"], ["0j"], ["0j"], ["0j"], ["0j"], ["0j"], ["(-0.0012769970175343962+0j)"], ["0j"], ["0j"], ["0j"], ["0j"], ["0j"], ["(0.008913775205570856+0j)"], ["0j"], ["0j"], ["0j"], ["0j"], ["0j"], ["0j"], ["0j"], ["0j"], ["0j"], ["0j"], ["0j"], ["0j"], ["0j"], ["0j"], ["(0.0012065102395635299+0j)"], ["0j"], ["0j"], ["0j"], ["0j"], ["0j"], ["(-0.0006791740232851062+0j)"], ["0j"], ["0j"], ["0j"], ["0j"], ["0j"], ["(0.008821038473052475+0j)"], ["0j"], ["0j"], ["(0.01709675621012249+0j)"], ["0j"], ["0j"], ["(-0.006159039586343898+0j)"], ["0j"], ["0j"], ["(-0.03337945618815435+0j)"], ["0j"], ["0j"], ["0j"], ["0j"], ["0j"], ["0j"], ["0j"], ["0j"], ["(-0.010937716623778597+0j)"], ["0j"], ["0j"], ["0j"], ["0j"], ["0j"], ["0j"], ["0j"], ["0j"], ["0j"], ["0j"], ["0j"], ["(0.0012769970175344+0j)"], ["0j"], ["0j"], ["(-0.00891377520557086+0j)"], ["0j"], ["0j"], ["0j"], ["0j"], ["0j"], ["0j"], ["0j"], ["0j"], ["0j"], ["0j"], ["0j"], ["0j"], ["0j"], ["0j"], ["(0.025645740989959778+0j)"], ["0j"], ["0j"], ["(0.03297788977261237+0j)"], ["0j"], ["0j"], ["(-0.0329778897726124+0j)"], ["0j"], ["0j"], ["(0.12403823913301437+0j)"], ["0j"], ["0j"], ["0j"], ["0j"], ["0j"], ["(0.0008095978694366963+0j)"], ["0j"], ["0j"], ["0j"], ["0j"], ["0j"], ["(-0.008299657426117543+0j)"], ["0j"], ["0j"], ["0j"], ["0j"], ["0j"], ["0j"], ["0j"], ["0j"], ["(-0.0008095978694366945+0j)"], ["0j"], ["0j"], ["(0.008299657426117543+0j)"], ["0j"], ["0j"], ["0j"], ["0j"], ["0j"], ["0j"], ["0j"], ["0j"], ["0j"], ["0j"], ["0j"], ["(-0.987603415550607+0j)"], ["0j"], ["0j"], ["0j"], ["0j"], ["0j"], ["0j"], ["0j"], ["0j"], ["0j"], ["0j"], ["0j"], ["0j"], ["0j"], ["0j"], ["0j"]], "hf_energy": -1.4926125328135373}