{"geometry": [["H", [0.0, 0.0, 0.0]], ["H", [1.2288, 0.0, 0.0]], ["H", [0.4497, -0.1684, 0.0]], ["H", [0.2946, -0.4841, -0.7266]]], "multiplicity": 3, "canonical_orbitals": [[0.3638389853250719, 0.49835415811041966, 0.6719640895090586, 1.646325609948913], [0.10683970811548388, -1.0450173886922671, -0.12935520424017535, 0.8397467986061202], [0.5280780299029556, -0.033388504850031586, 0.2994213286923058, -2.2591379346824723], [0.12836392126790191, 0.3234142397733092, -1.1956376277439016, 0.26987161028564594]], "canonical_to_oao": [[0.5868413810190396, 0.32196677494846987, 0.6490457322946018, 0.361516564963646], [0.36760563512000166, -0.8887565083719053, -0.04219233175971193, 0.27055086951491697], [0.4223480294337224, -0.10268018863617158, 0.16246656530741316, -0.8858236483930116], [0.5848977967005321, 0.30968700895823975, -0.74200004022106, 0.10688528527961258]], "orbital_energies": [-0.9088585582580878, -0.021638413344682497, 0.1484928130079812, 1.381672142799431], "exact_energy": -1.596629609798126, "ground_states": [["0j", "0j", "0j"], ["0j", "0j", "0j"], ["0j", "0j", "0j"], ["0j", "0j", "0j"], ["0j", "0j", "0j"], ["0j", "0j", "0j"], ["0j", "0j", "0j"], ["0j", "0j", "0j"], ["0j", "0j", "0j"], ["0j", "0j", "0j"], ["0j", "0j", "0j"], ["0j", "0j", "0j"], ["0j", "0j", "0j"], ["0j", "0j", "0j"], ["0j", "0j", "0j"], ["0j", "0j", "0j"], ["0j", "0j", "0j"], ["0j", "0j", "0j"], ["0j", "0j", "0j"], ["0j", "0j", "0j"], ["0j", "0j", "0j"], ["0j", "0j", "0j"], ["0j", "0j", "0j"], ["(-0.04009205735735742+0j)", "(4.758924118925389e-05+0j)", "(0.01171182144460017+0j)"], ["0j", "0j", "0j"], ["0j", "0j", "0j"], ["0j", "0j", "0j"], ["(2.0743746853114127e-05+0j)", "(0.029534187201562537+0j)", "(-4.89975083840246e-05+0j)"], ["0j", "0j", "0j"], ["(0.0008183313504705813+0j)", "(-9.71358682443938e-07+0j)", "(-0.0002390536004127538+0j)"], ["(-4.234070160125353e-07+0j)", "(-0.0006028314057888115+0j)", "(1.0001032584810128e-06+0j)"], ["0j", "0j", "0j"], ["0j", "0j", "0j"], ["0j", "0j", "0j"], ["0j", "0j", "0j"], ["0j", "0j", "0j"], ["0j", "0j", "0j"], ["0j", "0j", "0j"], ["0j", "0j", "0j"], ["(2.074374685305581e-05+0j)", "(0.029534187201564612+0j)", "(-4.8997508384033234e-05+0j)"], ["0j", "0j", "0j"], ["0j", "0j", "0j"], ["0j", "0j", "0j"], ["(-0.011711881389427201+0j)", "(-5.8287064137131986e-05+0j)", "(-0.04009202572045796+0j)"], ["0j", "0j", "0j"], ["(-4.2340701594669545e-07+0j)", "(-0.000602831405789186+0j)", "(1.0001032586184295e-06+0j)"], ["(0.00023905482396510718+0j)", "(1.1897152468187677e-06+0j)", "(0.0008183307047202066+0j)"], ["0j", "0j", "0j"], ["0j", "0j", "0j"], ["0j", "0j", "0j"], ["0j", "0j", "0j"], ["0j", "0j", "0j"], ["0j", "0j", "0j"], ["(-0.012332956886341047+0j)", "(1.4639210320625966e-05+0j)", "(0.0036027432478536684+0j)"], ["(6.3811076921983515e-06+0j)", "(0.009085187476994928+0j)", "(-1.5072415791806339e-05+0j)"], ["0j", "0j", "0j"], ["0j", "0j", "0j"], ["(6.381107692372159e-06+0j)", "(0.009085187476994027+0j)", "(-1.5072415791773213e-05+0j)"], ["(-0.0036027616878394134+0j)", "(-1.793003144306521e-05+0j)", "(-0.012332947154325683+0j)"], ["0j", "0j", "0j"], ["0j", "0j", "0j"], ["0j", "0j", "0j"], ["0j", "0j", "0j"], ["0j", "0j", "0j"], ["0j", "0j", "0j"], ["0j", "0j", "0j"], ["0j", "0j", "0j"], ["0j", "0j", "0j"], ["0j", "0j", "0j"], ["0j", "0j", "0j"], ["0j", "0j", "0j"], ["(0.004626135468875038+0j)", "(-5.49121923677357e-06+0j)", "(-0.001351401653127052+0j)"], ["0j", "0j", "0j"], ["0j", "0j", "0j"], ["0j", "0j", "0j"], ["(-2.3935759200199554e-06+0j)", "(-0.0034078857500304347+0j)", "(5.653716131390728e-06+0j)"], ["0j", "0j", "0j"], ["(-0.01312748604707498+0j)", "(1.5582315822172167e-05+0j)", "(0.0038348436756292007+0j)"], ["(6.792199386242907e-06+0j)", "(0.009670484778179443+0j)", "(-1.6043429797575295e-05+0j)"], ["0j", "0j", "0j"], ["0j", "0j", "0j"], ["0j", "0j", "0j"], ["0j", "0j", "0j"], ["(-0.018296685329841827+0j)", "(2.1718151387565404e-05+0j)", "(0.0053448868862256815+0j)"], ["0j", "0j", "0j"], ["0j", "0j", "0j"], ["(0.02903910811255872+0j)", "(-3.4469398952812665e-05+0j)", "(-0.008482998168272382+0j)"], ["0j", "0j", "0j"], ["0j", "0j", "0j"], ["(-0.014897335949465726+0j)", "(1.7683126292510446e-05+0j)", "(0.00435185795244178+0j)"], ["(-7.3169939668843675e-06+0j)", "(-0.010417668085820356+0j)", "(1.7283014287583337e-05+0j)"], ["0j", "0j", "0j"], ["(0.0022095251395049978+0j)", "(-2.622704637988372e-06+0j)", "(-0.0006454536288966431+0j)"], ["0j", "0j", "0j"], ["0j", "0j", "0j"], ["0j", "0j", "0j"], ["0j", "0j", "0j"], ["0j", "0j", "0j"], ["0j", "0j", "0j"], ["(9.466758099975449e-06+0j)", "(0.013478423541178097+0j)", "(-2.236083783026053e-05+0j)"], ["0j", "0j", "0j"], ["(-0.04008715129806497+0j)", "(4.758341770067268e-05+0j)", "(0.011710388270694677+0j)"], ["(5.71628961373236e-06+0j)", "(0.008138643840183044+0j)", "(-1.3502090545835041e-05+0j)"], ["0j", "0j", "0j"], ["0j", "0j", "0j"], ["(2.8449133306958786e-05+0j)", "(0.04050483428864233+0j)", "(-6.71979202985078e-05+0j)"], ["(-0.007579286847866067+0j)", "(-3.7720188919781055e-05+0j)", "(-0.025945358661307014+0j)"], ["0j", "0j", "0j"], ["(-1.1432147208213631e-06+0j)", "(-0.0016276672587567744+0j)", "(2.7003160646501105e-06+0j)"], ["0j", "0j", "0j"], ["0j", "0j", "0j"], ["0j", "0j", "0j"], ["0j", "0j", "0j"], ["(0.016549114925936893+0j)", "(-1.9643786664763913e-05+0j)", "(-0.004834380968557984+0j)"], ["(-8.56256010027736e-06+0j)", "(-0.012191059537959176+0j)", "(2.0225088228960505e-05+0j)"], ["0j", "0j", "0j"], ["(0.010004447120556892+0j)", "(-1.1875271022930824e-05+0j)", "(-0.002922531445156829+0j)"], ["0j", "0j", "0j"], ["0j", "0j", "0j"], ["0j", "0j", "0j"], ["(-5.176329980375272e-06+0j)", "(-0.007369869085864539+0j)", "(1.2226685632477062e-05+0j)"], ["0j", "0j", "0j"], ["0j", "0j", "0j"], ["0j", "0j", "0j"], ["0j", "0j", "0j"], ["0j", "0j", "0j"], ["0j", "0j", "0j"], ["0j", "0j", "0j"], ["0j", "0j", "0j"], ["0j", "0j", "0j"], ["0j", "0j", "0j"], ["0j", "0j", "0j"], ["0j", "0j", "0j"], ["0j", "0j", "0j"], ["0j", "0j", "0j"], ["(-2.3935759200019576e-06+0j)", "(-0.0034078857500309074+0j)", "(5.653716131385903e-06+0j)"], ["0j", "0j", "0j"], ["0j", "0j", "0j"], ["0j", "0j", "0j"], ["(0.001351408570030503+0j)", "(6.725617804493027e-06+0j)", "(0.0046261318183619515+0j)"], ["0j", "0j", "0j"], ["(6.792199386311547e-06+0j)", "(0.009670484778179623+0j)", "(-1.6043429797534255e-05+0j)"], ["(-0.0038348633035787077+0j)", "(-1.9085142335424467e-05+0j)", "(-0.01312747568809158+0j)"], ["0j", "0j", "0j"], ["0j", "0j", "0j"], ["0j", "0j", "0j"], ["0j", "0j", "0j"], ["(9.466758100024726e-06+0j)", "(0.013478423541177084+0j)", "(-2.236083783022792e-05+0j)"], ["0j", "0j", "0j"], ["(0.02594537913497199+0j)", "(-3.079714504036779e-05+0j)", "(-0.007579248054864107+0j)"], ["(-2.8449133306819832e-05+0j)", "(-0.0405048342886447+0j)", "(6.71979202984792e-05+0j)"], ["0j", "0j", "0j"], ["0j", "0j", "0j"], ["(-5.716289613770707e-06+0j)", "(-0.0081386438401819+0j)", "(1.3502090545868316e-05+0j)"], ["(0.01171044820818605+0j)", "(5.827993155747157e-05+0j)", "(0.04008711966503687+0j)"], ["0j", "0j", "0j"], ["(-1.1432147208429388e-06+0j)", "(-0.001627667258753339+0j)", "(2.700316064670646e-06+0j)"], ["0j", "0j", "0j"], ["0j", "0j", "0j"], ["0j", "0j", "0j"], ["0j", "0j", "0j"], ["0j", "0j", "0j"], ["0j", "0j", "0j"], ["(-0.005344914243056536+0j)", "(-2.660028298901149e-05+0j)", "(-0.018296670891810127+0j)"], ["0j", "0j", "0j"], ["(7.316993967011951e-06+0j)", "(0.010417668085821636+0j)", "(-1.7283014287556354e-05+0j)"], ["(0.00435188022663482+0j)", "(2.1658204472249935e-05+0j)", "(0.014897324193882455+0j)"], ["0j", "0j", "0j"], ["0j", "0j", "0j"], ["(-0.008483041586954797+0j)", "(-4.221794710994162e-05+0j)", "(-0.029039085197612335+0j)"], ["0j", "0j", "0j"], ["0j", "0j", "0j"], ["(0.0006454569325335765+0j)", "(3.212275498137133e-06+0j)", "(0.0022095233959545505+0j)"], ["0j", "0j", "0j"], ["0j", "0j", "0j"], ["0j", "0j", "0j"], ["0j", "0j", "0j"], ["(-8.562560100473546e-06+0j)", "(-0.012191059537958697+0j)", 