{"geometry": [["H", [0.0, 0.0, 0.0]], ["H", [0.4336, 0.0, 0.0]], ["H", [0.5083, -0.9537, 0.0]], ["H", [0.0176, 0.0777, -0.9139]]], "multiplicity": 1, "canonical_orbitals": [[0.4442099463645689, 0.1883439885659013, 0.5503233270815573, 1.8654350901379222], [0.4438362959950737, -0.2141807243960907, 0.4995495217406625, -1.8923282870019993], [0.11072193632513386, -0.8203984876641955, -0.7815623638060591, 0.2822146806081788], [0.1429551447631862, 0.7908374179487982, -0.8588581794745975, -0.21774770576639196]], "canonical_to_oao": [[0.629057534456771, 0.6278629021349589, 0.303006388250616, 0.3438923132975637], [0.10760989058305939, -0.12733088753295585, -0.7218547436428027, 0.67166411666037], [0.3375611688413199, 0.31024512502640766, -0.6077410294054528, -0.6484221316897134], [0.6919242639786173, -0.7023695491691571, 0.13328052722322503, -0.1007677050481153]], "orbital_energies": [-0.9317490535776567, -0.1684938193155458, 0.3088367052163122, 1.0271618588488682], "exact_energy": -1.617629200628003, "ground_states": [["0j"], ["0j"], ["0j"], ["0j"], ["0j"], ["0j"], ["0j"], ["0j"], ["0j"], ["0j"], ["0j"], ["0j"], ["0j"], ["0j"], ["0j"], ["(0.023759242041666667+0j)"], ["0j"], ["0j"], ["0j"], ["0j"], ["0j"], ["0j"], ["0j"], ["0j"], ["0j"], ["0j"], ["0j"], ["(-0.0015564441422662029+0j)"], ["0j"], ["0j"], ["(-0.0026260751539814997+0j)"], ["0j"], ["0j"], ["0j"], ["0j"], ["0j"], ["0j"], ["0j"], ["0j"], ["(0.0015564441422661404+0j)"], ["0j"], ["0j"], ["0j"], ["0j"], ["0j"], ["(0.002626075153981471+0j)"], ["0j"], ["0j"], ["0j"], ["0j"], ["0j"], ["(-0.04663753604941583+0j)"], ["0j"], ["0j"], ["(0.0018442385750598602+0j)"], ["0j"], ["0j"], ["(-0.001844238575059869+0j)"], ["0j"], ["0j"], ["(-0.023049375597549916+0j)"], ["0j"], ["0j"], ["0j"], ["0j"], ["0j"], ["0j"], ["0j"], ["0j"], ["0j"], ["0j"], ["0j"], ["0j"], ["0j"], ["0j"], ["(0.013485890620850892+0j)"], ["0j"], ["0j"], ["(-0.0005561568945863524+0j)"], ["0j"], ["0j"], ["0j"], ["0j"], ["0j"], ["0j"], ["0j"], ["0j"], ["0j"], ["0j"], ["0j"], ["(0.015248060626655362+0j)"], ["0j"], ["0j"], ["0j"], ["0j"], ["0j"], ["0j"], ["0j"], ["0j"], ["(0.0020551538968032156+0j)"], ["0j"], ["0j"], ["(0.0112309040005871+0j)"], ["0j"], ["0j"], ["(-0.026478964627242457+0j)"], ["0j"], ["0j"], ["(-0.008324544367261173+0j)"], ["0j"], ["0j"], ["0j"], ["0j"], ["0j"], ["(0.0005715505744307244+0j)"], ["0j"], ["0j"], ["0j"], ["0j"], ["0j"], ["(-0.04621465018604012+0j)"], ["0j"], ["0j"], ["0j"], ["0j"], ["0j"], ["0j"], ["0j"], ["0j"], ["0j"], ["0j"], ["0j"], ["0j"], ["0j"], ["0j"], ["(-0.0134858906208509+0j)"], ["0j"], ["0j"], ["0j"], ["0j"], ["0j"], ["(0.000556156894586339+0j)"], ["0j"], ["0j"], ["0j"], ["0j"], ["0j"], ["(-0.0020551538968032407+0j)"], ["0j"], ["0j"], ["(-0.026478964627242467+0j)"], ["0j"], ["0j"], ["(0.01123090400058711+0j)"], ["0j"], ["0j"], ["(0.008324544367261214+0j)"], ["0j"], ["0j"], ["0j"], ["0j"], ["0j"], ["0j"], ["0j"], ["0j"], ["(0.015248060626655378+0j)"], ["0j"], ["0j"], ["0j"], ["0j"], ["0j"], ["0j"], ["0j"], ["0j"], ["0j"], ["0j"], ["0j"], ["(-0.0005715505744307138+0j)"], ["0j"], ["0j"], ["(0.04621465018604007+0j)"], ["0j"], ["0j"], ["0j"], ["0j"], ["0j"], ["0j"], ["0j"], ["0j"], ["0j"], ["0j"], ["0j"], ["0j"], ["0j"], ["0j"], ["(0.006890313997339702+0j)"], ["0j"], ["0j"], ["(-0.008705525118941867+0j)"], ["0j"], ["0j"], ["(0.008705525118941904+0j)"], ["0j"], ["0j"], ["(-0.46442910462166087+0j)"], ["0j"], ["0j"], ["0j"], ["0j"], ["0j"], ["(0.013333290732180987+0j)"], ["0j"], ["0j"], ["0j"], ["0j"], ["0j"], ["(0.02691785155595247+0j)"], ["0j"], ["0j"], ["0j"], ["0j"], ["0j"], ["0j"], ["0j"], ["0j"], ["(-0.013333290732180982+0j)"], ["0j"], ["0j"], ["(-0.02691785155595175+0j)"], ["0j"], ["0j"], ["0j"], ["0j"], ["0j"], ["0j"], ["0j"], ["0j"], ["0j"], ["0j"], ["0j"], ["(0.8786935770297777+0j)"], ["0j"], ["0j"], ["0j"], ["0j"], ["0j"], ["0j"], ["0j"], ["0j"], ["0j"], ["0j"], ["0j"], ["0j"], ["0j"], ["0j"], ["0j"]], "hf_energy": -1.5060302090417375}