{"geometry": [["H", [0.0, 0.0, 0.0]], ["H", [1.135, 0.0, 0.0]], ["H", [0.7171, 0.011, 0.0]], ["H", [0.8759, 0.8113, 0.5772]]], "multiplicity": 3, "canonical_orbitals": [[0.1214434157274667, 0.942036565807357, 0.49989624006292516, 1.0566506057031992], [0.36633182618401816, -0.43993845846931434, -0.6553417537557529, 2.0399323895464576], [0.5518840998255677, 0.12416884178835508, -0.2768149353298537, -2.648376020494783], [0.06644498074887695, -0.621639319600205, 0.9783491449188374, 0.013516524380756845]], "canonical_to_oao": [[0.3582430057550447, 0.602308366436815, 0.6617209447835612, 0.2664807155922494], [0.7769547273803081, -0.3155601298059185, 0.08339292616160504, -0.5383389043571618], [0.39942892743431146, -0.421234627337364, -0.15476100087530295, 0.7994166330948476], [0.329332404050463, 0.6001731624531706, -0.7288484367198941, 0.010597122452457926]], "orbital_energies": [-0.91406858984527, -0.00391567859284048, 0.07145472129255494, 1.7381345021245886], "exact_energy": -1.5651615224233966, "ground_states": [["0j", "0j", "0j"], ["0j", "0j", "0j"], ["0j", "0j", "0j"], ["0j", "0j", "0j"], ["0j", "0j", "0j"], ["0j", "0j", "0j"], ["0j", "0j", "0j"], ["0j", "0j", "0j"], ["0j", "0j", "0j"], ["0j", "0j", "0j"], ["0j", "0j", "0j"], ["0j", "0j", "0j"], ["0j", "0j", "0j"], ["0j", "0j", "0j"], ["0j", "0j", "0j"], ["0j", "0j", "0j"], ["0j", "0j", "0j"], ["0j", "0j", "0j"], ["0j", "0j", "0j"], ["0j", "0j", "0j"], ["0j", "0j", "0j"], ["0j", "0j", "0j"], ["0j", "0j", "0j"], ["(-0.03281579898140919+0j)", "(-0.008283001798877176+0j)", "(-2.7817935738694248e-05+0j)"], ["0j", "0j", "0j"], ["0j", "0j", "0j"], ["0j", "0j", "0j"], ["(5.599026963073038e-05+0j)", "(-0.00014145098871764172+0j)", "(-0.023931561470587167+0j)"], ["0j", "0j", "0j"], ["(-0.001106922766827043+0j)", "(-0.000279397227964509+0j)", "(-9.383378540338905e-07+0j)"], ["(1.8886300531883546e-06+0j)", "(-4.771339557839015e-06+0j)", "(-0.0008072450179418092+0j)"], ["0j", "0j", "0j"], ["0j", "0j", "0j"], ["0j", "0j", "0j"], ["0j", "0j", "0j"], ["0j", "0j", "0j"], ["0j", "0j", "0j"], ["0j", "0j", "0j"], ["0j", "0j", "0j"], ["(5.5990269630737236e-05+0j)", "(-0.0001414509887176448+0j)", "(-0.023931561470587732+0j)"], ["0j", "0j", "0j"], ["0j", "0j", "0j"], ["0j", "0j", "0j"], ["(0.008282670029475185+0j)", "(-0.03281520104862062+0j)", "(0.00021333716848280545+0j)"], ["0j", "0j", "0j"], ["(1.8886300531472335e-06+0j)", "(-4.771339557811895e-06+0j)", "(-0.0008072450179414163+0j)"], ["(0.00027938603691886576+0j)", "(-0.0011069025977183437+0j)", "(7.196160877902041e-06+0j)"], ["0j", "0j", "0j"], ["0j", "0j", "0j"], ["0j", "0j", "0j"], ["0j", "0j", "0j"], ["0j", "0j", "0j"], ["0j", "0j", "0j"], ["(0.012717135926473038+0j)", "(0.0032099190946171213+0j)", "(1.0780309514384756e-05+0j)"], ["(-2.169795926225359e-05+0j)", "(5.4816628157660705e-05+0j)", "(0.00927421941872035+0j)"], ["0j", "0j", "0j"], ["0j", "0j", "0j"], ["(-2.169795926217198e-05+0j)", "(5.481662815756529e-05+0j)", "(0.009274219418720128+0j)"], ["(-0.0032097905237240235+0j)", "(0.012716904209044736+0j)", "(-8.267474368983788e-05+0j)"], ["0j", "0j", "0j"], ["0j", "0j", "0j"], ["0j", "0j", "0j"], ["0j", "0j", "0j"], ["0j", "0j", "0j"], ["0j", "0j", "0j"], ["0j", "0j", "0j"], ["0j", "0j", "0j"], ["0j", "0j", "0j"], ["0j", "0j", "0j"], ["0j", "0j", "0j"], ["0j", "0j", "0j"], ["(-8.373686760999776e-05+0j)", "(-2.1135935938600605e-05+0j)", "(-7.098369914541845e-08+0j)"], ["0j", "0j", "0j"], ["0j", "0j", "0j"], ["0j", "0j", "0j"], ["(1.4287172462899763e-07+0j)", "(-3.609439076140086e-07+0j)", "(-6.106674396965625e-05+0j)"], ["0j", "0j", "0j"], ["(-0.023663448098597932+0j)", "(-0.005972866401313711+0j)", "(-2.0059492652800074e-05+0j)"], ["(4.0374541548828225e-05+0j)", "(-0.00010200020215598225+0j)", "(-0.017257031075137697+0j)"], ["0j", "0j", "0j"], ["0j", "0j", "0j"], ["0j", "0j", "0j"], ["0j", "0j", "0j"], ["(0.014820159616588708+0j)", "(0.003740741123914026+0j)", "(1.2563041603382562e-05+0j)"], ["0j", "0j", "0j"], ["0j", "0j", "0j"], ["(0.02136187155460451+0j)", "(0.005391927852020728+0j)", "(1.8108447412825444e-05+0j)"], ["0j", "0j", "0j"], ["0j", "0j", "0j"], ["(-0.013813712243717777+0j)", "(-0.0034867047859693493+0j)", "(-1.1709876688553998e-05+0j)"], ["(-1.287865869936693e-05+0j)", "(3.253599274320608e-05+0j)", "(0.005504642402295123+0j)"], ["0j", "0j", "0j"], ["(0.000803151625010982+0j)", "(0.00020272266899563205+0j)", "(6.808312150423821e-07+0j)"], ["0j", "0j", "0j"], ["0j", "0j", "0j"], ["0j", "0j", "0j"], ["0j", "0j", "0j"], ["0j", "0j", "0j"], ["0j", "0j", "0j"], ["(-2.5286135296369473e-05+0j)", "(6.388161482542563e-05+0j)", "(0.010807890463652516+0j)"], ["0j", "0j", "0j"], ["(-0.027760821530556236+0j)", "(-0.007007080181292411+0j)", "(-2.3532833981229996e-05+0j)"], ["(1.0917879364037524e-05+0j)", "(-2.7582378883094964e-05+0j)", "(-0.004666559079773419+0j)"], ["0j", "0j", "0j"], ["0j", "0j", "0j"], ["(7.093441049894158e-05+0j)", "(-0.00017920511126912636+0j)", "(-0.030319039655066084+0j)"], ["(0.005101652764194594+0j)", "(-0.020212293927143864+0j)", "(0.0001314035391272208+0j)"], ["0j", "0j", "0j"], ["(-1.3703361622711987e-06+0j)", "(3.4619480547065075e-06+0j)", "(0.0005857139877967589+0j)"], ["0j", "0j", "0j"], ["0j", "0j", "0j"], ["0j", "0j", "0j"], ["0j", "0j", "0j"], ["(0.025729716222744788+0j)", "(0.006494410996310999+0j)", "(2.181106706758063e-05+0j)"], ["(-4.3900005288595994e-05+0j)", "(0.00011090675565126923+0j)", "(0.0187638974066797+0j)"], ["0j", "0j", "0j"], ["(-0.009564841782633346+0j)", "(-0.0024142517979348897+0j)", "(-8.108111407282058e-06+0j)"], ["0j", "0j", "0j"], ["0j", "0j", "0j"], ["0j", "0j", "0j"], ["(1.6319519469525617e-05+0j)", "(-4.122880956968823e-05+0j)", "(-0.0069753474296702245+0j)"], ["0j", "0j", "0j"], ["0j", "0j", "0j"], ["0j", "0j", "0j"], ["0j", "0j", "0j"], ["0j", "0j", "0j"], ["0j", "0j", "0j"], ["0j", "0j", "0j"], ["0j", "0j", "0j"], ["0j", "0j", "0j"], ["0j", "0j", "0j"], ["0j", "0j", "0j"], ["0j", "0j", "0j"], ["0j", "0j", "0j"], ["0j", "0j", "0j"], ["(1.4287172463864703e-07+0j)", "(-3.609439076198006e-07+0j)", "(-6.106674396994281e-05+0j)"], ["0j", "0j", "0j"], ["0j", "0j", "0j"], ["0j", "0j", "0j"], ["(2.113508935461837e-05+0j)", "(-8.373534185041973e-05+0j)", "(5.443776104200302e-07+0j)"], ["0j", "0j", "0j"], ["(4.037454154887147e-05+0j)", "(-0.00010200020215606642+0j)", "(-0.017257031075137676+0j)"], ["(0.005972627162646038+0j)", "(-0.023663016929711293+0j)", "(0.00015383727261236986+0j)"], ["0j", "0j", "0j"], ["0j", "0j", "0j"], ["0j", "0j", "0j"], ["0j", "0j", "0j"], ["(-2.528613529638899e-05+0j)", "(6.388161482543929e-05+0j)", "(0.010807890463652301+0j)"], ["0j", "0j", "0j"], ["(0.020212662219669487+0j)", "(0.005101857115240972+0j)", "(1.713426325696607e-05+0j)"], ["(-7.09344104986399e-05+0j)", "(0.00017920511126893367+0j)", "(0.030319039655067704+0j)"], ["0j", "0j", "0j"], ["0j", "0j", "0j"], ["(-1.0917879363772325e-05+0j)", "(2.7582378882919624e-05+0j)", "(0.0046665590797726865+0j)"], ["(-0.007006799517970218+0j)", "(0.02776031570391334+0j)", "(-0.00018047450447394858+0j)"], ["0j", "0j", "0j"], ["(-1.3703361622962302e-06+0j)", "(3.461948054729384e-06+0j)", "(0.0005857139877976509+0j)"], ["0j", "0j", "0j"], ["0j", "0j", "0j"], ["0j", "0j", "0j"], ["0j", "0j", "0j"], ["0j", "0j", "0j"], ["0j", "0j", "0j"], ["(-0.0037405912913440246+0j)", "(0.014819889580214591+0j)", "(-9.63466070369995e-05+0j)"], ["0j", "0j", "0j"], ["(1.287865869961076e-05+0j)", "(-3.253599274334332e-05+0j)", "(-0.00550464240229602+0j)"], ["(-0.0034865651286336945+0j)", "(0.013813460545702176+0j)", "(-8.980364177575268e-05+0j)"], ["0j", "0j", "0j"], ["0j", "0j", "0j"], ["(0.005391711882409331+0j)", "(-0.021361482322471644+0j)", "(0.00013887460712248297+0j)"], ["0j", "0j", "0j"], ["0j", "0j", "0j"], ["(-0.00020271454909180541+0j)", "(0.0008031369908803068+0j)", "(-5.221329324916923e-06+0j)"], ["0j", "0j", "0j"], ["0j", "0j", "0j"], ["0j", "0j", "0j"], ["0j", "0j", "0j"], ["(-4.390000528872084e-05+0j)", "(0.00011090675565135304+0j)", 