{"geometry": [["H", [0.0, 0.0, 0.0]], ["H", [0.4547, 0.0, 0.0]], ["H", [1.0461, 0.4654, 0.0]], ["H", [0.1097, -0.3828, 0.4168]]], "multiplicity": 1, "canonical_orbitals": [[0.38770495284797213, 0.3779271352561974, 1.2660970284547455, 1.6293179024997866], [0.41210821145895726, -0.46511598909619245, 0.335089518581695, -2.3105567928329993], [0.03144049200614607, -0.8333145071831166, -0.49413059430066875, 1.0200764308281935], [0.2617618097636174, 0.6221467151666519, -1.4473500454308788, 0.09406178377646193]], "canonical_to_oao": [[0.5921823392871792, 0.5803174712633992, 0.24308583651897642, 0.503449089448663], [0.22338695941953376, -0.2791772518727917, -0.8165096904049529, 0.45328826796295857], [0.5755043615681587, 0.18029677067679553, -0.31179698134895995, -0.7342141695181464], [0.5178929167440758, -0.7434949690930867, 0.420718247738735, 0.044702502605910494]], "orbital_energies": [-1.0802473377368609, -0.2583955884459122, 0.6333775193667492, 1.317885724753903], "exact_energy": -1.5034064198125456, "ground_states": [["0j"], ["0j"], ["0j"], ["0j"], ["0j"], ["0j"], ["0j"], ["0j"], ["0j"], ["0j"], ["0j"], ["0j"], ["0j"], ["0j"], ["0j"], ["(0.005817801017581652+0j)"], ["0j"], ["0j"], ["0j"], ["0j"], ["0j"], ["0j"], ["0j"], ["0j"], ["0j"], ["0j"], ["0j"], ["(-0.0009580396549794812+0j)"], ["0j"], ["0j"], ["(0.0009034090932337202+0j)"], ["0j"], ["0j"], ["0j"], ["0j"], ["0j"], ["0j"], ["0j"], ["0j"], ["(0.0009580396549795169+0j)"], ["0j"], ["0j"], ["0j"], ["0j"], ["0j"], ["(-0.0009034090932337437+0j)"], ["0j"], ["0j"], ["0j"], ["0j"], ["0j"], ["(-0.030631174542205594+0j)"], ["0j"], ["0j"], ["(0.006373793128407231+0j)"], ["0j"], ["0j"], ["(-0.006373793128407226+0j)"], ["0j"], ["0j"], ["(-0.049381708643741716+0j)"], ["0j"], ["0j"], ["0j"], ["0j"], ["0j"], ["0j"], ["0j"], ["0j"], ["0j"], ["0j"], ["0j"], ["0j"], ["0j"], ["0j"], ["(0.00011632150916087648+0j)"], ["0j"], ["0j"], ["(0.0006210345357629715+0j)"], ["0j"], ["0j"], ["0j"], ["0j"], ["0j"], ["0j"], ["0j"], ["0j"], ["0j"], ["0j"], ["0j"], ["(0.009303201232595645+0j)"], ["0j"], ["0j"], ["0j"], ["0j"], ["0j"], ["0j"], ["0j"], ["0j"], ["(0.00839833848371218+0j)"], ["0j"], ["0j"], ["(0.006730533099257282+0j)"], ["0j"], ["0j"], ["(-0.016033734331852945+0j)"], ["0j"], ["0j"], ["(-0.03412241146669503+0j)"], ["0j"], ["0j"], ["0j"], ["0j"], ["0j"], ["(0.001073282368187763+0j)"], ["0j"], ["0j"], ["0j"], ["0j"], ["0j"], ["(-0.00394269415282996+0j)"], ["0j"], ["0j"], ["0j"], ["0j"], ["0j"], ["0j"], ["0j"], ["0j"], ["0j"], ["0j"], ["0j"], ["0j"], ["0j"], ["0j"], ["(-0.000116321509160877+0j)"], ["0j"], ["0j"], ["0j"], ["0j"], ["0j"], ["(-0.0006210345357629683+0j)"], ["0j"], ["0j"], ["0j"], ["0j"], ["0j"], ["(-0.008398338483712176+0j)"], ["0j"], ["0j"], ["(-0.01603373433185294+0j)"], ["0j"], ["0j"], ["(0.006730533099257292+0j)"], ["0j"], ["0j"], ["(0.034122411466695+0j)"], ["0j"], ["0j"], ["0j"], ["0j"], ["0j"], ["0j"], ["0j"], ["0j"], ["(0.009303201232595627+0j)"], ["0j"], ["0j"], ["0j"], ["0j"], ["0j"], ["0j"], ["0j"], ["0j"], ["0j"], ["0j"], ["0j"], ["(-0.0010732823681877497+0j)"], ["0j"], ["0j"], ["(0.003942694152829967+0j)"], ["0j"], ["0j"], ["0j"], ["0j"], ["0j"], ["0j"], ["0j"], ["0j"], ["0j"], ["0j"], ["0j"], ["0j"], ["0j"], ["0j"], ["(-0.039344866141119504+0j)"], ["0j"], ["0j"], ["(-0.033199064253152694+0j)"], ["0j"], ["0j"], ["(0.03319906425315269+0j)"], ["0j"], ["0j"], ["(-0.07919198538843722+0j)"], ["0j"], ["0j"], ["0j"], ["0j"], ["0j"], ["(-0.004293430361958147+0j)"], ["0j"], ["0j"], ["0j"], ["0j"], ["0j"], ["(0.014677795101552451+0j)"], ["0j"], ["0j"], ["0j"], ["0j"], ["0j"], ["0j"], ["0j"], ["0j"], ["(0.0042934303619581865+0j)"], ["0j"], ["0j"], ["(-0.014677795101552468+0j)"], ["0j"], ["0j"], ["0j"], ["0j"], ["0j"], ["0j"], ["0j"], ["0j"], ["0j"], ["0j"], ["0j"], ["(0.9913280642252857+0j)"], ["0j"], ["0j"], ["0j"], ["0j"], ["0j"], ["0j"], ["0j"], ["0j"], ["0j"], ["0j"], ["0j"], ["0j"], ["0j"], ["0j"], ["0j"]], "hf_energy": -1.4733467625548045}