{"geometry": [["H", [0.0, 0.0, 0.0]], ["H", [0.9184, 0.0, 0.0]], ["H", [-0.0648, 0.4323, 0.0]], ["H", [-0.3273, -0.3214, -0.0516]]], "multiplicity": 1, "canonical_orbitals": [[0.597469889644965, 0.03446377217145896, 0.10799280041574244, 3.1395510860717972], [0.0022594816287446196, -0.9221593090734739, 0.629863688727933, -0.5381677534735336], [0.27022229755842603, -0.263420561411317, -1.2547930376899108, -1.5603449686054287], [0.1913513176072248, 0.7896307046035258, 0.8087709317231211, -1.655498302496228]], "canonical_to_oao": [[0.6464035597021969, 0.21940796274763508, 0.5395409506630968, 0.4928672706163615], [0.027682354631567256, -0.8263854541060202, -0.18294183788699792, 0.5318393107269973], [0.03745549681497651, 0.48632130655827555, -0.7085160208292662, 0.5099938438589797], [0.7615728533795858, -0.1801077841526328, -0.4164527521056275, -0.4627473180328042]], "orbital_energies": [-1.0883665424124613, -0.15861433459613247, 0.3808748009505885, 1.7817829981807294], "exact_energy": -1.3032631024146921, "ground_states": [["0j"], ["0j"], ["0j"], ["0j"], ["0j"], ["0j"], ["0j"], ["0j"], ["0j"], ["0j"], ["0j"], ["0j"], ["0j"], ["0j"], ["0j"], ["(0.009950498985582094+0j)"], ["0j"], ["0j"], ["0j"], ["0j"], ["0j"], ["0j"], ["0j"], ["0j"], ["0j"], ["0j"], ["0j"], ["(0.0034590061867851643+0j)"], ["0j"], ["0j"], ["(0.00025293888200805803+0j)"], ["0j"], ["0j"], ["0j"], ["0j"], ["0j"], ["0j"], ["0j"], ["0j"], ["(-0.003459006186784982+0j)"], ["0j"], ["0j"], ["0j"], ["0j"], ["0j"], ["(-0.0002529388820081751+0j)"], ["0j"], ["0j"], ["0j"], ["0j"], ["0j"], ["(-0.029211636559442297+0j)"], ["0j"], ["0j"], ["(0.006227845144062848+0j)"], ["0j"], ["0j"], ["(-0.00622784514406286+0j)"], ["0j"], ["0j"], ["(-0.040540205940474146+0j)"], ["0j"], ["0j"], ["0j"], ["0j"], ["0j"], ["0j"], ["0j"], ["0j"], ["0j"], ["0j"], ["0j"], ["0j"], ["0j"], ["0j"], ["(-0.0030747812629074635+0j)"], ["0j"], ["0j"], ["(0.0032263210671034073+0j)"], ["0j"], ["0j"], ["0j"], ["0j"], ["0j"], ["0j"], ["0j"], ["0j"], ["0j"], ["0j"], ["0j"], ["(-0.0072040023336977085+0j)"], ["0j"], ["0j"], ["0j"], ["0j"], ["0j"], ["0j"], ["0j"], ["0j"], ["(-0.005304636797023296+0j)"], ["0j"], ["0j"], ["(-0.009718480841431919+0j)"], ["0j"], ["0j"], ["(0.01692248317512956+0j)"], ["0j"], ["0j"], ["(0.012456531783939722+0j)"], ["0j"], ["0j"], ["0j"], ["0j"], ["0j"], ["(-0.0016042166521064+0j)"], ["0j"], ["0j"], ["0j"], ["0j"], ["0j"], ["(0.018820649210042367+0j)"], ["0j"], ["0j"], ["0j"], ["0j"], ["0j"], ["0j"], ["0j"], ["0j"], ["0j"], ["0j"], ["0j"], ["0j"], ["0j"], ["0j"], ["(0.003074781262907447+0j)"], ["0j"], ["0j"], ["0j"], ["0j"], ["0j"], ["(-0.0032263210671034568+0j)"], ["0j"], ["0j"], ["0j"], ["0j"], ["0j"], ["(0.005304636797023293+0j)"], ["0j"], ["0j"], ["(0.016922483175129767+0j)"], ["0j"], ["0j"], ["(-0.009718480841431973+0j)"], ["0j"], ["0j"], ["(-0.012456531783939804+0j)"], ["0j"], ["0j"], ["0j"], ["0j"], ["0j"], ["0j"], ["0j"], ["0j"], ["(-0.007204002333697719+0j)"], ["0j"], ["0j"], ["0j"], ["0j"], ["0j"], ["0j"], ["0j"], ["0j"], ["0j"], ["0j"], ["0j"], ["(0.0016042166521064512+0j)"], ["0j"], ["0j"], ["(-0.0188206492100424+0j)"], ["0j"], ["0j"], ["0j"], ["0j"], ["0j"], ["0j"], ["0j"], ["0j"], ["0j"], ["0j"], ["0j"], ["0j"], ["0j"], ["0j"], ["(-0.012255640632842357+0j)"], ["0j"], ["0j"], ["(-0.04303915922356864+0j)"], ["0j"], ["0j"], ["(0.043039159223568726+0j)"], ["0j"], ["0j"], ["(-0.2674691275145833+0j)"], ["0j"], ["0j"], ["0j"], ["0j"], ["0j"], ["(-0.003356448373131247+0j)"], ["0j"], ["0j"], ["0j"], ["0j"], ["0j"], ["(-0.09549979407816732+0j)"], ["0j"], ["0j"], ["0j"], ["0j"], ["0j"], ["0j"], ["0j"], ["0j"], ["(0.003356448373131364+0j)"], ["0j"], ["0j"], ["(0.09549979407816336+0j)"], ["0j"], ["0j"], ["0j"], ["0j"], ["0j"], ["0j"], ["0j"], ["0j"], ["0j"], ["0j"], ["0j"], ["(0.9495575568074218+0j)"], ["0j"], ["0j"], ["0j"], ["0j"], ["0j"], ["0j"], ["0j"], ["0j"], ["0j"], ["0j"], ["0j"], ["0j"], ["0j"], ["0j"], ["0j"]], "hf_energy": -1.2495525200861486}