{"geometry": [["H", [0.0, 0.0, 0.0]], ["H", [0.9295, 0.0, 0.0]], ["H", [0.2024, 0.5955, 0.0]], ["H", [-0.963, 0.3463, 0.1013]]], "multiplicity": 1, "canonical_orbitals": [[0.4271886682718318, 0.15817322249506163, 0.11317890552932125, 1.5529106968308295], [0.23540993733575905, -0.7201568005040643, -0.935926291590346, -0.31817149518405674], [0.415426923289429, -0.05466682598511279, 1.0199446899736706, -1.0496505379695913], [0.1266572003051969, 0.7827973170983011, -0.6977961425079222, -0.48690100534293684]], "canonical_to_oao": [[0.6089275001169367, 0.42923670081651016, 0.6000545665674, 0.2913720498179304], [0.11752497062960562, -0.633800385885152, -0.03668961925174035, 0.7636352689402873], [0.0780273878952194, -0.6184758282910338, 0.6042237896886784, -0.4962992933021556], [0.7805811345517495, -0.17759666478767908, -0.5229741876565447, -0.292661094242424]], "orbital_energies": [-0.8675484679294133, -0.23610605815252336, 0.4617730874965625, 0.7083684922599022], "exact_energy": -1.9095975308223572, "ground_states": [["0j"], ["0j"], ["0j"], ["0j"], ["0j"], ["0j"], ["0j"], ["0j"], ["0j"], ["0j"], ["0j"], ["0j"], ["0j"], ["0j"], ["0j"], ["(-0.015962691140944195+0j)"], ["0j"], ["0j"], ["0j"], ["0j"], ["0j"], ["0j"], ["0j"], ["0j"], ["0j"], ["0j"], ["0j"], ["(-0.0017867727946850255+0j)"], ["0j"], ["0j"], ["(-0.0010936194455422044+0j)"], ["0j"], ["0j"], ["0j"], ["0j"], ["0j"], ["0j"], ["0j"], ["0j"], ["(0.001786772794685033+0j)"], ["0j"], ["0j"], ["0j"], ["0j"], ["0j"], ["(0.001093619445542492+0j)"], ["0j"], ["0j"], ["0j"], ["0j"], ["0j"], ["(0.058382749566904875+0j)"], ["0j"], ["0j"], ["(0.01755316156889135+0j)"], ["0j"], ["0j"], ["(-0.01755316156889134+0j)"], ["0j"], ["0j"], ["(0.03953128084598955+0j)"], ["0j"], ["0j"], ["0j"], ["0j"], ["0j"], ["0j"], ["0j"], ["0j"], ["0j"], ["0j"], ["0j"], ["0j"], ["0j"], ["0j"], ["(-0.011281327004583326+0j)"], ["0j"], ["0j"], ["(-0.005289805678299193+0j)"], ["0j"], ["0j"], ["0j"], ["0j"], ["0j"], ["0j"], ["0j"], ["0j"], ["0j"], ["0j"], ["0j"], ["(-0.006539353666595799+0j)"], ["0j"], ["0j"], ["0j"], ["0j"], ["0j"], ["0j"], ["0j"], ["0j"], ["(0.01077499170800046+0j)"], ["0j"], ["0j"], ["(0.0008292487444076633+0j)"], ["0j"], ["0j"], ["(0.005710104922188131+0j)"], ["0j"], ["0j"], ["(-0.0230842795761498+0j)"], ["0j"], ["0j"], ["0j"], ["0j"], ["0j"], ["(0.007951017997468992+0j)"], ["0j"], ["0j"], ["0j"], ["0j"], ["0j"], ["(0.02846481003991313+0j)"], ["0j"], ["0j"], ["0j"], ["0j"], ["0j"], ["0j"], ["0j"], ["0j"], ["0j"], ["0j"], ["0j"], ["0j"], ["0j"], ["0j"], ["(0.011281327004583326+0j)"], ["0j"], ["0j"], ["0j"], ["0j"], ["0j"], ["(0.00528980567829919+0j)"], ["0j"], ["0j"], ["0j"], ["0j"], ["0j"], ["(-0.010774991708000435+0j)"], ["0j"], ["0j"], ["(0.005710104922188109+0j)"], ["0j"], ["0j"], ["(0.0008292487444076275+0j)"], ["0j"], ["0j"], ["(0.02308427957614973+0j)"], ["0j"], ["0j"], ["0j"], ["0j"], ["0j"], ["0j"], ["0j"], ["0j"], ["(-0.006539353666595778+0j)"], ["0j"], ["0j"], ["0j"], ["0j"], ["0j"], ["0j"], ["0j"], ["0j"], ["0j"], ["0j"], ["0j"], ["(-0.00795101799746898+0j)"], ["0j"], ["0j"], ["(-0.02846481003991313+0j)"], ["0j"], ["0j"], ["0j"], ["0j"], ["0j"], ["0j"], ["0j"], ["0j"], ["0j"], ["0j"], ["0j"], ["0j"], ["0j"], ["0j"], ["(0.022502360626016852+0j)"], ["0j"], ["0j"], ["(-0.0769112982926006+0j)"], ["0j"], ["0j"], ["(0.07691129829260054+0j)"], ["0j"], ["0j"], ["(0.19970396944350172+0j)"], ["0j"], ["0j"], ["0j"], ["0j"], ["0j"], ["(0.0021041525926866985+0j)"], ["0j"], ["0j"], ["0j"], ["0j"], ["0j"], ["(0.020452174131615555+0j)"], ["0j"], ["0j"], ["0j"], ["0j"], ["0j"], ["0j"], ["0j"], ["0j"], ["(-0.0021041525926866846+0j)"], ["0j"], ["0j"], ["(-0.020452174131615684+0j)"], ["0j"], ["0j"], ["0j"], ["0j"], ["0j"], ["0j"], ["0j"], ["0j"], ["0j"], ["0j"], ["0j"], ["(-0.9682857252863768+0j)"], ["0j"], ["0j"], ["0j"], ["0j"], ["0j"], ["0j"], ["0j"], ["0j"], ["0j"], ["0j"], ["0j"], ["0j"], ["0j"], ["0j"], ["0j"]], "hf_energy": -1.846953677295625}