{"geometry": [["H", [0.0, 0.0, 0.0]], ["H", [0.7617, 0.0, 0.0]], ["H", [0.9396, -0.4176, 0.0]], ["H", [0.1316, 0.1614, 0.3435]]], "multiplicity": 1, "canonical_orbitals": [[0.30755532168865796, 0.5437120564880515, 1.8079561742536092, 0.8275927854758579], [0.35654253883331966, -0.5195814888303878, -1.0011230712044332, 1.925630112249262], [0.1697028385675582, -0.6739947357200571, 0.8185569417605691, -1.5770472341903141], [0.3087271684730206, 0.5594113619132159, -1.4860438474447413, -1.425520033244398]], "canonical_to_oao": [[0.5221167832018703, 0.5334205653550554, 0.40724571404901955, 0.5263150136030026], [0.45664214481290705, -0.4142621164656227, -0.6383734615519228, 0.4608081748713957], [0.6715698755667109, -0.3785380937509843, 0.33497070800573003, -0.5417540388301918], [0.2605108798321364, 0.6328967616421235, -0.560736013426158, -0.46599452125420915]], "orbital_energies": [-1.0493871381281348, -0.43295604447734626, 0.9946104724021755, 1.2987964978034605], "exact_energy": -1.4552864827840957, "ground_states": [["0j"], ["0j"], ["0j"], ["0j"], ["0j"], ["0j"], ["0j"], ["0j"], ["0j"], ["0j"], ["0j"], ["0j"], ["0j"], ["0j"], ["0j"], ["(0.004233312903772806+0j)"], ["0j"], ["0j"], ["0j"], ["0j"], ["0j"], ["0j"], ["0j"], ["0j"], ["0j"], ["0j"], ["0j"], ["(0.00041485249639938715+0j)"], ["0j"], ["0j"], ["(-0.0004620116300484839+0j)"], ["0j"], ["0j"], ["0j"], ["0j"], ["0j"], ["0j"], ["0j"], ["0j"], ["(-0.0004148524963994345+0j)"], ["0j"], ["0j"], ["0j"], ["0j"], ["0j"], ["(0.0004620116300485146+0j)"], ["0j"], ["0j"], ["0j"], ["0j"], ["0j"], ["(-0.026586289150220408+0j)"], ["0j"], ["0j"], ["(0.0016373467866480128+0j)"], ["0j"], ["0j"], ["(-0.0016373467866480113+0j)"], ["0j"], ["0j"], ["(-0.03671983518011889+0j)"], ["0j"], ["0j"], ["0j"], ["0j"], ["0j"], ["0j"], ["0j"], ["0j"], ["0j"], ["0j"], ["0j"], ["0j"], ["0j"], ["0j"], ["(0.00041977387264978964+0j)"], ["0j"], ["0j"], ["(-0.00029724832706405874+0j)"], ["0j"], ["0j"], ["0j"], ["0j"], ["0j"], ["0j"], ["0j"], ["0j"], ["0j"], ["0j"], ["0j"], ["(0.0030220734604707055+0j)"], ["0j"], ["0j"], ["0j"], ["0j"], ["0j"], ["0j"], ["0j"], ["0j"], ["(0.010604547721223583+0j)"], ["0j"], ["0j"], ["(0.023656845614314432+0j)"], ["0j"], ["0j"], ["(-0.026678919074785177+0j)"], ["0j"], ["0j"], ["(-0.016506345076324758+0j)"], ["0j"], ["0j"], ["0j"], ["0j"], ["0j"], ["(-0.0002993383522231941+0j)"], ["0j"], ["0j"], ["0j"], ["0j"], ["0j"], ["(0.00014994055765086693+0j)"], ["0j"], ["0j"], ["0j"], ["0j"], ["0j"], ["0j"], ["0j"], ["0j"], ["0j"], ["0j"], ["0j"], ["0j"], ["0j"], ["0j"], ["(-0.0004197738726497898+0j)"], ["0j"], ["0j"], ["0j"], ["0j"], ["0j"], ["(0.00029724832706405716+0j)"], ["0j"], ["0j"], ["0j"], ["0j"], ["0j"], ["(-0.010604547721223573+0j)"], ["0j"], ["0j"], ["(-0.02667891907478517+0j)"], ["0j"], ["0j"], ["(0.02365684561431444+0j)"], ["0j"], ["0j"], ["(0.016506345076324758+0j)"], ["0j"], ["0j"], ["0j"], ["0j"], ["0j"], ["0j"], ["0j"], ["0j"], ["(0.0030220734604707073+0j)"], ["0j"], ["0j"], ["0j"], ["0j"], ["0j"], ["0j"], ["0j"], ["0j"], ["0j"], ["0j"], ["0j"], ["(0.0002993383522231925+0j)"], ["0j"], ["0j"], ["(-0.0001499405576508667+0j)"], ["0j"], ["0j"], ["0j"], ["0j"], ["0j"], ["0j"], ["0j"], ["0j"], ["0j"], ["0j"], ["0j"], ["0j"], ["0j"], ["0j"], ["(-0.040897184230386005+0j)"], ["0j"], ["0j"], ["(-0.006021045065385088+0j)"], ["0j"], ["0j"], ["(0.006021045065385086+0j)"], ["0j"], ["0j"], ["(-0.03898468013668949+0j)"], ["0j"], ["0j"], ["0j"], ["0j"], ["0j"], ["(0.0022754594253098547+0j)"], ["0j"], ["0j"], ["0j"], ["0j"], ["0j"], ["(-0.002235572741997655+0j)"], ["0j"], ["0j"], ["0j"], ["0j"], ["0j"], ["0j"], ["0j"], ["0j"], ["(-0.002275459425309862+0j)"], ["0j"], ["0j"], ["(0.002235572741997672+0j)"], ["0j"], ["0j"], ["0j"], ["0j"], ["0j"], ["0j"], ["0j"], ["0j"], ["0j"], ["0j"], ["0j"], ["(0.9956424328659196+0j)"], ["0j"], ["0j"], ["0j"], ["0j"], ["0j"], ["0j"], ["0j"], ["0j"], ["0j"], ["0j"], ["0j"], ["0j"], ["0j"], ["0j"], ["0j"]], "hf_energy": -1.4325366520696765}