{"geometry": [["H", [0.0, 0.0, 0.0]], ["H", [1.3726, 0.0, 0.0]], ["H", [0.3441, 0.2987, 0.0]], ["H", [1.1316, 0.2285, -0.2845]]], "multiplicity": 1, "canonical_orbitals": [[0.22594670293722396, 0.555076272756406, 1.142293986533132, 1.4178423011562051], [0.27044277487254115, -0.5196901465963926, 1.4137206721517488, -1.1793465121225049], [0.34975822920901234, 0.4693137354687542, -1.0419876148454372, -1.8545153472302445], [0.35292363033971674, -0.4610336732526844, -1.2141447787272466, 1.7163555013552596]], "canonical_to_oao": [[0.4313366110934916, 0.47899407734447214, 0.5360331988778172, 0.5451438447787118], [0.5917441540204409, -0.531934672268031, 0.43148484048693514, -0.42509433429733995], [0.49029367766872145, 0.5862798859751459, -0.42633189523050574, -0.48386890791640863], [0.47265176795511415, -0.3793231783176362, -0.5871374261958995, 0.5366412911805865]], "orbital_energies": [-0.9374621469655915, -0.5208320568375964, 0.9436125373366646, 1.486464041769224], "exact_energy": -1.769112994269784, "ground_states": [["0j"], ["0j"], ["0j"], ["0j"], ["0j"], ["0j"], ["0j"], ["0j"], ["0j"], ["0j"], ["0j"], ["0j"], ["0j"], ["0j"], ["0j"], ["(0.003979513945414968+0j)"], ["0j"], ["0j"], ["0j"], ["0j"], ["0j"], ["0j"], ["0j"], ["0j"], ["0j"], ["0j"], ["0j"], ["(-0.00015395043201260616+0j)"], ["0j"], ["0j"], ["(-0.0002967805416348064+0j)"], ["0j"], ["0j"], ["0j"], ["0j"], ["0j"], ["0j"], ["0j"], ["0j"], ["(0.00015395043201247454+0j)"], ["0j"], ["0j"], ["0j"], ["0j"], ["0j"], ["(0.00029678054163480457+0j)"], ["0j"], ["0j"], ["0j"], ["0j"], ["0j"], ["(-0.023706914051032667+0j)"], ["0j"], ["0j"], ["(-0.001138939241649778+0j)"], ["0j"], ["0j"], ["(0.0011389392416497853+0j)"], ["0j"], ["0j"], ["(-0.03587957551141484+0j)"], ["0j"], ["0j"], ["0j"], ["0j"], ["0j"], ["0j"], ["0j"], ["0j"], ["0j"], ["0j"], ["0j"], ["0j"], ["0j"], ["0j"], ["(0.0006104001462349354+0j)"], ["0j"], ["0j"], ["(0.00011884005175828068+0j)"], ["0j"], ["0j"], ["0j"], ["0j"], ["0j"], ["0j"], ["0j"], ["0j"], ["0j"], ["0j"], ["0j"], ["(0.007857535689781472+0j)"], ["0j"], ["0j"], ["0j"], ["0j"], ["0j"], ["0j"], ["0j"], ["0j"], ["(-0.002781764810940548+0j)"], ["0j"], ["0j"], ["(0.024114863977660383+0j)"], ["0j"], ["0j"], ["(-0.03197239966744184+0j)"], ["0j"], ["0j"], ["(0.005956437726637368+0j)"], ["0j"], ["0j"], ["0j"], ["0j"], ["0j"], ["(-4.65733216034614e-05+0j)"], ["0j"], ["0j"], ["0j"], ["0j"], ["0j"], ["(0.0004687501505505048+0j)"], ["0j"], ["0j"], ["0j"], ["0j"], ["0j"], ["0j"], ["0j"], ["0j"], ["0j"], ["0j"], ["0j"], ["0j"], ["0j"], ["0j"], ["(-0.0006104001462349332+0j)"], ["0j"], ["0j"], ["0j"], ["0j"], ["0j"], ["(-0.00011884005175828367+0j)"], ["0j"], ["0j"], ["0j"], ["0j"], ["0j"], ["(0.0027817648109405542+0j)"], ["0j"], ["0j"], ["(-0.03197239966744184+0j)"], ["0j"], ["0j"], ["(0.02411486397766037+0j)"], ["0j"], ["0j"], ["(-0.005956437726637372+0j)"], ["0j"], ["0j"], ["0j"], ["0j"], ["0j"], ["0j"], ["0j"], ["0j"], ["(0.007857535689781474+0j)"], ["0j"], ["0j"], ["0j"], ["0j"], ["0j"], ["0j"], ["0j"], ["0j"], ["0j"], ["0j"], ["0j"], ["(4.657332160344993e-05+0j)"], ["0j"], ["0j"], ["(-0.00046875015055053177+0j)"], ["0j"], ["0j"], ["0j"], ["0j"], ["0j"], ["0j"], ["0j"], ["0j"], ["0j"], ["0j"], ["0j"], ["0j"], ["0j"], ["0j"], ["(-0.030717357528218463+0j)"], ["0j"], ["0j"], ["(0.0038709751152692633+0j)"], ["0j"], ["0j"], ["(-0.003870975115269271+0j)"], ["0j"], ["0j"], ["(-0.048105323612802876+0j)"], ["0j"], ["0j"], ["0j"], ["0j"], ["0j"], ["(0.0013587412679520402+0j)"], ["0j"], ["0j"], ["0j"], ["0j"], ["0j"], ["(0.0006619271818260937+0j)"], ["0j"], ["0j"], ["0j"], ["0j"], ["0j"], ["0j"], ["0j"], ["0j"], ["(-0.0013587412679520391+0j)"], ["0j"], ["0j"], ["(-0.000661927181826073+0j)"], ["0j"], ["0j"], ["0j"], ["0j"], ["0j"], ["0j"], ["0j"], ["0j"], ["0j"], ["0j"], ["0j"], ["(0.995701316851927+0j)"], ["0j"], ["0j"], ["0j"], ["0j"], ["0j"], ["0j"], ["0j"], ["0j"], ["0j"], ["0j"], ["0j"], ["0j"], ["0j"], ["0j"], ["0j"]], "hf_energy": -1.7463181893017863}