{"geometry": [["H", [0.0, 0.0, 0.0]], ["H", [0.6176, 0.0, 0.0]], ["H", [0.0124, 0.917, 0.0]], ["H", [0.8587, -0.1193, -0.5585]]], "multiplicity": 1, "canonical_orbitals": [[0.3378423421444089, 0.4484456005944627, 1.0098341914270104, 1.1225669254756045], [0.4561031697805754, -0.3190045890544513, 0.23535086102449176, -1.867835229526777], [0.1381626735209753, 0.7410361242567486, -0.9215664869295346, -0.12454235676456868], [0.24580854836614507, -0.6712775841700725, -0.7096346991055202, 1.1125514728212529]], "canonical_to_oao": [[0.5427448072295934, 0.6206209569671784, 0.3191674461464777, 0.46732199104984234], [0.345931711759915, -0.22421731942861484, 0.7005683016542823, -0.5824619293862351], [0.6096520312659235, 0.13560072885068997, -0.63529890194733, -0.45423798640471663], [0.4626918259462782, -0.7390322481303175, -0.06108601494683831, 0.48581489191240573]], "orbital_energies": [-0.9028925793294122, -0.267120220980127, 0.4646374896303566, 1.05639311930044], "exact_energy": -1.815837396062978, "ground_states": [["0j"], ["0j"], ["0j"], ["0j"], ["0j"], ["0j"], ["0j"], ["0j"], ["0j"], ["0j"], ["0j"], ["0j"], ["0j"], ["0j"], ["0j"], ["(-0.012568389401959375+0j)"], ["0j"], ["0j"], ["0j"], ["0j"], ["0j"], ["0j"], ["0j"], ["0j"], ["0j"], ["0j"], ["0j"], ["(-0.0009438120171859779+0j)"], ["0j"], ["0j"], ["(-0.0010528032718176705+0j)"], ["0j"], ["0j"], ["0j"], ["0j"], ["0j"], ["0j"], ["0j"], ["0j"], ["(0.0009438120171859489+0j)"], ["0j"], ["0j"], ["0j"], ["0j"], ["0j"], ["(0.0010528032718176194+0j)"], ["0j"], ["0j"], ["0j"], ["0j"], ["0j"], ["(0.04241681647403281+0j)"], ["0j"], ["0j"], ["(-0.0008521206089610793+0j)"], ["0j"], ["0j"], ["(0.000852120608961077+0j)"], ["0j"], ["0j"], ["(0.041000506786092655+0j)"], ["0j"], ["0j"], ["0j"], ["0j"], ["0j"], ["0j"], ["0j"], ["0j"], ["0j"], ["0j"], ["0j"], ["0j"], ["0j"], ["0j"], ["(-0.0008321751361574379+0j)"], ["0j"], ["0j"], ["(0.00030222540802654846+0j)"], ["0j"], ["0j"], ["0j"], ["0j"], ["0j"], ["0j"], ["0j"], ["0j"], ["0j"], ["0j"], ["0j"], ["(-0.01657591296850753+0j)"], ["0j"], ["0j"], ["0j"], ["0j"], ["0j"], ["0j"], ["0j"], ["0j"], ["(-0.016329819893175116+0j)"], ["0j"], ["0j"], ["(-0.023113135571015644+0j)"], ["0j"], ["0j"], ["(0.03968904853952318+0j)"], ["0j"], ["0j"], ["(0.034121142906438036+0j)"], ["0j"], ["0j"], ["0j"], ["0j"], ["0j"], ["(-0.0008256621002963213+0j)"], ["0j"], ["0j"], ["0j"], ["0j"], ["0j"], ["(0.010494990858523996+0j)"], ["0j"], ["0j"], ["0j"], ["0j"], ["0j"], ["0j"], ["0j"], ["0j"], ["0j"], ["0j"], ["0j"], ["0j"], ["0j"], ["0j"], ["(0.0008321751361574304+0j)"], ["0j"], ["0j"], ["0j"], ["0j"], ["0j"], ["(-0.00030222540802654814+0j)"], ["0j"], ["0j"], ["0j"], ["0j"], ["0j"], ["(0.016329819893175116+0j)"], ["0j"], ["0j"], ["(0.039689048539523215+0j)"], ["0j"], ["0j"], ["(-0.023113135571015676+0j)"], ["0j"], ["0j"], ["(-0.03412114290643805+0j)"], ["0j"], ["0j"], ["0j"], ["0j"], ["0j"], ["0j"], ["0j"], ["0j"], ["(-0.016575912968507547+0j)"], ["0j"], ["0j"], ["0j"], ["0j"], ["0j"], ["0j"], ["0j"], ["0j"], ["0j"], ["0j"], ["0j"], ["(0.0008256621002963306+0j)"], ["0j"], ["0j"], ["(-0.010494990858523998+0j)"], ["0j"], ["0j"], ["0j"], ["0j"], ["0j"], ["0j"], ["0j"], ["0j"], ["0j"], ["0j"], ["0j"], ["0j"], ["0j"], ["0j"], ["(0.024980793554885413+0j)"], ["0j"], ["0j"], ["(0.015895531992806106+0j)"], ["0j"], ["0j"], ["(-0.015895531992806092+0j)"], ["0j"], ["0j"], ["(0.19219229399638935+0j)"], ["0j"], ["0j"], ["0j"], ["0j"], ["0j"], ["(0.002323039651845087+0j)"], ["0j"], ["0j"], ["0j"], ["0j"], ["0j"], ["(0.013479274394500149+0j)"], ["0j"], ["0j"], ["0j"], ["0j"], ["0j"], ["0j"], ["0j"], ["0j"], ["(-0.002323039651845101+0j)"], ["0j"], ["0j"], ["(-0.013479274394500003+0j)"], ["0j"], ["0j"], ["0j"], ["0j"], ["0j"], ["0j"], ["0j"], ["0j"], ["0j"], ["0j"], ["0j"], ["(-0.9747109725494089+0j)"], ["0j"], ["0j"], ["0j"], ["0j"], ["0j"], ["0j"], ["0j"], ["0j"], ["0j"], ["0j"], ["0j"], ["0j"], ["0j"], ["0j"], ["0j"]], "hf_energy": -1.7644431177850495}