{"geometry": [["H", [0.0, 0.0, 0.0]], ["H", [1.0236, 0.0, 0.0]], ["H", [-0.321, 0.4173, 0.0]], ["H", [-0.3647, 1.0141, 0.1472]]], "multiplicity": 1, "canonical_orbitals": [[0.31577958846306087, 0.49822699491406774, 0.7584559218087656, 1.7376730798229523], [0.08588391565582557, 0.7121388805400395, -0.7968299502455429, -0.4657999913514473], [0.5087433498907177, -0.3092200590971041, 0.3848896359899724, -2.3180775390458965], [0.24777861880235907, -0.5678868363651198, -0.8845388408857202, 1.190503584978147]], "canonical_to_oao": [[0.5474388904521951, 0.22057208742903237, 0.6520059776407328, 0.4759693483706917], [0.378527600900058, 0.7426184632507996, -0.19045284221098696, -0.5186158388341253], [0.49472917063534777, -0.605191646912949, 0.21636953384539886, -0.5849532827951128], [0.5588117431655977, -0.18332714690687085, -0.7012846389577018, 0.40289011910094946]], "orbital_energies": [-0.9035282146132385, -0.29208330962651063, 0.3764671792593663, 1.6381513706594202], "exact_energy": -1.8412829495578225, "ground_states": [["0j"], ["0j"], ["0j"], ["0j"], ["0j"], ["0j"], ["0j"], ["0j"], ["0j"], ["0j"], ["0j"], ["0j"], ["0j"], ["0j"], ["0j"], ["(0.009706145170409993+0j)"], ["0j"], ["0j"], ["0j"], ["0j"], ["0j"], ["0j"], ["0j"], ["0j"], ["0j"], ["0j"], ["0j"], ["(0.0011240155342311028+0j)"], ["0j"], ["0j"], ["(-0.0010271171550856883+0j)"], ["0j"], ["0j"], ["0j"], ["0j"], ["0j"], ["0j"], ["0j"], ["0j"], ["(-0.0011240155342311315+0j)"], ["0j"], ["0j"], ["0j"], ["0j"], ["0j"], ["(0.0010271171550856762+0j)"], ["0j"], ["0j"], ["0j"], ["0j"], ["0j"], ["(-0.028137110782978998+0j)"], ["0j"], ["0j"], ["(-0.0057797721325797+0j)"], ["0j"], ["0j"], ["(0.005779772132579709+0j)"], ["0j"], ["0j"], ["(-0.0395883344300584+0j)"], ["0j"], ["0j"], ["0j"], ["0j"], ["0j"], ["0j"], ["0j"], ["0j"], ["0j"], ["0j"], ["0j"], ["0j"], ["0j"], ["0j"], ["(0.00012768116389845876+0j)"], ["0j"], ["0j"], ["(0.0018787315314924835+0j)"], ["0j"], ["0j"], ["0j"], ["0j"], ["0j"], ["0j"], ["0j"], ["0j"], ["0j"], ["0j"], ["0j"], ["(0.024851047872836082+0j)"], ["0j"], ["0j"], ["0j"], ["0j"], ["0j"], ["0j"], ["0j"], ["0j"], ["(0.0037544748255909986+0j)"], ["0j"], ["0j"], ["(0.01609587605859394+0j)"], ["0j"], ["0j"], ["(-0.04094692393143003+0j)"], ["0j"], ["0j"], ["(-0.004573393034349921+0j)"], ["0j"], ["0j"], ["0j"], ["0j"], ["0j"], ["(-0.0013254666439029685+0j)"], ["0j"], ["0j"], ["0j"], ["0j"], ["0j"], ["(-0.012653704252045024+0j)"], ["0j"], ["0j"], ["0j"], ["0j"], ["0j"], ["0j"], ["0j"], ["0j"], ["0j"], ["0j"], ["0j"], ["0j"], ["0j"], ["0j"], ["(-0.00012768116389845832+0j)"], ["0j"], ["0j"], ["0j"], ["0j"], ["0j"], ["(-0.0018787315314924909+0j)"], ["0j"], ["0j"], ["0j"], ["0j"], ["0j"], ["(-0.0037544748255909973+0j)"], ["0j"], ["0j"], ["(-0.04094692393143003+0j)"], ["0j"], ["0j"], ["(0.016095876058593944+0j)"], ["0j"], ["0j"], ["(0.004573393034349921+0j)"], ["0j"], ["0j"], ["0j"], ["0j"], ["0j"], ["0j"], ["0j"], ["0j"], ["(0.024851047872836082+0j)"], ["0j"], ["0j"], ["0j"], ["0j"], ["0j"], ["0j"], ["0j"], ["0j"], ["0j"], ["0j"], ["0j"], ["(0.0013254666439029787+0j)"], ["0j"], ["0j"], ["(0.012653704252045024+0j)"], ["0j"], ["0j"], ["0j"], ["0j"], ["0j"], ["0j"], ["0j"], ["0j"], ["0j"], ["0j"], ["0j"], ["0j"], ["0j"], ["0j"], ["(-0.01545602887033953+0j)"], ["0j"], ["0j"], ["(0.01153488155062873+0j)"], ["0j"], ["0j"], ["(-0.011534881550628715+0j)"], ["0j"], ["0j"], ["(-0.233230812863766+0j)"], ["0j"], ["0j"], ["0j"], ["0j"], ["0j"], ["(0.005740369314164021+0j)"], ["0j"], ["0j"], ["0j"], ["0j"], ["0j"], ["(-0.026355324913078355+0j)"], ["0j"], ["0j"], ["0j"], ["0j"], ["0j"], ["0j"], ["0j"], ["0j"], ["(-0.005740369314164023+0j)"], ["0j"], ["0j"], ["(0.026355324913078484+0j)"], ["0j"], ["0j"], ["0j"], ["0j"], ["0j"], ["0j"], ["0j"], ["0j"], ["0j"], ["0j"], ["0j"], ["(0.9672699853322948+0j)"], ["0j"], ["0j"], ["0j"], ["0j"], ["0j"], ["0j"], ["0j"], ["0j"], ["0j"], ["0j"], ["0j"], ["0j"], ["0j"], ["0j"], ["0j"]], "hf_energy": -1.782713610941268}