{"geometry": [["H", [0.0, 0.0, 0.0]], ["H", [0.9722, 0.0, 0.0]], ["H", [-0.3197, -0.3271, 0.0]], ["H", [0.5622, -0.9262, -0.5689]]], "multiplicity": 1, "canonical_orbitals": [[0.4702848539899444, 0.32087711965502735, 0.2960506996861404, 1.991867209631083], [0.18085802085686536, -0.6562963961255387, 0.820907514716915, -0.6699141905266195], [0.3900060718608615, 0.511326915022728, -0.31887471004789686, -1.8014456608067886], [0.1593685675420015, -0.6536592956458288, -0.8886382082726988, 0.26417118016465846]], "canonical_to_oao": [[0.6428858511529599, 0.35551264562209717, 0.6000509737385559, 0.31661865091229857], [0.25301976124680353, -0.6129824587433328, 0.4192603852096304, -0.6200437364295045], [0.17730434430117578, 0.6519982933613273, -0.2021813327725422, -0.7089316635784897], [0.7008865473797299, -0.26974337717481023, -0.6506014655590634, 0.11275766574761087]], "orbital_energies": [-0.8109960548578411, -0.28593400718716566, 0.28208503957343267, 1.3345034613038553], "exact_energy": -1.8215974397391341, "ground_states": [["0j"], ["0j"], ["0j"], ["0j"], ["0j"], ["0j"], ["0j"], ["0j"], ["0j"], ["0j"], ["0j"], ["0j"], ["0j"], ["0j"], ["0j"], ["(-0.018940538597074955+0j)"], ["0j"], ["0j"], ["0j"], ["0j"], ["0j"], ["0j"], ["0j"], ["0j"], ["0j"], ["0j"], ["0j"], ["(-0.0010844244361402737+0j)"], ["0j"], ["0j"], ["(-0.0029684490939950736+0j)"], ["0j"], ["0j"], ["0j"], ["0j"], ["0j"], ["0j"], ["0j"], ["0j"], ["(0.0010844244361403195+0j)"], ["0j"], ["0j"], ["0j"], ["0j"], ["0j"], ["(0.002968449093995121+0j)"], ["0j"], ["0j"], ["0j"], ["0j"], ["0j"], ["(0.03636008604475044+0j)"], ["0j"], ["0j"], ["(-0.012673134967015507+0j)"], ["0j"], ["0j"], ["(0.012673134967015503+0j)"], ["0j"], ["0j"], ["(0.034756159377405664+0j)"], ["0j"], ["0j"], ["0j"], ["0j"], ["0j"], ["0j"], ["0j"], ["0j"], ["0j"], ["0j"], ["0j"], ["0j"], ["0j"], ["0j"], ["(0.0005176443688151064+0j)"], ["0j"], ["0j"], ["(0.0008022581022876527+0j)"], ["0j"], ["0j"], ["0j"], ["0j"], ["0j"], ["0j"], ["0j"], ["0j"], ["0j"], ["0j"], ["0j"], ["(-0.014985728763674658+0j)"], ["0j"], ["0j"], ["0j"], ["0j"], ["0j"], ["0j"], ["0j"], ["0j"], ["(0.022009447269402616+0j)"], ["0j"], ["0j"], ["(-0.017888736114578096+0j)"], ["0j"], ["0j"], ["(0.032874464878252754+0j)"], ["0j"], ["0j"], ["(-0.08187582839250371+0j)"], ["0j"], ["0j"], ["0j"], ["0j"], ["0j"], ["(-0.00022094634244377683+0j)"], ["0j"], ["0j"], ["0j"], ["0j"], ["0j"], ["(-0.00045913150095471976+0j)"], ["0j"], ["0j"], ["0j"], ["0j"], ["0j"], ["0j"], ["0j"], ["0j"], ["0j"], ["0j"], ["0j"], ["0j"], ["0j"], ["0j"], ["(-0.0005176443688151089+0j)"], ["0j"], ["0j"], ["0j"], ["0j"], ["0j"], ["(-0.0008022581022876578+0j)"], ["0j"], ["0j"], ["0j"], ["0j"], ["0j"], ["(-0.022009447269402627+0j)"], ["0j"], ["0j"], ["(0.03287446487825274+0j)"], ["0j"], ["0j"], ["(-0.017888736114578085+0j)"], ["0j"], ["0j"], ["(0.08187582839250374+0j)"], ["0j"], ["0j"], ["0j"], ["0j"], ["0j"], ["0j"], ["0j"], ["0j"], ["(-0.014985728763674657+0j)"], ["0j"], ["0j"], ["0j"], ["0j"], ["0j"], ["0j"], ["0j"], ["0j"], ["0j"], ["0j"], ["0j"], ["(0.00022094634244378077+0j)"], ["0j"], ["0j"], ["(0.0004591315009547267+0j)"], ["0j"], ["0j"], ["0j"], ["0j"], ["0j"], ["0j"], ["0j"], ["0j"], ["0j"], ["0j"], ["0j"], ["0j"], ["0j"], ["0j"], ["(0.023657334868839835+0j)"], ["0j"], ["0j"], ["(0.021903019494870394+0j)"], ["0j"], ["0j"], ["(-0.02190301949487037+0j)"], ["0j"], ["0j"], ["(0.3084923641452036+0j)"], ["0j"], ["0j"], ["0j"], ["0j"], ["0j"], ["(0.0066217049411368455+0j)"], ["0j"], ["0j"], ["0j"], ["0j"], ["0j"], ["(0.012778832485042179+0j)"], ["0j"], ["0j"], ["0j"], ["0j"], ["0j"], ["0j"], ["0j"], ["0j"], ["(-0.006621704941136837+0j)"], ["0j"], ["0j"], ["(-0.01277883248504224+0j)"], ["0j"], ["0j"], ["0j"], ["0j"], ["0j"], ["0j"], ["0j"], ["0j"], ["0j"], ["0j"], ["0j"], ["(-0.9391698134085269+0j)"], ["0j"], ["0j"], ["0j"], ["0j"], ["0j"], ["0j"], ["0j"], ["0j"], ["0j"], ["0j"], ["0j"], ["0j"], ["0j"], ["0j"], ["0j"]], "hf_energy": -1.7364175926519758}