{"geometry": [["H", [0.0, 0.0, 0.0]], ["H", [0.7032, 0.0, 0.0]], ["H", [0.363, -0.3393, 0.0]], ["H", [0.1076, 0.4734, -0.2322]]], "multiplicity": 1, "canonical_orbitals": [[0.35980033166639963, 0.557814026697798, 1.0131841281735094, 2.188896188780908], [0.27184595460552213, -0.6158475487143236, -1.2591626845619968, 1.3614504332702866], [0.3324043051316732, -0.73384866460347, 0.7853226395383986, -2.246557257030802], [0.14509501761494803, 0.8997573659477618, -0.7171221013572441, -1.453841168408847]], "canonical_to_oao": [[0.5433160839161159, 0.49424886329051687, 0.54892922158425, 0.3990017591251932], [0.33916632711511807, -0.437431456742328, -0.4508399997613972, 0.7002593932384402], [0.509004871053758, -0.6539099076952, 0.38221539834779494, -0.4089343017251504], [0.5750546728380193, 0.3698291692205625, -0.5910426326178904, -0.42802700296698204]], "orbital_energies": [-1.1289087594163556, -0.23796826743805446, 0.5483710552044992, 1.8754725805844248], "exact_energy": -1.1225993397783958, "ground_states": [["0j"], ["0j"], ["0j"], ["0j"], ["0j"], ["0j"], ["0j"], ["0j"], ["0j"], ["0j"], ["0j"], ["0j"], ["0j"], ["0j"], ["0j"], ["(0.0058895054868731015+0j)"], ["0j"], ["0j"], ["0j"], ["0j"], ["0j"], ["0j"], ["0j"], ["0j"], ["0j"], ["0j"], ["0j"], ["(0.0013098498328668329+0j)"], ["0j"], ["0j"], ["(0.00024912791556719327+0j)"], ["0j"], ["0j"], ["0j"], ["0j"], ["0j"], ["0j"], ["0j"], ["0j"], ["(-0.0013098498328668034+0j)"], ["0j"], ["0j"], ["0j"], ["0j"], ["0j"], ["(-0.0002491279155672143+0j)"], ["0j"], ["0j"], ["0j"], ["0j"], ["0j"], ["(-0.01803793136718164+0j)"], ["0j"], ["0j"], ["(-0.0018175528350184076+0j)"], ["0j"], ["0j"], ["(0.0018175528350184076+0j)"], ["0j"], ["0j"], ["(-0.050717173624928745+0j)"], ["0j"], ["0j"], ["0j"], ["0j"], ["0j"], ["0j"], ["0j"], ["0j"], ["0j"], ["0j"], ["0j"], ["0j"], ["0j"], ["0j"], ["(-0.0008797177823667318+0j)"], ["0j"], ["0j"], ["(0.0006702781172999168+0j)"], ["0j"], ["0j"], ["0j"], ["0j"], ["0j"], ["0j"], ["0j"], ["0j"], ["0j"], ["0j"], ["0j"], ["(0.014747210471996099+0j)"], ["0j"], ["0j"], ["0j"], ["0j"], ["0j"], ["0j"], ["0j"], ["0j"], ["(0.0003981455787508525+0j)"], ["0j"], ["0j"], ["(0.023168146709362927+0j)"], ["0j"], ["0j"], ["(-0.03791535718135901+0j)"], ["0j"], ["0j"], ["(0.009583954082929787+0j)"], ["0j"], ["0j"], ["0j"], ["0j"], ["0j"], ["(-0.0010448817535234107+0j)"], ["0j"], ["0j"], ["0j"], ["0j"], ["0j"], ["(-0.0005997880239273781+0j)"], ["0j"], ["0j"], ["0j"], ["0j"], ["0j"], ["0j"], ["0j"], ["0j"], ["0j"], ["0j"], ["0j"], ["0j"], ["0j"], ["0j"], ["(0.0008797177823667326+0j)"], ["0j"], ["0j"], ["0j"], ["0j"], ["0j"], ["(-0.0006702781172999212+0j)"], ["0j"], ["0j"], ["0j"], ["0j"], ["0j"], ["(-0.0003981455787508592+0j)"], ["0j"], ["0j"], ["(-0.037915357181359015+0j)"], ["0j"], ["0j"], ["(0.02316814670936292+0j)"], ["0j"], ["0j"], ["(-0.00958395408292981+0j)"], ["0j"], ["0j"], ["0j"], ["0j"], ["0j"], ["0j"], ["0j"], ["0j"], ["(0.014747210471996099+0j)"], ["0j"], ["0j"], ["0j"], ["0j"], ["0j"], ["0j"], ["0j"], ["0j"], ["0j"], ["0j"], ["0j"], ["(0.0010448817535234117+0j)"], ["0j"], ["0j"], ["(0.0005997880239273822+0j)"], ["0j"], ["0j"], ["0j"], ["0j"], ["0j"], ["0j"], ["0j"], ["0j"], ["0j"], ["0j"], ["0j"], ["0j"], ["0j"], ["0j"], ["(-0.033064495732719724+0j)"], ["0j"], ["0j"], ["(0.008543494331425256+0j)"], ["0j"], ["0j"], ["(-0.00854349433142525+0j)"], ["0j"], ["0j"], ["(-0.1030871628522535+0j)"], ["0j"], ["0j"], ["0j"], ["0j"], ["0j"], ["(-0.0014186593037594692+0j)"], ["0j"], ["0j"], ["0j"], ["0j"], ["0j"], ["(-0.023102580453561176+0j)"], ["0j"], ["0j"], ["0j"], ["0j"], ["0j"], ["0j"], ["0j"], ["0j"], ["(0.0014186593037594684+0j)"], ["0j"], ["0j"], ["(0.023102580453561297+0j)"], ["0j"], ["0j"], ["0j"], ["0j"], ["0j"], ["0j"], ["0j"], ["0j"], ["0j"], ["0j"], ["0j"], ["(0.9897205951072109+0j)"], ["0j"], ["0j"], ["0j"], ["0j"], ["0j"], ["0j"], ["0j"], ["0j"], ["0j"], ["0j"], ["0j"], ["0j"], ["0j"], ["0j"], ["0j"]], "hf_energy": -1.0912234955473568}