{"geometry": [["H", [0.0, 0.0, 0.0]], ["H", [0.644, 0.0, 0.0]], ["H", [-0.404, -0.2115, 0.0]], ["H", [-0.7206, -0.3154, 1.09]]], "multiplicity": 1, "canonical_orbitals": [[0.5337003150848704, 0.24688981460954995, 0.2450775710727183, 2.5320387644861038], [0.21153335669951828, 0.6277640184834599, -0.8291109057508077, -1.1752666793397144], [0.3244951667843173, -0.4623833746965801, 0.7867839364083407, -1.8718754656786099], [0.06390698831212135, -0.7438824916950794, -0.7846549818890002, 0.21253054419739897]], "canonical_to_oao": [[0.6608948224711182, 0.4481733628196205, 0.5679031353994553, 0.19961137065130505], [0.13141609708991292, 0.5564568836697421, -0.3277124409949303, -0.752123727892797], [0.15041142130304577, -0.5810473730872671, 0.5022944470939377, -0.6224633667844086], [0.7234115339128372, -0.38971826195843084, -0.5637294326529415, 0.083693223493716]], "orbital_energies": [-0.9265584213227359, -0.2494086084413293, 0.32465010546237744, 1.6539528055520096], "exact_energy": -1.734003451334612, "ground_states": [["0j"], ["0j"], ["0j"], ["0j"], ["0j"], ["0j"], ["0j"], ["0j"], ["0j"], ["0j"], ["0j"], ["0j"], ["0j"], ["0j"], ["0j"], ["(0.011676829958778875+0j)"], ["0j"], ["0j"], ["0j"], ["0j"], ["0j"], ["0j"], ["0j"], ["0j"], ["0j"], ["0j"], ["0j"], ["(-0.001474153799438542+0j)"], ["0j"], ["0j"], ["(-0.0016628622166472429+0j)"], ["0j"], ["0j"], ["0j"], ["0j"], ["0j"], ["0j"], ["0j"], ["0j"], ["(0.001474153799438535+0j)"], ["0j"], ["0j"], ["0j"], ["0j"], ["0j"], ["(0.0016628622166472774+0j)"], ["0j"], ["0j"], ["0j"], ["0j"], ["0j"], ["(-0.029920614251828032+0j)"], ["0j"], ["0j"], ["(0.0006498258088162246+0j)"], ["0j"], ["0j"], ["(-0.0006498258088162384+0j)"], ["0j"], ["0j"], ["(-0.0323850558786461+0j)"], ["0j"], ["0j"], ["0j"], ["0j"], ["0j"], ["0j"], ["0j"], ["0j"], ["0j"], ["0j"], ["0j"], ["0j"], ["0j"], ["0j"], ["(0.0022703927819098997+0j)"], ["0j"], ["0j"], ["(-0.001309348425524731+0j)"], ["0j"], ["0j"], ["0j"], ["0j"], ["0j"], ["0j"], ["0j"], ["0j"], ["0j"], ["0j"], ["0j"], ["(0.023032744499839275+0j)"], ["0j"], ["0j"], ["0j"], ["0j"], ["0j"], ["0j"], ["0j"], ["0j"], ["(-0.0029023510002639426+0j)"], ["0j"], ["0j"], ["(0.014243309849739798+0j)"], ["0j"], ["0j"], ["(-0.037276054349579035+0j)"], ["0j"], ["0j"], ["(0.006432790241475914+0j)"], ["0j"], ["0j"], ["0j"], ["0j"], ["0j"], ["(0.0012008822507753303+0j)"], ["0j"], ["0j"], ["0j"], ["0j"], ["0j"], ["(-0.022043747366545942+0j)"], ["0j"], ["0j"], ["0j"], ["0j"], ["0j"], ["0j"], ["0j"], ["0j"], ["0j"], ["0j"], ["0j"], ["0j"], ["0j"], ["0j"], ["(-0.0022703927819099127+0j)"], ["0j"], ["0j"], ["0j"], ["0j"], ["0j"], ["(0.0013093484255247134+0j)"], ["0j"], ["0j"], ["0j"], ["0j"], ["0j"], ["(0.002902351000263938+0j)"], ["0j"], ["0j"], ["(-0.03727605434957907+0j)"], ["0j"], ["0j"], ["(0.014243309849739807+0j)"], ["0j"], ["0j"], ["(-0.006432790241475875+0j)"], ["0j"], ["0j"], ["0j"], ["0j"], ["0j"], ["0j"], ["0j"], ["0j"], ["(0.023032744499839258+0j)"], ["0j"], ["0j"], ["0j"], ["0j"], ["0j"], ["0j"], ["0j"], ["0j"], ["0j"], ["0j"], ["0j"], ["(-0.0012008822507753186+0j)"], ["0j"], ["0j"], ["(0.02204374736654595+0j)"], ["0j"], ["0j"], ["0j"], ["0j"], ["0j"], ["0j"], ["0j"], ["0j"], ["0j"], ["0j"], ["0j"], ["0j"], ["0j"], ["0j"], ["(-0.008599315074626121+0j)"], ["0j"], ["0j"], ["(0.004422993662151586+0j)"], ["0j"], ["0j"], ["(-0.0044229936621515645+0j)"], ["0j"], ["0j"], ["(-0.3137601239917133+0j)"], ["0j"], ["0j"], ["0j"], ["0j"], ["0j"], ["(0.007972484599866905+0j)"], ["0j"], ["0j"], ["0j"], ["0j"], ["0j"], ["(0.036140396174170475+0j)"], ["0j"], ["0j"], ["0j"], ["0j"], ["0j"], ["0j"], ["0j"], ["0j"], ["(-0.007972484599866906+0j)"], ["0j"], ["0j"], ["(-0.03614039617416993+0j)"], ["0j"], ["0j"], ["0j"], ["0j"], ["0j"], ["0j"], ["0j"], ["0j"], ["0j"], ["0j"], ["0j"], ["(0.9440747730204396+0j)"], ["0j"], ["0j"], ["0j"], ["0j"], ["0j"], ["0j"], ["0j"], ["0j"], ["0j"], ["0j"], ["0j"], ["0j"], ["0j"], ["0j"], ["0j"]], "hf_energy": -1.6574559294966766}