{"geometry": [["H", [0.0, 0.0, 0.0]], ["H", [0.5525, 0.0, 0.0]], ["H", [0.2246, -0.4757, 0.0]], ["H", [-0.4947, -0.164, -1.1361]]], "multiplicity": 1, "canonical_orbitals": [[0.36634178661482913, 0.29985486186928495, 0.1007881509781573, 1.8378935147997795], [0.354292507606752, -0.5606018212987844, 1.3587574706372614, -0.8602267941853415], [0.370748245713923, -0.055635073042615585, -1.5351194684409528, -0.8549342537737694], [-0.02891211092125308, 0.9558421816465602, 0.26796312598965966, -0.41999372514505157]], "canonical_to_oao": [[0.5746246413801614, 0.5709048433606364, 0.5777380347945849, 0.10046364764321664], [0.16896793608537625, -0.31348334146876516, -0.020732784874274744, 0.9342099243895786], [0.044598555383476124, 0.6564184757052427, -0.7271068629436872, 0.19606469205520333], [0.7995419482125226, -0.3806713007329969, -0.37027628150239134, -0.2805664078316135]], "orbital_energies": [-1.1447577627632721, -0.10071484920449963, 0.551655670671737, 0.680494932923329], "exact_energy": -1.4200581763328834, "ground_states": [["0j"], ["0j"], ["0j"], ["0j"], ["0j"], ["0j"], ["0j"], ["0j"], ["0j"], ["0j"], ["0j"], ["0j"], ["0j"], ["0j"], ["0j"], ["(-0.00614155006770652+0j)"], ["0j"], ["0j"], ["0j"], ["0j"], ["0j"], ["0j"], ["0j"], ["0j"], ["0j"], ["0j"], ["0j"], ["(0.002403820836209631+0j)"], ["0j"], ["0j"], ["(-0.0025385962853591293+0j)"], ["0j"], ["0j"], ["0j"], ["0j"], ["0j"], ["0j"], ["0j"], ["0j"], ["(-0.0024038208362096003+0j)"], ["0j"], ["0j"], ["0j"], ["0j"], ["0j"], ["(0.0025385962853590373+0j)"], ["0j"], ["0j"], ["0j"], ["0j"], ["0j"], ["(0.046947674282895806+0j)"], ["0j"], ["0j"], ["(-0.0051094347415106545+0j)"], ["0j"], ["0j"], ["(0.005109434741510658+0j)"], ["0j"], ["0j"], ["(0.05638462453844807+0j)"], ["0j"], ["0j"], ["0j"], ["0j"], ["0j"], ["0j"], ["0j"], ["0j"], ["0j"], ["0j"], ["0j"], ["0j"], ["0j"], ["0j"], ["(0.0036727553398115866+0j)"], ["0j"], ["0j"], ["(-0.000284199132031569+0j)"], ["0j"], ["0j"], ["0j"], ["0j"], ["0j"], ["0j"], ["0j"], ["0j"], ["0j"], ["0j"], ["0j"], ["(0.0021545642529931385+0j)"], ["0j"], ["0j"], ["0j"], ["0j"], ["0j"], ["0j"], ["0j"], ["0j"], ["(0.0034588641885914453+0j)"], ["0j"], ["0j"], ["(-0.012518863335963505+0j)"], ["0j"], ["0j"], ["(0.010364299082970362+0j)"], ["0j"], ["0j"], ["(-0.024823340838361792+0j)"], ["0j"], ["0j"], ["0j"], ["0j"], ["0j"], ["(0.002045384868318188+0j)"], ["0j"], ["0j"], ["0j"], ["0j"], ["0j"], ["(-0.004485312077882986+0j)"], ["0j"], ["0j"], ["0j"], ["0j"], ["0j"], ["0j"], ["0j"], ["0j"], ["0j"], ["0j"], ["0j"], ["0j"], ["0j"], ["0j"], ["(-0.0036727553398115875+0j)"], ["0j"], ["0j"], ["0j"], ["0j"], ["0j"], ["(0.00028419913203157074+0j)"], ["0j"], ["0j"], ["0j"], ["0j"], ["0j"], ["(-0.003458864188591455+0j)"], ["0j"], ["0j"], ["(0.010364299082970378+0j)"], ["0j"], ["0j"], ["(-0.012518863335963517+0j)"], ["0j"], ["0j"], ["(0.024823340838361813+0j)"], ["0j"], ["0j"], ["0j"], ["0j"], ["0j"], ["0j"], ["0j"], ["0j"], ["(0.0021545642529931393+0j)"], ["0j"], ["0j"], ["0j"], ["0j"], ["0j"], ["0j"], ["0j"], ["0j"], ["0j"], ["0j"], ["0j"], ["(-0.0020453848683181994+0j)"], ["0j"], ["0j"], ["(0.0044853120778829995+0j)"], ["0j"], ["0j"], ["0j"], ["0j"], ["0j"], ["0j"], ["0j"], ["0j"], ["0j"], ["0j"], ["0j"], ["0j"], ["0j"], ["0j"], ["(0.05115952903053046+0j)"], ["0j"], ["0j"], ["(0.04618367752921244+0j)"], ["0j"], ["0j"], ["(-0.046183677529212507+0j)"], ["0j"], ["0j"], ["(0.046330860732776535+0j)"], ["0j"], ["0j"], ["0j"], ["0j"], ["0j"], ["(0.023729338870813837+0j)"], ["0j"], ["0j"], ["0j"], ["0j"], ["0j"], ["(-0.02985226628268757+0j)"], ["0j"], ["0j"], ["0j"], ["0j"], ["0j"], ["0j"], ["0j"], ["0j"], ["(-0.023729338870813833+0j)"], ["0j"], ["0j"], ["(0.029852266282687306+0j)"], ["0j"], ["0j"], ["0j"], ["0j"], ["0j"], ["0j"], ["0j"], ["0j"], ["0j"], ["0j"], ["0j"], ["(-0.9903002027693569+0j)"], ["0j"], ["0j"], ["0j"], ["0j"], ["0j"], ["0j"], ["0j"], ["0j"], ["0j"], ["0j"], ["0j"], ["0j"], ["0j"], ["0j"], ["0j"]], "hf_energy": -1.393800487141705}