{"geometry": [["H", [0.0, 0.0, 0.0]], ["H", [0.7492, 0.0, 0.0]], ["H", [-0.0993, 0.4714, 0.0]], ["H", [0.1907, 0.0631, 1.0857]]], "multiplicity": 3, "canonical_orbitals": [[0.49469757344398024, 0.26800391527758893, 0.13281697342370802, 1.9497799342999476], [0.15995747628783802, -0.16965713499979176, -1.1914159673521558, -0.5590232607537642], [0.4112290770468614, 0.4203234450641471, 0.5948108074721966, -1.57178742334945], [0.057457956167050156, -1.063525871244738, 0.35552234514369907, -0.05325266533849243]], "canonical_to_oao": [[0.6475271858852949, 0.3906201768804481, 0.6116813489059206, 0.23231519182780658], [0.15962576817398785, -0.15274230852338896, 0.2830330742507398, -0.9333175666417011], [0.06466109711836787, -0.8777960229798084, 0.388593948630881, 0.2725579344795164], [0.742325467833203, -0.23142991734359591, -0.6282777645025086, -0.025693263636282732]], "orbital_energies": [-0.8876689634589399, 0.003024920222934197, 0.12982139845720359, 1.0644603512110726], "exact_energy": -1.623544610606319, "ground_states": [["0j", "0j", "0j"], ["0j", "0j", "0j"], ["0j", "0j", "0j"], ["0j", "0j", "0j"], ["0j", "0j", "0j"], ["0j", "0j", "0j"], ["0j", "0j", "0j"], ["0j", "0j", "0j"], ["0j", "0j", "0j"], ["0j", "0j", "0j"], ["0j", "0j", "0j"], ["0j", "0j", "0j"], ["0j", "0j", "0j"], ["0j", "0j", "0j"], ["0j", "0j", "0j"], ["0j", "0j", "0j"], ["0j", "0j", "0j"], ["0j", "0j", "0j"], ["0j", "0j", "0j"], ["0j", "0j", "0j"], ["0j", "0j", "0j"], ["0j", "0j", "0j"], ["0j", "0j", "0j"], ["(-0.02177899999572388+0.027044088204427132j)", "(0.014568653604640715+0.034015911178662164j)", "(-0.012145175464069022+0.009562473772084336j)"], ["0j", "0j", "0j"], ["0j", "0j", "0j"], ["0j", "0j", "0j"], ["(-0.023145580163400816+0.0028107335363282736j)", "(0.007334379890771654-0.01034093985823561j)", "(0.02641611312060012-0.004969973178654499j)"], ["0j", "0j", "0j"], ["(-0.0031640626140371293+0.003928976924337717j)", "(0.0021165403469558214+0.004941846405433919j)", "(-0.001764456386166814+0.0013892403584142114j)"], ["(-0.0033625999765645102+0.0004083445935103951j)", "(0.0010655419079890255-0.0015023362507863105j)", "(0.0038377444303906126-0.000722039870078309j)"], ["0j", "0j", "0j"], ["0j", "0j", "0j"], ["0j", "0j", "0j"], ["0j", "0j", "0j"], ["0j", "0j", "0j"], ["0j", "0j", "0j"], ["0j", "0j", "0j"], ["0j", "0j", "0j"], ["(-0.023145580163394422+0.002810733536328143j)", "(0.007334379890771685-0.010340939858235493j)", "(0.026416113120600167-0.004969973178654565j)"], ["0j", "0j", "0j"], ["0j", "0j", "0j"], ["0j", "0j", "0j"], ["(-0.0171893302481685-0.015392336378991392j)", "(0.0291790855608677-0.01682669316976884j)", "(-0.03020539395511275-0.015132927745814918j)"], ["0j", "0j", "0j"], ["(-0.0033625999765632374+0.0004083445935103729j)", "(0.0010655419079890563-0.0015023362507862739j)", "(0.0038377444303906113-0.0007220398700783226j)"], ["(-0.002497273392223986-0.0022362053395019277j)", "(0.004239150271043649-0.002444589319380742j)", "(-0.004388252801983565-0.002198518340183637j)"], ["0j", "0j", "0j"], ["0j", "0j", "0j"], ["0j", "0j", "0j"], ["0j", "0j", "0j"], ["0j", "0j", "0j"], ["0j", "0j", "0j"], ["(0.00025189026069549276-0.00031278490423905877j)", "(-0.00016849726595231424-0.0003934191990573665j)", "(0.00014046794684960184-0.00011059708948147274j)"], ["(0.0002676957721866074-3.250821448874056e-05j)", "(-8.482753400473741e-05+0.0001196006261646233j)", "(-0.0003055219074253091+5.748141971010627e-05j)"], ["0j", "0j", "0j"], ["0j", "0j", "0j"], ["(0.00026769577218652287-3.2508214488742456e-05j)", "(-8.482753400473868e-05+0.00011960062616459335j)", "(-0.0003055219074253182+5.7481419710133856e-05j)"], ["(0.00019880733175270024+0.00017802376711411095j)", "(-0.000337477729474539+0.00019461316543496654j)", "(0.00034934774595973535+0.00017502351419843238j)"], ["0j", "0j", "0j"], ["0j", "0j", "0j"], ["0j", "0j", "0j"], ["0j", "0j", "0j"], ["0j", "0j", "0j"], ["0j", "0j", "0j"], ["0j", "0j", "0j"], ["0j", "0j", "0j"], ["0j", "0j", "0j"], ["0j", "0j", "0j"], ["0j", "0j", "0j"], ["0j", "0j", "0j"], ["(0.008826519867204627-0.010960337107933232j)", "(-0.005904334932964386-0.013785854074038262j)", "(0.004922155863232429-0.0038754472081131996j)"], ["0j", "0j", "0j"], ["0j", "0j", "0j"], ["0j", "0j", "0j"], ["(0.009380362881231452-0.001139124634036952j)", "(-0.0029724528138221577+0.0041909413252309916j)", "(-0.010705833478078934+0.002014214013934576j)"], ["0j", "0j", "0j"], ["(0.005777415958064375-0.007174110234365003j)", "(-0.003864694055718334-0.009023557927833659j)", "(0.0032218068117627636-0.0025366816006363617j)"], ["(0.006139934993384925-0.000745616272089524j)", "(-0.0019456248419013904+0.002743188896188268j)", "(-0.007007524382338689+0.0013184077487096908j)"], ["0j", "0j", "0j"], ["0j", "0j", "0j"], ["0j", "0j", "0j"], ["0j", "0j", "0j"], ["(-0.00609841563960439+0.007572711809408183j)", "(0.004079420772669245+0.009524916881770403j)", "(-0.003400813995608627+0.0026776224627593475j)"], ["0j", "0j", "0j"], ["0j", "0j", "0j"], ["(-0.010506332136821707+0.013046245147573335j)", "(0.007028013847592369+0.016409498179430552j)", "(-0.005858912131435746+0.004612999931993672j)"], ["0j", "0j", "0j"], ["0j", "0j", "0j"], ["(0.016690744584642498-0.020725743552654552j)", "(-0.01116496057233732-0.026068730676725615j)", "(0.00930768270564509-0.007328380887944335j)"], ["(0.006572469539587936-0.0007981420392575174j)", "(-0.0020826865467854683+0.0029364358875060437j)", "(-0.007501177227520023+0.0014112844482042815j)"], ["0j", "0j", "0j"], ["(-0.0011219442124970407+0.001393174996518355j)", "(0.0007505035400530201+0.0017523281457918322j)", "(-0.0006256581718328843+0.000492610409470184j)"], ["0j", "0j", "0j"], ["0j", "0j", "0j"], ["0j", "0j", "0j"], ["0j", "0j", "0j"], ["0j", "0j", "0j"], ["0j", "0j", "0j"], ["(-0.00648107663730423+0.0007870435447021927j)", "(0.0020537259305507165-0.002895603534232725j)", "(0.007396870261437955-0.0013916599553272936j)"], ["0j", "0j", "0j"], ["(0.002542539432912394-0.003157200087259191j)", "(-0.0017007840709634433-0.003971109579649003j)", "(0.0014178606705128073-0.00111634908152296j)"], ["(-0.008463501651552869+0.001027783609607309j)", "(0.002681917492689951-0.00378130774648742j)", "(0.009659417281637522-0.0018173394621684177j)"], ["0j", "0j", "0j"], ["0j", "0j", "0j"], ["(0.020440126595392447-0.002482190936796017j)", "(-0.006477074776598994+0.009132202274711723j)", "(-0.023328371660228553+0.004389040163619207j)"], ["(0.006887848751882624+0.006167784514343711j)", "(-0.01169220238135302+0.006742538299888293j)", "(0.012103449177492788+0.006063838205531444j)"], ["0j", "0j", "0j"], ["(-0.0011923435288290136+0.00014479481264406902j)", "(0.00037783025264319977-0.0005327130551449982j)", "(0.0013608248881097906-0.0002560279464232688j)"], ["0j", "0j", "0j"], ["0j", "0j", "0j"], ["0j", "0j", "0j"], ["0j", "0j", "0j"], ["(-0.006844536132685325+0.008499207444192733j)", "(0.0045785240838017655+0.010690258193410124j)", "(-0.003816892066575372+0.003005220499735412j)"], ["(-0.0072740144070637435+0.000883335656023045j)", "(0.0023049923404694023-0.0032498708168196442j)", "(0.00830185227855045-0.001561924836147519j)"], ["0j", "0j", "0j"], ["(-0.0012908426863771651+0.00160290479247338j)", "(0.0008634850066395078+0.002016125174436546j)", "(-0.0007198453062876344+0.0005667684161252684j)"], ["0j", "0j", "0j"], ["0j", "0j", "0j"], ["0j", "0j", "0j"], ["(-0.0013718399780449503+0.00016659235178098135j)", "(0.0004347091529903503-0.0006129081495426016j)", "(0.0015656846701376848-0.00029457061988198637j)"], ["0j", "0j", "0j"], ["0j", "0j", "0j"], ["0j", "0j", "0j"], ["0j", "0j", "0j"], ["0j", "0j", "0j"], ["0j", "0j", "0j"], ["0j", "0j", "0j"], ["0j", "0j", "0j"], ["0j", "0j", "0j"], ["0j", "0j", "0j"], ["0j", "0j", "0j"], ["0j", "0j", "0j"], ["0j", "0j", "0j"], ["0j", "0j", "0j"], ["(0.009380362881229457-0.001139124634036916j)", "(-0.0029724528138221607+0.004190941325230954j)", "(-0.010705833478078956+0.0020142140139346033j)"], ["0j", "0j", "0j"], ["0j", "0j", "0j"], ["0j", "0j", "0j"], 