{"geometry": [["H", [0.0, 0.0, 0.0]], ["H", [1.207, 0.0, 0.0]], ["H", [0.0792, -0.5953, 0.0]], ["H", [-0.1955, -0.3158, 0.8902]]], "multiplicity": 1, "canonical_orbitals": [[0.4381705911258059, 0.12128308838965798, 0.4416798893330418, 1.4565537456335864], [0.08572467772308678, 0.8391456315688491, -0.6777275233007642, -0.12273793668792318], [0.4366367352983135, 0.019477534931452444, 0.595118748167228, -1.3756631122799354], [0.22979446617507698, -0.7285885326093735, -0.922707871783489, -0.035580312419215165]], "canonical_to_oao": [[0.6194365442607068, 0.2358930991963712, 0.6181370737151181, 0.4225628609861479], [0.08801905518183198, 0.7932444864526819, 0.020713630131057578, -0.6021517883093208], [0.2885439337897737, -0.556109821625022, 0.38596700656490035, -0.6771364223025086], [0.7247712824280341, -0.07654734976562219, -0.6844756923872731, -0.018442286800963607]], "orbital_energies": [-0.8534259845040838, -0.1539754871305501, 0.31260799595517763, 0.6981934237121775], "exact_energy": -1.8232731129918394, "ground_states": [["0j"], ["0j"], ["0j"], ["0j"], ["0j"], ["0j"], ["0j"], ["0j"], ["0j"], ["0j"], ["0j"], ["0j"], ["0j"], ["0j"], ["0j"], ["(0.025497889705601746+0.015198330797158677j)"], ["0j"], ["0j"], ["0j"], ["0j"], ["0j"], ["0j"], ["0j"], ["0j"], ["0j"], ["0j"], ["0j"], ["(0.006261363672538711+0.0037321628352482553j)"], ["0j"], ["0j"], ["(-0.000292777444560851-0.00017451359715497838j)"], ["0j"], ["0j"], ["0j"], ["0j"], ["0j"], ["0j"], ["0j"], ["0j"], ["(-0.006261363672537334-0.003732162835251349j)"], ["0j"], ["0j"], ["0j"], ["0j"], ["0j"], ["(0.00029277744456094885+0.00017451359715476729j)"], ["0j"], ["0j"], ["0j"], ["0j"], ["0j"], ["(-0.05550167086440491-0.033082453619953135j)"], ["0j"], ["0j"], ["(-0.004498179387602522-0.002681195154072976j)"], ["0j"], ["0j"], ["(0.004498179387602579+0.0026811951540728174j)"], ["0j"], ["0j"], ["(-0.022157928197380133-0.013207505656810852j)"], ["0j"], ["0j"], ["0j"], ["0j"], ["0j"], ["0j"], ["0j"], ["0j"], ["0j"], ["0j"], ["0j"], ["0j"], ["0j"], ["0j"], ["(0.018712723996045625+0.0111539493146899j)"], ["0j"], ["0j"], ["(0.001668378075169092+0.0009944572736767425j)"], ["0j"], ["0j"], ["0j"], ["0j"], ["0j"], ["0j"], ["0j"], ["0j"], ["0j"], ["0j"], ["0j"], ["(0.004107227176821071+0.0024481632799083332j)"], ["0j"], ["0j"], ["0j"], ["0j"], ["0j"], ["0j"], ["0j"], ["0j"], ["(-0.00992869888560794-0.005918123099251529j)"], ["0j"], ["0j"], ["(0.0007929488829108615+0.00047264693536828956j)"], ["0j"], ["0j"], ["(-0.004900176059731978-0.0029208102152765312j)"], ["0j"], ["0j"], ["(0.024949941225532186+0.01487171936554618j)"], ["0j"], ["0j"], ["0j"], ["0j"], ["0j"], ["(-0.0016075599655897468-0.0009582058913655854j)"], ["0j"], ["0j"], ["0j"], ["0j"], ["0j"], ["(-0.0428394621943411-0.025534988389998063j)"], ["0j"], ["0j"], ["0j"], ["0j"], ["0j"], ["0j"], ["0j"], ["0j"], ["0j"], ["0j"], ["0j"], ["0j"], ["0j"], ["0j"], ["(-0.018712723996045764-0.01115394931468962j)"], ["0j"], ["0j"], ["0j"], ["0j"], ["0j"], ["(-0.0016683780751689382-0.0009944572736769208j)"], ["0j"], ["0j"], ["0j"], ["0j"], ["0j"], ["(0.009928698885608996+0.005918123099249091j)"], ["0j"], ["0j"], ["(-0.004900176059731694-0.0029208102152770963j)"], ["0j"], ["0j"], ["(0.0007929488829107256+0.0004726469353686964j)"], ["0j"], ["0j"], ["(-0.024949941225533647-0.01487171936554293j)"], ["0j"], ["0j"], ["0j"], ["0j"], ["0j"], ["0j"], ["0j"], ["0j"], ["(0.00410722717682104+0.0024481632799082994j)"], ["0j"], ["0j"], ["0j"], ["0j"], ["0j"], ["0j"], ["0j"], ["0j"], ["0j"], ["0j"], ["0j"], ["(0.0016075599655895718+0.0009582058913658291j)"], ["0j"], ["0j"], ["(0.04283946219434187+0.025534988389996616j)"], ["0j"], ["0j"], ["0j"], ["0j"], ["0j"], ["0j"], ["0j"], ["0j"], ["0j"], ["0j"], ["0j"], ["0j"], ["0j"], ["0j"], ["(0.013021846497808286+0.0077618317809270395j)"], ["0j"], ["0j"], ["(0.022081049868685768+0.013161681383347307j)"], ["0j"], ["0j"], ["(-0.02208104986868625-0.01316168138334629j)"], ["0j"], ["0j"], ["(-0.3668110748219991-0.2186422531265905j)"], ["0j"], ["0j"], ["0j"], ["0j"], ["0j"], ["(0.0034159363846948316+0.002036110900003267j)"], ["0j"], ["0j"], ["0j"], ["0j"], ["0j"], ["(-0.07611552456080382-0.04536959467745741j)"], ["0j"], ["0j"], ["0j"], ["0j"], ["0j"], ["0j"], ["0j"], ["0j"], ["(-0.0034159363846953676-0.002036110900001978j)"], ["0j"], ["0j"], ["(0.0761155245607848+0.04536959467750025j)"], ["0j"], ["0j"], ["0j"], ["0j"], ["0j"], ["0j"], ["0j"], ["0j"], ["0j"], ["0j"], ["0j"], ["(0.7617719303811962+0.45406352931944843j)"], ["0j"], ["0j"], ["0j"], ["0j"], ["0j"], ["0j"], ["0j"], ["0j"], ["0j"], ["0j"], ["0j"], ["0j"], ["0j"], ["0j"], ["0j"]]}