{"geometry": [["H", [0.0, 0.0, 0.0]], ["H", [0.923, 0.0, 0.0]], ["H", [0.0942, 1.2003, 0.0]], ["H", [-0.3699, -0.0459, -0.245]]], "multiplicity": 1, "canonical_orbitals": [[0.5144514605563257, 0.21220326982303447, 0.09236748645246146, 2.1650986516605304], [0.17813436632179586, -0.6563557373252593, 0.8116027936614854, -0.6592674063386624], [0.11529785953345265, -0.7051503232910443, -0.8126697519109772, -0.10479743055157012], [0.3721456453856363, 0.5909458136588788, -0.2179658275451244, -1.824222274927636]], "canonical_to_oao": [[0.6661340886585576, 0.35913460099552963, 0.2628484807603019, 0.5984967756444619], [0.16182275797774026, -0.5842711888233948, -0.6512017049383849, 0.4564832005635192], [0.05563688363962714, 0.6828801648076626, -0.7107177087899373, -0.1595605092230265], [0.7259361598008327, -0.25164299471858426, -0.04156144920143259, -0.6387214894169115]], "orbital_energies": [-0.8001303896065787, -0.21282180802724993, 0.175558122928232, 1.401136249836323], "exact_energy": -1.7624334374610648, "ground_states": [["0j"], ["0j"], ["0j"], ["0j"], ["0j"], ["0j"], ["0j"], ["0j"], ["0j"], ["0j"], ["0j"], ["0j"], ["0j"], ["0j"], ["0j"], ["(-0.026188309655938716+0.008774301168168259j)"], ["0j"], ["0j"], ["0j"], ["0j"], ["0j"], ["0j"], ["0j"], ["0j"], ["0j"], ["0j"], ["0j"], ["(-6.518104484938966e-05+2.1838680141442857e-05j)"], ["0j"], ["0j"], ["(-0.007721571356221907+0.0025870853621748585j)"], ["0j"], ["0j"], ["0j"], ["0j"], ["0j"], ["0j"], ["0j"], ["0j"], ["(6.518104482724359e-05-2.183868012970162e-05j)"], ["0j"], ["0j"], ["0j"], ["0j"], ["0j"], ["(0.007721571356226442-0.002587085362177273j)"], ["0j"], ["0j"], ["0j"], ["0j"], ["0j"], ["(0.03269850499810127-0.010955519251588428j)"], ["0j"], ["0j"], ["(-0.0040826678587579275+0.0013678835263890969j)"], ["0j"], ["0j"], ["(0.004082667858760765-0.0013678835263906013j)"], ["0j"], ["0j"], ["(0.013937704746165075-0.004669779021347682j)"], ["0j"], ["0j"], ["0j"], ["0j"], ["0j"], ["0j"], ["0j"], ["0j"], ["0j"], ["0j"], ["0j"], ["0j"], ["0j"], ["0j"], ["(0.00037679351306713586-0.00012624334313010916j)"], ["0j"], ["0j"], ["(0.0025867535259831947-0.0008666826833409727j)"], ["0j"], ["0j"], ["0j"], ["0j"], ["0j"], ["0j"], ["0j"], ["0j"], ["0j"], ["0j"], ["0j"], ["(-0.011453360059226174+0.003837408059834034j)"], ["0j"], ["0j"], ["0j"], ["0j"], ["0j"], ["0j"], ["0j"], ["0j"], ["(0.017555084396490964-0.005881769367748892j)"], ["0j"], ["0j"], ["(-0.011634497010992922+0.003898097359309477j)"], ["0j"], ["0j"], ["(0.023087857070230904-0.007735505419149833j)"], ["0j"], ["0j"], ["(-0.09655063259451274+0.032348950332856466j)"], ["0j"], ["0j"], ["0j"], ["0j"], ["0j"], ["(-0.0015047275649058753+0.0005041536855169848j)"], ["0j"], ["0j"], ["0j"], ["0j"], ["0j"], ["(6.785717810049492e-05-2.2735309180402524e-05j)"], ["0j"], ["0j"], ["0j"], ["0j"], ["0j"], ["0j"], ["0j"], ["0j"], ["0j"], ["0j"], ["0j"], ["0j"], ["0j"], ["0j"], ["(-0.00037679351305587767+0.00012624334312413195j)"], ["0j"], ["0j"], ["0j"], ["0j"], ["0j"], ["(-0.002586753525992628+0.0008666826833460117j)"], ["0j"], ["0j"], ["0j"], ["0j"], ["0j"], ["(-0.017555084396491033+0.005881769367748919j)"], ["0j"], ["0j"], ["(0.02308785707020834-0.00773550541913782j)"], ["0j"], ["0j"], ["(-0.01163449701099718+0.0038980973593118187j)"], ["0j"], ["0j"], ["(0.0965506325945088-0.03234895033285437j)"], ["0j"], ["0j"], ["0j"], ["0j"], ["0j"], ["0j"], ["0j"], ["0j"], ["(-0.01145336005922292+0.003837408059832285j)"], ["0j"], ["0j"], ["0j"], ["0j"], ["0j"], ["0j"], ["0j"], ["0j"], ["0j"], ["0j"], ["0j"], ["(0.0015047275649162503-0.0005041536855225169j)"], ["0j"], ["0j"], ["(-6.785717815370291e-05+2.273530920851919e-05j)"], ["0j"], ["0j"], ["0j"], ["0j"], ["0j"], ["0j"], ["0j"], ["0j"], ["0j"], ["0j"], ["0j"], ["0j"], ["0j"], ["0j"], ["(0.013777767297426132-0.004616192540901223j)"], ["0j"], ["0j"], ["(-0.0019865596166452307+0.0006655898220989203j)"], ["0j"], ["0j"], ["(0.0019865596166445615-0.0006655898220985773j)"], ["0j"], ["0j"], ["(0.5141829149637511-0.17227517967718528j)"], ["0j"], ["0j"], ["0j"], ["0j"], ["0j"], ["(0.018735029488511884-0.006277105826470578j)"], ["0j"], ["0j"], ["0j"], ["0j"], ["0j"], ["(-0.0025110751494998836+0.0008413269090604958j)"], ["0j"], ["0j"], ["0j"], ["0j"], ["0j"], ["0j"], ["0j"], ["0j"], ["(-0.018735029488515048+0.00627710582647226j)"], ["0j"], ["0j"], ["(0.0025110751499943574-0.0008413269093230116j)"], ["0j"], ["0j"], ["0j"], ["0j"], ["0j"], ["0j"], ["0j"], ["0j"], ["0j"], ["0j"], ["0j"], ["(-0.7815352874536948+0.2618506530494849j)"], ["0j"], ["0j"], ["0j"], ["0j"], ["0j"], ["0j"], ["0j"], ["0j"], ["0j"], ["0j"], ["0j"], ["0j"], ["0j"], ["0j"], ["0j"]]}