{"geometry": [["H", [0.0, 0.0, 0.0]], ["H", [0.538, 0.0, 0.0]], ["H", [0.0078, 0.5838, 0.0]], ["H", [-0.2765, -0.2637, 0.3369]]], "multiplicity": 1, "canonical_orbitals": [[0.5575389120825246, 0.32691479063842477, 0.012997863321166148, 2.8035369123319427], [0.24127757156706509, -0.5882631284530233, -1.2012782871529664, -1.012713143861171], [0.20303858881785847, -0.7345124630737876, 1.1129287923989422, -0.8455801440172861], [0.09690413134098441, 1.0136405477406896, 0.1269621526157716, -1.4971087964644751]], "canonical_to_oao": [[0.6198140295131402, 0.49416925252656385, 0.4603302939018211, 0.3996540243664366], [0.1708501439425747, -0.376974808801202, -0.49092163996526494, 0.7666134392625222], [0.004136691673368664, -0.7185987456969131, 0.6898857180704328, 0.0875010083785677], [0.7659136275817842, -0.3119336244611298, -0.2667389359139806, -0.4948980390772755]], "orbital_energies": [-1.073687878942408, -0.13357655384648578, 0.40776772360632235, 1.5937884157099642], "exact_energy": -1.2171356969528477, "ground_states": [["0j"], ["0j"], ["0j"], ["0j"], ["0j"], ["0j"], ["0j"], ["0j"], ["0j"], ["0j"], ["0j"], ["0j"], ["0j"], ["0j"], ["0j"], ["(0.01008700005036436+0j)"], ["0j"], ["0j"], ["0j"], ["0j"], ["0j"], ["0j"], ["0j"], ["0j"], ["0j"], ["0j"], ["0j"], ["(-4.06558067722045e-05+0j)"], ["0j"], ["0j"], ["(0.003614578297564383+0j)"], ["0j"], ["0j"], ["0j"], ["0j"], ["0j"], ["0j"], ["0j"], ["0j"], ["(4.065580677223551e-05+0j)"], ["0j"], ["0j"], ["0j"], ["0j"], ["0j"], ["(-0.003614578297564338+0j)"], ["0j"], ["0j"], ["0j"], ["0j"], ["0j"], ["(-0.029413403666154823+0j)"], ["0j"], ["0j"], ["(0.0019999953838773198+0j)"], ["0j"], ["0j"], ["(-0.001999995383877321+0j)"], ["0j"], ["0j"], ["(-0.05194474360471839+0j)"], ["0j"], ["0j"], ["0j"], ["0j"], ["0j"], ["0j"], ["0j"], ["0j"], ["0j"], ["0j"], ["0j"], ["0j"], ["0j"], ["0j"], ["(-0.0005915234903186026+0j)"], ["0j"], ["0j"], ["(-0.0022877098575415696+0j)"], ["0j"], ["0j"], ["0j"], ["0j"], ["0j"], ["0j"], ["0j"], ["0j"], ["0j"], ["0j"], ["0j"], ["(-0.0029660141306823646+0j)"], ["0j"], ["0j"], ["0j"], ["0j"], ["0j"], ["0j"], ["0j"], ["0j"], ["(-0.012200955397166318+0j)"], ["0j"], ["0j"], ["(-0.00035062536776150736+0j)"], ["0j"], ["0j"], ["(0.0033166394984438822+0j)"], ["0j"], ["0j"], ["(0.08430201421440128+0j)"], ["0j"], ["0j"], ["0j"], ["0j"], ["0j"], ["(0.0008909684441614717+0j)"], ["0j"], ["0j"], ["0j"], ["0j"], ["0j"], ["(0.004304289809972703+0j)"], ["0j"], ["0j"], ["0j"], ["0j"], ["0j"], ["0j"], ["0j"], ["0j"], ["0j"], ["0j"], ["0j"], ["0j"], ["0j"], ["0j"], ["(0.0005915234903186017+0j)"], ["0j"], ["0j"], ["0j"], ["0j"], ["0j"], ["(0.002287709857541579+0j)"], ["0j"], ["0j"], ["0j"], ["0j"], ["0j"], ["(0.012200955397166336+0j)"], ["0j"], ["0j"], ["(0.00331663949844385+0j)"], ["0j"], ["0j"], ["(-0.0003506253677615011+0j)"], ["0j"], ["0j"], ["(-0.0843020142144013+0j)"], ["0j"], ["0j"], ["0j"], ["0j"], ["0j"], ["0j"], ["0j"], ["0j"], ["(-0.0029660141306823602+0j)"], ["0j"], ["0j"], ["0j"], ["0j"], ["0j"], ["0j"], ["0j"], ["0j"], ["0j"], ["0j"], ["0j"], ["(-0.0008909684441614704+0j)"], ["0j"], ["0j"], ["(-0.004304289809972742+0j)"], ["0j"], ["0j"], ["0j"], ["0j"], ["0j"], ["0j"], ["0j"], ["0j"], ["0j"], ["0j"], ["0j"], ["0j"], ["0j"], ["0j"], ["(-0.030961589097331592+0j)"], ["0j"], ["0j"], ["(-0.014109376485397744+0j)"], ["0j"], ["0j"], ["(0.014109376485397776+0j)"], ["0j"], ["0j"], ["(-0.19893439976788957+0j)"], ["0j"], ["0j"], ["0j"], ["0j"], ["0j"], ["(-0.012327115064705399+0j)"], ["0j"], ["0j"], ["0j"], ["0j"], ["0j"], ["(0.00010631382041044425+0j)"], ["0j"], ["0j"], ["0j"], ["0j"], ["0j"], ["0j"], ["0j"], ["0j"], ["(0.012327115064705366+0j)"], ["0j"], ["0j"], ["(-0.000106313820409962+0j)"], ["0j"], ["0j"], ["0j"], ["0j"], ["0j"], ["0j"], ["0j"], ["0j"], ["0j"], ["0j"], ["0j"], ["(0.9697752712184524+0j)"], ["0j"], ["0j"], ["0j"], ["0j"], ["0j"], ["0j"], ["0j"], ["0j"], ["0j"], ["0j"], ["0j"], ["0j"], ["0j"], ["0j"], ["0j"]], "hf_energy": -1.1726149417381242}