{"geometry": [["H", [0.0, 0.0, 0.0]], ["H", [1.1746, 0.0, 0.0]], ["H", [0.6222, 0.2305, 0.0]], ["H", [-0.6785, 0.2741, -0.5515]]], "multiplicity": 1, "canonical_orbitals": [[0.31851518113257715, 0.47218359221157413, 0.8810530419374547, 1.3408881463455165], [0.28295618077876666, -0.5440371351670933, -0.8459292482551928, 1.192926992409209], [0.4729178282964742, -0.2955807164803595, 0.3878393572668053, -1.96463061875231], [0.13014082739992533, 0.6497935412448539, -0.9307522169654419, -0.4029728088018267]], "canonical_to_oao": [[0.5278044444984036, 0.4936060843329373, 0.6374949620326603, 0.26716226391505], [0.4109390350191383, -0.5285287696720764, -0.2273593927604462, 0.7071733561511361], [0.5418912260914079, -0.5135792162269176, 0.21311972540131643, -0.630214463805587], [0.5088275512886667, 0.4617864894062753, -0.7046189484760147, -0.17708726295236293]], "orbital_energies": [-0.8559442960816412, -0.36489006542977, 0.5080003420449362, 1.3180653966536537], "exact_energy": -2.0076364063781367, "ground_states": [["0j"], ["0j"], ["0j"], ["0j"], ["0j"], ["0j"], ["0j"], ["0j"], ["0j"], ["0j"], ["0j"], ["0j"], ["0j"], ["0j"], ["0j"], ["(-0.007507713550015395+0.0043945707635534735j)"], ["0j"], ["0j"], ["0j"], ["0j"], ["0j"], ["0j"], ["0j"], ["0j"], ["0j"], ["0j"], ["0j"], ["(-0.0004255436549343232+0.0002490880468642679j)"], ["0j"], ["0j"], ["(-0.0003965209984964183+0.00023209990305555044j)"], ["0j"], ["0j"], ["0j"], ["0j"], ["0j"], ["0j"], ["0j"], ["0j"], ["(0.0004255436549342918-0.00024908804686432493j)"], ["0j"], ["0j"], ["0j"], ["0j"], ["0j"], ["(0.00039652099849638603-0.00023209990305555749j)"], ["0j"], ["0j"], ["0j"], ["0j"], ["0j"], ["(0.03013238588055974-0.017637713685353267j)"], ["0j"], ["0j"], ["(0.004643335380873532-0.0027179334659243074j)"], ["0j"], ["0j"], ["(-0.00464333538087354+0.0027179334659242944j)"], ["0j"], ["0j"], ["(0.0334014527498712-0.019551231774751862j)"], ["0j"], ["0j"], ["0j"], ["0j"], ["0j"], ["0j"], ["0j"], ["0j"], ["0j"], ["0j"], ["0j"], ["0j"], ["0j"], ["0j"], ["(0.00038349788208390283-0.0002244769421825944j)"], ["0j"], ["0j"], ["(-0.00026594517984510226+0.00015566855398375026j)"], ["0j"], ["0j"], ["0j"], ["0j"], ["0j"], ["0j"], ["0j"], ["0j"], ["0j"], ["0j"], ["0j"], ["(-0.016186045729028056+0.009474352326372408j)"], ["0j"], ["0j"], ["0j"], ["0j"], ["0j"], ["0j"], ["0j"], ["0j"], ["(-0.006871086721500576+0.004021927131208247j)"], ["0j"], ["0j"], ["(-0.0179576641099705+0.010511352777867725j)"], ["0j"], ["0j"], ["(0.034143709838998636-0.019985705104240192j)"], ["0j"], ["0j"], ["(0.012983134427321484-0.007599557787267167j)"], ["0j"], ["0j"], ["0j"], ["0j"], ["0j"], ["(0.00012656898579467535-7.408598647780938e-05j)"], ["0j"], ["0j"], ["0j"], ["0j"], ["0j"], ["(0.0063527807597717105-0.0037185415250826667j)"], ["0j"], ["0j"], ["0j"], ["0j"], ["0j"], ["0j"], ["0j"], ["0j"], ["0j"], ["0j"], ["0j"], ["0j"], ["0j"], ["0j"], ["(-0.0003834978820838698+0.00022447694218261978j)"], ["0j"], ["0j"], ["0j"], ["0j"], ["0j"], ["(0.00026594517984508925-0.00015566855398376064j)"], ["0j"], ["0j"], ["0j"], ["0j"], ["0j"], ["(0.0068710867215005696-0.004021927131208255j)"], ["0j"], ["0j"], ["(0.034143709838998636-0.01998570510424015j)"], ["0j"], ["0j"], ["(-0.017957664109970486+0.010511352777867767j)"], ["0j"], ["0j"], ["(-0.012983134427321468+0.007599557787267268j)"], ["0j"], ["0j"], ["0j"], ["0j"], ["0j"], ["0j"], ["0j"], ["0j"], ["(-0.01618604572902805+0.00947435232637242j)"], ["0j"], ["0j"], ["0j"], ["0j"], ["0j"], ["0j"], ["0j"], ["0j"], ["0j"], ["0j"], ["0j"], ["(-0.00012656898579461106+7.408598647783634e-05j)"], ["0j"], ["0j"], ["(-0.006352780759771691+0.0037185415250826667j)"], ["0j"], ["0j"], ["0j"], ["0j"], ["0j"], ["0j"], ["0j"], ["0j"], ["0j"], ["0j"], ["0j"], ["0j"], ["0j"], ["0j"], ["(0.01795750932346003-0.010511262175013887j)"], ["0j"], ["0j"], ["(-0.0044259594091164145+0.002590694449169212j)"], ["0j"], ["0j"], ["(0.004425959409116393-0.0025906944491691686j)"], ["0j"], ["0j"], ["(0.13222847564685508-0.07739871657539694j)"], ["0j"], ["0j"], ["0j"], ["0j"], ["0j"], ["(-0.0014429093195537286+0.0008445936393186804j)"], ["0j"], ["0j"], ["0j"], ["0j"], ["0j"], ["(0.006295777318814088-0.003685175087566101j)"], ["0j"], ["0j"], ["0j"], ["0j"], ["0j"], ["0j"], ["0j"], ["0j"], ["(0.0014429093195537513-0.0008445936393187042j)"], ["0j"], ["0j"], ["(-0.006295777318813779+0.003685175087567052j)"], ["0j"], ["0j"], ["0j"], ["0j"], ["0j"], ["0j"], ["0j"], ["0j"], ["0j"], ["0j"], ["0j"], ["(-0.8489663027294706+0.4969345817954592j)"], ["0j"], ["0j"], ["0j"], ["0j"], ["0j"], ["0j"], ["0j"], ["0j"], ["0j"], ["0j"], ["0j"], ["0j"], ["0j"], ["0j"], ["0j"]], "hf_energy": -1.9635333242742314}