{"geometry": [["H", [0.0, 0.0, 0.0]], ["H", [0.4639, 0.0, 0.0]], ["H", [1.2477, 0.5351, 0.0]], ["H", [0.8175, -0.5051, -0.7645]]], "multiplicity": 3, "canonical_orbitals": [[0.4211921039151223, 0.5986003705027387, 0.09973240092433774, 1.7576549578861567], [0.5339773033525723, 0.15368635265424244, 0.12248310081320596, -2.1668026333005828], [0.08340069626972813, -0.8544607999932993, 0.6409851999613493, 0.5918110444443697], [0.08576326763501418, -0.4753960715222704, -1.013979196368305, 0.31941686298680455]], "canonical_to_oao": [[0.6333501482980247, 0.6720157218942728, 0.2679486495943961, 0.2747107212293111], [0.44260311633323396, 0.0732756122533271, -0.7767268475500085, -0.44207303735473136], [0.06490060460245337, 0.07497562961433255, 0.525118246768348, -0.845232153551382], [0.6314728676556249, -0.7330785831953848, 0.22169743432548816, 0.12119428983465945]], "orbital_energies": [-0.8334626241648295, -0.04115455043731028, 0.05606446299587993, 1.3595360634268234], "exact_energy": -1.7464644511305738, "ground_states": [["0j", "0j", "0j"], ["0j", "0j", "0j"], ["0j", "0j", "0j"], ["0j", "0j", "0j"], ["0j", "0j", "0j"], ["0j", "0j", "0j"], ["0j", "0j", "0j"], ["0j", "0j", "0j"], ["0j", "0j", "0j"], ["0j", "0j", "0j"], ["0j", "0j", "0j"], ["0j", "0j", "0j"], ["0j", "0j", "0j"], ["0j", "0j", "0j"], ["0j", "0j", "0j"], ["0j", "(-0.01649060340010999+0.01561908486361847j)", "0j"], ["0j", "0j", "0j"], ["0j", "0j", "0j"], ["0j", "0j", "0j"], ["0j", "0j", "0j"], ["0j", "0j", "0j"], ["0j", "0j", "0j"], ["0j", "0j", "0j"], ["(-0.001980665110731809-0.026291363078581258j)", "0j", "(-0.0013790829283183291-0.015609921331756472j)"], ["0j", "0j", "0j"], ["0j", "0j", "0j"], ["0j", "0j", "0j"], ["(0.004626013743049677+0.017503821623910964j)", "(-0.010889480255258004+0.010313977730281082j)", "(-0.004868137584386986-0.028931994957759503j)"], ["0j", "0j", "0j"], ["(-0.00012292828531069465-0.0016317509528588337j)", "0j", "(-8.559160191233825e-05-0.000968816410583742j)"], ["(0.0002871095846409036+0.0010863597116726122j)", "(0.006446622280540191-0.006105922144897109j)", "(-0.00030213679367747373-0.0017956395109432345j)"], ["0j", "0j", "0j"], ["0j", "0j", "0j"], ["0j", "0j", "0j"], ["0j", "0j", "0j"], ["0j", "0j", "0j"], ["0j", "0j", "0j"], ["0j", "0j", "0j"], ["0j", "0j", "0j"], ["(0.004626013743046775+0.01750382162391562j)", "(0.010889480255255705-0.010313977730271673j)", "(-0.004868137584387203-0.028931994957762313j)"], ["0j", "0j", "0j"], ["0j", "0j", "0j"], ["0j", "0j", "0j"], ["(-0.016252043653738498+0.02371922009802908j)", "0j", "(-0.010163946881474845+0.010347036266903626j)"], ["0j", "0j", "0j"], ["(0.00028710958464259493+0.0010863597116698741j)", "(-0.006446622280540332+0.006105922144897685j)", "(-0.0003021367936773806-0.0017956395109416108j)"], ["(-0.0010086691830556108+0.0014721130996649674j)", "0j", "(-0.0006308166662596661+0.0006421799523030247j)"], ["0j", "0j", "0j"], ["0j", "0j", "0j"], ["0j", "0j", "0j"], ["0j", "0j", "0j"], ["0j", "(0.025626150929928582-0.02427182416501398j)", "0j"], ["0j", "0j", "0j"], ["(-0.0006135941667783547-0.008144853430426145j)", "0j", "(-0.0004272288312318789-0.004835828440223239j)"], ["(0.001433101957917976+0.005422543562044171j)", "(0.005208844990524135-0.004933560645080419j)", "(-0.0015081099821821252-0.008962900009272703j)"], ["0j", "0j", "0j"], ["0j", "0j", "0j"], ["(0.0014331019579193287+0.005422543562041981j)", "(-0.005208844990524847+0.004933560645083325j)", "(-0.00150810998218207-0.00896290000927141j)"], ["(-0.005034752785884491+0.007348024163108159j)", "0j", "(-0.0031487092311197314+0.0032054288543863965j)"], ["0j", "0j", "0j"], ["0j", "(-0.0002656804096573579+0.0002516393587520697j)", "0j"], ["0j", "0j", "0j"], ["0j", "0j", "0j"], ["0j", "0j", "0j"], ["0j", "0j", "0j"], ["0j", "0j", "0j"], ["0j", "0j", "0j"], ["0j", "0j", "0j"], ["0j", "0j", "0j"], ["0j", "0j", "0j"], ["0j", "0j", "0j"], ["(0.000742877543968119+0.009860961919086983j)", "0j", "(0.0005172453097529985+0.005854730291172864j)"], ["0j", "0j", "0j"], ["0j", "0j", "0j"], ["0j", "0j", "0j"], ["(-0.001735054406309677-0.006565065415436827j)", "(0.0025114978921289355-0.002378766729161742j)", "(0.0018258665095848567+0.010851369693879094j)"], ["0j", "0j", "0j"], ["(0.00011545598928761634+0.0015325636411278735j)", "0j", "(8.038884662327659e-05+0.0009099261153715367j)"], ["(-0.000269657394512313-0.001020324451091722j)", "(-0.0017105573241270567+0.0016201553916118292j)", "(0.00028377116239812277+0.0016864900996208679j)"], ["0j", "0j", "0j"], ["0j", "0j", "0j"], ["0j", "0j", "0j"], ["0j", "0j", "0j"], ["(-0.0003049053938032559-0.004047316413897631j)", "0j", "(-0.0002122972839113019-0.0024030055283492725j)"], ["0j", "0j", "0j"], ["0j", "0j", "0j"], ["(0.0011590715312860193+0.01538552393232649j)", "0j", "(0.0008070297966251356+0.009134818058449342j)"], ["0j", "0j", "0j"], ["0j", "0j", "0j"], ["(-0.0005431253764895893-0.0072094501958504115j)", "0j", "(-0.00037816334048342573-0.00428045324489559j)"], ["(-0.0014385952282534298-0.0054433288924380764j)", "(0.003059146567131131-0.0028974724989122274j)", "(0.0015138907682456355+0.00899725599661685j)"], ["0j", "0j", "0j"], ["(0.00016574808092837556+0.002200141231172132j)", "0j", "(0.0001154058541099295+0.0013062856967400668j)"], ["0j", "0j", "0j"], ["0j", "0j", "0j"], ["0j", "0j", "0j"], ["0j", "0j", "0j"], ["0j", "0j", "0j"], ["0j", "0j", "0j"], ["(0.0007121327752064451+0.0026945542668415845j)", "(0.012952190557139651-0.012267675025182119j)", "(-0.0007494055401964469-0.004453817694023906j)"], ["0j", "0j", "0j"], ["(-0.0016658392107987469-0.02211236179419839j)", "0j", "(-0.001159878267400291-0.013128730794029245j)"], ["(0.0011835995076883868+0.004478481000596485j)", "(0.003012198576769691-0.0028530056817877227j)", "(-0.0012455486663654814-0.007402462874202029j)"], ["0j", "0j", "0j"], ["0j", "0j", "0j"], ["(0.005159226808881916+0.019521382943504473j)", "(-0.006071345143902046+0.0057504781807049205j)", "(-0.005429258824065166-0.03226681378644827j)"], ["(-0.00861473637590493+0.012572869759649089j)", "0j", "(-0.005387613077353809+0.005484663443590815j)"], ["0j", "0j", "0j"], ["(-0.00038711890066279965-0.0014647730337518368j)", "(-0.04147129543239764+0.03927956224806708j)", "(0.0004073805601643894+0.0024211173386680736j)"], ["0j", "0j", "0j"], ["0j", "0j", "0j"], ["0j", "0j", "0j"], ["0j", "0j", "0j"], ["(-0.0001558411128117987-0.002068636064373256j)", "0j", "(-0.00010850790325150252-0.001228207382492358j)"], ["(0.0003639803244342401+0.001377221735037176j)", "(-0.0012325756670707958+0.0011674347795355116j)", "(-0.0003830309194428233-0.0022764041561862715j)"], ["0j", "0j", "0j"], ["(0.00028517035563950326+0.0037853533738470865j)", "0j", "(0.00019855631676154117+0.002247470707473082j)"], ["0j", "0j", "0j"], ["0j", "0j", "0j"], ["0j", "0j", "0j"], ["(-0.0006660398959664031-0.0025201489189175526j)", "(-0.013068098366677413+0.012377457176241209j)", "(0.0007009001767742702+0.00416554380988877j)"], ["0j", "0j", "0j"], ["0j", "0j", "0j"], ["0j", "0j", "0j"], ["0j", "0j", "0j"], ["0j", "0j", "0j"], ["0j", "0j", "0j"], ["0j", "0j", "0j"], ["0j", "0j", "0j"], ["0j", "0j", "0j"], ["0j", "0j", "0j"], ["0j", "0j", "0j"], ["0j", "0j", "0j"], ["0j", "0j", "0j"], ["0j", "0j", "0j"], ["(-0.001735054406309037-0.006565065415437887j)", "(-0.00251149789212808+0.0023787667291582187j)", "(0.0018258665095849068+0.010851369693879759j)"], ["0j", "0j", "0j"], ["0j", "0j", "0j"], ["0j", "0j", "0j"], ["(0.006095567700231344-0.008896241911765093j)", "0j", "(0.003812137577130701-0.0038808079405540617j)"], ["0j", "0j", "0j"], ["(-0.00026965739451276135-0.0010203244510910007j)", "(0.0017105573241271747-0.0016201553916124275j)", "(0.00028377116239809637+0.0016864900996204316j)"], ["(0.0009473564045841962-0.0013826295049632754j)", "0j", "(0.0005924719610142004-0.0006031445204530445j)"], ["0j", "0j", "0j"], ["0j", "0j", "0j"], ["0j", "0j", "0j"], ["0j", "0j", "0j"], ["(0.0007121327752098361+0.002694554266836123j)", "(-0.012952190557139993+0.012267675025183583j)", 