{"geometry": [["H", [0.0, 0.0, 0.0]], ["H", [0.7826, 0.0, 0.0]], ["H", [-0.3264, -0.2566, 0.0]], ["H", [-0.933, 0.3252, -0.8902]]], "multiplicity": 1, "canonical_orbitals": [[0.5198288973961005, 0.1879298199925854, 0.1961285111039047, 2.403363888927221], [0.17367735594616757, 0.6773112333787555, -0.802459629853494, -0.8592481452963594], [0.3770106359836545, -0.36687424055213136, 0.709181841379956, -1.9517262279402834], [0.06744964581807197, -0.7433108521731826, -0.776846164409847, 0.07421205940338178]], "canonical_to_oao": [[0.6645885723616931, 0.38603992931273867, 0.606633187496424, 0.2032028008920847], [0.09377610473998013, 0.6169655378265443, -0.24703677146689293, -0.7413045263974944], [0.14014971095793874, -0.6093869184431489, 0.4482371069528168, -0.6388185486500386], [0.7279327786165755, -0.31460178280007306, -0.6083194106073803, 0.03297093800390534]], "orbital_energies": [-0.9047154366727528, -0.2270068699593001, 0.26939622729976476, 1.4565965386493007], "exact_energy": -1.7140086138922976, "ground_states": [["0j"], ["0j"], ["0j"], ["0j"], ["0j"], ["0j"], ["0j"], ["0j"], ["0j"], ["0j"], ["0j"], ["0j"], ["0j"], ["0j"], ["0j"], ["(0.009758200134490674+0.01262940225606231j)"], ["0j"], ["0j"], ["0j"], ["0j"], ["0j"], ["0j"], ["0j"], ["0j"], ["0j"], ["0j"], ["0j"], ["(-0.0008799047410438146-0.0011388033416512187j)"], ["0j"], ["0j"], ["(-0.0016686766564936006-0.0021596594084672257j)"], ["0j"], ["0j"], ["0j"], ["0j"], ["0j"], ["0j"], ["0j"], ["0j"], ["(0.0008799047410437251+0.001138803341651019j)"], ["0j"], ["0j"], ["0j"], ["0j"], ["0j"], ["(0.0016686766564936119+0.0021596594084671767j)"], ["0j"], ["0j"], ["0j"], ["0j"], ["0j"], ["(-0.02156823635940132-0.027914362196151607j)"], ["0j"], ["0j"], ["(-0.003027339926484619-0.003918088701857455j)"], ["0j"], ["0j"], ["(0.0030273399264845392+0.003918088701857395j)"], ["0j"], ["0j"], ["(-0.015431362135197581-0.019971805976343873j)"], ["0j"], ["0j"], ["0j"], ["0j"], ["0j"], ["0j"], ["0j"], ["0j"], ["0j"], ["0j"], ["0j"], ["0j"], ["0j"], ["0j"], ["(0.003450641007909427+0.0044659396947720606j)"], ["0j"], ["0j"], ["(0.0001922223755889969+0.0002487808889415825j)"], ["0j"], ["0j"], ["0j"], ["0j"], ["0j"], ["0j"], ["0j"], ["0j"], ["0j"], ["0j"], ["0j"], ["(0.012520741569365355+0.016204779533553874j)"], ["0j"], ["0j"], ["0j"], ["0j"], ["0j"], ["0j"], ["0j"], ["0j"], ["(-0.00042091791236746845-0.0005447666125725058j)"], ["0j"], ["0j"], ["(0.0077532179697157024+0.01003448455339373j)"], ["0j"], ["0j"], ["(-0.02027395953908102-0.026239264086947343j)"], ["0j"], ["0j"], ["(0.0008663111057399351+0.0011212099857037937j)"], ["0j"], ["0j"], ["0j"], ["0j"], ["0j"], ["(0.00016791085757863103+0.00021731607615083648j)"], ["0j"], ["0j"], ["0j"], ["0j"], ["0j"], ["(-0.022411250166230128-0.029005420006722526j)"], ["0j"], ["0j"], ["0j"], ["0j"], ["0j"], ["0j"], ["0j"], ["0j"], ["0j"], ["0j"], ["0j"], ["0j"], ["0j"], ["0j"], ["(-0.003450641007909433-0.0044659396947720875j)"], ["0j"], ["0j"], ["0j"], ["0j"], ["0j"], ["(-0.00019222237558893775-0.0002487808889417282j)"], ["0j"], ["0j"], ["0j"], ["0j"], ["0j"], ["(0.0004209179123674044+0.0005447666125723791j)"], ["0j"], ["0j"], ["(-0.020273959539081232-0.02623926408694756j)"], ["0j"], ["0j"], ["(0.007753217969715705+0.010034484553393723j)"], ["0j"], ["0j"], ["(-0.0008663111057396815-0.0011212099857032126j)"], ["0j"], ["0j"], ["0j"], ["0j"], ["0j"], ["0j"], ["0j"], ["0j"], ["(0.01252074156936536+0.01620477953355384j)"], ["0j"], ["0j"], ["0j"], ["0j"], ["0j"], ["0j"], ["0j"], ["0j"], ["0j"], ["0j"], ["0j"], ["(-0.0001679108575787298-0.0002173160761506923j)"], ["0j"], ["0j"], ["(0.022411250166230478+0.02900542000672338j)"], ["0j"], ["0j"], ["0j"], ["0j"], ["0j"], ["0j"], ["0j"], ["0j"], ["0j"], ["0j"], ["0j"], ["0j"], ["0j"], ["0j"], ["(-0.002180752055287283-0.002822405212782157j)"], ["0j"], ["0j"], ["(0.011570649051626195+0.014975136728361337j)"], ["0j"], ["0j"], ["(-0.011570649051625814-0.014975136728361043j)"], ["0j"], ["0j"], ["(-0.23976344336164265-0.31031019355813144j)"], ["0j"], ["0j"], ["0j"], ["0j"], ["0j"], ["(0.007396711976401346+0.009573082088368393j)"], ["0j"], ["0j"], ["0j"], ["0j"], ["0j"], ["(0.0189027321389603+0.02446457385903955j)"], ["0j"], ["0j"], ["0j"], ["0j"], ["0j"], ["0j"], ["0j"], ["0j"], ["(-0.007396711976401379-0.009573082088368243j)"], ["0j"], ["0j"], ["(-0.01890273213895744-0.024464573859033764j)"], ["0j"], ["0j"], ["0j"], ["0j"], ["0j"], ["0j"], ["0j"], ["0j"], ["0j"], ["0j"], ["0j"], ["(0.5586881492064473+0.7230736482933873j)"], ["0j"], ["0j"], ["0j"], ["0j"], ["0j"], ["0j"], ["0j"], ["0j"], ["0j"], ["0j"], ["0j"], ["0j"], ["0j"], ["0j"], ["0j"]], "hf_energy": -1.6108500062876954}