{"geometry": [["H", [0.0, 0.0, 0.0]], ["H", [0.5119, 0.0, 0.0]], ["H", [-0.3282, -0.4556, 0.0]], ["H", [-0.6116, -1.1883, 0.2196]]], "multiplicity": 1, "canonical_orbitals": [[0.47835607472750047, 0.3461176308863694, 0.642680770121766, 2.338862859650192], [0.2735650774726365, 0.5290535263529895, -1.1347640162649668, -1.2291498771952862], [0.3053224359258955, -0.5096485238767556, 0.8602497649505869, -1.8134664383067176], [0.08876073718410574, -0.6875052999370915, -0.8724015316467869, 0.7452748763759572]], "canonical_to_oao": [[0.6330049978269198, 0.5106086703655189, 0.5299169218580007, 0.24035705606916147], [0.23448446729562922, 0.47678973447108286, -0.4010496855392515, -0.7462223083163264], [0.2938217499601792, -0.606614466502138, 0.4859023108398235, -0.5564050795968581], [0.6767499439036281, -0.3794327659558085, -0.5676672880992234, 0.2753073547285545]], "orbital_energies": [-0.9586482759822432, -0.36125726904082134, 0.5940048639084472, 1.684436517483297], "exact_energy": -1.8299268916759783, "ground_states": [["0j"], ["0j"], ["0j"], ["0j"], ["0j"], ["0j"], ["0j"], ["0j"], ["0j"], ["0j"], ["0j"], ["0j"], ["0j"], ["0j"], ["0j"], ["(-0.004241256336192907+0.003960696148061396j)"], ["0j"], ["0j"], ["0j"], ["0j"], ["0j"], ["0j"], ["0j"], ["0j"], ["0j"], ["0j"], ["0j"], ["(0.0004334996194369541-0.00040482350907167426j)"], ["0j"], ["0j"], ["(0.00017205574319371903-0.00016067421190838917j)"], ["0j"], ["0j"], ["0j"], ["0j"], ["0j"], ["0j"], ["0j"], ["0j"], ["(-0.0004334996194369741+0.00040482350907164715j)"], ["0j"], ["0j"], ["0j"], ["0j"], ["0j"], ["(-0.00017205574319372166+0.00016067421190837263j)"], ["0j"], ["0j"], ["0j"], ["0j"], ["0j"], ["(0.01872193180826513-0.017483471245179388j)"], ["0j"], ["0j"], ["(-0.00552576054398202+0.005160230074965158j)"], ["0j"], ["0j"], ["(0.005525760543982007-0.00516023007496515j)"], ["0j"], ["0j"], ["(0.029985787407501314-0.02800221992431731j)"], ["0j"], ["0j"], ["0j"], ["0j"], ["0j"], ["0j"], ["0j"], ["0j"], ["0j"], ["0j"], ["0j"], ["0j"], ["0j"], ["0j"], ["(0.0006363698322458131-0.0005942738055726291j)"], ["0j"], ["0j"], ["(0.0005781308236603805-0.0005398873222557158j)"], ["0j"], ["0j"], ["0j"], ["0j"], ["0j"], ["0j"], ["0j"], ["0j"], ["0j"], ["0j"], ["0j"], ["(-0.013129526833308777+0.012261005285342729j)"], ["0j"], ["0j"], ["0j"], ["0j"], ["0j"], ["0j"], ["0j"], ["0j"], ["(0.002400413205987542-0.002241625260321941j)"], ["0j"], ["0j"], ["(-0.010814792176152707+0.010099390915999613j)"], ["0j"], ["0j"], ["(0.023944319009461524-0.022360396201342368j)"], ["0j"], ["0j"], ["(0.0016843062870568605-0.0015728889966810011j)"], ["0j"], ["0j"], ["0j"], ["0j"], ["0j"], ["(-0.00042651433179940904+0.0003983002999926145j)"], ["0j"], ["0j"], ["0j"], ["0j"], ["0j"], ["(0.0034757747196187193-0.003245851335616328j)"], ["0j"], ["0j"], ["0j"], ["0j"], ["0j"], ["0j"], ["0j"], ["0j"], ["0j"], ["0j"], ["0j"], ["0j"], ["0j"], ["0j"], ["(-0.0006363698322458086+0.0005942738055726586j)"], ["0j"], ["0j"], ["0j"], ["0j"], ["0j"], ["(-0.0005781308236603935+0.0005398873222557149j)"], ["0j"], ["0j"], ["0j"], ["0j"], ["0j"], ["(-0.0024004132059875566+0.002241625260321937j)"], ["0j"], ["0j"], ["(0.02394431900946152-0.022360396201342374j)"], ["0j"], ["0j"], ["(-0.010814792176152704+0.010099390915999616j)"], ["0j"], ["0j"], ["(-0.0016843062870568405+0.0015728889966809937j)"], ["0j"], ["0j"], ["0j"], ["0j"], ["0j"], ["0j"], ["0j"], ["0j"], ["(-0.013129526833308789+0.012261005285342746j)"], ["0j"], ["0j"], ["0j"], ["0j"], ["0j"], ["0j"], ["0j"], ["0j"], ["0j"], ["0j"], ["0j"], ["(0.00042651433179947496-0.0003983002999925812j)"], ["0j"], ["0j"], ["(-0.0034757747196187947+0.003245851335616294j)"], ["0j"], ["0j"], ["0j"], ["0j"], ["0j"], ["0j"], ["0j"], ["0j"], ["0j"], ["0j"], ["0j"], ["0j"], ["0j"], ["0j"], ["(0.01535126472351981-0.014335774647587824j)"], ["0j"], ["0j"], ["(0.01381585148628572-0.012901929387516935j)"], ["0j"], ["0j"], ["(-0.013815851486285623+0.012901929387516999j)"], ["0j"], ["0j"], ["(0.08789010615286932-0.08207615321946031j)"], ["0j"], ["0j"], ["0j"], ["0j"], ["0j"], ["(-0.0009752059889672483+0.0009106958641260556j)"], ["0j"], ["0j"], ["0j"], ["0j"], ["0j"], ["(-0.008242318578536991+0.007697087102830649j)"], ["0j"], ["0j"], ["0j"], ["0j"], ["0j"], ["0j"], ["0j"], ["0j"], ["(0.0009752059889673821-0.000910695864125958j)"], ["0j"], ["0j"], ["(0.00824231857853785-0.00769708710283018j)"], ["0j"], ["0j"], ["0j"], ["0j"], ["0j"], ["0j"], ["0j"], ["0j"], ["0j"], ["0j"], ["0j"], ["(-0.7229031556410416+0.6750829275598553j)"], ["0j"], ["0j"], ["0j"], ["0j"], ["0j"], ["0j"], ["0j"], ["0j"], ["0j"], ["0j"], ["0j"], ["0j"], ["0j"], ["0j"], ["0j"]]}