{"geometry": [["H", [0.0, 0.0, 0.0]], ["H", [0.7122, 0.0, 0.0]], ["H", [-0.4967, -0.1616, 0.0]], ["H", [-0.1336, -0.5655, -0.4997]]], "multiplicity": 1, "canonical_orbitals": [[0.42338698749519044, 0.4183170837737692, 0.5067542168569418, 2.1498144129780545], [0.08980888056954828, 0.8745311650861978, -0.28223545704650793, -1.1534297286079265], [0.349019154212737, -0.6090405143372413, 0.8075081831162123, -1.5857191569185223], [0.27863735489346975, -0.47594972336779867, -1.260644622285039, 0.16115578523787377]], "canonical_to_oao": [[0.5888082144539747, 0.3101112124800452, 0.5664659896700206, 0.4860578206683257], [0.2534423116363326, 0.8060044680030781, -0.3988192016280194, -0.35646463589576044], [0.2987483058082137, -0.20589466602521048, 0.48495706423261725, -0.7957219879643709], [0.7069804318654621, -0.46021214668411203, -0.5337379252131469, 0.059222260957266806]], "orbital_energies": [-0.9875910211898419, -0.21317916323756383, 0.39881209981913, 1.430248777068915], "exact_energy": -1.6005021363993963, "ground_states": [["0j"], ["0j"], ["0j"], ["0j"], ["0j"], ["0j"], ["0j"], ["0j"], ["0j"], ["0j"], ["0j"], ["0j"], ["0j"], ["0j"], ["0j"], ["(-0.006494227621497127+0.005716375541100256j)"], ["0j"], ["0j"], ["0j"], ["0j"], ["0j"], ["0j"], ["0j"], ["0j"], ["0j"], ["0j"], ["0j"], ["(-0.002179461439308811+0.0019184144428808303j)"], ["0j"], ["0j"], ["(-0.0019421778980679705+0.001709551755813255j)"], ["0j"], ["0j"], ["0j"], ["0j"], ["0j"], ["0j"], ["0j"], ["0j"], ["(0.002179461439308968-0.0019184144428810548j)"], ["0j"], ["0j"], ["0j"], ["0j"], ["0j"], ["(0.0019421778980679735-0.0017095517558132457j)"], ["0j"], ["0j"], ["0j"], ["0j"], ["0j"], ["(0.019568336937091625-0.017224521400654676j)"], ["0j"], ["0j"], ["(0.001476297327567643-0.0012994724587054266j)"], ["0j"], ["0j"], ["(-0.0014762973275675552+0.0012994724587052778j)"], ["0j"], ["0j"], ["(0.048546442823120865-0.042731748028495616j)"], ["0j"], ["0j"], ["0j"], ["0j"], ["0j"], ["0j"], ["0j"], ["0j"], ["0j"], ["0j"], ["0j"], ["0j"], ["0j"], ["0j"], ["(0.0013646392808697853-0.0012011883571445374j)"], ["0j"], ["0j"], ["(0.001048582859079794-0.0009229878836737284j)"], ["0j"], ["0j"], ["0j"], ["0j"], ["0j"], ["0j"], ["0j"], ["0j"], ["0j"], ["0j"], ["0j"], ["(-0.010098482806381107+0.008888927749549792j)"], ["0j"], ["0j"], ["0j"], ["0j"], ["0j"], ["0j"], ["0j"], ["0j"], ["(0.005655621667659224-0.004978214385912023j)"], ["0j"], ["0j"], ["(-0.013390737787771136+0.01178684986555119j)"], ["0j"], ["0j"], ["(0.023489220594152233-0.020675777615100942j)"], ["0j"], ["0j"], ["(-0.04255753089957105+0.03746016353332636j)"], ["0j"], ["0j"], ["0j"], ["0j"], ["0j"], ["(0.0006084598647829999-0.0005355810254129365j)"], ["0j"], ["0j"], ["0j"], ["0j"], ["0j"], ["(-0.0013221678604071433+0.0011638039900913133j)"], ["0j"], ["0j"], ["0j"], ["0j"], ["0j"], ["0j"], ["0j"], ["0j"], ["0j"], ["0j"], ["0j"], ["0j"], ["0j"], ["0j"], ["(-0.0013646392808698577+0.0012011883571446107j)"], ["0j"], ["0j"], ["0j"], ["0j"], ["0j"], ["(-0.001048582859079691+0.0009229878836734917j)"], ["0j"], ["0j"], ["0j"], ["0j"], ["0j"], ["(-0.0056556216676591315+0.00497821438591187j)"], ["0j"], ["0j"], ["(0.02348922059415237-0.020675777615101136j)"], ["0j"], ["0j"], ["(-0.013390737787771084+0.011786849865551145j)"], ["0j"], ["0j"], ["(0.042557530899570664-0.03746016353332602j)"], ["0j"], ["0j"], ["0j"], ["0j"], ["0j"], ["0j"], ["0j"], ["0j"], ["(-0.010098482806381232+0.008888927749549969j)"], ["0j"], ["0j"], ["0j"], ["0j"], ["0j"], ["0j"], ["0j"], ["0j"], ["0j"], ["0j"], ["0j"], ["(-0.000608459864783161+0.0005355810254131672j)"], ["0j"], ["0j"], ["(0.0013221678604075629-0.0011638039900919582j)"], ["0j"], ["0j"], ["0j"], ["0j"], ["0j"], ["0j"], ["0j"], ["0j"], ["0j"], ["0j"], ["0j"], ["0j"], ["0j"], ["0j"], ["(0.03435033282126734-0.03023599014579658j)"], ["0j"], ["0j"], ["(-0.011872264309707461+0.010450252943527824j)"], ["0j"], ["0j"], ["(0.011872264309707009-0.010450252943527194j)"], ["0j"], ["0j"], ["(0.08635794818616875-0.07601434559468317j)"], ["0j"], ["0j"], ["0j"], ["0j"], ["0j"], ["(0.005652228053154796-0.004975227244702828j)"], ["0j"], ["0j"], ["0j"], ["0j"], ["0j"], ["(0.03909625378341598-0.034413464064050735j)"], ["0j"], ["0j"], ["0j"], ["0j"], ["0j"], ["0j"], ["0j"], ["0j"], ["(-0.0056522280531548265+0.004975227244703021j)"], ["0j"], ["0j"], ["(-0.039096253783420215+0.03441346406405726j)"], ["0j"], ["0j"], ["0j"], ["0j"], ["0j"], ["0j"], ["0j"], ["0j"], ["0j"], ["0j"], ["0j"], ["(-0.7370477057858283+0.6487671396104994j)"], ["0j"], ["0j"], ["0j"], ["0j"], ["0j"], ["0j"], ["0j"], ["0j"], ["0j"], ["0j"], ["0j"], ["0j"], ["0j"], ["0j"], ["0j"]], "hf_energy": -1.5633908124388722}