{"geometry": [["H", [0.0, 0.0, 0.0]], ["H", [0.4622, 0.0, 0.0]], ["H", [0.8496, 0.558, 0.0]], ["H", [0.3823, 0.221, -0.3993]]], "multiplicity": 1, "canonical_orbitals": [[0.20241642527611048, 0.9313917985045268, 0.4658576399078737, 1.648640062485741], [0.4638133158529941, 0.08697371693603204, 0.970231744696139, -2.2259350708801624], [0.0603226420965281, -1.0131934966439844, 0.6019179988022452, 0.9665767865516963], [0.35100389441528285, -0.18767132680785326, -1.9165161683074705, -0.0013626059455764672]], "canonical_to_oao": [[0.48799154465970207, 0.5910970211616773, 0.3369203565793967, 0.5467661632149895], [0.599104098307041, 0.0602434738534836, -0.7903951201885493, -0.11278544778428001], [0.2351202907532276, 0.38740596714475967, 0.3261276636304505, -0.8296238982284072], [0.5896244403079507, -0.704905420643428, 0.3942093026800412, -0.007098804093858296]], "orbital_energies": [-1.1836200283998308, -0.19621065713304733, 0.7036114918312981, 1.1529168633224045], "exact_energy": -1.0457848499758873, "ground_states": [["0j"], ["0j"], ["0j"], ["0j"], ["0j"], ["0j"], ["0j"], ["0j"], ["0j"], ["0j"], ["0j"], ["0j"], ["0j"], ["0j"], ["0j"], ["(0.00525550960575804+0j)"], ["0j"], ["0j"], ["0j"], ["0j"], ["0j"], ["0j"], ["0j"], ["0j"], ["0j"], ["0j"], ["0j"], ["(0.0007567203385480427+0j)"], ["0j"], ["0j"], ["(0.0002449017796918307+0j)"], ["0j"], ["0j"], ["0j"], ["0j"], ["0j"], ["0j"], ["0j"], ["0j"], ["(-0.000756720338548018+0j)"], ["0j"], ["0j"], ["0j"], ["0j"], ["0j"], ["(-0.00024490177969146976+0j)"], ["0j"], ["0j"], ["0j"], ["0j"], ["0j"], ["(-0.03140513409598074+0j)"], ["0j"], ["0j"], ["(-0.007965793362695055+0j)"], ["0j"], ["0j"], ["(0.007965793362695057+0j)"], ["0j"], ["0j"], ["(-0.047311593383437246+0j)"], ["0j"], ["0j"], ["0j"], ["0j"], ["0j"], ["0j"], ["0j"], ["0j"], ["0j"], ["0j"], ["0j"], ["0j"], ["0j"], ["0j"], ["(-0.0012961115876459401+0j)"], ["0j"], ["0j"], ["(-0.003906326671722332+0j)"], ["0j"], ["0j"], ["0j"], ["0j"], ["0j"], ["0j"], ["0j"], ["0j"], ["0j"], ["0j"], ["0j"], ["(0.0010139911833145874+0j)"], ["0j"], ["0j"], ["0j"], ["0j"], ["0j"], ["0j"], ["0j"], ["0j"], ["(-0.01079988752064387+0j)"], ["0j"], ["0j"], ["(-0.0012343937068109469+0j)"], ["0j"], ["0j"], ["(0.00022040252349636482+0j)"], ["0j"], ["0j"], ["(0.008212852672255737+0j)"], ["0j"], ["0j"], ["0j"], ["0j"], ["0j"], ["(0.005332344247819296+0j)"], ["0j"], ["0j"], ["0j"], ["0j"], ["0j"], ["(0.0053400643544745715+0j)"], ["0j"], ["0j"], ["0j"], ["0j"], ["0j"], ["0j"], ["0j"], ["0j"], ["0j"], ["0j"], ["0j"], ["0j"], ["0j"], ["0j"], ["(0.001296111587645937+0j)"], ["0j"], ["0j"], ["0j"], ["0j"], ["0j"], ["(0.003906326671722331+0j)"], ["0j"], ["0j"], ["0j"], ["0j"], ["0j"], ["(0.010799887520643875+0j)"], ["0j"], ["0j"], ["(0.0002204025234963582+0j)"], ["0j"], ["0j"], ["(-0.0012343937068109217+0j)"], ["0j"], ["0j"], ["(-0.008212852672255732+0j)"], ["0j"], ["0j"], ["0j"], ["0j"], ["0j"], ["0j"], ["0j"], ["0j"], ["(0.0010139911833145713+0j)"], ["0j"], ["0j"], ["0j"], ["0j"], ["0j"], ["0j"], ["0j"], ["0j"], ["0j"], ["0j"], ["0j"], ["(-0.005332344247819313+0j)"], ["0j"], ["0j"], ["(-0.0053400643544745715+0j)"], ["0j"], ["0j"], ["0j"], ["0j"], ["0j"], ["0j"], ["0j"], ["0j"], ["0j"], ["0j"], ["0j"], ["0j"], ["0j"], ["0j"], ["(-0.05805358081707899+0j)"], ["0j"], ["0j"], ["(0.041748680382906196+0j)"], ["0j"], ["0j"], ["(-0.04174868038290619+0j)"], ["0j"], ["0j"], ["(-0.045016154964681046+0j)"], ["0j"], ["0j"], ["0j"], ["0j"], ["0j"], ["(-0.0023995333126874963+0j)"], ["0j"], ["0j"], ["0j"], ["0j"], ["0j"], ["(-0.009640337136747628+0j)"], ["0j"], ["0j"], ["0j"], ["0j"], ["0j"], ["0j"], ["0j"], ["0j"], ["(0.002399533312687448+0j)"], ["0j"], ["0j"], ["(0.009640337136747588+0j)"], ["0j"], ["0j"], ["0j"], ["0j"], ["0j"], ["0j"], ["0j"], ["0j"], ["0j"], ["0j"], ["0j"], ["(0.9934880047647585+0j)"], ["0j"], ["0j"], ["0j"], ["0j"], ["0j"], ["0j"], ["0j"], ["0j"], ["0j"], ["0j"], ["0j"], ["0j"], ["0j"], ["0j"], ["0j"]], "hf_energy": -1.0206237107326064}