{"geometry": [["H", [0.0, 0.0, 0.0]], ["H", [0.884, 0.0, 0.0]], ["H", [-0.5886, 0.2382, 0.0]], ["H", [-0.6211, -0.2627, -0.9798]]], "multiplicity": 1, "canonical_orbitals": [[0.4565683794738895, 0.32054529802208415, 0.2039005876027272, 1.687876020134284], [0.16757937468678746, 0.7087010647409726, -0.541663046522083, -0.876873015826666], [0.4087476418865141, -0.365588229749266, 0.7387503108381612, -1.2589458125789361], [0.2066498177978217, -0.640340112264187, -0.8953452350416115, 0.04735641930706588]], "canonical_to_oao": [[0.6325757896284923, 0.33400154819938094, 0.5960215054382957, 0.3647591002721845], [0.23751951670470048, 0.7088181303557795, -0.28097683200891116, -0.6018416379227505], [0.15229307152240185, -0.4464641060718215, 0.5230038877235816, -0.7098898194662182], [0.7212760705350822, -0.43207594919046727, -0.5406267828690345, 0.028175980006156016]], "orbital_energies": [-0.7840141997925354, -0.24801434790854054, 0.26213011221040133, 1.078886583370593], "exact_energy": -1.9493716237014806, "ground_states": [["0j"], ["0j"], ["0j"], ["0j"], ["0j"], ["0j"], ["0j"], ["0j"], ["0j"], ["0j"], ["0j"], ["0j"], ["0j"], ["0j"], ["0j"], ["(0.00611128421001521+0.019439217071507007j)"], ["0j"], ["0j"], ["0j"], ["0j"], ["0j"], ["0j"], ["0j"], ["0j"], ["0j"], ["0j"], ["0j"], ["(0.0008595223543509541+0.0027340311872026306j)"], ["0j"], ["0j"], ["(0.00011045026221122212+0.00035132822315974056j)"], ["0j"], ["0j"], ["0j"], ["0j"], ["0j"], ["0j"], ["0j"], ["0j"], ["(-0.000859522354350961-0.002734031187202766j)"], ["0j"], ["0j"], ["0j"], ["0j"], ["0j"], ["(-0.00011045026221121945-0.00035132822315971785j)"], ["0j"], ["0j"], ["0j"], ["0j"], ["0j"], ["(-0.012774474550383821-0.040633977282940756j)"], ["0j"], ["0j"], ["(-0.003965520700902962-0.012613816516678637j)"], ["0j"], ["0j"], ["(0.00396552070090295+0.012613816516678603j)"], ["0j"], ["0j"], ["(-0.013662042767839637-0.04345721879028501j)"], ["0j"], ["0j"], ["0j"], ["0j"], ["0j"], ["0j"], ["0j"], ["0j"], ["0j"], ["0j"], ["0j"], ["0j"], ["0j"], ["0j"], ["(0.0010198831467965533+0.003244118453149229j)"], ["0j"], ["0j"], ["(0.0001843972229752092+0.0005865440914895594j)"], ["0j"], ["0j"], ["0j"], ["0j"], ["0j"], ["0j"], ["0j"], ["0j"], ["0j"], ["0j"], ["0j"], ["(0.008608691735737877+0.027383152476929212j)"], ["0j"], ["0j"], ["0j"], ["0j"], ["0j"], ["0j"], ["0j"], ["0j"], ["(-0.00431229156886105-0.013716850501788449j)"], ["0j"], ["0j"], ["(0.005562640358554075+0.0176940508254302j)"], ["0j"], ["0j"], ["(-0.014171332094291916-0.04507720330235941j)"], ["0j"], ["0j"], ["(0.018680295663547217+0.059419642399959914j)"], ["0j"], ["0j"], ["0j"], ["0j"], ["0j"], ["(-0.0005356720854713663-0.0017039047098414398j)"], ["0j"], ["0j"], ["0j"], ["0j"], ["0j"], ["(-0.00859697238620915-0.027345874718017655j)"], ["0j"], ["0j"], ["0j"], ["0j"], ["0j"], ["0j"], ["0j"], ["0j"], ["0j"], ["0j"], ["0j"], ["0j"], ["0j"], ["0j"], ["(-0.001019883146796523-0.0032441184531491318j)"], ["0j"], ["0j"], ["0j"], ["0j"], ["0j"], ["(-0.00018439722297519534-0.0005865440914896772j)"], ["0j"], ["0j"], ["0j"], ["0j"], ["0j"], ["(0.004312291568861035+0.013716850501788466j)"], ["0j"], ["0j"], ["(-0.014171332094291993-0.045077203302359585j)"], ["0j"], ["0j"], ["(0.005562640358554111+0.017694050825430206j)"], ["0j"], ["0j"], ["(-0.018680295663547265-0.059419642399960115j)"], ["0j"], ["0j"], ["0j"], ["0j"], ["0j"], ["0j"], ["0j"], ["0j"], ["(0.00860869173573784+0.027383152476929247j)"], ["0j"], ["0j"], ["0j"], ["0j"], ["0j"], ["0j"], ["0j"], ["0j"], ["0j"], ["0j"], ["0j"], ["(0.000535672085471362+0.0017039047098415772j)"], ["0j"], ["0j"], ["(0.00859697238620898+0.02734587471801661j)"], ["0j"], ["0j"], ["0j"], ["0j"], ["0j"], ["0j"], ["0j"], ["0j"], ["0j"], ["0j"], ["0j"], ["0j"], ["0j"], ["0j"], ["(-0.007006809764896777-0.022287769856189344j)"], ["0j"], ["0j"], ["(0.015082434050323949+0.047975302636138674j)"], ["0j"], ["0j"], ["(-0.015082434050323812-0.04797530263613844j)"], ["0j"], ["0j"], ["(-0.09639237817520317-0.3066118836881765j)"], ["0j"], ["0j"], ["0j"], ["0j"], ["0j"], ["(0.0016289588224401217+0.005181510638642321j)"], ["0j"], ["0j"], ["0j"], ["0j"], ["0j"], ["(-0.014471674865872102-0.04603255542344606j)"], ["0j"], ["0j"], ["0j"], ["0j"], ["0j"], ["0j"], ["0j"], ["0j"], ["(-0.001628958822440144-0.005181510638642362j)"], ["0j"], ["0j"], ["(0.014471674865872823+0.04603255542344863j)"], ["0j"], ["0j"], ["0j"], ["0j"], ["0j"], ["0j"], ["0j"], ["0j"], ["0j"], ["0j"], ["0j"], ["(0.27893975099860263+0.887271837341114j)"], ["0j"], ["0j"], ["0j"], ["0j"], ["0j"], ["0j"], ["0j"], ["0j"], ["0j"], ["0j"], ["0j"], ["0j"], ["0j"], ["0j"], ["0j"]]}