{"geometry": [["H", [0.0, 0.0, 0.0]], ["H", [0.8696, 0.0, 0.0]], ["H", [0.6432, 0.6864, 0.0]], ["H", [0.1728, -0.5544, 0.4531]]], "multiplicity": 1, "canonical_orbitals": [[0.3585040993473086, 0.41100510321297756, 1.0192573249046974, 0.9921063312520381], [0.35840290685686715, -0.40418586101344156, -1.088237234791572, 0.8782407441796464], [0.26820181513537666, -0.6843621608695409, 0.5568483182649052, -1.088961859879563], [0.23771974073281368, 0.7100534131904989, -0.5066742596566711, -1.0628705299904277]], "canonical_to_oao": [[0.5443702184581414, 0.5445829373719564, 0.4670793177827159, 0.434657796983788], [0.33565722617288274, -0.3320870016112094, -0.6026651087521859, 0.6433095806620004], [0.6023128264249527, -0.6431575185171272, 0.3468929187309784, -0.32129887711160565], [0.47771806632965746, 0.42366974645246686, -0.5461657079372993, -0.5422106735545719]], "orbital_energies": [-0.8609810161305221, -0.291267249917973, 0.5265743581642672, 0.8870347580085111], "exact_energy": -1.8973929973483599, "ground_states": [["0j"], ["0j"], ["0j"], ["0j"], ["0j"], ["0j"], ["0j"], ["0j"], ["0j"], ["0j"], ["0j"], ["0j"], ["0j"], ["0j"], ["0j"], ["(-0.0096345439058087-0.00863330400243393j)"], ["0j"], ["0j"], ["0j"], ["0j"], ["0j"], ["0j"], ["0j"], ["0j"], ["0j"], ["0j"], ["0j"], ["(-0.0029236053545228036-0.0026197787934228527j)"], ["0j"], ["0j"], ["(-0.0003166850263287466-0.0002837745234277705j)"], ["0j"], ["0j"], ["0j"], ["0j"], ["0j"], ["0j"], ["0j"], ["0j"], ["(0.002923605354522765+0.0026197787934228336j)"], ["0j"], ["0j"], ["0j"], ["0j"], ["0j"], ["(0.00031668502632874716+0.00028377452342777376j)"], ["0j"], ["0j"], ["0j"], ["0j"], ["0j"], ["(0.0238795457339538+0.02139793847812069j)"], ["0j"], ["0j"], ["(0.0005501874038462362+0.0004930108951863333j)"], ["0j"], ["0j"], ["(-0.0005501874038462334-0.0004930108951862747j)"], ["0j"], ["0j"], ["(0.04761773010180496+0.04266920612888357j)"], ["0j"], ["0j"], ["0j"], ["0j"], ["0j"], ["0j"], ["0j"], ["0j"], ["0j"], ["0j"], ["0j"], ["0j"], ["0j"], ["0j"], ["(0.0004017263972782389+0.0003599782353386376j)"], ["0j"], ["0j"], ["(-0.001026952569317385-0.0009202297289498115j)"], ["0j"], ["0j"], ["0j"], ["0j"], ["0j"], ["0j"], ["0j"], ["0j"], ["0j"], ["0j"], ["0j"], ["(-0.003356920074257261-0.0030080626334021477j)"], ["0j"], ["0j"], ["0j"], ["0j"], ["0j"], ["0j"], ["0j"], ["0j"], ["(0.0008541546775167144+0.0007653893187052444j)"], ["0j"], ["0j"], ["(-0.03466052227627608-0.03105853568364714j)"], ["0j"], ["0j"], ["(0.038017442350533386+0.03406659831704934j)"], ["0j"], ["0j"], ["(-0.003010915476980786-0.0026980154839230924j)"], ["0j"], ["0j"], ["0j"], ["0j"], ["0j"], ["(0.0029983121220361346+0.0026867218933024177j)"], ["0j"], ["0j"], ["0j"], ["0j"], ["0j"], ["(-0.0003910027616429223-0.000350369020065361j)"], ["0j"], ["0j"], ["0j"], ["0j"], ["0j"], ["0j"], ["0j"], ["0j"], ["0j"], ["0j"], ["0j"], ["0j"], ["0j"], ["0j"], ["(-0.0004017263972782229-0.00035997823533859356j)"], ["0j"], ["0j"], ["0j"], ["0j"], ["0j"], ["(0.0010269525693173875+0.0009202297289498187j)"], ["0j"], ["0j"], ["0j"], ["0j"], ["0j"], ["(-0.0008541546775166827-0.0007653893187052351j)"], ["0j"], ["0j"], ["(0.03801744235053333+0.03406659831704936j)"], ["0j"], ["0j"], ["(-0.03466052227627617-0.03105853568364719j)"], ["0j"], ["0j"], ["(0.003010915476980736+0.0026980154839229996j)"], ["0j"], ["0j"], ["0j"], ["0j"], ["0j"], ["0j"], ["0j"], ["0j"], ["(-0.003356920074257215-0.0030080626334022024j)"], ["0j"], ["0j"], ["0j"], ["0j"], ["0j"], ["0j"], ["0j"], ["0j"], ["0j"], ["0j"], ["0j"], ["(-0.0029983121220359087-0.0026867218933023804j)"], ["0j"], ["0j"], ["(0.0003910027616430189+0.0003503690200653351j)"], ["0j"], ["0j"], ["0j"], ["0j"], ["0j"], ["0j"], ["0j"], ["0j"], ["0j"], ["0j"], ["0j"], ["0j"], ["0j"], ["0j"], ["(0.0650498108907552+0.05828971233211553j)"], ["0j"], ["0j"], ["(-0.0014694871272168779-0.0013167752641905473j)"], ["0j"], ["0j"], ["(0.0014694871272168586+0.0013167752641905337j)"], ["0j"], ["0j"], ["(0.04988895388892718+0.04470440007303745j)"], ["0j"], ["0j"], ["0j"], ["0j"], ["0j"], ["(0.0013106452226474875+0.0011744405087647208j)"], ["0j"], ["0j"], ["0j"], ["0j"], ["0j"], ["(0.019972670434092954+0.017897072999375672j)"], ["0j"], ["0j"], ["0j"], ["0j"], ["0j"], ["0j"], ["0j"], ["0j"], ["(-0.001310645222647469-0.0011744405087646553j)"], ["0j"], ["0j"], ["(-0.019972670434092253-0.017897072999375332j)"], ["0j"], ["0j"], ["0j"], ["0j"], ["0j"], ["0j"], ["0j"], ["0j"], ["0j"], ["0j"], ["0j"], ["(-0.7340396060557184-0.6577568311339714j)"], ["0j"], ["0j"], ["0j"], ["0j"], ["0j"], ["0j"], ["0j"], ["0j"], ["0j"], ["0j"], ["0j"], ["0j"], ["0j"], ["0j"], ["0j"]], "hf_energy": -1.854820721193714}