{"geometry": [["H", [0.0, 0.0, 0.0]], ["H", [0.8742, 0.0, 0.0]], ["H", [0.4131, -0.0719, 0.0]], ["H", [0.0148, 0.494, -0.4245]]], "multiplicity": 1, "canonical_orbitals": [[0.2921405329459262, 0.5517454331560968, 1.0897054817162317, 2.328182673352589], [0.12738681570014077, -0.763474640237167, -0.8151691760999197, 1.8482634914070863], [0.5346407665916246, -0.46979105113386344, 0.4956556963196349, -3.3868287962820074], [0.14032793648573005, 0.7652419383020325, -1.1417676191237203, -0.448507659260793]], "canonical_to_oao": [[0.5487826378204884, 0.4259514567382855, 0.6151905940975158, 0.37275126540800185], [0.34455686737676217, -0.6384317919237965, -0.25311240365417575, 0.6400152524126971], [0.551623265056468, -0.45497204788190565, 0.2241559827110053, -0.6621678824206524], [0.5251951589825845, 0.45163108751463255, -0.7121999294195511, -0.11388883310664738]], "orbital_energies": [-1.097134222341275, -0.2764425946705636, 0.5593332242543864, 2.3094879227317158], "exact_energy": -1.2685000620004445, "ground_states": [["0j"], ["0j"], ["0j"], ["0j"], ["0j"], ["0j"], ["0j"], ["0j"], ["0j"], ["0j"], ["0j"], ["0j"], ["0j"], ["0j"], ["0j"], ["(0.001817789849666828-0.004591620526734572j)"], ["0j"], ["0j"], ["0j"], ["0j"], ["0j"], ["0j"], ["0j"], ["0j"], ["0j"], ["0j"], ["0j"], ["(-5.088148364735769e-05+0.0001285233630217167j)"], ["0j"], ["0j"], ["(-8.747646457279397e-05+0.00022095993682233684j)"], ["0j"], ["0j"], ["0j"], ["0j"], ["0j"], ["0j"], ["0j"], ["0j"], ["(5.0881483647356705e-05-0.0001285233630217404j)"], ["0j"], ["0j"], ["0j"], ["0j"], ["0j"], ["(8.747646457278917e-05-0.00022095993682233226j)"], ["0j"], ["0j"], ["0j"], ["0j"], ["0j"], ["(-0.007001742340672378+0.0176859519048533j)"], ["0j"], ["0j"], ["(-0.00048054454095496405+0.001213824677623439j)"], ["0j"], ["0j"], ["(0.0004805445409549588-0.001213824677623449j)"], ["0j"], ["0j"], ["(-0.015363209051686935+0.0388064803261883j)"], ["0j"], ["0j"], ["0j"], ["0j"], ["0j"], ["0j"], ["0j"], ["0j"], ["0j"], ["0j"], ["0j"], ["0j"], ["0j"], ["0j"], ["(-2.840719562702691e-05+7.175475348368498e-05j)"], ["0j"], ["0j"], ["(0.00015368802443941663-0.00038820608876126813j)"], ["0j"], ["0j"], ["0j"], ["0j"], ["0j"], ["0j"], ["0j"], ["0j"], ["0j"], ["0j"], ["0j"], ["(0.005794213833795227-0.014635812374252294j)"], ["0j"], ["0j"], ["0j"], ["0j"], ["0j"], ["0j"], ["0j"], ["0j"], ["(0.0021239787545244138-0.005365034054629569j)"], ["0j"], ["0j"], ["(0.004680357007359754-0.011822281498258872j)"], ["0j"], ["0j"], ["(-0.010474570841154936+0.02645809387251111j)"], ["0j"], ["0j"], ["(-0.009825596108904561+0.024818825338538852j)"], ["0j"], ["0j"], ["0j"], ["0j"], ["0j"], ["(-6.029068721018857e-06+1.522904075061437e-05j)"], ["0j"], ["0j"], ["0j"], ["0j"], ["0j"], ["(-0.0019651325639420255+0.004963798769150596j)"], ["0j"], ["0j"], ["0j"], ["0j"], ["0j"], ["0j"], ["0j"], ["0j"], ["0j"], ["0j"], ["0j"], ["0j"], ["0j"], ["0j"], ["(2.840719562702014e-05-7.175475348370011e-05j)"], ["0j"], ["0j"], ["0j"], ["0j"], ["0j"], ["(-0.00015368802443936277+0.0003882060887613742j)"], ["0j"], ["0j"], ["0j"], ["0j"], ["0j"], ["(-0.0021239787545244177+0.005365034054629568j)"], ["0j"], ["0j"], ["(-0.010474570841154981+0.02645809387251113j)"], ["0j"], ["0j"], ["(0.004680357007359748-0.011822281498258883j)"], ["0j"], ["0j"], ["(0.009825596108904584-0.024818825338538845j)"], ["0j"], ["0j"], ["0j"], ["0j"], ["0j"], ["0j"], ["0j"], ["0j"], ["(0.00579421383379521-0.014635812374252228j)"], ["0j"], ["0j"], ["0j"], ["0j"], ["0j"], ["0j"], ["0j"], ["0j"], ["0j"], ["0j"], ["0j"], ["(6.029068721036034e-06-1.5229040750648303e-05j)"], ["0j"], ["0j"], ["(0.0019651325639419666-0.004963798769150704j)"], ["0j"], ["0j"], ["0j"], ["0j"], ["0j"], ["0j"], ["0j"], ["0j"], ["0j"], ["0j"], ["0j"], ["0j"], ["0j"], ["0j"], ["(-0.006767103429660967+0.01709326907060363j)"], ["0j"], ["0j"], ["(-0.0023851389588705335+0.0060247079741762395j)"], ["0j"], ["0j"], ["(0.002385138958870574-0.006024707974176244j)"], ["0j"], ["0j"], ["(-0.05125638247075596+0.12947033339525943j)"], ["0j"], ["0j"], ["0j"], ["0j"], ["0j"], ["(2.3256139083653105e-05-5.874351515868091e-05j)"], ["0j"], ["0j"], ["0j"], ["0j"], ["0j"], ["(0.00013978179570033495-0.0003530798472216768j)"], ["0j"], ["0j"], ["0j"], ["0j"], ["0j"], ["0j"], ["0j"], ["0j"], ["(-2.325613908363861e-05+5.874351515865108e-05j)"], ["0j"], ["0j"], ["(-0.00013978179570021975+0.0003530798472214124j)"], ["0j"], ["0j"], ["0j"], ["0j"], ["0j"], ["0j"], ["0j"], ["0j"], ["0j"], ["0j"], ["0j"], ["(0.3632923851801426-0.9176532553007988j)"], ["0j"], ["0j"], ["0j"], ["0j"], ["0j"], ["0j"], ["0j"], ["0j"], ["0j"], ["0j"], ["0j"], ["0j"], ["0j"], ["0j"], ["0j"]], "hf_energy": -1.233860380007104}