{"geometry": [["H", [0.0, 0.0, 0.0]], ["H", [1.4596, 0.0, 0.0]], ["H", [1.074, -0.4057, 0.0]], ["H", [0.4363, -0.7729, 0.3098]]], "multiplicity": 1, "canonical_orbitals": [[0.20164855386609262, 0.6141064311144045, 0.9923689998845866, 0.13114766004595976], [0.2780768392122669, -0.6053153692361604, 0.436494805170085, -1.4715897140630134], [0.46077649394589504, -0.34021587283478844, -0.2583832807332034, 1.9174116615173236], [0.2882432707896316, 0.5348940047648485, -0.926494349773451, -0.9379535717987575]], "canonical_to_oao": [[0.36727751887597176, 0.4911594252053817, 0.6249303359657512, 0.4830442198701522], [0.6035747290565883, -0.5749457837067894, -0.2737202160859254, 0.4798042679550965], [0.7050095742375816, 0.2875214208288825, -0.1534473135184646, -0.6298784444413486], [0.06136995034967888, -0.5878190175506811, 0.7148379120259178, -0.3737770610006163]], "orbital_energies": [-0.8205633570698768, -0.33548350263691595, 0.4051894505570311, 1.2918788838672377], "exact_energy": -1.9544006537588596, "ground_states": [["0j"], ["0j"], ["0j"], ["0j"], ["0j"], ["0j"], ["0j"], ["0j"], ["0j"], ["0j"], ["0j"], ["0j"], ["0j"], ["0j"], ["0j"], ["(-0.008237071187045144+0.00862557088480173j)"], ["0j"], ["0j"], ["0j"], ["0j"], ["0j"], ["0j"], ["0j"], ["0j"], ["0j"], ["0j"], ["0j"], ["(-0.00038157979348029585+0.00039957692268693105j)"], ["0j"], ["0j"], ["(0.0017918974347432381-0.0018764118933414845j)"], ["0j"], ["0j"], ["0j"], ["0j"], ["0j"], ["0j"], ["0j"], ["0j"], ["(0.0003815797934803062-0.00039957692268689635j)"], ["0j"], ["0j"], ["0j"], ["0j"], ["0j"], ["(-0.001791897434743212+0.0018764118933414918j)"], ["0j"], ["0j"], ["0j"], ["0j"], ["0j"], ["(0.02350847047126327-0.024617242444385085j)"], ["0j"], ["0j"], ["(0.0028755147808230868-0.0030111378193857716j)"], ["0j"], ["0j"], ["(-0.0028755147808230586+0.0030111378193857655j)"], ["0j"], ["0j"], ["(0.03341003293194149-0.03498580997712591j)"], ["0j"], ["0j"], ["0j"], ["0j"], ["0j"], ["0j"], ["0j"], ["0j"], ["0j"], ["0j"], ["0j"], ["0j"], ["0j"], ["0j"], ["(-0.0008245922233602683+0.0008634839389073783j)"], ["0j"], ["0j"], ["(0.0011412052790989381-0.0011950299815860783j)"], ["0j"], ["0j"], ["0j"], ["0j"], ["0j"], ["0j"], ["0j"], ["0j"], ["0j"], ["0j"], ["0j"], ["(-0.010581785888924077+0.011080873553243095j)"], ["0j"], ["0j"], ["0j"], ["0j"], ["0j"], ["0j"], ["0j"], ["0j"], ["(-0.013944591832465849+0.01460228551863569j)"], ["0j"], ["0j"], ["(-0.013808237315044155+0.014459499869613701j)"], ["0j"], ["0j"], ["(0.024390023203968252-0.025540373422856744j)"], ["0j"], ["0j"], ["(0.04505648163910811-0.047181560942331266j)"], ["0j"], ["0j"], ["0j"], ["0j"], ["0j"], ["(-0.00041768575736648604+0.00043738581662413267j)"], ["0j"], ["0j"], ["0j"], ["0j"], ["0j"], ["(-0.001134845325954883+0.001188370062614658j)"], ["0j"], ["0j"], ["0j"], ["0j"], ["0j"], ["0j"], ["0j"], ["0j"], ["0j"], ["0j"], ["0j"], ["0j"], ["0j"], ["0j"], ["(0.0008245922233603015-0.0008634839389073726j)"], ["0j"], ["0j"], ["0j"], ["0j"], ["0j"], ["(-0.0011412052790989104+0.0011950299815861145j)"], ["0j"], ["0j"], ["0j"], ["0j"], ["0j"], ["(0.013944591832465793-0.014602285518635714j)"], ["0j"], ["0j"], ["(0.02439002320396824-0.025540373422856703j)"], ["0j"], ["0j"], ["(-0.013808237315044243+0.014459499869613614j)"], ["0j"], ["0j"], ["(-0.04505648163910801+0.047181560942331474j)"], ["0j"], ["0j"], ["0j"], ["0j"], ["0j"], ["0j"], ["0j"], ["0j"], ["(-0.010581785888924092+0.011080873553243076j)"], ["0j"], ["0j"], ["0j"], ["0j"], ["0j"], ["0j"], ["0j"], ["0j"], ["0j"], ["0j"], ["0j"], ["(0.00041768575736638575-0.000437385816624066j)"], ["0j"], ["0j"], ["(0.0011348453259551186-0.0011883700626149044j)"], ["0j"], ["0j"], ["0j"], ["0j"], ["0j"], ["0j"], ["0j"], ["0j"], ["0j"], ["0j"], ["0j"], ["0j"], ["0j"], ["0j"], ["(0.02348989256350137-0.024597788313583894j)"], ["0j"], ["0j"], ["(0.0007321102384334528-0.0007666400609757374j)"], ["0j"], ["0j"], ["(-0.0007321102384335491+0.0007666400609756988j)"], ["0j"], ["0j"], ["(0.11354943412930636-0.11890496886221517j)"], ["0j"], ["0j"], ["0j"], ["0j"], ["0j"], ["(-0.0038189249831176776+0.003999043761747334j)"], ["0j"], ["0j"], ["0j"], ["0j"], ["0j"], ["(0.0017008098888055768-0.0017810282228152205j)"], ["0j"], ["0j"], ["0j"], ["0j"], ["0j"], ["0j"], ["0j"], ["0j"], ["(0.003818924983117591-0.003999043761747387j)"], ["0j"], ["0j"], ["(-0.0017008098888052373+0.0017810282228149016j)"], ["0j"], ["0j"], ["0j"], ["0j"], ["0j"], ["0j"], ["0j"], ["0j"], ["0j"], ["0j"], ["0j"], ["(-0.6748932494059258+0.7067244449192664j)"], ["0j"], ["0j"], ["0j"], ["0j"], ["0j"], ["0j"], ["0j"], ["0j"], ["0j"], ["0j"], ["0j"], ["0j"], ["0j"], ["0j"], ["0j"]]}