{"geometry": [["H", [0.0, 0.0, 0.0]], ["H", [0.8552, 0.0, 0.0]], ["H", [0.2706, -0.5267, 0.0]], ["H", [0.0402, -0.2805, -1.3602]]], "multiplicity": 1, "canonical_orbitals": [[0.4002310708746084, 0.204089494592127, 0.7136584396546795, 1.3317985985743863], [0.2914246610679953, -0.6347635005527795, -1.0863505652948249, 0.26200055849447756], [0.432963554216217, 0.025203757738899032, 0.4270406813529401, -1.5238444448888029], [0.015483326713776877, 0.9208928018645517, -0.5138920283744712, -0.015472831502996812]], "canonical_to_oao": [[0.5939448187161801, 0.49837125970621843, 0.6156040322102737, 0.14102239306398975], [0.14043102396419585, -0.4490613410899776, 0.026002763587596775, 0.8820129793447746], [0.44462316009607117, -0.7285038151296074, 0.2637561750376108, -0.44947204248687045], [0.6556057697540155, 0.1387522640496837, -0.7421510708351708, -0.011860520416073652]], "orbital_energies": [-0.9397855320093295, -0.09217489242689525, 0.3142295510418473, 0.6549754467096028], "exact_energy": -1.7120271099590971, "ground_states": [["0j"], ["0j"], ["0j"], ["0j"], ["0j"], ["0j"], ["0j"], ["0j"], ["0j"], ["0j"], ["0j"], ["0j"], ["0j"], ["0j"], ["0j"], ["(0.0029622935581775475-0.02920860296296806j)"], ["0j"], ["0j"], ["0j"], ["0j"], ["0j"], ["0j"], ["0j"], ["0j"], ["0j"], ["0j"], ["0j"], ["(0.001902189271430942-0.01875583567207167j)"], ["0j"], ["0j"], ["(-0.00010295637619978989+0.0010151633711736495j)"], ["0j"], ["0j"], ["0j"], ["0j"], ["0j"], ["0j"], ["0j"], ["0j"], ["(-0.001902189271428378+0.0187558356720646j)"], ["0j"], ["0j"], ["0j"], ["0j"], ["0j"], ["(0.00010295637619971872-0.0010151633711734964j)"], ["0j"], ["0j"], ["0j"], ["0j"], ["0j"], ["(-0.005659700163316571+0.0558053858313327j)"], ["0j"], ["0j"], ["(6.256259137665408e-05-0.0006168753555194536j)"], ["0j"], ["0j"], ["(-6.25625913765409e-05+0.0006168753555191422j)"], ["0j"], ["0j"], ["(-0.0026910609971609383+0.026534214341529846j)"], ["0j"], ["0j"], ["0j"], ["0j"], ["0j"], ["0j"], ["0j"], ["0j"], ["0j"], ["0j"], ["0j"], ["0j"], ["0j"], ["0j"], ["(0.0019781436209148936-0.019504755518754722j)"], ["0j"], ["0j"], ["(-0.0003433450858894552+0.003385427573628698j)"], ["0j"], ["0j"], ["0j"], ["0j"], ["0j"], ["0j"], ["0j"], ["0j"], ["0j"], ["0j"], ["0j"], ["(0.000934640826497017-0.009215681119370607j)"], ["0j"], ["0j"], ["0j"], ["0j"], ["0j"], ["0j"], ["0j"], ["0j"], ["(-0.0019454906244411648+0.01918279269136918j)"], ["0j"], ["0j"], ["(0.0014713331607701795-0.014507537917893668j)"], ["0j"], ["0j"], ["(-0.0024059739872668027+0.023723219037263214j)"], ["0j"], ["0j"], ["(0.004620012823457774-0.04555393231427514j)"], ["0j"], ["0j"], ["0j"], ["0j"], ["0j"], ["(0.000256564064338431-0.0025297553205508583j)"], ["0j"], ["0j"], ["0j"], ["0j"], ["0j"], ["(-0.003462294444490352+0.03413867727283726j)"], ["0j"], ["0j"], ["0j"], ["0j"], ["0j"], ["0j"], ["0j"], ["0j"], ["0j"], ["0j"], ["0j"], ["0j"], ["0j"], ["0j"], ["(-0.0019781436209151725+0.01950475551875536j)"], ["0j"], ["0j"], ["0j"], ["0j"], ["0j"], ["(0.0003433450858899838-0.003385427573630134j)"], ["0j"], ["0j"], ["0j"], ["0j"], ["0j"], ["(0.0019454906244430964-0.019182792691374524j)"], ["0j"], ["0j"], ["(-0.0024059739872680447+0.023723219037266645j)"], ["0j"], ["0j"], ["(0.001471333160770772-0.014507537917895339j)"], ["0j"], ["0j"], ["(-0.0046200128234602025+0.04555393231428185j)"], ["0j"], ["0j"], ["0j"], ["0j"], ["0j"], ["0j"], ["0j"], ["0j"], ["(0.0009346408264968695-0.009215681119370182j)"], ["0j"], ["0j"], ["0j"], ["0j"], ["0j"], ["0j"], ["0j"], ["0j"], ["0j"], ["0j"], ["0j"], ["(-0.0002565640643390711+0.002529755320552551j)"], ["0j"], ["0j"], ["(0.0034622944444922753-0.034138677272842415j)"], ["0j"], ["0j"], ["0j"], ["0j"], ["0j"], ["0j"], ["0j"], ["0j"], ["0j"], ["0j"], ["0j"], ["0j"], ["0j"], ["0j"], ["(0.0013933939767047107-0.013739047341951588j)"], ["0j"], ["0j"], ["(-0.001024792687356823+0.010104590290088441j)"], ["0j"], ["0j"], ["(0.001024792687356178-0.010104590290086611j)"], ["0j"], ["0j"], ["(-0.04387511782946921+0.43261441564313935j)"], ["0j"], ["0j"], ["0j"], ["0j"], ["0j"], ["(0.0006194653884225456-0.00610800996740574j)"], ["0j"], ["0j"], ["0j"], ["0j"], ["0j"], ["(-0.025305085298946206+0.2495114595918879j)"], ["0j"], ["0j"], ["0j"], ["0j"], ["0j"], ["0j"], ["0j"], ["0j"], ["(-0.0006194653884220944+0.006108009967404647j)"], ["0j"], ["0j"], ["(0.025305085298909-0.24951145959178597j)"], ["0j"], ["0j"], ["0j"], ["0j"], ["0j"], ["0j"], ["0j"], ["0j"], ["0j"], ["0j"], ["0j"], ["(0.0825534536181546-0.8139878788509088j)"], ["0j"], ["0j"], ["0j"], ["0j"], ["0j"], ["0j"], ["0j"], ["0j"], ["0j"], ["0j"], ["0j"], ["0j"], ["0j"], ["0j"], ["0j"]]}