{"geometry": [["H", [0.0, 0.0, 0.0]], ["H", [1.279, 0.0, 0.0]], ["H", [0.679, -0.3898, 0.0]], ["H", [0.0942, -0.2857, 0.7739]]], "multiplicity": 1, "canonical_orbitals": [[0.3507569945276727, 0.46272461262572684, 1.0743127836670603, 0.739592667970746], [0.20099583265111337, -0.7042617536795722, -0.33877956192825054, 1.1094404216731824], [0.4046360476301639, -0.4002694106379091, 0.16140943644902664, -1.583261755958477], [0.2738408799504614, 0.5964441124717044, -1.098855259834452, 0.07947923735541322]], "canonical_to_oao": [[0.5400246806266433, 0.3932804510403948, 0.5833873219635917, 0.4619123983134755], [0.3844046908998705, -0.6815761915157547, -0.3195014453972488, 0.5344209531466029], [0.6619929448700197, -0.22804303615249646, 0.10061201881245424, -0.706851424469919], [0.3498166932417414, 0.5733940666336685, -0.7399022101816574, 0.0373127973625159]], "orbital_energies": [-0.8345208824699384, -0.29421439594687415, 0.4906077218453468, 0.894457870461508], "exact_energy": -1.9424259258325296, "ground_states": [["0j"], ["0j"], ["0j"], ["0j"], ["0j"], ["0j"], ["0j"], ["0j"], ["0j"], ["0j"], ["0j"], ["0j"], ["0j"], ["0j"], ["0j"], ["(0.0105949227507397-0.008833923755996075j)"], ["0j"], ["0j"], ["0j"], ["0j"], ["0j"], ["0j"], ["0j"], ["0j"], ["0j"], ["0j"], ["0j"], ["(-0.00026856827552053494+0.0002239291144489164j)"], ["0j"], ["0j"], ["(0.002701238965004116-0.0022522617318664617j)"], ["0j"], ["0j"], ["0j"], ["0j"], ["0j"], ["0j"], ["0j"], ["0j"], ["(0.0002685682755205338-0.00022392911444893816j)"], ["0j"], ["0j"], ["0j"], ["0j"], ["0j"], ["(-0.002701238965004145+0.0022522617318664635j)"], ["0j"], ["0j"], ["0j"], ["0j"], ["0j"], ["(-0.03132504603086541+0.026118460209671013j)"], ["0j"], ["0j"], ["(0.0037469654622401803-0.0031241763615001013j)"], ["0j"], ["0j"], ["(-0.003746965462240209+0.003124176361500113j)"], ["0j"], ["0j"], ["(-0.04399312142445794+0.03668095460392159j)"], ["0j"], ["0j"], ["0j"], ["0j"], ["0j"], ["0j"], ["0j"], ["0j"], ["0j"], ["0j"], ["0j"], ["0j"], ["0j"], ["0j"], ["(-0.0003570518229564604+0.00029770567045583066j)"], ["0j"], ["0j"], ["(0.0018429911242665198-0.0015366646324638342j)"], ["0j"], ["0j"], ["0j"], ["0j"], ["0j"], ["0j"], ["0j"], ["0j"], ["0j"], ["0j"], ["0j"], ["(0.007294502283289613-0.006082071434076443j)"], ["0j"], ["0j"], ["0j"], ["0j"], ["0j"], ["0j"], ["0j"], ["0j"], ["(0.024030151917017014-0.020036062071817465j)"], ["0j"], ["0j"], ["(0.013021449285996464-0.01085713344885232j)"], ["0j"], ["0j"], ["(-0.020315951569286044+0.01693920488292872j)"], ["0j"], ["0j"], ["(-0.05047023228644983+0.04208149454745036j)"], ["0j"], ["0j"], ["0j"], ["0j"], ["0j"], ["(-4.326527996766832e-05+3.607408883561173e-05j)"], ["0j"], ["0j"], ["0j"], ["0j"], ["0j"], ["(-0.002584866011442161+0.002155231312371143j)"], ["0j"], ["0j"], ["0j"], ["0j"], ["0j"], ["0j"], ["0j"], ["0j"], ["0j"], ["0j"], ["0j"], ["0j"], ["0j"], ["0j"], ["(0.00035705182295644273-0.00029770567045584644j)"], ["0j"], ["0j"], ["0j"], ["0j"], ["0j"], ["(-0.0018429911242665187+0.0015366646324638275j)"], ["0j"], ["0j"], ["0j"], ["0j"], ["0j"], ["(-0.024030151917017028+0.02003606207181744j)"], ["0j"], ["0j"], ["(-0.020315951569286124+0.016939204882928688j)"], ["0j"], ["0j"], ["(0.013021449285996502-0.01085713344885236j)"], ["0j"], ["0j"], ["(0.050470232286449895-0.04208149454745026j)"], ["0j"], ["0j"], ["0j"], ["0j"], ["0j"], ["0j"], ["0j"], ["0j"], ["(0.00729450228328957-0.0060820714340764j)"], ["0j"], ["0j"], ["0j"], ["0j"], ["0j"], ["0j"], ["0j"], ["0j"], ["0j"], ["0j"], ["0j"], ["(4.326527996769784e-05-3.6074088835659214e-05j)"], ["0j"], ["0j"], ["(0.0025848660114422676-0.0021552313123710384j)"], ["0j"], ["0j"], ["0j"], ["0j"], ["0j"], ["0j"], ["0j"], ["0j"], ["0j"], ["0j"], ["0j"], ["0j"], ["0j"], ["0j"], ["(-0.04732926356218266+0.03946259124037254j)"], ["0j"], ["0j"], ["(-0.017502151927473113+0.0145930913637255j)"], ["0j"], ["0j"], ["(0.017502151927473196-0.014593091363725507j)"], ["0j"], ["0j"], ["(-0.08845721342451061+0.07375459901351758j)"], ["0j"], ["0j"], ["0j"], ["0j"], ["0j"], ["(-0.009074503764923155+0.007566216032791284j)"], ["0j"], ["0j"], ["0j"], ["0j"], ["0j"], ["(0.0026489271895238625-0.0022086447799542935j)"], ["0j"], ["0j"], ["0j"], ["0j"], ["0j"], ["0j"], ["0j"], ["0j"], ["(0.009074503764923594-0.007566216032791278j)"], ["0j"], ["0j"], ["(-0.0026489271895237584+0.002208644779954757j)"], ["0j"], ["0j"], ["0j"], ["0j"], ["0j"], ["0j"], ["0j"], ["0j"], ["0j"], ["0j"], ["0j"], ["(0.753943741820489-0.6286295509882416j)"], ["0j"], ["0j"], ["0j"], ["0j"], ["0j"], ["0j"], ["0j"], ["0j"], ["0j"], ["0j"], ["0j"], ["0j"], ["0j"], ["0j"], ["0j"]]}