{"geometry": [["H", [0.0, 0.0, 0.0]], ["H", [1.255, 0.0, 0.0]], ["H", [0.8229, 0.1528, 0.0]], ["H", [0.2226, -0.325, 0.7361]]], "multiplicity": 1, "canonical_orbitals": [[0.24819592029813686, 0.5682833387688218, 1.0125792859130274, 0.8715399566566452], [0.289151454300432, -0.5872203910070843, -0.3998419961318034, 1.7934948000517708], [0.4627566248208872, -0.35241859968767114, 0.30832899090949584, -2.1707717585582595], [0.2028368130867155, 0.6020600995049445, -1.0853035466126097, -0.14447134027949743]], "canonical_to_oao": [[0.4475545314884056, 0.5186946668386957, 0.6210313026546015, 0.38075044984925854], [0.5256507707514113, -0.5408854116620396, -0.28864162790155656, 0.589762875486388], [0.6489700757251582, -0.2261852652044826, 0.1561705796000106, -0.7094285141471667], [0.3197249589348989, 0.6222853363599823, -0.7117702451162625, -0.06261013458344467]], "orbital_energies": [-0.8686054060598014, -0.3714178919529121, 0.48744734332492606, 1.439983141629961], "exact_energy": -1.865211497486107, "ground_states": [["0j"], ["0j"], ["0j"], ["0j"], ["0j"], ["0j"], ["0j"], ["0j"], ["0j"], ["0j"], ["0j"], ["0j"], ["0j"], ["0j"], ["0j"], ["(0.008531275264368273+0.002460023183217304j)"], ["0j"], ["0j"], ["0j"], ["0j"], ["0j"], ["0j"], ["0j"], ["0j"], ["0j"], ["0j"], ["0j"], ["(-0.0005099710285452476-0.00014705193703338373j)"], ["0j"], ["0j"], ["(0.0018560750335687667+0.0005352057542253323j)"], ["0j"], ["0j"], ["0j"], ["0j"], ["0j"], ["0j"], ["0j"], ["0j"], ["(0.0005099710285452341+0.00014705193703344404j)"], ["0j"], ["0j"], ["0j"], ["0j"], ["0j"], ["(-0.0018560750335687908-0.0005352057542253072j)"], ["0j"], ["0j"], ["0j"], ["0j"], ["0j"], ["(-0.02971669178532761-0.008568912437482257j)"], ["0j"], ["0j"], ["(-0.005864997764092503-0.0016911927023906402j)"], ["0j"], ["0j"], ["(0.005864997764092485+0.0016911927023906194j)"], ["0j"], ["0j"], ["(-0.04104693859360642-0.011836028895012694j)"], ["0j"], ["0j"], ["0j"], ["0j"], ["0j"], ["0j"], ["0j"], ["0j"], ["0j"], ["0j"], ["0j"], ["0j"], ["0j"], ["0j"], ["(-0.0007919052970108473-0.0002283486734621817j)"], ["0j"], ["0j"], ["(0.0010614051223311381+0.0003060598945418568j)"], ["0j"], ["0j"], ["0j"], ["0j"], ["0j"], ["0j"], ["0j"], ["0j"], ["0j"], ["0j"], ["0j"], ["(0.010320859439818494+0.0029760560649968563j)"], ["0j"], ["0j"], ["0j"], ["0j"], ["0j"], ["0j"], ["0j"], ["0j"], ["(0.018779698426660916+0.005415191993202734j)"], ["0j"], ["0j"], ["(0.01502513447699232+0.004332550292772261j)"], ["0j"], ["0j"], ["(-0.0253459939168109-0.007308606357769047j)"], ["0j"], ["0j"], ["(-0.05641099796381138-0.016266309371003065j)"], ["0j"], ["0j"], ["0j"], ["0j"], ["0j"], ["(-0.0003985899380708075-0.00011493480843911396j)"], ["0j"], ["0j"], ["0j"], ["0j"], ["0j"], ["(-0.00016260212837821369-4.6886894755562886e-05j)"], ["0j"], ["0j"], ["0j"], ["0j"], ["0j"], ["0j"], ["0j"], ["0j"], ["0j"], ["0j"], ["0j"], ["0j"], ["0j"], ["0j"], ["(0.0007919052970108557+0.00022834867346218884j)"], ["0j"], ["0j"], ["0j"], ["0j"], ["0j"], ["(-0.001061405122331089-0.00030605989454187896j)"], ["0j"], ["0j"], ["0j"], ["0j"], ["0j"], ["(-0.018779698426660874-0.005415191993202776j)"], ["0j"], ["0j"], ["(-0.02534599391681083-0.007308606357769167j)"], ["0j"], ["0j"], ["(0.015025134476992346+0.004332550292772257j)"], ["0j"], ["0j"], ["(0.05641099796381098+0.016266309371003145j)"], ["0j"], ["0j"], ["0j"], ["0j"], ["0j"], ["0j"], ["0j"], ["0j"], ["(0.01032085943981855+0.0029760560649968798j)"], ["0j"], ["0j"], ["0j"], ["0j"], ["0j"], ["0j"], ["0j"], ["0j"], ["0j"], ["0j"], ["0j"], ["(0.0003985899380706454+0.00011493480843906002j)"], ["0j"], ["0j"], ["(0.00016260212837841887+4.688689475534097e-05j)"], ["0j"], ["0j"], ["0j"], ["0j"], ["0j"], ["0j"], ["0j"], ["0j"], ["0j"], ["0j"], ["0j"], ["0j"], ["0j"], ["0j"], ["(-0.029770689349210913-0.008584482824660436j)"], ["0j"], ["0j"], ["(0.005824715698703923+0.0016795772273703435j)"], ["0j"], ["0j"], ["(-0.005824715698703839-0.0016795772273704118j)"], ["0j"], ["0j"], ["(-0.1227153023890678-0.03538538840417861j)"], ["0j"], ["0j"], ["0j"], ["0j"], ["0j"], ["(-0.004174456170846115-0.0012037190970145043j)"], ["0j"], ["0j"], ["0j"], ["0j"], ["0j"], ["(0.0018532390775767404+0.000534387996354573j)"], ["0j"], ["0j"], ["0j"], ["0j"], ["0j"], ["0j"], ["0j"], ["0j"], ["(0.004174456170846207+0.0012037190970141996j)"], ["0j"], ["0j"], ["(-0.0018532390775753956-0.0005343879963562785j)"], ["0j"], ["0j"], ["0j"], ["0j"], ["0j"], ["0j"], ["0j"], ["0j"], ["0j"], ["0j"], ["0j"], ["(0.9462770328563613+0.2728623056268406j)"], ["0j"], ["0j"], ["0j"], ["0j"], ["0j"], ["0j"], ["0j"], ["0j"], ["0j"], ["0j"], ["0j"], ["0j"], ["0j"], ["0j"], ["0j"]]}