{"geometry": [["H", [0.0, 0.0, 0.0]], ["H", [0.8872, 0.0, 0.0]], ["H", [-0.3239, 0.26, 0.0]], ["H", [0.3946, -0.2066, 1.176]]], "multiplicity": 1, "canonical_orbitals": [[0.5165125482067359, 0.22193220623749868, 0.06436554941339667, 2.300923315342025], [0.18935559500626736, -0.613089454673046, 0.8948829175610602, -0.6631887144161371], [0.3636682198787621, 0.5476515855879679, -0.30178176542532664, -1.9543352025861997], [0.09885895803610989, -0.7019494351703919, -0.823842111063248, -0.08205200660642897]], "canonical_to_oao": [[0.6651778258170755, 0.37952558476086673, 0.5971423158535591, 0.23857880285189237], [0.17377593579893527, -0.5559197426172116, 0.43428402964887, -0.6871335718021333], [0.027424301095922338, 0.6991020024329175, -0.20093203529421955, -0.685660714272159], [0.7256640351346308, -0.2411844946811912, -0.6437738371520774, -0.028231086340988934]], "orbital_energies": [-0.832899896364355, -0.2680437341169034, 0.2541921881969146, 1.446883794051769], "exact_energy": -1.746497157847678, "ground_states": [["0j"], ["0j"], ["0j"], ["0j"], ["0j"], ["0j"], ["0j"], ["0j"], ["0j"], ["0j"], ["0j"], ["0j"], ["0j"], ["0j"], ["0j"], ["(0.00272585245511614-0.01850695158369024j)"], ["0j"], ["0j"], ["0j"], ["0j"], ["0j"], ["0j"], ["0j"], ["0j"], ["0j"], ["0j"], ["0j"], ["(-0.00016266593342158649+0.001104407007980585j)"], ["0j"], ["0j"], ["(0.0007135661773556798-0.004844699011971303j)"], ["0j"], ["0j"], ["0j"], ["0j"], ["0j"], ["0j"], ["0j"], ["0j"], ["(0.00016266593342190099-0.0011044070079811409j)"], ["0j"], ["0j"], ["0j"], ["0j"], ["0j"], ["(-0.0007135661773557152+0.004844699011971373j)"], ["0j"], ["0j"], ["0j"], ["0j"], ["0j"], ["(-0.005296230517056027+0.0359583225318196j)"], ["0j"], ["0j"], ["(0.00069996496335064-0.0047523546854844135j)"], ["0j"], ["0j"], ["(-0.0006999649633506442+0.004752354685484504j)"], ["0j"], ["0j"], ["(-0.003589990941684359+0.024373948934373942j)"], ["0j"], ["0j"], ["0j"], ["0j"], ["0j"], ["0j"], ["0j"], ["0j"], ["0j"], ["0j"], ["0j"], ["0j"], ["0j"], ["0j"], ["(-0.00015245340120599753+0.001035069858455306j)"], ["0j"], ["0j"], ["(-0.0002557208608812356+0.001736195802669575j)"], ["0j"], ["0j"], ["0j"], ["0j"], ["0j"], ["0j"], ["0j"], ["0j"], ["0j"], ["0j"], ["0j"], ["(0.0017298068363635261-0.011744381582220343j)"], ["0j"], ["0j"], ["0j"], ["0j"], ["0j"], ["0j"], ["0j"], ["0j"], ["(-0.0026909425499390227+0.018269933646900712j)"], ["0j"], ["0j"], ["(0.0015122376379085156-0.010267213361192169j)"], ["0j"], ["0j"], ["(-0.0032420444742720512+0.0220115949434128j)"], ["0j"], ["0j"], ["(0.012240803823134897-0.08310793318068722j)"], ["0j"], ["0j"], ["0j"], ["0j"], ["0j"], ["(0.00018242418921478846-0.0012385540644932968j)"], ["0j"], ["0j"], ["0j"], ["0j"], ["0j"], ["(0.0001188760095728661-0.000807098913032808j)"], ["0j"], ["0j"], ["0j"], ["0j"], ["0j"], ["0j"], ["0j"], ["0j"], ["0j"], ["0j"], ["0j"], ["0j"], ["0j"], ["0j"], ["(0.00015245340120583669-0.0010350698584550868j)"], ["0j"], ["0j"], ["0j"], ["0j"], ["0j"], ["(0.00025572086088138465-0.0017361958026698198j)"], ["0j"], ["0j"], ["0j"], ["0j"], ["0j"], ["(0.0026909425499390192-0.018269933646900726j)"], ["0j"], ["0j"], ["(-0.0032420444742719432+0.02201159494341204j)"], ["0j"], ["0j"], ["(0.001512237637908542-0.010267213361192145j)"], ["0j"], ["0j"], ["(-0.01224080382313454+0.08310793318068728j)"], ["0j"], ["0j"], ["0j"], ["0j"], ["0j"], ["0j"], ["0j"], ["0j"], ["(0.0017298068363634804-0.01174438158222031j)"], ["0j"], ["0j"], ["0j"], ["0j"], ["0j"], ["0j"], ["0j"], ["0j"], ["0j"], ["0j"], ["0j"], ["(-0.0001824241892149564+0.0012385540644935995j)"], ["0j"], ["0j"], ["(-0.0001188760095711405+0.0008070989130323096j)"], ["0j"], ["0j"], ["0j"], ["0j"], ["0j"], ["0j"], ["0j"], ["0j"], ["0j"], ["0j"], ["0j"], ["0j"], ["0j"], ["0j"], ["(-0.0023931166626316547+0.01624786922209218j)"], ["0j"], ["0j"], ["(-0.0001258634023152867+0.0008545392427378527j)"], ["0j"], ["0j"], ["(0.0001258634023155517-0.0008545392427375505j)"], ["0j"], ["0j"], ["(-0.05314793618635955+0.36084355186866107j)"], ["0j"], ["0j"], ["0j"], ["0j"], ["0j"], ["(-0.0015918027423233137+0.010807414109179559j)"], ["0j"], ["0j"], ["0j"], ["0j"], ["0j"], ["(0.00394170076902727-0.026761853948811615j)"], ["0j"], ["0j"], ["0j"], ["0j"], ["0j"], ["0j"], ["0j"], ["0j"], ["(0.0015918027423234334-0.010807414109179592j)"], ["0j"], ["0j"], ["(-0.003941700769034181+0.026761853948824604j)"], ["0j"], ["0j"], ["0j"], ["0j"], ["0j"], ["0j"], ["0j"], ["0j"], ["0j"], ["0j"], ["0j"], ["(0.13405262187802605-0.9101392770202797j)"], ["0j"], ["0j"], ["0j"], ["0j"], ["0j"], ["0j"], ["0j"], ["0j"], ["0j"], ["0j"], ["0j"], ["0j"], ["0j"], ["0j"], ["0j"]], "hf_energy": -1.6496530312328404}