{"geometry": [["H", [0.0, 0.0, 0.0]], ["H", [0.5151, 0.0, 0.0]], ["H", [-0.0843, -0.3947, 0.0]], ["H", [-0.7923, -0.0202, 0.9522]]], "multiplicity": 1, "canonical_orbitals": [[0.5014450166077371, 0.003951422260612153, 0.07843168654108951, 2.538215575112179], [0.2532531490373843, 0.6834716338281963, -1.107786315875203, -1.0807122508956153], [0.3203344213580318, -0.3244567894417818, 1.189238438906831, -1.6140296502012565], [-0.017520469772540848, -0.8826639213314692, -0.6195017664703985, -0.16362123052597172]], "canonical_to_oao": [[0.635481060671697, 0.5127054146577866, 0.5634898262731941, 0.1256033239797777], [-0.005543299698942163, 0.4498167033821224, -0.20950533899993548, -0.8681829980582493], [0.05698983048886752, -0.6288072762919336, 0.6135702767958655, -0.47422050138708166], [0.7699904236916668, -0.37336242502606865, -0.5119748470870155, -0.07481312018627712]], "orbital_energies": [-1.1159972288554534, -0.16236351772523414, 0.4389915673025298, 1.1720819692018936], "exact_energy": -1.3530412073177864, "ground_states": [["0j"], ["0j"], ["0j"], ["0j"], ["0j"], ["0j"], ["0j"], ["0j"], ["0j"], ["0j"], ["0j"], ["0j"], ["0j"], ["0j"], ["0j"], ["(-0.00987696740835251-0.002328776493844786j)"], ["0j"], ["0j"], ["0j"], ["0j"], ["0j"], ["0j"], ["0j"], ["0j"], ["0j"], ["0j"], ["0j"], ["(0.003976347182215092+0.0009375371474323095j)"], ["0j"], ["0j"], ["(0.000460931478261926+0.00010867772945587478j)"], ["0j"], ["0j"], ["0j"], ["0j"], ["0j"], ["0j"], ["0j"], ["0j"], ["(-0.003976347182215096-0.0009375371474322469j)"], ["0j"], ["0j"], ["0j"], ["0j"], ["0j"], ["(-0.0004609314782619041-0.00010867772945586414j)"], ["0j"], ["0j"], ["0j"], ["0j"], ["0j"], ["(0.038471658607379104+0.009070789700927997j)"], ["0j"], ["0j"], ["(0.0030920045526688098+0.0007290281746831518j)"], ["0j"], ["0j"], ["(-0.003092004552668794-0.0007290281746831176j)"], ["0j"], ["0j"], ["(0.0384761470116838+0.00907184797013226j)"], ["0j"], ["0j"], ["0j"], ["0j"], ["0j"], ["0j"], ["0j"], ["0j"], ["0j"], ["0j"], ["0j"], ["0j"], ["0j"], ["0j"], ["(-0.003925046405002507-0.000925441527476341j)"], ["0j"], ["0j"], ["(-0.0023443534908086493-0.0005527481338088935j)"], ["0j"], ["0j"], ["0j"], ["0j"], ["0j"], ["0j"], ["0j"], ["0j"], ["0j"], ["0j"], ["0j"], ["(-0.007791892796606185-0.0018371607434838606j)"], ["0j"], ["0j"], ["0j"], ["0j"], ["0j"], ["0j"], ["0j"], ["0j"], ["(0.0014967539144163002+0.00035290238277136706j)"], ["0j"], ["0j"], ["(-0.013346122203101768-0.0031467285843506895j)"], ["0j"], ["0j"], ["(0.021138014999707987+0.004983889327834585j)"], ["0j"], ["0j"], ["(0.011213583287818575+0.0026439217720166178j)"], ["0j"], ["0j"], ["0j"], ["0j"], ["0j"], ["(0.0012421079062135433+0.0002928623306342849j)"], ["0j"], ["0j"], ["0j"], ["0j"], ["0j"], ["(0.013131496431606344+0.003096124443325414j)"], ["0j"], ["0j"], ["0j"], ["0j"], ["0j"], ["0j"], ["0j"], ["0j"], ["0j"], ["0j"], ["0j"], ["0j"], ["0j"], ["0j"], ["(0.0039250464050025+0.0009254415274763435j)"], ["0j"], ["0j"], ["0j"], ["0j"], ["0j"], ["(0.0023443534908086454+0.0005527481338089268j)"], ["0j"], ["0j"], ["0j"], ["0j"], ["0j"], ["(-0.0014967539144163141-0.0003529023827713708j)"], ["0j"], ["0j"], ["(0.021138014999707914+0.00498388932783459j)"], ["0j"], ["0j"], ["(-0.013346122203101801-0.003146728584350755j)"], ["0j"], ["0j"], ["(-0.011213583287818497-0.002643921772016628j)"], ["0j"], ["0j"], ["0j"], ["0j"], ["0j"], ["0j"], ["0j"], ["0j"], ["(-0.007791892796606128-0.001837160743483851j)"], ["0j"], ["0j"], ["0j"], ["0j"], ["0j"], ["0j"], ["0j"], ["0j"], ["0j"], ["0j"], ["0j"], ["(-0.0012421079062135095-0.0002928623306342763j)"], ["0j"], ["0j"], ["(-0.013131496431606299-0.0030961244433258374j)"], ["0j"], ["0j"], ["0j"], ["0j"], ["0j"], ["0j"], ["0j"], ["0j"], ["0j"], ["0j"], ["0j"], ["0j"], ["0j"], ["0j"], ["(0.00535003577926175+0.0012614233750976227j)"], ["0j"], ["0j"], ["(-0.02764837886827467-0.006518893111554004j)"], ["0j"], ["0j"], ["(0.0276483788682746+0.006518893111553941j)"], ["0j"], ["0j"], ["(0.21652394928642474+0.05105169052458876j)"], ["0j"], ["0j"], ["0j"], ["0j"], ["0j"], ["(-0.002062476741817701-0.0004862876586375015j)"], ["0j"], ["0j"], ["0j"], ["0j"], ["0j"], ["(-0.07808338988548935-0.018410384018406195j)"], ["0j"], ["0j"], ["0j"], ["0j"], ["0j"], ["0j"], ["0j"], ["0j"], ["(0.002062476741817557+0.00048628765863729413j)"], ["0j"], ["0j"], ["(0.0780833898854897+0.01841038401840479j)"], ["0j"], ["0j"], ["0j"], ["0j"], ["0j"], ["0j"], ["0j"], ["0j"], ["0j"], ["0j"], ["0j"], ["(-0.9389181443749882-0.2213767054061326j)"], ["0j"], ["0j"], ["0j"], ["0j"], ["0j"], ["0j"], ["0j"], ["0j"], ["0j"], ["0j"], ["0j"], ["0j"], ["0j"], ["0j"], ["0j"]], "hf_energy": -1.3028036750691196}