{"geometry": [["H", [0.0, 0.0, 0.0]], ["H", [0.5118, 0.0, 0.0]], ["H", [0.5832, 1.0061, 0.0]], ["H", [0.7342, 0.2069, -0.8252]]], "multiplicity": 1, "canonical_orbitals": [[0.34193672320636437, 0.6545399198561263, 0.15601018201674988, 1.5231731478074737], [0.4612253752949717, 0.3553751506077518, -0.04204329471889434, -1.8222535867846685], [0.17205800450619058, -0.7229153212101551, 0.8895553059365325, 0.1406111568663101], [0.22078403770397464, -0.6544065764962603, -0.9366334767276728, 0.42979452719944383]], "canonical_to_oao": [[0.558693437259423, 0.6273516411741531, 0.35321717665674346, 0.41173922280247394], [0.5073715430407687, 0.2529956987971652, -0.6210812483113135, -0.5411334185749618], [0.11067979738376471, -0.026099581866942445, 0.6968092347779025, -0.7081847813993845], [0.6466728252576943, -0.7360311858424218, 0.06286970207448803, 0.19005196947597233]], "orbital_energies": [-0.8380367122930381, -0.19499907859232402, 0.2864101180619634, 1.0503547393982906], "exact_energy": -1.723197027038899, "ground_states": [["0j"], ["0j"], ["0j"], ["0j"], ["0j"], ["0j"], ["0j"], ["0j"], ["0j"], ["0j"], ["0j"], ["0j"], ["0j"], ["0j"], ["0j"], ["(0.0009725575883354941+0.02832378413481807j)"], ["0j"], ["0j"], ["0j"], ["0j"], ["0j"], ["0j"], ["0j"], ["0j"], ["0j"], ["0j"], ["0j"], ["(3.5264065727526686e-05+0.0010269950051896666j)"], ["0j"], ["0j"], ["(-0.0002028117955939055-0.0059064857313321185j)"], ["0j"], ["0j"], ["0j"], ["0j"], ["0j"], ["0j"], ["0j"], ["0j"], ["(-3.5264065734432444e-05-0.0010269950051904572j)"], ["0j"], ["0j"], ["0j"], ["0j"], ["0j"], ["(0.00020281179559434134+0.005906485731332176j)"], ["0j"], ["0j"], ["0j"], ["0j"], ["0j"], ["(-0.0014824686177120757-0.04317391753282334j)"], ["0j"], ["0j"], ["(3.282283715111743e-05+0.0009558991316427549j)"], ["0j"], ["0j"], ["(-3.282283715126294e-05-0.0009558991316427492j)"], ["0j"], ["0j"], ["(-0.00108705508271569-0.0316582934262968j)"], ["0j"], ["0j"], ["0j"], ["0j"], ["0j"], ["0j"], ["0j"], ["0j"], ["0j"], ["0j"], ["0j"], ["0j"], ["0j"], ["0j"], ["(9.644507450605336e-06+0.00028087688618854225j)"], ["0j"], ["0j"], ["(9.621851307429528e-05+0.0028021707164715267j)"], ["0j"], ["0j"], ["0j"], ["0j"], ["0j"], ["0j"], ["0j"], ["0j"], ["0j"], ["0j"], ["0j"], ["(0.0002576907110501224+0.0075047237930760775j)"], ["0j"], ["0j"], ["0j"], ["0j"], ["0j"], ["0j"], ["0j"], ["0j"], ["(-0.0010779226276789663-0.03139232903695243j)"], ["0j"], ["0j"], ["(0.00030471513615985964+0.008874215617390253j)"], ["0j"], ["0j"], ["(-0.0005624058472130347-0.016378939410466677j)"], ["0j"], ["0j"], ["(0.0037674986178443323+0.10972082153269407j)"], ["0j"], ["0j"], ["0j"], ["0j"], ["0j"], ["(-3.921559443267628e-05-0.0011420753328974687j)"], ["0j"], ["0j"], ["0j"], ["0j"], ["0j"], ["(4.1103318516034575e-05+0.001197051501183069j)"], ["0j"], ["0j"], ["0j"], ["0j"], ["0j"], ["0j"], ["0j"], ["0j"], ["0j"], ["0j"], ["0j"], ["0j"], ["0j"], ["0j"], ["(-9.64450744589319e-06-0.0002808768861879944j)"], ["0j"], ["0j"], ["0j"], ["0j"], ["0j"], ["(-9.62185130761184e-05-0.00280217071647171j)"], ["0j"], ["0j"], ["0j"], ["0j"], ["0j"], ["(0.001077922627678868+0.03139232903695245j)"], ["0j"], ["0j"], ["(-0.0005624058472070906-0.016378939410465997j)"], ["0j"], ["0j"], ["(0.00030471513616092785+0.008874215617390402j)"], ["0j"], ["0j"], ["(-0.0037674986178429853-0.10972082153269397j)"], ["0j"], ["0j"], ["0j"], ["0j"], ["0j"], ["0j"], ["0j"], ["0j"], ["(0.0002576907110491387+0.007504723793075958j)"], ["0j"], ["0j"], ["0j"], ["0j"], ["0j"], ["0j"], ["0j"], ["0j"], ["0j"], ["0j"], ["0j"], ["(3.921559443487647e-05+0.001142075332897674j)"], ["0j"], ["0j"], ["(-4.1103318532169285e-05-0.0011970515011849871j)"], ["0j"], ["0j"], ["0j"], ["0j"], ["0j"], ["0j"], ["0j"], ["0j"], ["0j"], ["0j"], ["0j"], ["0j"], ["0j"], ["0j"], ["(-0.0011074272830010287-0.03225159279504726j)"], ["0j"], ["0j"], ["(0.00017818239409453672+0.005189203937647813j)"], ["0j"], ["0j"], ["(-0.00017818239409602156-0.0051892039376480546j)"], ["0j"], ["0j"], ["(-0.01379345093792691-0.4017065226015913j)"], ["0j"], ["0j"], ["0j"], ["0j"], ["0j"], ["(0.0006326894618365588+0.018425808359690814j)"], ["0j"], ["0j"], ["0j"], ["0j"], ["0j"], ["(-0.0006503265388828522-0.018939452765768205j)"], ["0j"], ["0j"], ["0j"], ["0j"], ["0j"], ["0j"], ["0j"], ["0j"], ["(-0.0006326894618365239-0.018425808359690737j)"], ["0j"], ["0j"], ["(0.0006503265390108818+0.018939452765783314j)"], ["0j"], ["0j"], ["0j"], ["0j"], ["0j"], ["0j"], ["0j"], ["0j"], ["0j"], ["0j"], ["0j"], ["(0.03079536202137124+0.896852995347743j)"], ["0j"], ["0j"], ["0j"], ["0j"], ["0j"], ["0j"], ["0j"], ["0j"], ["0j"], ["0j"], ["0j"], ["0j"], ["0j"], ["0j"], ["0j"]], "hf_energy": -1.6157767084863592}