{"geometry": [["H", [0.0, 0.0, 0.0]], ["H", [0.4634, 0.0, 0.0]], ["H", [-0.5821, -0.378, 0.0]], ["H", [-0.0995, 0.2181, -0.4011]]], "multiplicity": 1, "canonical_orbitals": [[0.5665152310042537, -0.00011964378317985691, 0.3533984865094141, 2.9096145525482564], [0.17300627451846362, 0.8972824337889194, 0.7148049119380935, -1.5939257237544564], [0.04126715873613075, -0.9714483053085663, 0.6181058471223817, -0.9353634784595118], [0.2930563900401846, -0.12732146638128605, -1.5258063738490515, -0.9476876314756918]], "canonical_to_oao": [[0.6241532059265464, 0.4768584831453607, 0.31456338111185167, 0.5329996640218556], [0.01569179560523054, 0.6017126587892454, -0.7936604677526125, -0.08831028099924686], [0.15221380354786124, 0.4196773979261366, 0.4097040185294147, -0.7955152147384038], [0.7661706736046451, -0.48416809578392916, -0.3213962638100134, -0.2743504976159788]], "orbital_energies": [-1.1263515636493346, -0.17433999157723848, 0.49296792924550564, 1.5851502830892032], "exact_energy": -1.2035952002497903, "ground_states": [["0j"], ["0j"], ["0j"], ["0j"], ["0j"], ["0j"], ["0j"], ["0j"], ["0j"], ["0j"], ["0j"], ["0j"], ["0j"], ["0j"], ["0j"], ["(-0.005612314572471686+0.003371426176615716j)"], ["0j"], ["0j"], ["0j"], ["0j"], ["0j"], ["0j"], ["0j"], ["0j"], ["0j"], ["0j"], ["0j"], ["(-0.0010255958044028254+0.0006160952842078528j)"], ["0j"], ["0j"], ["(4.851675991741899e-05-2.9144958337224343e-05j)"], ["0j"], ["0j"], ["0j"], ["0j"], ["0j"], ["0j"], ["0j"], ["0j"], ["(0.00102559580440275-0.0006160952842078227j)"], ["0j"], ["0j"], ["0j"], ["0j"], ["0j"], ["(-4.851675991741029e-05+2.9144958337228402e-05j)"], ["0j"], ["0j"], ["0j"], ["0j"], ["0j"], ["(0.025638088842882135-0.01540129704547611j)"], ["0j"], ["0j"], ["(-0.007512902266739371+0.004513146053622774j)"], ["0j"], ["0j"], ["(0.007512902266739385-0.004513146053622788j)"], ["0j"], ["0j"], ["(0.04147838931899126-0.02491687265710691j)"], ["0j"], ["0j"], ["0j"], ["0j"], ["0j"], ["0j"], ["0j"], ["0j"], ["0j"], ["0j"], ["0j"], ["0j"], ["0j"], ["0j"], ["(0.0019581297614449412-0.0011762865124002229j)"], ["0j"], ["0j"], ["(-0.003675823058542311+0.0022081381790256824j)"], ["0j"], ["0j"], ["0j"], ["0j"], ["0j"], ["0j"], ["0j"], ["0j"], ["0j"], ["0j"], ["0j"], ["(0.0013592690726124041-0.0008165392857605411j)"], ["0j"], ["0j"], ["0j"], ["0j"], ["0j"], ["0j"], ["0j"], ["0j"], ["(0.004453732396533693-0.0026754434006542364j)"], ["0j"], ["0j"], ["(0.0038190494291084633-0.002294177036732797j)"], ["0j"], ["0j"], ["(-0.005178318501720877+0.003110716322493359j)"], ["0j"], ["0j"], ["(-0.004600725798262232+0.002763745187016662j)"], ["0j"], ["0j"], ["0j"], ["0j"], ["0j"], ["(0.0027555352336594507-0.001655303439852399j)"], ["0j"], ["0j"], ["0j"], ["0j"], ["0j"], ["(-0.0111579588999875+0.006702802244467272j)"], ["0j"], ["0j"], ["0j"], ["0j"], ["0j"], ["0j"], ["0j"], ["0j"], ["0j"], ["0j"], ["0j"], ["0j"], ["0j"], ["0j"], ["(-0.001958129761444931+0.001176286512400221j)"], ["0j"], ["0j"], ["0j"], ["0j"], ["0j"], ["(0.003675823058542314-0.0022081381790256902j)"], ["0j"], ["0j"], ["0j"], ["0j"], ["0j"], ["(-0.004453732396533719+0.0026754434006542225j)"], ["0j"], ["0j"], ["(-0.005178318501720965+0.0031107163224933865j)"], ["0j"], ["0j"], ["(0.003819049429108472-0.0022941770367327723j)"], ["0j"], ["0j"], ["(0.004600725798262284-0.002763745187016763j)"], ["0j"], ["0j"], ["0j"], ["0j"], ["0j"], ["0j"], ["0j"], ["0j"], ["(0.0013592690726124184-0.0008165392857605631j)"], ["0j"], ["0j"], ["0j"], ["0j"], ["0j"], ["0j"], ["0j"], ["0j"], ["0j"], ["0j"], ["0j"], ["(-0.002755535233659511+0.0016553034398524755j)"], ["0j"], ["0j"], ["(0.011157958899987521-0.006702802244467264j)"], ["0j"], ["0j"], ["0j"], ["0j"], ["0j"], ["0j"], ["0j"], ["0j"], ["0j"], ["0j"], ["0j"], ["0j"], ["0j"], ["0j"], ["(0.025361007959264863-0.015234849186575042j)"], ["0j"], ["0j"], ["(0.04267326184893536-0.025634655752326065j)"], ["0j"], ["0j"], ["(-0.04267326184893541+0.025634655752326103j)"], ["0j"], ["0j"], ["(0.10806986230180245-0.06491966156969817j)"], ["0j"], ["0j"], ["0j"], ["0j"], ["0j"], ["(7.802516238381749e-05-4.68712278150112e-05j)"], ["0j"], ["0j"], ["0j"], ["0j"], ["0j"], ["(0.023523703619867654-0.014131144847791965j)"], ["0j"], ["0j"], ["0j"], ["0j"], ["0j"], ["0j"], ["0j"], ["0j"], ["(-7.802516238388225e-05+4.6871227815027794e-05j)"], ["0j"], ["0j"], ["(-0.02352370361986626+0.014131144847791318j)"], ["0j"], ["0j"], ["0j"], ["0j"], ["0j"], ["0j"], ["0j"], ["0j"], ["0j"], ["0j"], ["0j"], ["(-0.845437597228456+0.5078707562066967j)"], ["0j"], ["0j"], ["0j"], ["0j"], ["0j"], ["0j"], ["0j"], ["0j"], ["0j"], ["0j"], ["0j"], ["0j"], ["0j"], ["0j"], ["0j"]], "hf_energy": -1.1711965020605928}