{"geometry": [["H", [0.0, 0.0, 0.0]], ["H", [1.4869, 0.0, 0.0]], ["H", [0.7164, -1.0469, 0.0]], ["H", [0.4783, -0.4143, -0.714]]], "multiplicity": 1, "canonical_orbitals": [[0.3156622442424283, 0.6611137893805754, 0.44187204540247016, 0.8224439220769293], [0.19534603097144976, -0.7606899838655178, 0.7553985032536651, -0.00022685976967860844], [0.3699240935002017, -0.45485044686691833, -0.8921807263833351, 0.5292187312997025], [0.43967952063212673, 0.336607251204593, -0.059520030640305116, -1.1724050284947864]], "canonical_to_oao": [[0.4857497945938491, 0.34261577405154076, 0.5312902230085512, 0.6036491260315229], [0.5666535561181852, -0.6894689735025463, -0.3687627101721011, 0.25990449304020646], [0.35447051746318403, 0.6381497436391403, -0.6818164716709189, -0.047348240737109866], [0.5632952481958553, -0.00344537976266647, 0.3418640979691612, -0.7522071066122644]], "orbital_energies": [-0.6797265734984931, -0.1474352419252546, 0.27098937679900253, 0.5007645563593757], "exact_energy": -1.8775162532357448, "ground_states": [["0j"], ["0j"], ["0j"], ["0j"], ["0j"], ["0j"], ["0j"], ["0j"], ["0j"], ["0j"], ["0j"], ["0j"], ["0j"], ["0j"], ["0j"], ["(-0.05367702613453777+0.028060761318207863j)"], ["0j"], ["0j"], ["0j"], ["0j"], ["0j"], ["0j"], ["0j"], ["0j"], ["0j"], ["0j"], ["0j"], ["(-0.008054733905966342+0.0042107766002403065j)"], ["0j"], ["0j"], ["(0.006690664440273229-0.0034976814372709468j)"], ["0j"], ["0j"], ["0j"], ["0j"], ["0j"], ["0j"], ["0j"], ["0j"], ["(0.008054733906011762-0.004210776600234336j)"], ["0j"], ["0j"], ["0j"], ["0j"], ["0j"], ["(-0.006690664440270138+0.0034976814372713427j)"], ["0j"], ["0j"], ["0j"], ["0j"], ["0j"], ["(0.06696630283651962-0.03500800203700749j)"], ["0j"], ["0j"], ["(0.01307197674607006-0.006833642730307j)"], ["0j"], ["0j"], ["(-0.013071976746078837+0.006833642730305785j)"], ["0j"], ["0j"], ["(0.03442629831945357-0.017997050317026426j)"], ["0j"], ["0j"], ["0j"], ["0j"], ["0j"], ["0j"], ["0j"], ["0j"], ["0j"], ["0j"], ["0j"], ["0j"], ["0j"], ["0j"], ["(0.004287748812547872-0.002241508233341561j)"], ["0j"], ["0j"], ["(0.0029791757474350276-0.0015574249468248943j)"], ["0j"], ["0j"], ["0j"], ["0j"], ["0j"], ["0j"], ["0j"], ["0j"], ["0j"], ["0j"], ["0j"], ["(-0.03299469436430422+0.017248650120878756j)"], ["0j"], ["0j"], ["0j"], ["0j"], ["0j"], ["0j"], ["0j"], ["0j"], ["(0.05269493343669026-0.0275473523093422j)"], ["0j"], ["0j"], ["(-0.03588804892276929+0.018761210288991276j)"], ["0j"], ["0j"], ["(0.06888274328709319-0.03600986040986737j)"], ["0j"], ["0j"], ["(-0.09002342514161871+0.04706158347176149j)"], ["0j"], ["0j"], ["0j"], ["0j"], ["0j"], ["(-0.006418859724522077+0.003355589972753703j)"], ["0j"], ["0j"], ["0j"], ["0j"], ["0j"], ["(-0.017507524448930997+0.00915241585112561j)"], ["0j"], ["0j"], ["0j"], ["0j"], ["0j"], ["0j"], ["0j"], ["0j"], ["0j"], ["0j"], ["0j"], ["0j"], ["0j"], ["0j"], ["(-0.004287748812577858+0.002241508233337657j)"], ["0j"], ["0j"], ["0j"], ["0j"], ["0j"], ["(-0.0029791757474087353+0.0015574249468283756j)"], ["0j"], ["0j"], ["0j"], ["0j"], ["0j"], ["(-0.05269493343669327+0.027547352309341716j)"], ["0j"], ["0j"], ["(0.06888274328703656-0.036009860409874944j)"], ["0j"], ["0j"], ["(-0.03588804892275448+0.01876121028899328j)"], ["0j"], ["0j"], ["(0.09002342514161474-0.047061583471761724j)"], ["0j"], ["0j"], ["0j"], ["0j"], ["0j"], ["0j"], ["0j"], ["0j"], ["(-0.03299469436430171+0.01724865012087909j)"], ["0j"], ["0j"], ["0j"], ["0j"], ["0j"], ["0j"], ["0j"], ["0j"], ["0j"], ["0j"], ["0j"], ["(0.0064188597244894-0.00335558997275799j)"], ["0j"], ["0j"], ["(0.017507524448982726-0.009152415851119006j)"], ["0j"], ["0j"], ["0j"], ["0j"], ["0j"], ["0j"], ["0j"], ["0j"], ["0j"], ["0j"], ["0j"], ["0j"], ["0j"], ["0j"], ["(0.05749914913505219-0.030058854151768902j)"], ["0j"], ["0j"], ["(-0.07118153266102005+0.037211599488756485j)"], ["0j"], ["0j"], ["(0.07118153266106925-0.03721159948874962j)"], ["0j"], ["0j"], ["(0.3934818000927977-0.2057006445883992j)"], ["0j"], ["0j"], ["0j"], ["0j"], ["0j"], ["(-0.022797427216625435+0.011917820525137218j)"], ["0j"], ["0j"], ["0j"], ["0j"], ["0j"], ["(0.0665092986919232-0.034769093790061975j)"], ["0j"], ["0j"], ["0j"], ["0j"], ["0j"], ["0j"], ["0j"], ["0j"], ["(0.022797427216598883-0.011917820525140886j)"], ["0j"], ["0j"], ["(-0.06650929869237006+0.034769093790002745j)"], ["0j"], ["0j"], ["0j"], ["0j"], ["0j"], ["0j"], ["0j"], ["0j"], ["0j"], ["0j"], ["0j"], ["(-0.7492308790625487+0.3916757388330366j)"], ["0j"], ["0j"], ["0j"], ["0j"], ["0j"], ["0j"], ["0j"], ["0j"], ["0j"], ["0j"], ["0j"], ["0j"], ["0j"], ["0j"], ["0j"]]}