{"geometry": [["H", [0.0, 0.0, 0.0]], ["H", [1.0713, 0.0, 0.0]], ["H", [0.3437, -0.8877, 0.0]], ["H", [-0.2163, -1.1939, -0.4604]]], "multiplicity": 1, "canonical_orbitals": [[0.3490738451541444, 0.4136201165786795, 1.0950566113954778, 0.19693133058784182], [0.23889020764196262, 0.6582774583442397, -0.8186688845834064, 0.451877221924391], [0.4288579091797103, -0.3029586493759563, -0.28545322149581953, -1.3527997412821073], [0.281189621487896, -0.6518124538479794, -0.12903869038085775, 1.0840947504056122]], "canonical_to_oao": [[0.5195666693536029, 0.3949276455747828, 0.6038997509937373, 0.4575890313450102], [0.3667008691331818, 0.6373389357284542, -0.25715002893564487, -0.627059340254084], [0.7648360085775193, -0.6087687166296237, -0.1885846536397928, -0.09414009798109674], [0.10298945896053358, 0.25929112097871687, -0.7304894125034642, 0.6233349854973309]], "orbital_energies": [-0.7383402840651221, -0.2834255293411963, 0.37908874855018254, 0.7384018367296853], "exact_energy": -2.014483762894422, "ground_states": [["0j"], ["0j"], ["0j"], ["0j"], ["0j"], ["0j"], ["0j"], ["0j"], ["0j"], ["0j"], ["0j"], ["0j"], ["0j"], ["0j"], ["0j"], ["(0.017105324713742508+0.0134436198357984j)"], ["0j"], ["0j"], ["0j"], ["0j"], ["0j"], ["0j"], ["0j"], ["0j"], ["0j"], ["0j"], ["0j"], ["(0.00331925299129179+0.0026087067097834357j)"], ["0j"], ["0j"], ["(0.004590487795673289+0.0036078106565450726j)"], ["0j"], ["0j"], ["0j"], ["0j"], ["0j"], ["0j"], ["0j"], ["0j"], ["(-0.003319252991291567-0.0026087067097831456j)"], ["0j"], ["0j"], ["0j"], ["0j"], ["0j"], ["(-0.004590487795673341-0.0036078106565451042j)"], ["0j"], ["0j"], ["0j"], ["0j"], ["0j"], ["(-0.038579821923037015-0.030321111580502314j)"], ["0j"], ["0j"], ["(0.010723616943279324+0.008428032315244593j)"], ["0j"], ["0j"], ["(-0.010723616943279371-0.008428032315244626j)"], ["0j"], ["0j"], ["(-0.05021753772431459-0.03946756332039499j)"], ["0j"], ["0j"], ["0j"], ["0j"], ["0j"], ["0j"], ["0j"], ["0j"], ["0j"], ["0j"], ["0j"], ["0j"], ["0j"], ["0j"], ["(0.0009913713286190575+0.0007791503219671894j)"], ["0j"], ["0j"], ["(-0.00019527896167969598-0.00015347595948543723j)"], ["0j"], ["0j"], ["0j"], ["0j"], ["0j"], ["0j"], ["0j"], ["0j"], ["0j"], ["0j"], ["0j"], ["(0.005205398663757596+0.00409108870485855j)"], ["0j"], ["0j"], ["0j"], ["0j"], ["0j"], ["0j"], ["0j"], ["0j"], ["(0.03485206856864639+0.027391351416534915j)"], ["0j"], ["0j"], ["(-0.010037234835340823-0.007888582741755534j)"], ["0j"], ["0j"], ["(0.004831836171583365+0.0037974940368971917j)"], ["0j"], ["0j"], ["(-0.06767125779135826-0.05318499816764285j)"], ["0j"], ["0j"], ["0j"], ["0j"], ["0j"], ["(0.002581843195765866+0.0020291528503772645j)"], ["0j"], ["0j"], ["0j"], ["0j"], ["0j"], ["(-0.007036053617129916-0.005529858775320215j)"], ["0j"], ["0j"], ["0j"], ["0j"], ["0j"], ["0j"], ["0j"], ["0j"], ["0j"], ["0j"], ["0j"], ["0j"], ["0j"], ["0j"], ["(-0.000991371328618875-0.0007791503219669384j)"], ["0j"], ["0j"], ["0j"], ["0j"], ["0j"], ["(0.00019527896167969335+0.00015347595948542094j)"], ["0j"], ["0j"], ["0j"], ["0j"], ["0j"], ["(-0.03485206856864647-0.02739135141653499j)"], ["0j"], ["0j"], ["(0.004831836171583112+0.0037974940368969133j)"], ["0j"], ["0j"], ["(-0.010037234835340898-0.007888582741755702j)"], ["0j"], ["0j"], ["(0.0676712577913584+0.05318499816764306j)"], ["0j"], ["0j"], ["0j"], ["0j"], ["0j"], ["0j"], ["0j"], ["0j"], ["(0.0052053986637576625+0.00409108870485865j)"], ["0j"], ["0j"], ["0j"], ["0j"], ["0j"], ["0j"], ["0j"], ["0j"], ["0j"], ["0j"], ["0j"], ["(-0.002581843195765918-0.002029152850377236j)"], ["0j"], ["0j"], ["(0.007036053617128935+0.005529858775319034j)"], ["0j"], ["0j"], ["0j"], ["0j"], ["0j"], ["0j"], ["0j"], ["0j"], ["0j"], ["0j"], ["0j"], ["0j"], ["0j"], ["0j"], ["(-0.0605579152596828-0.047594395571199155j)"], ["0j"], ["0j"], ["(-0.0372056818560745-0.029241131108308085j)"], ["0j"], ["0j"], ["(0.03720568185607457+0.02924113110830812j)"], ["0j"], ["0j"], ["(-0.11634779423536783-0.0914414394704442j)"], ["0j"], ["0j"], ["0j"], ["0j"], ["0j"], ["(-0.012728661936620025-0.010003861075892915j)"], ["0j"], ["0j"], ["0j"], ["0j"], ["0j"], ["(-0.02101828524661288-0.016518940223849532j)"], ["0j"], ["0j"], ["0j"], ["0j"], ["0j"], ["0j"], ["0j"], ["0j"], ["(0.012728661936620289+0.010003861075893109j)"], ["0j"], ["0j"], ["(0.021018285246609984+0.01651894022384558j)"], ["0j"], ["0j"], ["0j"], ["0j"], ["0j"], ["0j"], ["0j"], ["0j"], ["0j"], ["0j"], ["0j"], ["(0.7618292422013639+0.5987458807912166j)"], ["0j"], ["0j"], ["0j"], ["0j"], ["0j"], ["0j"], ["0j"], ["0j"], ["0j"], ["0j"], ["0j"], ["0j"], ["0j"], ["0j"], ["0j"]], "hf_energy": -1.951690327166892}