{"geometry": [["H", [0.0, 0.0, 0.0]], ["H", [1.1123, 0.0, 0.0]], ["H", [0.5139, -0.0459, 0.0]], ["H", [-0.7275, -0.2967, 0.3984]]], "multiplicity": 1, "canonical_orbitals": [[0.33114728088850764, 0.4681109408885281, 0.806457873531763, 1.9810786800440336], [0.22441346296306897, -0.5765215253717013, -0.9327950541398445, 1.2704681530288184], [0.4961803019285587, -0.3173868165631667, 0.45711114596690583, -2.535018622975782], [0.1115947442716122, 0.6605959763516109, -0.924033755510842, -0.5528170280723849]], "canonical_to_oao": [[0.559433863828433, 0.4533179935126803, 0.6426124020672056, 0.26188900219184863], [0.3629679068465771, -0.5630375368286753, -0.2091307879633182, 0.7123954970710815], [0.4771597733680578, -0.5706395301956031, 0.24117442363801944, -0.623316913488116], [0.5723692875065413, 0.38969482349355855, -0.6965260308259305, -0.18810324729640365]], "orbital_energies": [-0.91570353535601, -0.3539506665703142, 0.49817207690622684, 1.9105664744170947], "exact_energy": -1.8908913625270758, "ground_states": [["0j"], ["0j"], ["0j"], ["0j"], ["0j"], ["0j"], ["0j"], ["0j"], ["0j"], ["0j"], ["0j"], ["0j"], ["0j"], ["0j"], ["0j"], ["(-0.0035834092097174228-0.005177425878080149j)"], ["0j"], ["0j"], ["0j"], ["0j"], ["0j"], ["0j"], ["0j"], ["0j"], ["0j"], ["0j"], ["0j"], ["(-0.00018277525325701926-0.0002640796154453616j)"], ["0j"], ["0j"], ["(0.0004281887478087113+0.0006186609940042216j)"], ["0j"], ["0j"], ["0j"], ["0j"], ["0j"], ["0j"], ["0j"], ["0j"], ["(0.00018277525325700373+0.00026407961544535745j)"], ["0j"], ["0j"], ["0j"], ["0j"], ["0j"], ["(-0.00042818874780874876-0.0006186609940042752j)"], ["0j"], ["0j"], ["0j"], ["0j"], ["0j"], ["(0.013895944757373133+0.020077311793500096j)"], ["0j"], ["0j"], ["(0.001959681291699675+0.0028314111056368927j)"], ["0j"], ["0j"], ["(-0.0019596812916996597-0.0028314111056368997j)"], ["0j"], ["0j"], ["(0.021189971911893195+0.030615958856979j)"], ["0j"], ["0j"], ["0j"], ["0j"], ["0j"], ["0j"], ["0j"], ["0j"], ["0j"], ["0j"], ["0j"], ["0j"], ["0j"], ["0j"], ["(-7.740909446694405e-05-0.00011184317096833516j)"], ["0j"], ["0j"], ["(-0.00043093356075090734-0.0006226267887894693j)"], ["0j"], ["0j"], ["0j"], ["0j"], ["0j"], ["0j"], ["0j"], ["0j"], ["0j"], ["0j"], ["0j"], ["(-0.012040811207774865-0.01739695465735756j)"], ["0j"], ["0j"], ["0j"], ["0j"], ["0j"], ["0j"], ["0j"], ["0j"], ["(-0.0016158262527068477-0.002334598190058653j)"], ["0j"], ["0j"], ["(-0.007072832693145446-0.010219058129760861j)"], ["0j"], ["0j"], ["(0.019113643900920307+0.027616012787118446j)"], ["0j"], ["0j"], ["(0.0029777179978204543+0.0043023035654799055j)"], ["0j"], ["0j"], ["0j"], ["0j"], ["0j"], ["(0.00030646903759962477+0.00044279640790004563j)"], ["0j"], ["0j"], ["0j"], ["0j"], ["0j"], ["(0.006003929810803267+0.008674672568328113j)"], ["0j"], ["0j"], ["0j"], ["0j"], ["0j"], ["0j"], ["0j"], ["0j"], ["0j"], ["0j"], ["0j"], ["0j"], ["0j"], ["0j"], ["(7.740909446694505e-05+0.00011184317096833337j)"], ["0j"], ["0j"], ["0j"], ["0j"], ["0j"], ["(0.00043093356075088+0.0006226267887894705j)"], ["0j"], ["0j"], ["0j"], ["0j"], ["0j"], ["(0.0016158262527068573+0.0023345981900586388j)"], ["0j"], ["0j"], ["(0.0191136439009203+0.02761601278711843j)"], ["0j"], ["0j"], ["(-0.007072832693145436-0.010219058129760868j)"], ["0j"], ["0j"], ["(-0.002977717997820529-0.0043023035654798335j)"], ["0j"], ["0j"], ["0j"], ["0j"], ["0j"], ["0j"], ["0j"], ["0j"], ["(-0.012040811207774867-0.017396954657357553j)"], ["0j"], ["0j"], ["0j"], ["0j"], ["0j"], ["0j"], ["0j"], ["0j"], ["0j"], ["0j"], ["0j"], ["(-0.0003064690375995979-0.00044279640790003755j)"], ["0j"], ["0j"], ["(-0.006003929810803185-0.0086746725683282j)"], ["0j"], ["0j"], ["0j"], ["0j"], ["0j"], ["0j"], ["0j"], ["0j"], ["0j"], ["0j"], ["0j"], ["0j"], ["0j"], ["0j"], ["(0.008632974742946203+0.012473201976970674j)"], ["0j"], ["0j"], ["(-0.0021386280743988404-0.003089959222618171j)"], ["0j"], ["0j"], ["(0.0021386280743988326+0.003089959222618165j)"], ["0j"], ["0j"], ["(0.0938141667881461+0.1355457516664084j)"], ["0j"], ["0j"], ["0j"], ["0j"], ["0j"], ["(-0.002498547999548773-0.0036099832068886206j)"], ["0j"], ["0j"], ["0j"], ["0j"], ["0j"], ["(0.0042452891372080056+0.006133731469827746j)"], ["0j"], ["0j"], ["0j"], ["0j"], ["0j"], ["0j"], ["0j"], ["0j"], ["(0.002498547999548957+0.0036099832068885794j)"], ["0j"], ["0j"], ["(-0.004245289137208181-0.006133731469827743j)"], ["0j"], ["0j"], ["0j"], ["0j"], ["0j"], ["0j"], ["0j"], ["0j"], ["0j"], ["0j"], ["0j"], ["(-0.5595263122656847-0.8084217679452727j)"], ["0j"], ["0j"], ["0j"], ["0j"], ["0j"], ["0j"], ["0j"], ["0j"], ["0j"], ["0j"], ["0j"], ["0j"], ["0j"], ["0j"], ["0j"]], "hf_energy": -1.8463381189994736}