{"geometry": [["H", [0.0, 0.0, 0.0]], ["H", [0.6177, 0.0, 0.0]], ["H", [-0.2715, -0.346, 0.0]], ["H", [-0.0331, 0.9365, -0.4824]]], "multiplicity": 1, "canonical_orbitals": [[0.5459078324610066, 0.12064446194339218, 0.11519766055156563, 2.626286701264919], [0.25718208786939556, -0.442293944905756, -1.095931709055175, -0.9824917244981228], [0.26764174169411825, 0.7269710880355035, 0.5294599310322259, -1.808722332934854], [0.03977052484847726, -0.8460706885339322, 0.6739230857491202, -0.4033371874400729]], "canonical_to_oao": [[0.65171326348091, 0.4901782242528645, 0.536745686207486, 0.2165622289528394], [0.08879438903665554, -0.3357329842294535, 0.5149921672992142, -0.7836976377382086], [0.07166473737508373, -0.7398834637175261, 0.3616335170397391, 0.5627235776896021], [0.7498330108068268, -0.31556478239190255, -0.5620572349072461, -0.14920116858370067]], "orbital_energies": [-0.9648292284443359, -0.17845672153291642, 0.2867993475101466, 1.5762183626429236], "exact_energy": -1.5525290049685594, "ground_states": [["0j"], ["0j"], ["0j"], ["0j"], ["0j"], ["0j"], ["0j"], ["0j"], ["0j"], ["0j"], ["0j"], ["0j"], ["0j"], ["0j"], ["0j"], ["(-0.001213324742143513+0.016131844217202658j)"], ["0j"], ["0j"], ["0j"], ["0j"], ["0j"], ["0j"], ["0j"], ["0j"], ["0j"], ["0j"], ["0j"], ["(-0.00040203842558935755+0.005345330088207812j)"], ["0j"], ["0j"], ["(-0.00024796199382190573+0.0032967960820239404j)"], ["0j"], ["0j"], ["0j"], ["0j"], ["0j"], ["0j"], ["0j"], ["0j"], ["(0.00040203842559048393-0.005345330088207019j)"], ["0j"], ["0j"], ["0j"], ["0j"], ["0j"], ["(0.00024796199382182913-0.0032967960820239886j)"], ["0j"], ["0j"], ["0j"], ["0j"], ["0j"], ["(0.002315461960524905-0.030785386913035017j)"], ["0j"], ["0j"], ["(-0.0003903010320517082+0.005189274749105806j)"], ["0j"], ["0j"], ["(0.0003903010320516172-0.0051892747491059j)"], ["0j"], ["0j"], ["(0.002184220187695758-0.029040452716499146j)"], ["0j"], ["0j"], ["0j"], ["0j"], ["0j"], ["0j"], ["0j"], ["0j"], ["0j"], ["0j"], ["0j"], ["0j"], ["0j"], ["0j"], ["(0.00010823050824396993-0.0014389863141329386j)"], ["0j"], ["0j"], ["(-0.00018216914563416912+0.002422042653935735j)"], ["0j"], ["0j"], ["0j"], ["0j"], ["0j"], ["0j"], ["0j"], ["0j"], ["0j"], ["0j"], ["0j"], ["(0.0008899722818959567-0.011832688900589958j)"], ["0j"], ["0j"], ["0j"], ["0j"], ["0j"], ["0j"], ["0j"], ["0j"], ["(0.0009437249729913656-0.01254736157550329j)"], ["0j"], ["0j"], ["(0.0007930241100855738-0.010543707681906307j)"], ["0j"], ["0j"], ["(-0.0016829963919822845+0.02237639658249574j)"], ["0j"], ["0j"], ["(-0.00467867219816641+0.06220561439374243j)"], ["0j"], ["0j"], ["0j"], ["0j"], ["0j"], ["(9.204263101031301e-05-0.001223759256876327j)"], ["0j"], ["0j"], ["0j"], ["0j"], ["0j"], ["(-0.0010240391265351645+0.013615184037549672j)"], ["0j"], ["0j"], ["0j"], ["0j"], ["0j"], ["0j"], ["0j"], ["0j"], ["0j"], ["0j"], ["0j"], ["0j"], ["0j"], ["0j"], ["(-0.00010823050824432134+0.0014389863141326708j)"], ["0j"], ["0j"], ["0j"], ["0j"], ["0j"], ["(0.00018216914563368543-0.0024220426539360808j)"], ["0j"], ["0j"], ["0j"], ["0j"], ["0j"], ["(-0.0009437249729911956+0.012547361575503437j)"], ["0j"], ["0j"], ["(-0.001682996391980576+0.022376396582496957j)"], ["0j"], ["0j"], ["(0.0007930241100854854-0.010543707681906385j)"], ["0j"], ["0j"], ["(0.004678672198164981-0.06220561439374359j)"], ["0j"], ["0j"], ["0j"], ["0j"], ["0j"], ["0j"], ["0j"], ["0j"], ["(0.000889972281895827-0.011832688900590048j)"], ["0j"], ["0j"], ["0j"], ["0j"], ["0j"], ["0j"], ["0j"], ["0j"], ["0j"], ["0j"], ["0j"], ["(-9.204263100977892e-05+0.0012237592568766931j)"], ["0j"], ["0j"], ["(0.0010240391265365057-0.013615184037548706j)"], ["0j"], ["0j"], ["0j"], ["0j"], ["0j"], ["0j"], ["0j"], ["0j"], ["0j"], ["0j"], ["0j"], ["0j"], ["0j"], ["0j"], ["(0.0010975325122578685-0.014592320502572273j)"], ["0j"], ["0j"], ["(0.0027563384956817813-0.036647091811267005j)"], ["0j"], ["0j"], ["(-0.0027563384956815944+0.03664709181126719j)"], ["0j"], ["0j"], ["(0.028925870829946774-0.38458594460973466j)"], ["0j"], ["0j"], ["0j"], ["0j"], ["0j"], ["(0.0009966414796335897-0.013250916701362967j)"], ["0j"], ["0j"], ["0j"], ["0j"], ["0j"], ["(0.010124077471392927-0.1346053821692737j)"], ["0j"], ["0j"], ["0j"], ["0j"], ["0j"], ["0j"], ["0j"], ["0j"], ["(-0.0009966414796329784+0.013250916701363358j)"], ["0j"], ["0j"], ["(-0.010124077471423248+0.134605382169252j)"], ["0j"], ["0j"], ["0j"], ["0j"], ["0j"], ["0j"], ["0j"], ["0j"], ["0j"], ["0j"], ["0j"], ["(-0.06705567666877464+0.8915434527352926j)"], ["0j"], ["0j"], ["0j"], ["0j"], ["0j"], ["0j"], ["0j"], ["0j"], ["0j"], ["0j"], ["0j"], ["0j"], ["0j"], ["0j"], ["0j"]], "hf_energy": -1.466757734625488}