{"geometry": [["H", [0.0, 0.0, 0.0]], ["H", [0.6125, 0.0, 0.0]], ["H", [0.3481, 0.3587, 0.0]], ["H", [0.1694, -0.5972, -0.2669]]], "multiplicity": 1, "canonical_orbitals": [[0.3410009370871716, 0.3820493471313242, 1.3164368159989905, 1.6503934460248193], [0.34632441311737105, -0.2624497180514522, -1.430990063655503, 1.5271918590177629], [0.33659304892281766, -0.845223945407629, 0.3959949793445153, -2.242740985987658], [0.06877758490647293, 0.9954904038553382, -0.37217680357482436, -1.1947383063098251]], "canonical_to_oao": [[0.5338070075692614, 0.544701441126825, 0.5632680317633582, 0.3179300915260188], [0.22034555326763205, -0.1869509508335611, -0.49167917069816947, 0.8214309296825681], [0.6600374577289218, -0.6933828813947286, 0.17492254800774693, -0.2301582854949225], [0.4804669293717032, 0.43309336384378705, -0.6406112859554289, -0.41376182554837837]], "orbital_energies": [-1.1549895957351546, -0.21515018180242426, 0.557606196012107, 1.5962831275040676], "exact_energy": -1.1263435456111597, "ground_states": [["0j"], ["0j"], ["0j"], ["0j"], ["0j"], ["0j"], ["0j"], ["0j"], ["0j"], ["0j"], ["0j"], ["0j"], ["0j"], ["0j"], ["0j"], ["(-0.0020310546525601023-0.004140967508305267j)"], ["0j"], ["0j"], ["0j"], ["0j"], ["0j"], ["0j"], ["0j"], ["0j"], ["0j"], ["0j"], ["0j"], ["(-0.0007466627708821753-0.0015223156452175573j)"], ["0j"], ["0j"], ["(-0.0002568095526212407-0.0005235900530231526j)"], ["0j"], ["0j"], ["0j"], ["0j"], ["0j"], ["0j"], ["0j"], ["0j"], ["(0.0007466627708821222+0.0015223156452175374j)"], ["0j"], ["0j"], ["0j"], ["0j"], ["0j"], ["(0.00025680955262125663+0.0005235900530232421j)"], ["0j"], ["0j"], ["0j"], ["0j"], ["0j"], ["(0.008730279956516722+0.01779952380541595j)"], ["0j"], ["0j"], ["(0.0016734079653843755+0.003411788059992068j)"], ["0j"], ["0j"], ["(-0.0016734079653843812-0.003411788059992104j)"], ["0j"], ["0j"], ["(0.025040757692205994+0.05105375370183541j)"], ["0j"], ["0j"], ["0j"], ["0j"], ["0j"], ["0j"], ["0j"], ["0j"], ["0j"], ["0j"], ["0j"], ["0j"], ["0j"], ["0j"], ["(0.0005871467688430005+0.001197090235519064j)"], ["0j"], ["0j"], ["(-0.001191372425703595-0.0024290013559758322j)"], ["0j"], ["0j"], ["0j"], ["0j"], ["0j"], ["0j"], ["0j"], ["0j"], ["0j"], ["0j"], ["0j"], ["(-0.0029991750628565557-0.006114796798478009j)"], ["0j"], ["0j"], ["0j"], ["0j"], ["0j"], ["0j"], ["0j"], ["0j"], ["(-0.0033083180114322017-0.006745085552086756j)"], ["0j"], ["0j"], ["(-0.006736076355725406-0.013733689188207136j)"], ["0j"], ["0j"], ["(0.00973525141858197+0.019848485986685115j)"], ["0j"], ["0j"], ["(-0.0002095134077096346-0.00042716143201091517j)"], ["0j"], ["0j"], ["0j"], ["0j"], ["0j"], ["(0.0016464280729122688+0.003356780747429746j)"], ["0j"], ["0j"], ["0j"], ["0j"], ["0j"], ["(-0.00015409467697256684-0.0003141722699297347j)"], ["0j"], ["0j"], ["0j"], ["0j"], ["0j"], ["0j"], ["0j"], ["0j"], ["0j"], ["0j"], ["0j"], ["0j"], ["0j"], ["0j"], ["(-0.000587146768842987-0.0011970902355190529j)"], ["0j"], ["0j"], ["0j"], ["0j"], ["0j"], ["(0.0011913724257036173+0.0024290013559758296j)"], ["0j"], ["0j"], ["0j"], ["0j"], ["0j"], ["(0.0033083180114321328+0.006745085552086714j)"], ["0j"], ["0j"], ["(0.009735251418581961+0.019848485986685135j)"], ["0j"], ["0j"], ["(-0.0067360763557254314-0.013733689188207122j)"], ["0j"], ["0j"], ["(0.00020951340770961288+0.00042716143201092737j)"], ["0j"], ["0j"], ["0j"], ["0j"], ["0j"], ["0j"], ["0j"], ["0j"], ["(-0.0029991750628565288-0.006114796798478002j)"], ["0j"], ["0j"], ["0j"], ["0j"], ["0j"], ["0j"], ["0j"], ["0j"], ["0j"], ["0j"], ["0j"], ["(-0.001646428072912246-0.0033567807474297563j)"], ["0j"], ["0j"], ["(0.00015409467697262476+0.00031417226992981145j)"], ["0j"], ["0j"], ["0j"], ["0j"], ["0j"], ["0j"], ["0j"], ["0j"], ["0j"], ["0j"], ["0j"], ["0j"], ["0j"], ["0j"], ["(0.020969554398422557+0.042753277622566706j)"], ["0j"], ["0j"], ["(-0.0063931720249016735-0.013034566842775168j)"], ["0j"], ["0j"], ["(0.006393172024901671+0.013034566842775182j)"], ["0j"], ["0j"], ["(0.01851442714376907+0.03774769976799756j)"], ["0j"], ["0j"], ["0j"], ["0j"], ["0j"], ["(0.00122614115542136+0.0024998887542468065j)"], ["0j"], ["0j"], ["0j"], ["0j"], ["0j"], ["(0.011480220086769565+0.023406173884874683j)"], ["0j"], ["0j"], ["0j"], ["0j"], ["0j"], ["0j"], ["0j"], ["0j"], ["(-0.001226141155421353-0.002499888754246803j)"], ["0j"], ["0j"], ["(-0.0114802200867691-0.023406173884874752j)"], ["0j"], ["0j"], ["0j"], ["0j"], ["0j"], ["0j"], ["0j"], ["0j"], ["0j"], ["0j"], ["0j"], ["(-0.4378857140239252-0.8927728812410539j)"], ["0j"], ["0j"], ["0j"], ["0j"], ["0j"], ["0j"], ["0j"], ["0j"], ["0j"], ["0j"], ["0j"], ["0j"], ["0j"], ["0j"], ["0j"]]}