{"geometry": [["H", [0.0, 0.0, 0.0]], ["H", [0.4825, 0.0, 0.0]], ["H", [0.7411, 0.4743, 0.0]], ["H", [-0.2991, 0.542, -0.1791]]], "multiplicity": 1, "canonical_orbitals": [[0.3518114990910548, 0.5473405038711299, 0.845192196123576, 2.1845911403636586], [0.4165006186577076, -0.5337336996404283, 0.7013848737891647, -2.444344801279678], [0.21276990687396713, -0.6752548830931182, -1.0026985705232814, 1.2834924853290357], [0.14831623169826247, 0.7677402792481876, -0.8874432895276635, -1.0250185465487638]], "canonical_to_oao": [[0.5571842596041015, 0.591148464326853, 0.45103037256159073, 0.3696766113786252], [0.3547950668556761, -0.32911182560832525, -0.5588777641954127, 0.6733955089452022], [0.4644219059443934, 0.358897389160917, -0.5876131855139004, -0.5569701083026449], [0.5898969864843215, -0.6429786648266287, 0.37274386906439605, -0.31569287288342096]], "orbital_energies": [-1.0352716748162714, -0.2769618729409287, 0.49553655678062697, 1.926436232935055], "exact_energy": -1.4710569951592833, "ground_states": [["0j"], ["0j"], ["0j"], ["0j"], ["0j"], ["0j"], ["0j"], ["0j"], ["0j"], ["0j"], ["0j"], ["0j"], ["0j"], ["0j"], ["0j"], ["(-0.003580280194282998-0.005595030388446444j)"], ["0j"], ["0j"], ["0j"], ["0j"], ["0j"], ["0j"], ["0j"], ["0j"], ["0j"], ["0j"], ["0j"], ["(-0.0002654083408733694-0.00041476299394245167j)"], ["0j"], ["0j"], ["(0.000220210560917832+0.0003441308258944318j)"], ["0j"], ["0j"], ["0j"], ["0j"], ["0j"], ["0j"], ["0j"], ["0j"], ["(0.0002654083408733894+0.00041476299394245286j)"], ["0j"], ["0j"], ["0j"], ["0j"], ["0j"], ["(-0.00022021056091783232-0.00034413082589443336j)"], ["0j"], ["0j"], ["0j"], ["0j"], ["0j"], ["(0.010439430701612957+0.016314067291960176j)"], ["0j"], ["0j"], ["(0.0014619861911741568+0.0022846974882496456j)"], ["0j"], ["0j"], ["(-0.0014619861911741262-0.002284697488249636j)"], ["0j"], ["0j"], ["(0.025580313977208266+0.03997526067289916j)"], ["0j"], ["0j"], ["0j"], ["0j"], ["0j"], ["0j"], ["0j"], ["0j"], ["0j"], ["0j"], ["0j"], ["0j"], ["0j"], ["0j"], ["(0.00032552402761975023+0.0005087079021386171j)"], ["0j"], ["0j"], ["(-0.00029167671458663595-0.0004558135098813035j)"], ["0j"], ["0j"], ["0j"], ["0j"], ["0j"], ["0j"], ["0j"], ["0j"], ["0j"], ["0j"], ["0j"], ["(-0.010664690217694886-0.016666088298522137j)"], ["0j"], ["0j"], ["0j"], ["0j"], ["0j"], ["0j"], ["0j"], ["0j"], ["(-0.0011675734604584547-0.0018246083092714187j)"], ["0j"], ["0j"], ["(-0.011440995014069333-0.017879247238804782j)"], ["0j"], ["0j"], ["(0.022105685231764226+0.034545335537326874j)"], ["0j"], ["0j"], ["(0.0010200586288804164+0.0015940816687185183j)"], ["0j"], ["0j"], ["0j"], ["0j"], ["0j"], ["(0.00024292622174489946+0.00037962939185142184j)"], ["0j"], ["0j"], ["0j"], ["0j"], ["0j"], ["(0.0023310601430395696+0.0036428300663251425j)"], ["0j"], ["0j"], ["0j"], ["0j"], ["0j"], ["0j"], ["0j"], ["0j"], ["0j"], ["0j"], ["0j"], ["0j"], ["0j"], ["0j"], ["(-0.0003255240276198009-0.0005087079021386193j)"], ["0j"], ["0j"], ["0j"], ["0j"], ["0j"], ["(0.00029167671458671184+0.00045581350988131854j)"], ["0j"], ["0j"], ["0j"], ["0j"], ["0j"], ["(0.0011675734604584707+0.0018246083092714172j)"], ["0j"], ["0j"], ["(0.022105685231764243+0.034545335537326936j)"], ["0j"], ["0j"], ["(-0.011440995014069309-0.01787924723880479j)"], ["0j"], ["0j"], ["(-0.0010200586288804565-0.0015940816687186141j)"], ["0j"], ["0j"], ["0j"], ["0j"], ["0j"], ["0j"], ["0j"], ["0j"], ["(-0.010664690217694901-0.016666088298522085j)"], ["0j"], ["0j"], ["0j"], ["0j"], ["0j"], ["0j"], ["0j"], ["0j"], ["0j"], ["0j"], ["0j"], ["(-0.00024292622174496852-0.00037962939185140607j)"], ["0j"], ["0j"], ["(-0.0023310601430394755-0.003642830066325128j)"], ["0j"], ["0j"], ["0j"], ["0j"], ["0j"], ["0j"], ["0j"], ["0j"], ["0j"], ["0j"], ["0j"], ["0j"], ["0j"], ["0j"], ["(0.013152523541470566+0.020553913354823927j)"], ["0j"], ["0j"], ["(-0.0037496791153110607-0.005859756068977021j)"], ["0j"], ["0j"], ["(0.003749679115310958+0.005859756068977028j)"], ["0j"], ["0j"], ["(0.0808413716164864+0.12633366839840654j)"], ["0j"], ["0j"], ["0j"], ["0j"], ["0j"], ["(-0.00020741618188179514-0.0003241365976153024j)"], ["0j"], ["0j"], ["0j"], ["0j"], ["0j"], ["(0.005864982113743279+0.00916541482046243j)"], ["0j"], ["0j"], ["0j"], ["0j"], ["0j"], ["0j"], ["0j"], ["0j"], ["(0.00020741618188183653+0.0003241365976153322j)"], ["0j"], ["0j"], ["(-0.005864982113744776-0.009165414820462342j)"], ["0j"], ["0j"], ["0j"], ["0j"], ["0j"], ["0j"], ["0j"], ["0j"], ["0j"], ["0j"], ["0j"], ["(-0.5305167791620432-0.8290573195170812j)"], ["0j"], ["0j"], ["0j"], ["0j"], ["0j"], ["0j"], ["0j"], ["0j"], ["0j"], ["0j"], ["0j"], ["0j"], ["0j"], ["0j"], ["0j"]], "hf_energy": -1.4322223100252316}