{"geometry": [["H", [0.0, 0.0, 0.0]], ["H", [0.5135, 0.0, 0.0]], ["H", [-0.1012, -0.7809, 0.0]], ["H", [-0.3106, 0.2094, -0.3979]]], "multiplicity": 3, "canonical_orbitals": [[0.554563730972616, 0.14872766574611618, 0.08648796692341079, 2.546340027529909], [0.24812501402422726, -0.1721082212564698, 1.0983714127303161, -1.3416320785000029], [0.09372524258558111, -1.0187149978097978, -0.647077993599808, -0.45713681086167984], [0.21686716196861244, 0.8190577600859746, -0.7233644604153484, -1.2717416360397946]], "canonical_to_oao": [[0.641228330000259, 0.5039245516023031, 0.3289634104216913, 0.4760980463110831], [0.08026808367370716, -0.13044060570576405, -0.7987423763899273, 0.5818529876914251], [0.043929308487465554, 0.724299392667931, -0.47589577580047315, -0.4969746635513188], [0.7618749762292003, -0.45214564518128403, -0.16527825428037846, -0.433351975651879]], "orbital_energies": [-0.9858156745974871, 0.05876907128744724, 0.13354619357574674, 1.466604869376007], "exact_energy": -1.4353849439631539, "ground_states": [["0j", "0j", "0j"], ["0j", "0j", "0j"], ["0j", "0j", "0j"], ["0j", "0j", "0j"], ["0j", "0j", "0j"], ["0j", "0j", "0j"], ["0j", "0j", "0j"], ["0j", "0j", "0j"], ["0j", "0j", "0j"], ["0j", "0j", "0j"], ["0j", "0j", "0j"], ["0j", "0j", "0j"], ["0j", "0j", "0j"], ["0j", "0j", "0j"], ["0j", "0j", "0j"], ["0j", "0j", "0j"], ["0j", "0j", "0j"], ["0j", "0j", "0j"], ["0j", "0j", "0j"], ["0j", "0j", "0j"], ["0j", "0j", "0j"], ["0j", "0j", "0j"], ["0j", "0j", "0j"], ["(-0.0383987768654012+0j)", "(4.354141114622363e-05+0j)", "(-0.00039073142902291454+0j)"], ["0j", "0j", "0j"], ["0j", "0j", "0j"], ["0j", "0j", "0j"], ["(-3.1484483303841675e-05+0j)", "(-0.027153354590171902+0j)", "(6.82573013474548e-05+0j)"], ["0j", "0j", "0j"], ["(-0.0009843151589913784+0j)", "(1.1161415683762133e-06+0j)", "(-1.0016018740106786e-05+0j)"], ["(-8.070739934526293e-07+0j)", "(-0.0006960497370596343+0j)", "(1.7497092853416546e-06+0j)"], ["0j", "0j", "0j"], ["0j", "0j", "0j"], ["0j", "0j", "0j"], ["0j", "0j", "0j"], ["0j", "0j", "0j"], ["0j", "0j", "0j"], ["0j", "0j", "0j"], ["0j", "0j", "0j"], ["(-3.1484483303843315e-05+0j)", "(-0.02715335459017213+0j)", "(6.825730134744937e-05+0j)"], ["0j", "0j", "0j"], ["0j", "0j", "0j"], ["0j", "0j", "0j"], ["(0.00039062047915210715+0j)", "(-9.697839588122814e-05+0j)", "(-0.03839868021814011+0j)"], ["0j", "0j", "0j"], ["(-8.070739934483924e-07+0j)", "(-0.0006960497370597214+0j)", "(1.7497092854077905e-06+0j)"], ["(1.0013174648454567e-05+0j)", "(-2.485946505259573e-06+0j)", "(-0.000984312681533221+0j)"], ["0j", "0j", "0j"], ["0j", "0j", "0j"], ["0j", "0j", "0j"], ["0j", "0j", "0j"], ["0j", "0j", "0j"], ["0j", "0j", "0j"], ["(-0.0005229516546218913+0j)", "(5.929890184603954e-07+0j)", "(-5.3213582306759245e-06+0j)"], ["(-4.287861224340784e-07+0j)", "(-0.00036980062571370496+0j)", "(9.295938984972899e-07+0j)"], ["0j", "0j", "0j"], ["0j", "0j", "0j"], ["(-4.2878612243022146e-07+0j)", "(-0.00036980062571370463+0j)", "(9.295938985102054e-07+0j)"], ["(5.319847208072627e-06+0j)", "(-1.320745521827423e-06+0j)", "(-0.000522950338386125+0j)"], ["0j", "0j", "0j"], ["0j", "0j", "0j"], ["0j", "0j", "0j"], ["0j", "0j", "0j"], ["0j", "0j", "0j"], ["0j", "0j", "0j"], ["0j", "0j", "0j"], ["0j", "0j", "0j"], ["0j", "0j", "0j"], ["0j", "0j", "0j"], ["0j", "0j", "0j"], ["0j", "0j", "0j"], ["(0.008060468757176968+0j)", "(-9.139983427541643e-06+0j)", "(8.202028119612655e-05+0j)"], ["0j", "0j", "0j"], ["0j", "0j", "0j"], ["0j", "0j", "0j"], ["(6.609056712830433e-06+0j)", "(0.005699889011929494+0j)", "(-1.4328212768045298e-05+0j)"], ["0j", "0j", "0j"], ["(-0.01386583313554625+0j)", "(1.5722843036281103e-05+0j)", "(-0.0001410934732279631+0j)"], ["(-1.136907546247399e-05+0j)", "(-0.009805100957704942+0j)", "(2.4647773393577353e-05+0j)"], ["0j", "0j", "0j"], ["0j", "0j", "0j"], ["0j", "0j", "0j"], ["0j", "0j", "0j"], ["(-0.005662322885279625+0j)", "(6.420660992793014e-06+0j)", "(-5.761765590367641e-05+0j)"], ["0j", "0j", "0j"], ["0j", "0j", "0j"], ["(-0.0347158637905372+0j)", "(3.9365256448114826e-05+0j)", "(-0.0003532554986370816+0j)"], ["0j", "0j", "0j"], ["0j", "0j", "0j"], ["(0.039464385025669076+0j)", "(-4.474973304642284e-05+0j)", "(0.0004015746545949056+0j)"], ["(3.8934765569190275e-06+0j)", "(0.003357874687739761+0j)", "(-8.44092628361178e-06+0j)"], ["0j", "0j", "0j"], ["(0.00042758323827395996+0j)", "(-4.848481930088669e-07+0j)", "(4.3509252990702e-06+0j)"], ["0j", "0j", "0j"], ["0j", "0j", "0j"], ["0j", "0j", "0j"], ["0j", "0j", "0j"], ["0j", "0j", "0j"], ["0j", "0j", "0j"], ["(-4.642734089334046e-06+0j)", "(-0.004004061422242314+0j)", "(1.0065291424826776e-05+0j)"], ["0j", "0j", "0j"], ["(0.02493720361221411+0j)", "(-2.8276969319174695e-05+0j)", "(0.0002537515514463023+0j)"], ["(-8.017861198988693e-06+0j)", "(-0.006914892840715756+0j)", "(1.738245353246541e-05+0j)"], ["0j", "0j", "0j"], ["0j", "0j", "0j"], ["(5.280508671700659e-05+0j)", "(0.045541012376113105+0j)", "(-0.00011447965278467526+0j)"], ["(-0.00030198493312692224+0j)", "(7.497306454206775e-05+0j)", "(0.02968565013027862+0j)"], ["0j", "0j", "0j"], ["(3.5059026422558766e-07+0j)", "(0.0003023616956955463+0j)", "(-7.600679064202765e-07+0j)"], ["0j", "0j", "0j"], ["0j", "0j", "0j"], ["0j", "0j", "0j"], ["0j", "0j", "0j"], ["(0.015164624194159457+0j)", "(-1.7195577328687553e-05+0j)", "(0.00015430947977195157+0j)"], ["(1.2433999106879106e-05+0j)", "(0.010723529538820649+0j)", "(-2.6956492053711687e-05+0j)"], ["0j", "0j", "0j"], ["(-0.00268142888457393+0j)", "(3.0405447009909988e-06+0j)", "(-2.728520607739054e-05+0j)"], ["0j", "0j", "0j"], ["0j", "0j", "0j"], ["0j", "0j", "0j"], ["(-2.1985961490956325e-06+0j)", "(-0.0018961486603174043+0j)", "(4.766482538176932e-06+0j)"], ["0j", "0j", "0j"], ["0j", "0j", "0j"], ["0j", "0j", "0j"], ["0j", "0j", "0j"], ["0j", "0j", "0j"], ["0j", "0j", "0j"], ["0j", "0j", "0j"], ["0j", "0j", "0j"], ["0j", "0j", "0j"], ["0j", "0j", "0j"], ["0j", "0j", "0j"], ["0j", "0j", "0j"], ["0j", "0j", "0j"], ["0j", "0j", "0j"], ["(6.609056712833679e-06+0j)", "(0.005699889011929397+0j)", "(-1.4328212768053673e-05+0j)"], ["0j", "0j", "0j"], ["0j", "0j", "0j"], ["0j", "0j", "0j"], ["(-8.199699118429358e-05+0j)", "(2.0357193482011894e-05+0j)", "(0.008060448469493607+0j)"], ["0j", "0j", "0j"], ["(-1.1369075462488698e-05+0j)", "(-0.009805100957704935+0j)", "(2.464777339346182e-05+0j)"], ["(0.0001410534091290703+0j)", "(-3.501898666603778e-05+0j)", "(-0.013865798236132626+0j)"], ["0j", "0j", "0j"], ["0j", "0j", "0j"], ["0j", "0j", "0j"], ["0j", "0j", "0j"], ["(-4.642734089335984e-06+0j)", "(-0.0040040614222422825+0j)", "(1.0065291424806055e-05+0j)"], ["0j", "0j", "0j"], ["(-0.029685724847346048+0j)", "(3.3661445917484756e-05+0j)", "(-0.00030207070740411514+0j)"], ["(-5.280508671703853e-05+0j)", "(-0.04554101237611294+0j)", "(0.0001144796527847537+0j)"], ["0j", "0j", "0j"], ["0j", "0j", "0j"], ["(8.01786119899814e-06+0j)", "(0.0069148928407156834+0j)", "(-1.7382453532511514e-05+0j)"], ["(0.00025367949760128416+0j)", "(-6.298039160342694e-05+0j)", "(-0.024937140846870383+0j)"], ["0j", "0j", "0j"], ["(3.505902642215761e-07+0j)", "(0.0003023616956961373+0j)", "(-7.600679063976243e-07+0j)"], ["0j", "0j", "0j"], ["0j", "0j", "0j"], ["0j", "0j", "0j"], ["0j", "0j", "0j"], ["0j", "0j", "0j"], ["0j", "0j", "0j"], ["(5.7601295122378744e-05+0j)", "(-1.4300533381585681e-05+0j)", "(-0.005662308633575684+0j)"], ["0j", "0j", "0j"], ["(-3.893476556910508e-06+0j)", "(-0.0033578746877398324+0j)", "(8.440926283620246e-06+0j)"], ["(0.00040146062574359395+0j)", "(-9.966965269864087e-05+0j)", "(-0.039464285696340674+0j)"], ["0j", "0j", "0j"], ["0j", "0j", "0j"], ["(-0.0003531551902180857+0j)", "(8.767697975999857e-05+0j)", "(0.03471577641293244+0j)"], ["0j", "0j", "0j"], ["0j", "0j", "0j"], ["(-4.349689835075848e-06+0j)", "(1.0798869114690192e-06+0j)", "(0.0004275821620744372+0j)"], ["0j", "0j", "0j"], ["0j", "0j", "0j"], ["0j", "0j", "0j"], ["0j", "0j", "0j"], ["(1.2433999106901904e-05+0j)", 