{"geometry": [["H", [0.0, 0.0, 0.0]], ["H", [1.1671, 0.0, 0.0]], ["H", [0.2236, 0.7574, 0.0]], ["H", [0.3517, -0.3342, -0.2751]]], "multiplicity": 1, "canonical_orbitals": [[0.4315325566039467, 0.44485019918948615, 0.47254872107781526, 1.733439563499909], [0.16700548771895155, -0.7613230969263907, -0.7532543089856508, 0.588548266572731], [0.21468598603181596, 0.7080983194394364, -0.7496505212374458, -0.8317151898654196], [0.3802716617489931, -0.4865839483791443, 0.6317732983079016, -1.5511312267594513]], "canonical_to_oao": [[0.6105638442938095, 0.34971292756537514, 0.4129987266151352, 0.578225485558269], [0.29080235042051106, -0.6657428249417742, 0.6008045537507242, -0.33354815577491426], [0.3226545810264949, -0.6039102978476546, -0.5812460745394971, 0.4397037347221412], [0.6622233810231172, 0.2641584969024438, -0.3614124248543412, -0.6008839665871095]], "orbital_energies": [-0.8653323904628781, -0.1874526624917209, 0.2781482134861051, 1.2012335408374741], "exact_energy": -1.7346847890878379, "ground_states": [["0j"], ["0j"], ["0j"], ["0j"], ["0j"], ["0j"], ["0j"], ["0j"], ["0j"], ["0j"], ["0j"], ["0j"], ["0j"], ["0j"], ["0j"], ["(0.02403488640918754+0j)"], ["0j"], ["0j"], ["0j"], ["0j"], ["0j"], ["0j"], ["0j"], ["0j"], ["0j"], ["0j"], ["0j"], ["(-0.0012774805543909334+0j)"], ["0j"], ["0j"], ["(-0.0043871038859155664+0j)"], ["0j"], ["0j"], ["0j"], ["0j"], ["0j"], ["0j"], ["0j"], ["0j"], ["(0.0012774805543908417+0j)"], ["0j"], ["0j"], ["0j"], ["0j"], ["0j"], ["(0.0043871038859154745+0j)"], ["0j"], ["0j"], ["0j"], ["0j"], ["0j"], ["(-0.03468833396966968+0j)"], ["0j"], ["0j"], ["(0.0008890706881854015+0j)"], ["0j"], ["0j"], ["(-0.0008890706881854389+0j)"], ["0j"], ["0j"], ["(-0.022096092051350817+0j)"], ["0j"], ["0j"], ["0j"], ["0j"], ["0j"], ["0j"], ["0j"], ["0j"], ["0j"], ["0j"], ["0j"], ["0j"], ["0j"], ["0j"], ["(0.005715820959301443+0j)"], ["0j"], ["0j"], ["(-0.00041393003905466636+0j)"], ["0j"], ["0j"], ["0j"], ["0j"], ["0j"], ["0j"], ["0j"], ["0j"], ["0j"], ["0j"], ["0j"], ["(0.035449807149968524+0j)"], ["0j"], ["0j"], ["0j"], ["0j"], ["0j"], ["0j"], ["0j"], ["0j"], ["(-0.002651347589866938+0j)"], ["0j"], ["0j"], ["(0.03314837960084426+0j)"], ["0j"], ["0j"], ["(-0.06859818675081278+0j)"], ["0j"], ["0j"], ["(0.007790937157326422+0j)"], ["0j"], ["0j"], ["0j"], ["0j"], ["0j"], ["(0.0001946666032923617+0j)"], ["0j"], ["0j"], ["0j"], ["0j"], ["0j"], ["(-0.03427433965479272+0j)"], ["0j"], ["0j"], ["0j"], ["0j"], ["0j"], ["0j"], ["0j"], ["0j"], ["0j"], ["0j"], ["0j"], ["0j"], ["0j"], ["0j"], ["(-0.005715820959301429+0j)"], ["0j"], ["0j"], ["0j"], ["0j"], ["0j"], ["(0.00041393003905457757+0j)"], ["0j"], ["0j"], ["0j"], ["0j"], ["0j"], ["(0.0026513475898669045+0j)"], ["0j"], ["0j"], ["(-0.06859818675081283+0j)"], ["0j"], ["0j"], ["(0.033148379600844276+0j)"], ["0j"], ["0j"], ["(-0.0077909371573263225+0j)"], ["0j"], ["0j"], ["0j"], ["0j"], ["0j"], ["0j"], ["0j"], ["0j"], ["(0.03544980714996854+0j)"], ["0j"], ["0j"], ["0j"], ["0j"], ["0j"], ["0j"], ["0j"], ["0j"], ["0j"], ["0j"], ["0j"], ["(-0.00019466660329226388+0j)"], ["0j"], ["0j"], ["(0.03427433965479268+0j)"], ["0j"], ["0j"], ["0j"], ["0j"], ["0j"], ["0j"], ["0j"], ["0j"], ["0j"], ["0j"], ["0j"], ["0j"], ["0j"], ["0j"], ["(-0.00773564859430026+0j)"], ["0j"], ["0j"], ["(0.0021252377730611484+0j)"], ["0j"], ["0j"], ["(-0.0021252377730610274+0j)"], ["0j"], ["0j"], ["(-0.5249342129593233+0j)"], ["0j"], ["0j"], ["0j"], ["0j"], ["0j"], ["(0.01823260797774174+0j)"], ["0j"], ["0j"], ["0j"], ["0j"], ["0j"], ["(0.027948978406288766+0j)"], ["0j"], ["0j"], ["0j"], ["0j"], ["0j"], ["0j"], ["0j"], ["0j"], ["(-0.018232607977741712+0j)"], ["0j"], ["0j"], ["(-0.02794897840628723+0j)"], ["0j"], ["0j"], ["0j"], ["0j"], ["0j"], ["0j"], ["0j"], ["0j"], ["0j"], ["0j"], ["0j"], ["(0.838547799883903+0j)"], ["0j"], ["0j"], ["0j"], ["0j"], ["0j"], ["0j"], ["0j"], ["0j"], ["0j"], ["0j"], ["0j"], ["0j"], ["0j"], ["0j"], ["0j"]], "hf_energy": -1.6262092967333184}