{"geometry": [["H", [0.0, 0.0, 0.0]], ["H", [1.3505, 0.0, 0.0]], ["H", [0.1528, -0.6537, 0.0]], ["H", [-0.0705, -0.1464, -0.6062]]], "multiplicity": 1, "canonical_orbitals": [[0.43147577894653943, 0.11134548909552017, 0.14517662558322547, 1.6260089353410039], [0.010173083829792193, -0.9258169103609039, 0.5069143395616679, -0.12861001597855487], [0.33813965713625393, -0.34773307128799813, -1.2016016980424071, -0.6448890996485324], [0.34964114517106937, 0.5779394642555512, 0.8305960114492914, -1.0473563503648018]], "canonical_to_oao": [[0.6126008646494928, 0.14008655099638043, 0.5420528359778329, 0.557919942168249], [0.0652860608013815, -0.8888563389940367, -0.2400822238145572, 0.3847501328179279], [0.0865392140924238, 0.42830909262450007, -0.7379037793327872, 0.5143542534536214], [0.7829232882728653, -0.08283409947137826, -0.3225480758941749, -0.5254829924761931]], "orbital_energies": [-0.9651428869364929, -0.10388691697328423, 0.3626910727659733, 0.6646848831311215], "exact_energy": -1.6737401772660678, "ground_states": [["0j"], ["0j"], ["0j"], ["0j"], ["0j"], ["0j"], ["0j"], ["0j"], ["0j"], ["0j"], ["0j"], ["0j"], ["0j"], ["0j"], ["0j"], ["(0.016662993489121876+0.013399034986023996j)"], ["0j"], ["0j"], ["0j"], ["0j"], ["0j"], ["0j"], ["0j"], ["0j"], ["0j"], ["0j"], ["0j"], ["(0.011025290177915198+0.00886564883563049j)"], ["0j"], ["0j"], ["(-8.294569368144478e-05-6.669823476211162e-05j)"], ["0j"], ["0j"], ["0j"], ["0j"], ["0j"], ["0j"], ["0j"], ["0j"], ["(-0.011025290177916305-0.008865648835631493j)"], ["0j"], ["0j"], ["0j"], ["0j"], ["0j"], ["(8.29456936814895e-05+6.66982347622024e-05j)"], ["0j"], ["0j"], ["0j"], ["0j"], ["0j"], ["(-0.04400498849301512-0.035385261403505834j)"], ["0j"], ["0j"], ["(0.003952791564320422+0.003178516062997091j)"], ["0j"], ["0j"], ["(-0.003952791564320337-0.0031785160629970517j)"], ["0j"], ["0j"], ["(-0.03074291189689271-0.024720969395303275j)"], ["0j"], ["0j"], ["0j"], ["0j"], ["0j"], ["0j"], ["0j"], ["0j"], ["0j"], ["0j"], ["0j"], ["0j"], ["0j"], ["0j"], ["(-0.0028596339642279734-0.002299486917457337j)"], ["0j"], ["0j"], ["(0.006655051134756112+0.005351455190004734j)"], ["0j"], ["0j"], ["0j"], ["0j"], ["0j"], ["0j"], ["0j"], ["0j"], ["0j"], ["0j"], ["0j"], ["(-0.00918275554726648-0.007384031142198686j)"], ["0j"], ["0j"], ["0j"], ["0j"], ["0j"], ["0j"], ["0j"], ["0j"], ["(-0.01713525920332782-0.01377879297077488j)"], ["0j"], ["0j"], ["(-0.022041175968051493-0.017723735421359663j)"], ["0j"], ["0j"], ["(0.03122393151531827+0.02510776656355856j)"], ["0j"], ["0j"], ["(0.013882305784225878+0.011163030280901333j)"], ["0j"], ["0j"], ["0j"], ["0j"], ["0j"], ["(-0.005548782540239855-0.004461883240550303j)"], ["0j"], ["0j"], ["0j"], ["0j"], ["0j"], ["(0.007820857313603855+0.006288902461258962j)"], ["0j"], ["0j"], ["0j"], ["0j"], ["0j"], ["0j"], ["0j"], ["0j"], ["0j"], ["0j"], ["0j"], ["0j"], ["0j"], ["0j"], ["(0.0028596339642283034+0.002299486917457632j)"], ["0j"], ["0j"], ["0j"], ["0j"], ["0j"], ["(-0.006655051134755701-0.005351455190004431j)"], ["0j"], ["0j"], ["0j"], ["0j"], ["0j"], ["(0.017135259203327556+0.013778792970774658j)"], ["0j"], ["0j"], ["(0.031223931515317008+0.025107766563557333j)"], ["0j"], ["0j"], ["(-0.022041175968050913-0.017723735421358997j)"], ["0j"], ["0j"], ["(-0.013882305784225252-0.01116303028090078j)"], ["0j"], ["0j"], ["0j"], ["0j"], ["0j"], ["0j"], ["0j"], ["0j"], ["(-0.009182755547266438-0.007384031142198661j)"], ["0j"], ["0j"], ["0j"], ["0j"], ["0j"], ["0j"], ["0j"], ["0j"], ["0j"], ["0j"], ["0j"], ["(0.00554878254023918+0.004461883240549961j)"], ["0j"], ["0j"], ["(-0.007820857313603945-0.006288902461258888j)"], ["0j"], ["0j"], ["0j"], ["0j"], ["0j"], ["0j"], ["0j"], ["0j"], ["0j"], ["0j"], ["0j"], ["0j"], ["0j"], ["0j"], ["(-0.013449792345424585-0.010815237868798872j)"], ["0j"], ["0j"], ["(-0.04137801387948135-0.033272860364814055j)"], ["0j"], ["0j"], ["(0.04137801387948075+0.033272860364813694j)"], ["0j"], ["0j"], ["(-0.2231868960359207-0.1794688949713439j)"], ["0j"], ["0j"], ["0j"], ["0j"], ["0j"], ["(-0.0002463483700188387-0.00019809348367029494j)"], ["0j"], ["0j"], ["0j"], ["0j"], ["0j"], ["(-0.1466633822436927-0.1179348591316885j)"], ["0j"], ["0j"], ["0j"], ["0j"], ["0j"], ["0j"], ["0j"], ["0j"], ["(0.0002463483700182392+0.00019809348366959772j)"], ["0j"], ["0j"], ["(0.14666338224370887+0.11793485913170344j)"], ["0j"], ["0j"], ["0j"], ["0j"], ["0j"], ["0j"], ["0j"], ["0j"], ["0j"], ["0j"], ["0j"], ["(0.7092854803196569+0.5703501577964525j)"], ["0j"], ["0j"], ["0j"], ["0j"], ["0j"], ["0j"], ["0j"], ["0j"], ["0j"], ["0j"], ["0j"], ["0j"], ["0j"], ["0j"], ["0j"]], "hf_energy": -1.611835012886234}