{"geometry": [["H", [0.0, 0.0, 0.0]], ["H", [1.4623, 0.0, 0.0]], ["H", [1.0832, 0.3915, 0.0]], ["H", [0.0604, 0.2917, 0.5787]]], "multiplicity": 1, "canonical_orbitals": [[0.3018776237417938, 0.483933403842401, 1.350930784905464, 0.008544387620727137], [0.3008483291789464, -0.5104458362911146, 0.14936582549359326, -1.5143676394956396], [0.3849765583622914, -0.40083658122096655, -0.21139390901042585, 1.63889458676043], [0.29160725048458347, 0.5008617423182253, -1.2886226861645764, -0.37400243826323937]], "canonical_to_oao": [[0.4779608957465139, 0.48441682558931387, 0.565781083822982, 0.4656022835116377], [0.5091469430813635, -0.5467672495022924, -0.3992876686165971, 0.5313984596452276], [0.7157043472877188, 0.0744649285826815, -0.10325633328539924, -0.6867025493771604], [0.00948998216817875, -0.6788526263990172, 0.7140022776681229, -0.17108418791442098]], "orbital_energies": [-0.7961332687342701, -0.4824070852371576, 0.7413277901566381, 1.0003109657297224], "exact_energy": -2.095354715525691, "ground_states": [["0j"], ["0j"], ["0j"], ["0j"], ["0j"], ["0j"], ["0j"], ["0j"], ["0j"], ["0j"], ["0j"], ["0j"], ["0j"], ["0j"], ["0j"], ["(-0.007812560782259417+0j)"], ["0j"], ["0j"], ["0j"], ["0j"], ["0j"], ["0j"], ["0j"], ["0j"], ["0j"], ["0j"], ["0j"], ["(-0.00036969629068306364+0j)"], ["0j"], ["0j"], ["(0.0011857220867296705+0j)"], ["0j"], ["0j"], ["0j"], ["0j"], ["0j"], ["0j"], ["0j"], ["0j"], ["(0.0003696962906834183+0j)"], ["0j"], ["0j"], ["0j"], ["0j"], ["0j"], ["(-0.0011857220867296694+0j)"], ["0j"], ["0j"], ["0j"], ["0j"], ["0j"], ["(0.03808849267939588+0j)"], ["0j"], ["0j"], ["(0.0018000774796015518+0j)"], ["0j"], ["0j"], ["(-0.0018000774796015518+0j)"], ["0j"], ["0j"], ["(0.039736368822327374+0j)"], ["0j"], ["0j"], ["0j"], ["0j"], ["0j"], ["0j"], ["0j"], ["0j"], ["0j"], ["0j"], ["0j"], ["0j"], ["0j"], ["0j"], ["(-0.00011468400398013853+0j)"], ["0j"], ["0j"], ["(0.0007416936305099102+0j)"], ["0j"], ["0j"], ["0j"], ["0j"], ["0j"], ["0j"], ["0j"], ["0j"], ["0j"], ["0j"], ["0j"], ["(-0.0010735592259952802+0j)"], ["0j"], ["0j"], ["0j"], ["0j"], ["0j"], ["0j"], ["0j"], ["0j"], ["(-0.0347050268958689+0j)"], ["0j"], ["0j"], ["(-0.009968327894816593+0j)"], ["0j"], ["0j"], ["(0.01104188712081185+0j)"], ["0j"], ["0j"], ["(0.047718749637311084+0j)"], ["0j"], ["0j"], ["0j"], ["0j"], ["0j"], ["(-0.0004134516781776242+0j)"], ["0j"], ["0j"], ["0j"], ["0j"], ["0j"], ["(0.00010018973350093015+0j)"], ["0j"], ["0j"], ["0j"], ["0j"], ["0j"], ["0j"], ["0j"], ["0j"], ["0j"], ["0j"], ["0j"], ["0j"], ["0j"], ["0j"], ["(0.00011468400398016619+0j)"], ["0j"], ["0j"], ["0j"], ["0j"], ["0j"], ["(-0.0007416936305099021+0j)"], ["0j"], ["0j"], ["0j"], ["0j"], ["0j"], ["(0.0347050268958689+0j)"], ["0j"], ["0j"], ["(0.011041887120811864+0j)"], ["0j"], ["0j"], ["(-0.009968327894816581+0j)"], ["0j"], ["0j"], ["(-0.04771874963731108+0j)"], ["0j"], ["0j"], ["0j"], ["0j"], ["0j"], ["0j"], ["0j"], ["0j"], ["(-0.0010735592259952873+0j)"], ["0j"], ["0j"], ["0j"], ["0j"], ["0j"], ["0j"], ["0j"], ["0j"], ["0j"], ["0j"], ["0j"], ["(0.00041345167817762155+0j)"], ["0j"], ["0j"], ["(-0.00010018973350095016+0j)"], ["0j"], ["0j"], ["0j"], ["0j"], ["0j"], ["0j"], ["0j"], ["0j"], ["0j"], ["0j"], ["0j"], ["0j"], ["0j"], ["0j"], ["(0.044493257043926426+0j)"], ["0j"], ["0j"], ["(-0.003290030961370052+0j)"], ["0j"], ["0j"], ["(0.003290030961370052+0j)"], ["0j"], ["0j"], ["(0.06340862310402187+0j)"], ["0j"], ["0j"], ["0j"], ["0j"], ["0j"], ["(-0.003310258224672788+0j)"], ["0j"], ["0j"], ["0j"], ["0j"], ["0j"], ["(0.0013380287329299075+0j)"], ["0j"], ["0j"], ["0j"], ["0j"], ["0j"], ["0j"], ["0j"], ["0j"], ["(0.0033102582246727777+0j)"], ["0j"], ["0j"], ["(-0.0013380287329299752+0j)"], ["0j"], ["0j"], ["0j"], ["0j"], ["0j"], ["0j"], ["0j"], ["0j"], ["0j"], ["0j"], ["0j"], ["(-0.9916868590589871+0j)"], ["0j"], ["0j"], ["0j"], ["0j"], ["0j"], ["0j"], ["0j"], ["0j"], ["0j"], ["0j"], ["0j"], ["0j"], ["0j"], ["0j"], ["0j"]], "hf_energy": -2.0630810914804685}