{"geometry": [["H", [0.0, 0.0, 0.0]], ["H", [0.852, 0.0, 0.0]], ["H", [-0.3644, -0.6379, 0.0]], ["H", [-0.3369, 0.2761, -0.0662]]], "multiplicity": 3, "canonical_orbitals": [[0.5472768375842408, 0.03144243291114385, 0.18894579036775977, 2.4904022393256406], [0.07243752172569007, 1.0375120489507366, -0.24221917002440502, -0.7543570633091149], [0.13353019033395042, -0.42542084158877724, -1.1434077114348038, -0.5729417621344257], [0.35517258569023613, -0.3445091249228771, 0.8336887058346781, -1.7424039551181356]], "canonical_to_oao": [[0.6521684144913498, 0.2841536847363302, 0.38015635167016565, 0.5911126718954971], [0.034268840174201703, 0.9027138533154223, -0.3515386233432564, -0.24567039285079662], [0.09866303186327191, -0.1869861616736369, -0.8305855921702237, 0.5151983652588056], [0.7508445990193328, -0.26343985618305255, -0.20501053305134115, -0.5699144774751341]], "orbital_energies": [-0.92605440543018, -0.029406909371326083, 0.15818924565275222, 1.5090078281293802], "exact_energy": -1.536959638859219, "ground_states": [["0j", "0j", "0j"], ["0j", "0j", "0j"], ["0j", "0j", "0j"], ["0j", "0j", "0j"], ["0j", "0j", "0j"], ["0j", "0j", "0j"], ["0j", "0j", "0j"], ["0j", "0j", "0j"], ["0j", "0j", "0j"], ["0j", "0j", "0j"], ["0j", "0j", "0j"], ["0j", "0j", "0j"], ["0j", "0j", "0j"], ["0j", "0j", "0j"], ["0j", "0j", "0j"], ["0j", "0j", "0j"], ["0j", "0j", "0j"], ["0j", "0j", "0j"], ["0j", "0j", "0j"], ["0j", "0j", "0j"], ["0j", "0j", "0j"], ["0j", "0j", "0j"], ["0j", "0j", "0j"], ["(0.00041339362421053853+0.029716014291101135j)", "(0.005055699425817408+0.02092100879071701j)", "(0.00717398206975458+0.01310645715583547j)"], ["0j", "0j", "0j"], ["0j", "0j", "0j"], ["0j", "0j", "0j"], ["(0.008658037808415599-0.0018040088755990173j)", "(0.004914161954974324-0.0031787637752420314j)", "(-0.01909919481928386+0.01781238351628627j)"], ["0j", "0j", "0j"], ["(5.107431808353969e-05+0.003671380198417963j)", "(0.00062462598716202+0.002584767144501224j)", "(0.0008863374292625077+0.0016192880647441874j)"], ["(0.0010696908493725928-0.00022288327090956803j)", "(0.0006071391915672328-0.0003927326950900133j)", "(-0.002359684073992445+0.002200699982430022j)"], ["0j", "0j", "0j"], ["0j", "0j", "0j"], ["0j", "0j", "0j"], ["0j", "0j", "0j"], ["0j", "0j", "0j"], ["0j", "0j", "0j"], ["0j", "0j", "0j"], ["0j", "0j", "0j"], ["(0.008658037808397743-0.0018040088756176834j)", "(0.004914161954979057-0.003178763775239862j)", "(-0.019099194819284886+0.01781238351628765j)"], ["0j", "0j", "0j"], ["0j", "0j", "0j"], ["0j", "0j", "0j"], ["(0.022744854878902192-0.005577021350266845j)", "(-0.02867843094656637+0.015292742163907825j)", "(-0.00016409258462627248-0.0008267168968194841j)"], ["0j", "0j", "0j"], ["(0.0010696908493673708-0.0002228832709151211j)", "(0.0006071391915686274-0.00039273269508936174j)", "(-0.0023596840739927337+0.002200699982430419j)"], ["(0.0028101012807527936-0.0006890347255505067j)", "(-0.003543187941272838+0.0018894011225757334j)", "(-2.0273454575789148e-05-0.00010213994430570548j)"], ["0j", "0j", "0j"], ["0j", "0j", "0j"], ["0j", "0j", "0j"], ["0j", "0j", "0j"], ["0j", "0j", "0j"], ["0j", "0j", "0j"], ["(0.00010561168302469143+0.007591694932552766j)", "(0.0012916041611603982+0.005344792032488051j)", "(0.0018327721474238898+0.0033483704577256432j)"], ["(0.002211911096551377-0.0004608789356892956j)", "(0.0012554448939862137-0.0008120942670123051j)", "(-0.004879364342237167+0.004550616389957439j)"], ["0j", "0j", "0j"], ["0j", "0j", "0j"], ["(0.002211911096562508-0.00046087893567756615j)", "(0.0012554448939832445-0.0008120942670136515j)", "(-0.004879364342236531+0.0045506163899566065j)"], ["(0.005810738877505487-0.0014247888128199684j)", "(-0.007326618460935773+0.00390691133922837j)", "(-4.192153197172e-05-0.00021120539298299134j)"], ["0j", "0j", "0j"], ["0j", "0j", "0j"], ["0j", "0j", "0j"], ["0j", "0j", "0j"], ["0j", "0j", "0j"], ["0j", "0j", "0j"], ["0j", "0j", "0j"], ["0j", "0j", "0j"], ["0j", "0j", "0j"], ["0j", "0j", "0j"], ["0j", "0j", "0j"], ["0j", "0j", "0j"], ["(3.600916334104706e-05+0.002588450207709039j)", "(0.000440382956498664+0.0018223503670218356j)", "(0.0006248985882375909+0.0011416541739082237j)"], ["0j", "0j", "0j"], ["0j", "0j", "0j"], ["0j", "0j", "0j"], ["(0.0007541691003402943-0.00015714042613298274j)", "(0.0004280541599032434-0.0002768901533593492j)", "(-0.0016636590059741503+0.0015515697145941163j)"], ["0j", "0j", "0j"], ["(8.049784034749859e-05+0.005786434124950161j)", "(0.000984468219609176+0.004073831638694548j)", "(0.0013969496128772494+0.002552147478487202j)"], ["(0.001685931529677279-0.00035128461095877223j)", "(0.0009569074154172166-0.0006189829835195027j)", "(-0.0037190799404909305+0.003468506335191979j)"], ["0j", "0j", "0j"], ["0j", "0j", "0j"], ["0j", "0j", "0j"], ["0j", "0j", "0j"], ["(0.00014613617027475976+0.01050472061010764j)", "(0.0017872083865835865+0.007395653739939859j)", "(0.002536029110985502+0.004633180926004191j)"], ["0j", "0j", "0j"], ["0j", "0j", "0j"], ["(0.00032882821603914884+0.02363719079072983j)", "(0.004021485880911553+0.01664132583449467j)", "(0.005706444385539449+0.010425349286353757j)"], ["0j", "0j", "0j"], ["0j", "0j", "0j"], ["(-0.0003121779054157562-0.022440314884914242j)", "(-0.0038178567949066194-0.0157986875485633j)", "(-0.005417496944475193-0.009897458748048253j)"], ["(0.00034872095372896815-7.266030820421666e-05j)", "(0.0001979283622475262-0.0001280314962702396j)", "(-0.0007692608394834412+0.0007174317674954173j)"], ["0j", "0j", "0j"], ["(1.361777799357869e-05+0.00097888806640556j)", "(0.00016654197924341046+0.0006891679900871039j)", "(0.0002363212430811364+0.00043174546818498355j)"], ["0j", "0j", "0j"], ["0j", "0j", "0j"], ["0j", "0j", "0j"], ["0j", "0j", "0j"], ["0j", "0j", "0j"], ["0j", "0j", "0j"], ["(0.0030606482860719058-0.0006377237886244978j)", "(0.0017371743688163496-0.0011237047141420624j)", "(-0.006751635784301207+0.006296743244423698j)"], ["0j", "0j", "0j"], ["(-0.000305971803734092-0.02199420107119107j)", "(-0.003741957741628646-0.015484609391003774j)", "(-0.005309797019802667-0.009700697112086187j)"], ["(0.00047870037250952353-9.97431219235353e-05j)", "(0.00027170257400831903-0.00017575291734645582j)", "(-0.0010559888830362534+0.0009848414632948048j)"], ["0j", "0j", "0j"], ["0j", "0j", "0j"], ["(-0.012946410490237582+0.0026975441720667593j)", "(-0.007348172795321582+0.004753222565717734j)", "(0.028559128711968362-0.026634952851255344j)"], ["(-0.015918424931484286+0.003903185849203047j)", "(0.020071152469701148-0.010702920261694834j)", "(0.00011484335706223976+0.0005785937492974538j)"], ["0j", "0j", "0j"], ["(0.0002852081644139751-5.9426635825296686e-05j)", "(0.00016187953225646793-0.0001047130309970542j)", "(-0.0006291548288870625+0.0005867654217515557j)"], ["0j", "0j", "0j"], ["0j", "0j", "0j"], ["0j", "0j", "0j"], ["0j", "0j", "0j"], ["(-0.00010118995326292069-0.007273847299940831j)", "(-0.0012375275249752223-0.005121017301097707j)", "(-0.001756037993410686-0.0032081815232977945j)"], ["(-0.002119303225474256+0.0004415829444846856j)", "(-0.0012028821670882158+0.0007780936594379902j)", "(0.0046750760484357235-0.004360092052596083j)"], ["0j", "0j", "0j"], ["(7.80275707144704e-05+0.005608863491487105j)", "(0.0009542574470322573+0.003948816327177181j)", "(0.0013540808577306822+0.002473828701385365j)"], ["0j", "0j", "0j"], ["0j", "0j", "0j"], ["0j", "0j", "0j"], ["(0.0016341946701030814-0.00034050459869401216j)", "(0.0009275424123363417-0.0005999880035164653j)", "(-0.0036049510371510022+0.003362066884952559j)"], ["0j", "0j", "0j"], ["0j", "0j", "0j"], ["0j", "0j", "0j"], ["0j", "0j", "0j"], ["0j", "0j", "0j"], ["0j", "0j", "0j"], ["0j", "0j", "0j"], ["0j", "0j", "0j"], ["0j", "0j", "0j"], ["0j", "0j", "0j"], ["0j", "0j", "0j"], ["0j", "0j", "0j"], ["0j", "0j", "0j"], ["0j", "0j", "0j"], ["(0.0007541691003338536-0.00015714042613973169j)", "(0.00042805415990496045-0.00027689015335857455j)", "(-0.001663659005974517+0.0015515697145946094j)"], ["0j", "0j", "0j"], ["0j", "0j", "0j"], ["0j", "0j", "0j"], 