{"geometry": [["H", [0.0, 0.0, 0.0]], ["H", [0.6666, 0.0, 0.0]], ["H", [-0.5756, -0.0233, 0.0]], ["H", [-0.3426, 0.089, 0.383]]], "multiplicity": 1, "canonical_orbitals": [[0.39312498329719214, 0.4968691610559503, 0.4695243314031147, 2.275146063398676], [0.028930300777670004, 0.8216655126911142, -0.011473963877051286, -1.3041530407873891], [0.2991693957454233, -0.6213111492785425, 1.5327144551223548, -1.085753034825495], [0.3632357040923291, -0.39471873242722855, -1.9483759815812172, -0.3981683688773134]], "canonical_to_oao": [[0.557962809439203, 0.2559118799046949, 0.5439328246604784, 0.5721220982126358], [0.3131572184864705, 0.808213292552081, -0.4221032824584409, -0.2656174866038579], [0.17917283984896876, 0.002660771713795638, 0.6191397768567356, -0.7645625876722816], [0.747333361528164, -0.5303709114946391, -0.37766630496838755, -0.1325432196639473]], "orbital_energies": [-1.1242230744691175, -0.3033087945921408, 0.8485393403282742, 1.3244041440715713], "exact_energy": -1.4185756515883252, "ground_states": [["0j"], ["0j"], ["0j"], ["0j"], ["0j"], ["0j"], ["0j"], ["0j"], ["0j"], ["0j"], ["0j"], ["0j"], ["0j"], ["0j"], ["0j"], ["(0.0009151747230240457+0.004132239279067672j)"], ["0j"], ["0j"], ["0j"], ["0j"], ["0j"], ["0j"], ["0j"], ["0j"], ["0j"], ["0j"], ["0j"], ["(4.081123970060587e-05+0.00018427279892640534j)"], ["0j"], ["0j"], ["(0.00021724415316906238+0.0009809108581000632j)"], ["0j"], ["0j"], ["0j"], ["0j"], ["0j"], ["0j"], ["0j"], ["0j"], ["(-4.081123970061971e-05-0.00018427279892640908j)"], ["0j"], ["0j"], ["0j"], ["0j"], ["0j"], ["(-0.0002172441531690651-0.000980910858100048j)"], ["0j"], ["0j"], ["0j"], ["0j"], ["0j"], ["(-0.00554779378961925-0.025049655364039098j)"], ["0j"], ["0j"], ["(0.0003729520302646945+0.001683970273540124j)"], ["0j"], ["0j"], ["(-0.0003729520302646917-0.001683970273540109j)"], ["0j"], ["0j"], ["(-0.010240984112450759-0.04624056558942464j)"], ["0j"], ["0j"], ["0j"], ["0j"], ["0j"], ["0j"], ["0j"], ["0j"], ["0j"], ["0j"], ["0j"], ["0j"], ["0j"], ["0j"], ["(-0.00018205516697609422-0.0008220239185037772j)"], ["0j"], ["0j"], ["(-0.00014368829571201919-0.0006487880451085469j)"], ["0j"], ["0j"], ["0j"], ["0j"], ["0j"], ["0j"], ["0j"], ["0j"], ["0j"], ["0j"], ["0j"], ["(-0.00019982196034880258-0.000902245366486101j)"], ["0j"], ["0j"], ["0j"], ["0j"], ["0j"], ["0j"], ["0j"], ["0j"], ["(-0.002047635782216326-0.009245579882866112j)"], ["0j"], ["0j"], ["(0.0018974138208488708+0.00856729072810241j)"], ["0j"], ["0j"], ["(-0.0016975918605000773-0.007665045361616327j)"], ["0j"], ["0j"], ["(0.00604371932601802+0.0272888813057567j)"], ["0j"], ["0j"], ["0j"], ["0j"], ["0j"], ["(-0.00033490899402930545-0.0015121965950589226j)"], ["0j"], ["0j"], ["0j"], ["0j"], ["0j"], ["(0.0002989280159610969+0.0013497336170807744j)"], ["0j"], ["0j"], ["0j"], ["0j"], ["0j"], ["0j"], ["0j"], ["0j"], ["0j"], ["0j"], ["0j"], ["0j"], ["0j"], ["0j"], ["(0.00018205516697609685+0.000822023918503778j)"], ["0j"], ["0j"], ["0j"], ["0j"], ["0j"], ["(0.00014368829571204415+0.0006487880451085521j)"], ["0j"], ["0j"], ["0j"], ["0j"], ["0j"], ["(0.002047635782216317+0.009245579882866124j)"], ["0j"], ["0j"], ["(-0.0016975918605000883-0.007665045361616328j)"], ["0j"], ["0j"], ["(0.0018974138208488818+0.008567290728102438j)"], ["0j"], ["0j"], ["(-0.006043719326018031-0.02728888130575673j)"], ["0j"], ["0j"], ["0j"], ["0j"], ["0j"], ["0j"], ["0j"], ["0j"], ["(-0.00019982196034878973-0.0009022453664860839j)"], ["0j"], ["0j"], ["0j"], ["0j"], ["0j"], ["0j"], ["0j"], ["0j"], ["0j"], ["0j"], ["0j"], ["(0.00033490899402930345+0.0015121965950589j)"], ["0j"], ["0j"], ["(-0.0002989280159610798-0.0013497336170807627j)"], ["0j"], ["0j"], ["0j"], ["0j"], ["0j"], ["0j"], ["0j"], ["0j"], ["0j"], ["0j"], ["0j"], ["0j"], ["0j"], ["0j"], ["(-0.012743627832769657-0.05754061837982723j)"], ["0j"], ["0j"], ["(-0.00171929207246203-0.00776302716331753j)"], ["0j"], ["0j"], ["(0.0017192920724620109+0.007763027163317518j)"], ["0j"], ["0j"], ["(-0.005444294864533982-0.024582332225823973j)"], ["0j"], ["0j"], ["0j"], ["0j"], ["0j"], ["(-0.001174326170718642-0.005302371893583323j)"], ["0j"], ["0j"], ["0j"], ["0j"], ["0j"], ["(-8.967418467723471e-05-0.00040490103028293826j)"], ["0j"], ["0j"], ["0j"], ["0j"], ["0j"], ["0j"], ["0j"], ["0j"], ["(0.0011743261707186127+0.005302371893583389j)"], ["0j"], ["0j"], ["(8.967418467718271e-05+0.0004049010302829209j)"], ["0j"], ["0j"], ["0j"], ["0j"], ["0j"], ["0j"], ["0j"], ["0j"], ["0j"], ["0j"], ["0j"], ["(0.21522965687576748+0.9718149111718125j)"], ["0j"], ["0j"], ["0j"], ["0j"], ["0j"], ["0j"], ["0j"], ["0j"], ["0j"], ["0j"], ["0j"], ["0j"], ["0j"], ["0j"], ["0j"]]}