{"geometry": [["H", [0.0, 0.0, 0.0]], ["H", [0.6271, 0.0, 0.0]], ["H", [-0.6142, -0.7744, 0.0]], ["H", [0.6178, -0.9272, 0.316]]], "multiplicity": 3, "canonical_orbitals": [[0.4765456305200809, 0.09909347370289934, 0.5136351945211476, 1.5098149628899553], [0.4483142197370121, 0.5215938514153682, 0.14396678230491, -1.4522433069629108], [0.1180954750312652, -1.0112483067799236, 0.14404472980812988, -0.645771893618109], [0.14795265161200633, -0.04434296090099937, -1.1150881954193115, 0.4253066957417744]], "canonical_to_oao": [[0.6417552361775137, 0.6258243329158338, 0.28664340087135237, 0.3381267246256972], [0.03159197957332646, 0.41451210767734975, -0.9076630329436566, -0.057701629466083926], [0.3704303795709208, 0.07007251270588008, 0.10340669286284608, -0.9204228553904982], [0.6707708234235648, -0.6569729521695831, -0.2886008233453193, 0.18751695210209485]], "orbital_energies": [-0.769137421703479, -0.03564995438332506, 0.06790752199621515, 1.0545679344837882], "exact_energy": -1.8538036644906724, "ground_states": [["0j", "0j", "0j"], ["0j", "0j", "0j"], ["0j", "0j", "0j"], ["0j", "0j", "0j"], ["0j", "0j", "0j"], ["0j", "0j", "0j"], ["0j", "0j", "0j"], ["0j", "0j", "0j"], ["0j", "0j", "0j"], ["0j", "0j", "0j"], ["0j", "0j", "0j"], ["0j", "0j", "0j"], ["0j", "0j", "0j"], ["0j", "0j", "0j"], ["0j", "0j", "0j"], ["0j", "0j", "0j"], ["0j", "0j", "0j"], ["0j", "0j", "0j"], ["0j", "0j", "0j"], ["0j", "0j", "0j"], ["0j", "0j", "0j"], ["0j", "0j", "0j"], ["0j", "0j", "0j"], ["(0.05238643684974078+0j)", "(-0.004257379161597909+0j)", "(0.0005147439746732685+0j)"], ["0j", "0j", "0j"], ["0j", "0j", "0j"], ["0j", "0j", "0j"], ["(0.003012851308910859+0j)", "(0.0370436142102535+0j)", "(-0.000240573234481137+0j)"], ["0j", "0j", "0j"], ["(-0.016856868128058512+0j)", "(0.001369936254760874+0j)", "(-0.0001656339278364836+0j)"], ["(-0.0009694730212216359+0j)", "(-0.011919866234077982+0j)", "(7.741147389769655e-05+0j)"], ["0j", "0j", "0j"], ["0j", "0j", "0j"], ["0j", "0j", "0j"], ["0j", "0j", "0j"], ["0j", "0j", "0j"], ["0j", "0j", "0j"], ["0j", "0j", "0j"], ["0j", "0j", "0j"], ["(0.0030128513089102303+0j)", "(0.037043614210243464+0j)", "(-0.00024057323448101317+0j)"], ["0j", "0j", "0j"], ["0j", "0j", "0j"], ["0j", "0j", "0j"], ["(-0.00048548189035501417+0j)", "(0.00038081446387598986+0j)", "(0.05255804688318606+0j)"], ["0j", "0j", "0j"], ["(-0.0009694730212215762+0j)", "(-0.011919866234075815+0j)", "(7.741147389768163e-05+0j)"], ["(0.00015621799642046713+0j)", "(-0.00012253819089136364+0j)", "(-0.01691208867515415+0j)"], ["0j", "0j", "0j"], ["0j", "0j", "0j"], ["0j", "0j", "0j"], ["0j", "0j", "0j"], ["0j", "0j", "0j"], ["0j", "0j", "0j"], ["(-0.021483466436488+0j)", "(0.0017459340208217445+0j)", "(-0.0002110944276474392+0j)"], ["(-0.0012355581685915833+0j)", "(-0.015191436761668464+0j)", "(9.865811304009207e-05+0j)"], ["0j", "0j", "0j"], ["0j", "0j", "0j"], ["(-0.0012355581685917312+0j)", "(-0.01519143676167264+0j)", "(9.86581130402201e-05+0j)"], ["(0.00019909416490538143+0j)", "(-0.0001561704755121027+0j)", "(-0.02155384301896617+0j)"], ["0j", "0j", "0j"], ["0j", "0j", "0j"], ["0j", "0j", "0j"], ["0j", "0j", "0j"], ["0j", "0j", "0j"], ["0j", "0j", "0j"], ["0j", "0j", "0j"], ["0j", "0j", "0j"], ["0j", "0j", "0j"], ["0j", "0j", "0j"], ["0j", "0j", "0j"], ["0j", "0j", "0j"], ["(-0.02073294990720224+0j)", "(0.0016849404960782876+0j)", "(-0.00020371992606675696+0j)"], ["0j", "0j", "0j"], ["0j", "0j", "0j"], ["0j", "0j", "0j"], ["(-0.0011923944253865231+0j)", "(-0.014660729837492184+0j)", "(9.521153030161822e-05+0j)"], ["0j", "0j", "0j"], ["(0.004255600203946915+0j)", "(-0.00034584722149249696+0j)", "(4.181510893490601e-05+0j)"], ["(0.0002447482863059371+0j)", "(0.0030092295194693664+0j)", "(-1.9542911625184958e-05+0j)"], ["0j", "0j", "0j"], ["0j", "0j", "0j"], ["0j", "0j", "0j"], ["0j", "0j", "0j"], ["(0.02428001984609292+0j)", "(-0.001973206363174347+0j)", "(0.00023857308632330688+0j)"], ["0j", "0j", "0j"], ["0j", "0j", "0j"], ["(0.00672912406469+0j)", "(-0.0005468673628441224+0j)", "(6.611971104393533e-05+0j)"], ["0j", "0j", "0j"], ["0j", "0j", "0j"], ["(0.05170556400739926+0j)", "(-0.004202045490804523+0j)", "(0.0005080537851091408+0j)"], ["(0.003360698627944068+0j)", "(0.04132046712105429+0j)", "(-0.000268348503176794+0j)"], ["0j", "0j", "0j"], ["(-0.0011386903829616296+0j)", "(9.253992062559158e-05+0j)", "(-1.118865967779114e-05+0j)"], ["0j", "0j", "0j"], ["0j", "0j", "0j"], ["0j", "0j", "0j"], ["0j", "0j", "0j"], ["0j", "0j", "0j"], ["0j", "0j", "0j"], ["(0.0013963936845616165+0j)", "(0.01716894185369954+0j)", "(-0.00011150067190851183+0j)"], ["0j", "0j", "0j"], ["(-0.06629393301141893+0j)", "(0.005387623704065297+0j)", "(-0.0006513976637291631+0j)"], ["(-0.003425694194756498+0j)", "(-0.04211960071761321+0j)", "(0.00027353833570817944+0j)"], ["0j", "0j", "0j"], ["0j", "0j", "0j"], ["(-0.0008390069890554953+0j)", "(-0.010315760067670751+0j)", "(6.69938886505224e-05+0j)"], ["(7.283414027291244e-05+0j)", "(-5.713147005255378e-05+0j)", "(-0.007884990635505941+0j)"], ["0j", "0j", "0j"], ["(-6.548841679366896e-05+0j)", "(-0.0008051932864273797+0j)", "(5.2291861209180316e-06+0j)"], ["0j", "0j", "0j"], ["0j", "0j", "0j"], ["0j", "0j", "0j"], ["0j", "0j", "0j"], ["(-0.003898272728484651+0j)", "(0.00031680767157497895+0j)", "(-3.830404431542974e-05+0j)"], ["(-0.00022419765112488698+0j)", "(-0.002756555317066898+0j)", "(1.7901963477055533e-05+0j)"], ["0j", "0j", "0j"], ["(-0.01224276942890925+0j)", "(0.0009949543160644291+0j)", "(-0.00012029624795669931+0j)"], ["0j", "0j", "0j"], ["0j", "0j", "0j"], ["0j", "0j", "0j"], ["(-0.0007041067519896234+0j)", "(-0.008657134458110956+0j)", "(5.622223647251152e-05+0j)"], ["0j", "0j", "0j"], ["0j", "0j", "0j"], ["0j", "0j", "0j"], ["0j", "0j", "0j"], ["0j", "0j", "0j"], ["0j", "0j", "0j"], ["0j", "0j", "0j"], ["0j", "0j", "0j"], ["0j", "0j", "0j"], ["0j", "0j", "0j"], ["0j", "0j", "0j"], ["0j", "0j", "0j"], ["0j", "0j", "0j"], ["0j", "0j", "0j"], ["(-0.0011923944253864386+0j)", "(-0.014660729837488902+0j)", "(9.521153030157955e-05+0j)"], ["0j", "0j", "0j"], ["0j", "0j", "0j"], ["0j", "0j", "0j"], ["(0.0001921388878280581+0j)", "(-0.0001507147207992974+0j)", "(-0.02080086791119255+0j)"], ["0j", "0j", "0j"], ["(0.00024474828630624226+0j)", "(0.003009229519469326+0j)", "(-1.9542911625255577e-05+0j)"], ["(-3.943801021499157e-05+0j)", "(3.0935375787911274e-05+0j)", "(0.004269540905724614+0j)"], ["0j", "0j", "0j"], ["0j", "0j", "0j"], ["0j", "0j", "0j"], ["0j", "0j", "0j"], ["(0.001396393684562002+0j)", "(0.017168941853704853+0j)", "(-0.00011150067190853344+0j)"], ["0j", "0j", "0j"], ["(0.00785924493932966+0j)", "(-0.0006387108504166486+0j)", "(7.722416757613909e-05+0j)"], ["(0.0008390069890546902+0j)", "(0.010315760067653052+0j)", "(-6.699388865021988e-05+0j)"], ["0j", "0j", "0j"], ["0j", "0j", "0j"], ["(0.003425694194757486+0j)", "(0.04211960071762241+0j)", "(-0.0002735383357081479+0j)"], ["(-0.0006143671120401361+0j)", "(0.0004819126872550031+0j)", "(0.06651110189606634+0j)"], ["0j", "0j", "0j"], ["(-6.548841679389815e-05+0j)", "(-0.0008051932864304942+0j)", "(5.229186120943087e-06+0j)"], ["0j", "0j", "0j"], ["0j", "0j", "0j"], ["0j", "0j", "0j"], ["0j", "0j", "0j"], ["0j", "0j", "0j"], ["0j", "0j", "0j"], ["(-0.00022501072112515765+0j)", "(0.00017649955401831573+0j)", "(0.024359557514016215+0j)"], ["0j", "0j", "0j"], ["(-0.0033606986279431797+0j)", "(-0.04132046712104579+0j)", "(0.000268348503176875+0j)"], ["(0.00047917202363241356+0j)", "(-0.00037586497232784807+0j)", "(-0.051874943604528115+0j)"], ["0j", "0j", "0j"], ["0j", "0j", "0j"], ["(6.236094813490172e-05+0j)", "(-4.891624487460274e-05+0j)", "(-0.006751167656032325+0j)"], ["0j", "0j", "0j"], ["0j", "0j", "0j"], ["(1.055260851649105e-05+0j)", "(-8.27751978917665e-06+0j)", "(-0.001142420560206844+0j)"], ["0j", "0j", "0j"], ["0j", "0j", "0j"], ["0j", "0j", "0j"], ["0j", "0j", "0j"], ["(-0.00022419765112458484+0j)", "(-0.002756555317065968+0j)", "(1.7901963477158756e-05+0j)"], 