{"geometry": [["H", [0.0, 0.0, 0.0]], ["H", [1.3125, 0.0, 0.0]], ["H", [0.296, 0.3944, 0.0]], ["H", [-0.6701, 0.0872, -0.7932]]], "multiplicity": 1, "canonical_orbitals": [[0.459147044577367, 0.22937540267636597, 0.4194249633108172, 1.7411013502294348], [0.13498506873234867, -0.7084372396539119, -0.8039349771804005, 0.2971689224494631], [0.4489067530011598, -0.2500603717565085, 0.46971464938272856, -1.704543704092064], [0.14886863097545538, 0.7006179199413118, -0.8090553439216708, -0.36257694166926924]], "canonical_to_oao": [[0.6438769801899091, 0.28740685851408193, 0.6382030865952657, 0.30905752267315106], [0.1525318439517618, -0.6956586991173062, -0.17038894146664188, 0.6809997206673218], [0.281866595014165, -0.6418096990661047, 0.3146067262406612, -0.6400422959492049], [0.694771684495935, 0.14675347425583818, -0.6816795703923407, -0.17626312015346607]], "orbital_energies": [-0.834097287176792, -0.2333951905371524, 0.27107865842264317, 1.0381759091180207], "exact_energy": -1.874636575536563, "ground_states": [["0j"], ["0j"], ["0j"], ["0j"], ["0j"], ["0j"], ["0j"], ["0j"], ["0j"], ["0j"], ["0j"], ["0j"], ["0j"], ["0j"], ["0j"], ["(0.010860959553990296+0.018217800145810165j)"], ["0j"], ["0j"], ["0j"], ["0j"], ["0j"], ["0j"], ["0j"], ["0j"], ["0j"], ["0j"], ["0j"], ["(-0.00012267747708412575-0.00020577498229330362j)"], ["0j"], ["0j"], ["(-0.0016128477667034537-0.0027053353926379613j)"], ["0j"], ["0j"], ["0j"], ["0j"], ["0j"], ["0j"], ["0j"], ["0j"], ["(0.0001226774770840909+0.00020577498229330736j)"], ["0j"], ["0j"], ["0j"], ["0j"], ["0j"], ["(0.0016128477667034546+0.0027053353926379696j)"], ["0j"], ["0j"], ["0j"], ["0j"], ["0j"], ["(-0.025650073854913642-0.043024552010453646j)"], ["0j"], ["0j"], ["(-0.0003970799735958169-0.000666048295724855j)"], ["0j"], ["0j"], ["(0.0003970799735958128+0.0006660482957248925j)"], ["0j"], ["0j"], ["(-0.010971986077098208-0.018404032218474815j)"], ["0j"], ["0j"], ["0j"], ["0j"], ["0j"], ["0j"], ["0j"], ["0j"], ["0j"], ["0j"], ["0j"], ["0j"], ["0j"], ["0j"], ["(0.004875905871635321+0.00817867687082954j)"], ["0j"], ["0j"], ["(8.306244838894242e-05+0.00013932609516212203j)"], ["0j"], ["0j"], ["0j"], ["0j"], ["0j"], ["0j"], ["0j"], ["0j"], ["0j"], ["0j"], ["0j"], ["(0.011020442719947114+0.01848531172520429j)"], ["0j"], ["0j"], ["0j"], ["0j"], ["0j"], ["0j"], ["0j"], ["0j"], ["(8.012815910324425e-05+0.00013440421919796997j)"], ["0j"], ["0j"], ["(0.0068504336355538825+0.011490681855896053j)"], ["0j"], ["0j"], ["(-0.017870876355501025-0.029975993581100334j)"], ["0j"], ["0j"], ["(-0.0003462424521522685-0.000580775185097649j)"], ["0j"], ["0j"], ["0j"], ["0j"], ["0j"], ["(-3.3593245938360804e-05-5.634815576945107e-05j)"], ["0j"], ["0j"], ["0j"], ["0j"], ["0j"], ["(-0.02313838803132431-0.03881153656409686j)"], ["0j"], ["0j"], ["0j"], ["0j"], ["0j"], ["0j"], ["0j"], ["0j"], ["0j"], ["0j"], ["0j"], ["0j"], ["0j"], ["0j"], ["(-0.004875905871635335-0.0081786768708295j)"], ["0j"], ["0j"], ["0j"], ["0j"], ["0j"], ["(-8.306244838891612e-05-0.00013932609516214387j)"], ["0j"], ["0j"], ["0j"], ["0j"], ["0j"], ["(-8.012815910325042e-05-0.0001344042191979405j)"], ["0j"], ["0j"], ["(-0.017870876355500987-0.029975993581100376j)"], ["0j"], ["0j"], ["(0.006850433635553873+0.011490681855896065j)"], ["0j"], ["0j"], ["(0.00034624245215225257+0.0005807751850974695j)"], ["0j"], ["0j"], ["0j"], ["0j"], ["0j"], ["0j"], ["0j"], ["0j"], ["(0.011020442719947126+0.018485311725204272j)"], ["0j"], ["0j"], ["0j"], ["0j"], ["0j"], ["0j"], ["0j"], ["0j"], ["0j"], ["0j"], ["0j"], ["(3.359324593834611e-05+5.6348155769467186e-05j)"], ["0j"], ["0j"], ["(0.023138388031324342+0.03881153656409697j)"], ["0j"], ["0j"], ["0j"], ["0j"], ["0j"], ["0j"], ["0j"], ["0j"], ["0j"], ["0j"], ["0j"], ["0j"], ["0j"], ["0j"], ["(0.0005389986126087578+0.000904097741508201j)"], ["0j"], ["0j"], ["(0.0013400825240359304+0.002247808352514235j)"], ["0j"], ["0j"], ["(-0.0013400825240358918-0.002247808352514281j)"], ["0j"], ["0j"], ["(-0.19979628692501736-0.3351314225028712j)"], ["0j"], ["0j"], ["0j"], ["0j"], ["0j"], ["(0.009603583623394075+0.016108720989600648j)"], ["0j"], ["0j"], ["0j"], ["0j"], ["0j"], ["(0.0018267732140591244+0.0030641665830730257j)"], ["0j"], ["0j"], ["0j"], ["0j"], ["0j"], ["0j"], ["0j"], ["0j"], ["(-0.009603583623394061-0.01610872098960075j)"], ["0j"], ["0j"], ["(-0.0018267732140590783-0.003064166583073086j)"], ["0j"], ["0j"], ["0j"], ["0j"], ["0j"], ["0j"], ["0j"], ["0j"], ["0j"], ["0j"], ["0j"], ["(0.46809509699177304+0.785166622142216j)"], ["0j"], ["0j"], ["0j"], ["0j"], ["0j"], ["0j"], ["0j"], ["0j"], ["0j"], ["0j"], ["0j"], ["0j"], ["0j"], ["0j"], ["0j"]], "hf_energy": -1.76675626821607}