{"geometry": [["H", [0.0, 0.0, 0.0]], ["H", [0.5535, 0.0, 0.0]], ["H", [0.5157, -0.6805, 0.0]], ["H", [0.1472, 0.4794, -0.2348]]], "multiplicity": 1, "canonical_orbitals": [[0.3952563012154814, 0.24000330911456086, 1.627682152045716, 0.9588483120384574], [0.38552514102397556, -0.327165665209078, -1.4335421916771374, 1.2491936866933517], [0.10169782762451143, -0.8665948535664478, 0.3197351025966556, -1.1703486865242927], [0.23450331505894684, 0.7929384336754242, -0.48659004451333854, -1.4745981844642762]], "canonical_to_oao": [[0.5737153347148393, 0.5617072135174705, 0.3432038548582324, 0.48738776657393384], [0.16783256349399064, -0.21871206396754883, -0.7594399527077137, 0.5892777120657078], [0.7164505957803178, -0.6386806213181893, 0.16750197058416358, -0.2252303212470722], [0.35969638467755133, 0.4782646791370928, -0.526692663791871, -0.6037186807177787]], "orbital_energies": [-1.0748658069273813, -0.2704318377156294, 0.7438476291183524, 1.078294498404226], "exact_energy": -1.516084432517612, "ground_states": [["0j"], ["0j"], ["0j"], ["0j"], ["0j"], ["0j"], ["0j"], ["0j"], ["0j"], ["0j"], ["0j"], ["0j"], ["0j"], ["0j"], ["0j"], ["(0.00032439704194159416-0.005962380909161356j)"], ["0j"], ["0j"], ["0j"], ["0j"], ["0j"], ["0j"], ["0j"], ["0j"], ["0j"], ["0j"], ["0j"], ["(6.108494291276603e-05-0.0011227343359251048j)"], ["0j"], ["0j"], ["(-3.5708811118894054e-05+0.0006563239061302109j)"], ["0j"], ["0j"], ["0j"], ["0j"], ["0j"], ["0j"], ["0j"], ["0j"], ["(-6.108494291277871e-05+0.0011227343359250881j)"], ["0j"], ["0j"], ["0j"], ["0j"], ["0j"], ["(3.570881111889898e-05-0.0006563239061302145j)"], ["0j"], ["0j"], ["0j"], ["0j"], ["0j"], ["(-0.0013886676849195771+0.025523554851726447j)"], ["0j"], ["0j"], ["(7.188075939941614e-05-0.0013211602208637806j)"], ["0j"], ["0j"], ["(-7.188075939941615e-05+0.0013211602208637885j)"], ["0j"], ["0j"], ["(-0.002901454659636553+0.053328408199633054j)"], ["0j"], ["0j"], ["0j"], ["0j"], ["0j"], ["0j"], ["0j"], ["0j"], ["0j"], ["0j"], ["0j"], ["0j"], ["0j"], ["0j"], ["(4.892350471047345e-05-0.000899208478441044j)"], ["0j"], ["0j"], ["(0.00016976098403889673-0.0031201876697021604j)"], ["0j"], ["0j"], ["0j"], ["0j"], ["0j"], ["0j"], ["0j"], ["0j"], ["0j"], ["0j"], ["0j"], ["(-4.1996386770746895e-05+0.0007718888348578532j)"], ["0j"], ["0j"], ["0j"], ["0j"], ["0j"], ["0j"], ["0j"], ["0j"], ["(-0.00022403700336895923+0.004117774760946536j)"], ["0j"], ["0j"], ["(0.0011251922926551236-0.02068090696730338j)"], ["0j"], ["0j"], ["(-0.0010831959058843503+0.019909018132445496j)"], ["0j"], ["0j"], ["(-0.00011011367022483694+0.0020238767938718554j)"], ["0j"], ["0j"], ["0j"], ["0j"], ["0j"], ["(-0.00034425298667781863+0.0063273309257221655j)"], ["0j"], ["0j"], ["0j"], ["0j"], ["0j"], ["(-3.0769637144222876e-05+0.0005655424475906055j)"], ["0j"], ["0j"], ["0j"], ["0j"], ["0j"], ["0j"], ["0j"], ["0j"], ["0j"], ["0j"], ["0j"], ["0j"], ["0j"], ["0j"], ["(-4.892350471049279e-05+0.0008992084784410479j)"], ["0j"], ["0j"], ["0j"], ["0j"], ["0j"], ["(-0.00016976098403891015+0.003120187669702161j)"], ["0j"], ["0j"], ["0j"], ["0j"], ["0j"], ["(0.0002240370033689434-0.00411777476094652j)"], ["0j"], ["0j"], ["(-0.0010831959058843525+0.01990901813244547j)"], ["0j"], ["0j"], ["(0.0011251922926550824-0.020680906967303354j)"], ["0j"], ["0j"], ["(0.00011011367022485017-0.0020238767938718792j)"], ["0j"], ["0j"], ["0j"], ["0j"], ["0j"], ["0j"], ["0j"], ["0j"], ["(-4.199638677073659e-05+0.0007718888348578508j)"], ["0j"], ["0j"], ["0j"], ["0j"], ["0j"], ["0j"], ["0j"], ["0j"], ["0j"], ["0j"], ["0j"], ["(0.0003442529866779163-0.006327330925722199j)"], ["0j"], ["0j"], ["(3.0769637144352573e-05-0.0005655424475906818j)"], ["0j"], ["0j"], ["0j"], ["0j"], ["0j"], ["0j"], ["0j"], ["0j"], ["0j"], ["0j"], ["0j"], ["0j"], ["0j"], ["0j"], ["(-0.004595409903197841+0.08446311382066136j)"], ["0j"], ["0j"], ["(-0.0002201873287546178+0.004047018177319267j)"], ["0j"], ["0j"], ["(0.00022018732875465162-0.0040470181773193115j)"], ["0j"], ["0j"], ["(-0.0009697142181337169+0.01782323755770958j)"], ["0j"], ["0j"], ["0j"], ["0j"], ["0j"], ["(0.0002308602393668875-0.004243185066199577j)"], ["0j"], ["0j"], ["0j"], ["0j"], ["0j"], ["(-0.00038120170769803685+0.007006444235485142j)"], ["0j"], ["0j"], ["0j"], ["0j"], ["0j"], ["0j"], ["0j"], ["0j"], ["(-0.00023086023936693778+0.004243185066199651j)"], ["0j"], ["0j"], ["(0.0003812017076983797-0.007006444235485049j)"], ["0j"], ["0j"], ["0j"], ["0j"], ["0j"], ["0j"], ["0j"], ["0j"], ["0j"], ["0j"], ["0j"], ["(0.05397299850291147-0.9920176027434489j)"], ["0j"], ["0j"], ["0j"], ["0j"], ["0j"], ["0j"], ["0j"], ["0j"], ["0j"], ["0j"], ["0j"], ["0j"], ["0j"], ["0j"], ["0j"]]}