{"geometry": [["H", [0.0, 0.0, 0.0]], ["H", [1.0902, 0.0, 0.0]], ["H", [0.4658, -0.874, 0.0]], ["H", [0.7303, -0.0331, -0.4693]]], "multiplicity": 1, "canonical_orbitals": [[0.2542089226725641, 0.6522454669380886, 0.9682377532887405, 0.4740474763952849], [0.32527838625301986, -0.6583738010541803, -0.24107348592438327, 1.336380437294327], [0.22009893615114684, 0.6935101467449489, -0.9776958749172784, -0.08400974519783008], [0.4135682158884372, -0.4518509664985596, 0.18164257763817754, -1.5650767984500982]], "canonical_to_oao": [[0.44670721232308574, 0.5316879866956776, 0.40762922537683616, 0.5929578112148582], [0.5304083817031439, -0.5218500022746871, 0.5804886961928057, -0.33071497900357855], [0.6817785677725985, -0.1634222370168111, -0.7034860163743029, 0.11652717168187618], [0.23301845335409574, 0.6467407768015142, -0.04448272672475519, -0.7248793382638054]], "orbital_energies": [-0.841208874010815, -0.20176776232999635, 0.3756602801680334, 0.8745839837403724], "exact_energy": -1.7499527039632232, "ground_states": [["0j"], ["0j"], ["0j"], ["0j"], ["0j"], ["0j"], ["0j"], ["0j"], ["0j"], ["0j"], ["0j"], ["0j"], ["0j"], ["0j"], ["0j"], ["(-0.002973692684837268+0.02574103702246956j)"], ["0j"], ["0j"], ["0j"], ["0j"], ["0j"], ["0j"], ["0j"], ["0j"], ["0j"], ["0j"], ["0j"], ["(2.6602068921885083e-05-0.00023027424605238627j)"], ["0j"], ["0j"], ["(-0.00041147811078520426+0.003561858741377419j)"], ["0j"], ["0j"], ["0j"], ["0j"], ["0j"], ["0j"], ["0j"], ["0j"], ["(-2.6602068921837757e-05+0.00023027424605236485j)"], ["0j"], ["0j"], ["0j"], ["0j"], ["0j"], ["(0.00041147811078521933-0.003561858741377418j)"], ["0j"], ["0j"], ["0j"], ["0j"], ["0j"], ["(0.005469320822530457-0.04734382624619603j)"], ["0j"], ["0j"], ["(0.0003758984322604908-0.0032538720328575974j)"], ["0j"], ["0j"], ["(-0.00037589843226046174+0.0032538720328576603j)"], ["0j"], ["0j"], ["(0.0051155812242903356-0.0442817666927524j)"], ["0j"], ["0j"], ["0j"], ["0j"], ["0j"], ["0j"], ["0j"], ["0j"], ["0j"], ["0j"], ["0j"], ["0j"], ["0j"], ["0j"], ["(6.182134329132212e-05-0.000535141204924998j)"], ["0j"], ["0j"], ["(-0.00024091877830295088+0.0020854539621143644j)"], ["0j"], ["0j"], ["0j"], ["0j"], ["0j"], ["0j"], ["0j"], ["0j"], ["0j"], ["0j"], ["0j"], ["(-0.001109539167305495+0.009604452043454718j)"], ["0j"], ["0j"], ["0j"], ["0j"], ["0j"], ["0j"], ["0j"], ["0j"], ["(-0.004626067390431233+0.04004441096846099j)"], ["0j"], ["0j"], ["(-0.0024928058401849596+0.021578358701696745j)"], ["0j"], ["0j"], ["(0.003602345007490591-0.031182810745151383j)"], ["0j"], ["0j"], ["(0.01079700731533126-0.09346162986274674j)"], ["0j"], ["0j"], ["0j"], ["0j"], ["0j"], ["(6.133657977316364e-05-0.0005309449691371141j)"], ["0j"], ["0j"], ["0j"], ["0j"], ["0j"], ["(0.0001357520298735866-0.001175103952291668j)"], ["0j"], ["0j"], ["0j"], ["0j"], ["0j"], ["0j"], ["0j"], ["0j"], ["0j"], ["0j"], ["0j"], ["0j"], ["0j"], ["0j"], ["(-6.182134329129558e-05+0.0005351412049249568j)"], ["0j"], ["0j"], ["0j"], ["0j"], ["0j"], ["(0.00024091877830288442-0.0020854539621143597j)"], ["0j"], ["0j"], ["0j"], ["0j"], ["0j"], ["(0.0046260673904312466-0.0400444109684609j)"], ["0j"], ["0j"], ["(0.0036023450074904543-0.031182810745151494j)"], ["0j"], ["0j"], ["(-0.00249280584018501+0.021578358701696894j)"], ["0j"], ["0j"], ["(-0.010797007315331284+0.0934616298627467j)"], ["0j"], ["0j"], ["0j"], ["0j"], ["0j"], ["0j"], ["0j"], ["0j"], ["(-0.001109539167305528+0.009604452043454555j)"], ["0j"], ["0j"], ["0j"], ["0j"], ["0j"], ["0j"], ["0j"], ["0j"], ["0j"], ["0j"], ["0j"], ["(-6.133657977319198e-05+0.0005309449691371264j)"], ["0j"], ["0j"], ["(-0.00013575202987360389+0.0011751039522918817j)"], ["0j"], ["0j"], ["0j"], ["0j"], ["0j"], ["0j"], ["0j"], ["0j"], ["0j"], ["0j"], ["0j"], ["0j"], ["0j"], ["0j"], ["(0.0059584357967013436-0.05157772934000746j)"], ["0j"], ["0j"], ["(-0.0002783235639417022+0.0024092392600541176j)"], ["0j"], ["0j"], ["(0.0002783235639415831-0.0024092392600545544j)"], ["0j"], ["0j"], ["(0.03165524206504448-0.274015792588915j)"], ["0j"], ["0j"], ["0j"], ["0j"], ["0j"], ["(0.0015144467651075028-0.013109434760344752j)"], ["0j"], ["0j"], ["0j"], ["0j"], ["0j"], ["(-6.834956782147405e-05+0.0005916511698509344j)"], ["0j"], ["0j"], ["0j"], ["0j"], ["0j"], ["0j"], ["0j"], ["0j"], ["(-0.001514446765107561+0.013109434760344305j)"], ["0j"], ["0j"], ["(6.834956782056213e-05-0.0005916511698506341j)"], ["0j"], ["0j"], ["0j"], ["0j"], ["0j"], ["0j"], ["0j"], ["0j"], ["0j"], ["0j"], ["0j"], ["(-0.10837471698440294+0.9381189981128965j)"], ["0j"], ["0j"], ["0j"], ["0j"], ["0j"], ["0j"], ["0j"], ["0j"], ["0j"], ["0j"], ["0j"], ["0j"], ["0j"], ["0j"], ["0j"]]}