{"geometry": [["H", [0.0, 0.0, 0.0]], ["H", [1.0768, 0.0, 0.0]], ["H", [0.9329, 0.7342, 0.0]], ["H", [0.7657, 0.2349, -0.9737]]], "multiplicity": 3, "canonical_orbitals": [[0.14060791042217513, 0.9761542284675208, 0.5678276321196963, 0.15305606027034624], [0.46883707411963765, -0.3684998288345442, 0.18935632517357529, -1.266468579168093], [0.4521640715514234, -0.5401351897510438, 0.19926941776464543, 1.142429023121628], [0.15503354201693964, 0.3800050814731668, -1.0921493915893046, 0.07049764191580417]], "canonical_to_oao": [[0.3238662898977141, 0.6284016876483476, 0.6156966457117321, 0.3480511251065269], [0.8287832835584855, -0.23447885347556124, -0.38442567063304883, 0.3321969896388764], [0.44755797474119297, 0.1248619191802227, 0.1321041981888711, -0.8755854277025562], [0.08899862025596876, -0.7311227580729012, 0.675042980141655, 0.043078221665715774]], "orbital_energies": [-0.7487028117856402, 0.061197981935863045, 0.10960754511053321, 0.598210705421528], "exact_energy": -1.8044655271654877, "ground_states": [["0j", "0j", "0j"], ["0j", "0j", "0j"], ["0j", "0j", "0j"], ["0j", "0j", "0j"], ["0j", "0j", "0j"], ["0j", "0j", "0j"], ["0j", "0j", "0j"], ["0j", "0j", "0j"], ["0j", "0j", "0j"], ["0j", "0j", "0j"], ["0j", "0j", "0j"], ["0j", "0j", "0j"], ["0j", "0j", "0j"], ["0j", "0j", "0j"], ["0j", "0j", "0j"], ["0j", "0j", "0j"], ["0j", "0j", "0j"], ["0j", "0j", "0j"], ["0j", "0j", "0j"], ["0j", "0j", "0j"], ["0j", "0j", "0j"], ["0j", "0j", "0j"], ["0j", "0j", "0j"], ["(-0.05630556807390151+0j)", "(-0.07241133936953655+0j)", "(-0.0003099986281128201+0j)"], ["0j", "0j", "0j"], ["0j", "0j", "0j"], ["0j", "0j", "0j"], ["(-0.00011802188977428263+0j)", "(-0.0001859006609808012+0j)", "(0.0648603044554994+0j)"], ["0j", "0j", "0j"], ["(-0.0006748978288279606+0j)", "(-0.0008679471213021552+0j)", "(-3.7157497599116273e-06+0j)"], ["(-1.4146508042816787e-06+0j)", "(-2.2282690108245132e-06+0j)", "(0.0007774378298905087+0j)"], ["0j", "0j", "0j"], ["0j", "0j", "0j"], ["0j", "0j", "0j"], ["0j", "0j", "0j"], ["0j", "0j", "0j"], ["0j", "0j", "0j"], ["0j", "0j", "0j"], ["0j", "0j", "0j"], ["(-0.00011802188977416835+0j)", "(-0.0001859006609805675+0j)", "(0.06486030445549813+0j)"], ["0j", "0j", "0j"], ["0j", "0j", "0j"], ["0j", "0j", "0j"], ["(-0.07241181057056034+0j)", "(0.05630580766814977+0j)", "(2.9619166193886604e-05+0j)"], ["0j", "0j", "0j"], ["(-1.4146508043757684e-06+0j)", "(-2.2282690110017117e-06+0j)", "(0.0007774378298907352+0j)"], ["(-0.0008679527692789483+0j)", "(0.0006749007006867062+0j)", "(3.5502547331882697e-07+0j)"], ["0j", "0j", "0j"], ["0j", "0j", "0j"], ["0j", "0j", "0j"], ["0j", "0j", "0j"], ["0j", "0j", "0j"], ["0j", "0j", "0j"], ["(0.003832536469601745+0j)", "(0.004928803818872915+0j)", "(2.1100596058450283e-05+0j)"], ["(8.033365300147612e-06+0j)", "(1.2653651979756508e-05+0j)", "(-0.0044148294877142625+0j)"], ["0j", "0j", "0j"], ["0j", "0j", "0j"], ["(8.033365300127926e-06+0j)", "(1.2653651979677019e-05+0j)", "(-0.0044148294877143475+0j)"], ["(0.0049288358919904905+0j)", "(-0.0038325527780010906+0j)", "(-2.0160800879952615e-06+0j)"], ["0j", "0j", "0j"], ["0j", "0j", "0j"], ["0j", "0j", "0j"], ["0j", "0j", "0j"], ["0j", "0j", "0j"], ["0j", "0j", "0j"], ["0j", "0j", "0j"], ["0j", "0j", "0j"], ["0j", "0j", "0j"], ["0j", "0j", "0j"], ["0j", "0j", "0j"], ["0j", "0j", "0j"], ["(-0.038424181260755134+0j)", "(-0.049415120465835224+0j)", "(-0.0002115500097887229+0j)"], ["0j", "0j", "0j"], ["0j", "0j", "0j"], ["0j", "0j", "0j"], ["(-8.0540782031861e-05+0j)", "(-0.0001268627764247567+0j)", "(0.04426212504871316+0j)"], ["0j", "0j", "0j"], ["(-0.0013621064815723405+0j)", "(-0.0017517264822744971+0j)", "(-7.499278580704222e-06+0j)"], ["(-2.855106280444652e-06+0j)", "(-4.497183918413453e-06+0j)", "(0.0015690569177745583+0j)"], ["0j", "0j", "0j"], ["0j", "0j", "0j"], ["0j", "0j", "0j"], ["0j", "0j", "0j"], ["(-0.016797660476518962+0j)", "(-0.02160250104897282+0j)", "(-9.248200278153347e-05+0j)"], ["0j", "0j", "0j"], ["0j", "0j", "0j"], ["(0.015252195399842631+0j)", "(0.019614967666766545+0j)", "(8.397321635143556e-05+0j)"], ["0j", "0j", "0j"], ["0j", "0j", "0j"], ["(-0.0067536937464039125+0j)", "(-0.008685535491390547+0j)", "(-3.718345925099301e-05+0j)"], ["(1.7813677398049444e-05+0j)", "(2.805898472848892e-05+0j)", "(-0.009789713939732068+0j)"], ["0j", "0j", "0j"], ["(0.0037506849278237365+0j)", "(0.0048235392780406295+0j)", "(2.0649950295908155e-05+0j)"], ["0j", "0j", "0j"], ["0j", "0j", "0j"], ["0j", "0j", "0j"], ["0j", "0j", "0j"], ["0j", "0j", "0j"], ["0j", "0j", "0j"], ["(-3.5209513038137656e-05+0j)", "(-5.545981138852348e-05+0j)", "(0.019349798073559916+0j)"], ["0j", "0j", "0j"], ["(-0.02048120568867518+0j)", "(-0.02633969581611146+0j)", "(-0.000112762305448245+0j)"], ["(-1.0960508828048885e-05+0j)", "(-1.7264304441270973e-05+0j)", "(0.0060234753140124+0j)"], ["0j", "0j", "0j"], ["0j", "0j", "0j"], ["(-5.7086970420402376e-05+0j)", "(-8.99198068665083e-05+0j)", "(0.03137280964567538+0j)"], ["(-0.015410363919670714+0j)", "(0.011982755024633293+0j)", "(6.30342103653661e-06+0j)"], ["0j", "0j", "0j"], ["(7.86179659069934e-06+0j)", "(1.2383407734893828e-05+0j)", "(-0.004320541904771424+0j)"], ["0j", "0j", "0j"], ["0j", "0j", "0j"], ["0j", "0j", "0j"], ["0j", "0j", "0j"], ["(0.0010103664921061364+0j)", "(0.00129937399532974+0j)", "(5.562722074536378e-06+0j)"], ["(2.117825409443539e-06+0j)", "(3.3358654417634876e-06+0j)", "(-0.0011638756260060304+0j)"], ["0j", "0j", "0j"], ["(0.006678143394281972+0j)", "(0.008588374546671582+0j)", "(3.676750561952986e-05+0j)"], ["0j", "0j", "0j"], ["0j", "0j", "0j"], ["0j", "0j", "0j"], ["(1.399803128784385e-05+0j)", "(2.2048818857344896e-05+0j)", "(-0.007692781168322398+0j)"], ["0j", "0j", "0j"], ["0j", "0j", "0j"], ["0j", "0j", "0j"], ["0j", "0j", "0j"], ["0j", "0j", "0j"], ["0j", "0j", "0j"], ["0j", "0j", "0j"], ["0j", "0j", "0j"], ["0j", "0j", "0j"], ["0j", "0j", "0j"], ["0j", "0j", "0j"], ["0j", "0j", "0j"], ["0j", "0j", "0j"], ["0j", "0j", "0j"], ["(-8.054078203181809e-05+0j)", "(-0.00012686277642448015+0j)", "(0.04426212504871257+0j)"], ["0j", "0j", "0j"], ["0j", "0j", "0j"], ["0j", "0j", "0j"], ["(-0.04941544202397163+0j)", "(0.03842434476523857+0j)", "(2.021278267063195e-05+0j)"], ["0j", "0j", "0j"], ["(-2.855106280345949e-06+0j)", "(-4.497183918230463e-06+0j)", "(0.0015690569177745954+0j)"], ["(-0.0017517378812533049+0j)", "(0.0013621122776753373+0j)", "(7.165269729351292e-07+0j)"], ["0j", "0j", "0j"], ["0j", "0j", "0j"], ["0j", "0j", "0j"], ["0j", "0j", "0j"], ["(-3.520951303839151e-05+0j)", "(-5.54598113889276e-05+0j)", "(0.019349798073561388+0j)"], ["0j", "0j", "0j"], ["(0.011982704035236127+0j)", "(0.01541026364073565+0j)", "(6.597254834779553e-05+0j)"], ["(5.708697042057449e-05+0j)", "(8.99198068667751e-05+0j)", "(-0.03137280964567491+0j)"], ["0j", "0j", "0j"], ["0j", "0j", "0j"], ["(1.096050882801345e-05+0j)", "(1.7264304441214828e-05+0j)", "(-0.006023475314012578+0j)"], ["(0.026339867215946795+0j)", "(-0.020481292841318187+0j)", "(-1.077400079414392e-05+0j)"], ["0j", "0j", "0j"], ["(7.86179659122553e-06+0j)", "(1.2383407735614877e-05+0j)", "(-0.0043205419047731815+0j)"], ["0j", "0j", "0j"], ["0j", "0j", "0j"], ["0j", "0j", "0j"], ["0j", "0j", "0j"], ["0j", "0j", "0j"], ["0j", "0j", "0j"], ["(-0.0216026416225445+0j)", "(0.016797731954757655+0j)", "(8.836296557181869e-06+0j)"], ["0j", "0j", "0j"], ["(-1.781367739819799e-05+0j)", "(-2.8058984728761936e-05+0j)", "(0.009789713939731803+0j)"], ["(0.008685592010621508+0j)", "(-0.00675372248505689+0j)", "(-3.552735268285266e-06+0j)"], ["0j", "0j", "0j"], ["0j", "0j", "0j"], ["(-0.019615095306897524+0j)", "(0.015252260301741753+0j)", "(8.023315025892585e-06+0j)"], ["0j", "0j", "0j"], ["0j", "0j", "0j"], ["(0.0048235706661721505+0j)", "(-0.0037507008879244562+0j)", "(-1.9730226337846285e-06+0j)"], ["0j", "0j", "0j"], ["0j", "0j", "0j"], ["0j", "0j", "0j"], ["0j", "0j", "0j"], ["(2.1178254095131076e-06+0j)", "(3.3358654418136344e-06+0j)", "(-0.0011638756260058901+0j)"], 