{"geometry": [["H", [0.0, 0.0, 0.0]], ["H", [0.8263, 0.0, 0.0]], ["H", [-0.1379, -0.4042, 0.0]], ["H", [-0.1054, 0.4732, -0.7653]]], "multiplicity": 3, "canonical_orbitals": [[0.5322419047708415, 0.1414437333311864, 0.17544546755900248, 2.303455391543902], [0.10461543495816711, 0.01589976366152958, -1.1687760766322814, -0.4678844110384594], [0.39621900008121974, 0.5140524955512278, 0.5136226116729409, -1.808206893041929], [0.0761974811105535, -1.1077260039913848, 0.16798809567307726, -0.4694372765194914]], "canonical_to_oao": [[0.65864118901746, 0.32816911477457894, 0.6163679056881248, 0.28033448071075445], [0.07174853417473723, 0.0036721891215071873, 0.3467252947879355, -0.935211330569221], [0.09412214435344518, -0.9285192079318453, 0.33557710152811787, 0.12798871580696955], [0.7430914842169508, -0.17361920296080613, -0.622302325017221, -0.17438817255095715]], "orbital_energies": [-0.9037658545674593, 0.0204322794687561, 0.07265232171334782, 1.3211459954066076], "exact_energy": -1.584393577625953, "ground_states": [["0j", "0j", "0j"], ["0j", "0j", "0j"], ["0j", "0j", "0j"], ["0j", "0j", "0j"], ["0j", "0j", "0j"], ["0j", "0j", "0j"], ["0j", "0j", "0j"], ["0j", "0j", "0j"], ["0j", "0j", "0j"], ["0j", "0j", "0j"], ["0j", "0j", "0j"], ["0j", "0j", "0j"], ["0j", "0j", "0j"], ["0j", "0j", "0j"], ["0j", "0j", "0j"], ["0j", "0j", "0j"], ["0j", "0j", "0j"], ["0j", "0j", "0j"], ["0j", "0j", "0j"], ["0j", "0j", "0j"], ["0j", "0j", "0j"], ["0j", "0j", "0j"], ["0j", "0j", "0j"], ["(0.03729157813186024+0.014134746130106294j)", "(0.004779814778444182+0.008842046737251134j)", "(-0.002830023155176424+0.02272442664923926j)"], ["0j", "0j", "0j"], ["0j", "0j", "0j"], ["0j", "0j", "0j"], ["(0.0069589275374160545-0.013694040529123456j)", "(0.004143817046976671+2.770203221974651e-05j)", "(-0.027565850242541795-0.003346389093090549j)"], ["0j", "0j", "0j"], ["(0.0040464758923776534+0.0015337486994546849j)", "(0.0005186534397288148+0.0009594426075252554j)", "(-0.0003070832892027236+0.002465807273672065j)"], ["(0.0007551070222177753-0.0014859281276434534j)", "(0.0004496418929691091+3.0059228159989794e-06j)", "(-0.002991145830968219-0.00036311369671265337j)"], ["0j", "0j", "0j"], ["0j", "0j", "0j"], ["0j", "0j", "0j"], ["0j", "0j", "0j"], ["0j", "0j", "0j"], ["0j", "0j", "0j"], ["0j", "0j", "0j"], ["0j", "0j", "0j"], ["(0.006958927537419393-0.01369404052912144j)", "(0.0041438170469763995+2.770203221779961e-05j)", "(-0.027565850242541604-0.003346389093090386j)"], ["0j", "0j", "0j"], ["0j", "0j", "0j"], ["0j", "0j", "0j"], ["(-0.0033967810826559+0.0032200247028911547j)", "(0.04333755520929029+0.008411318560452683j)", "(-0.0026481508434773463+0.003270508509082421j)"], ["0j", "0j", "0j"], ["(0.000755107022218505-0.001485928127643021j)", "(0.00044964189296905767+3.005922815582429e-06j)", "(-0.0029911458309681473-0.00036311369671253096j)"], ["(-0.0003685816865687598+0.00034940200940377205j)", "(0.004702519474206854+0.0009127046771158672j)", "(-0.0002873484868251186+0.00035487996220014237j)"], ["0j", "0j", "0j"], ["0j", "0j", "0j"], ["0j", "0j", "0j"], ["0j", "0j", "0j"], ["0j", "0j", "0j"], ["0j", "0j", "0j"], ["(-0.006588310792159724-0.002497188511146863j)", "(-0.0008444508617468239-0.0015621262188966576j)", "(0.0004999807739265697-0.004014729138290745j)"], ["(-0.0012294351618622366+0.0024193289618172527j)", "(-0.0007320890114865968-4.89412373963392e-06j)", "(0.004870064442052522+0.0005912072505705117j)"], ["0j", "0j", "0j"], ["0j", "0j", "0j"], ["(-0.0012294351618614458+0.002419328961817777j)", "(-0.0007320890114867114-4.894123740048479e-06j)", "(0.004870064442052538+0.0005912072505705517j)"], ["(0.0006001100137498856-0.0005688824277177459j)", "(-0.007656454808150078-0.0014860293831539073j)", "(0.00046784935514549634-0.0005778014121593119j)"], ["0j", "0j", "0j"], ["0j", "0j", "0j"], ["0j", "0j", "0j"], ["0j", "0j", "0j"], ["0j", "0j", "0j"], ["0j", "0j", "0j"], ["0j", "0j", "0j"], ["0j", "0j", "0j"], ["0j", "0j", "0j"], ["0j", "0j", "0j"], ["0j", "0j", "0j"], ["0j", "0j", "0j"], ["(-0.011262601901147433-0.004268900020113733j)", "(-0.0014435739571140686-0.0026704274096654096j)", "(0.0008547083755768945-0.006863109141620019j)"], ["0j", "0j", "0j"], ["0j", "0j", "0j"], ["0j", "0j", "0j"], ["(-0.002101697874938898+0.004135800484290281j)", "(-0.0012514933421767446-8.366418810205694e-06j)", "(0.008325289861711431+0.001010658439515608j)"], ["0j", "0j", "0j"], ["(-0.006686835209516033-0.0025345325361710675j)", "(-0.0008570791410985928-0.001585486922483534j)", "(0.0005074577002578499-0.004074767114893822j)"], ["(-0.0012478206610922551+0.002455508641841177j)", "(-0.0007430369836733282-4.967312559497891e-06j)", "(0.004942893468608451+0.000600048416650447j)"], ["0j", "0j", "0j"], ["0j", "0j", "0j"], ["0j", "0j", "0j"], ["0j", "0j", "0j"], ["(0.011514882327174892+0.004364522676867076j)", "(0.0014759097757907282+0.0027302445434413303j)", "(-0.0008738537022973392+0.007016841655058545j)"], ["0j", "0j", "0j"], ["0j", "0j", "0j"], ["(0.022618413814203115+0.008573129729157494j)", "(0.0028990950243998103+0.005362955446951305j)", "(-0.0017164903722020355+0.013783017812374855j)"], ["0j", "0j", "0j"], ["0j", "0j", "0j"], ["(-0.020331970685118297-0.0077064918771399295j)", "(-0.002606032214887478-0.004820826686995124j)", "(0.0015429743312497636-0.012389724426108792j)"], ["(0.00042666985015937835-0.0008396170515097917j)", "(0.00025406814326126785+1.6984832608404326e-06j)", "(-0.0016901335916002893-0.00020517577245151712j)"], ["0j", "0j", "0j"], ["(0.0004550107168748943+0.00017246416729176038j)", "(5.832059295466058e-05+0.00010788564673596261j)", "(-3.4530339801032326e-05+0.00027727058435768435j)"], ["0j", "0j", "0j"], ["0j", "0j", "0j"], ["0j", "0j", "0j"], ["0j", "0j", "0j"], ["0j", "0j", "0j"], ["0j", "0j", "0j"], ["(0.0021487755608891176-0.004228441733380926j)", "(0.0012795265867417945+8.553825211682906e-06j)", "(-0.008511774982250106-0.001033297021960993j)"], ["0j", "0j", "0j"], ["(-0.021782337253572873-0.008256228956332755j)", "(-0.002791931656674241-0.005164716906365199j)", "(0.0016530413001965482-0.013273536545371091j)"], ["(0.00015601903948895808-0.00030702016059054235j)", "(9.290430917849082e-05+6.210791009620556e-07j)", "(-0.0006180259033323985-7.502598773352914e-05j)"], ["0j", "0j", "0j"], ["0j", "0j", "0j"], ["(-0.00785889018151967+0.015465021022418392j)", "(-0.004679715793761766-3.128459490936593e-05j)", "(0.031130801212041356+0.003779160545331967j)"], ["(0.0017758241315870725-0.0016834165736785377j)", "(-0.022656707768895175-0.004397405106377712j)", "(0.0013844431117276778-0.0017098093140722624j)"], ["0j", "0j", "0j"], ["(8.490889273219528e-05-0.0001670869271361497j)", "(5.0560508822699256e-05+3.3800450953842764e-07j)", "(-0.00033634289318060137-4.083074454017763e-05j)"], ["0j", "0j", "0j"], ["0j", "0j", "0j"], ["0j", "0j", "0j"], ["0j", "0j", "0j"], ["(0.007053025514799425+0.002673330818780227j)", "(0.0009040152569885602+0.0016723127409725004j)", "(-0.0005352475416930396+0.004297913067651605j)"], ["(0.0013161549050969515-0.0025899793489854318j)", "(0.0007837278234148193+5.239336864637674e-06j)", "(-0.005213580514354279-0.000632908791699769j)"], ["0j", "0j", "0j"], ["(-0.0018716150762662718-0.0007094042484006524j)", "(-0.00023989259369655469-0.00044377065298705713j)", "(0.00014203512612639995-0.001140508974059376j)"], ["0j", "0j", "0j"], ["0j", "0j", "0j"], ["0j", "0j", "0j"], ["(-0.0003492593863337392+0.0006872858160798745j)", "(-0.00020797270716136203-1.3903284251733133e-06j)", "(0.001383493632842094+0.00016795085087430243j)"], ["0j", "0j", "0j"], ["0j", "0j", "0j"], ["0j", "0j", "0j"], ["0j", "0j", "0j"], ["0j", "0j", "0j"], ["0j", "0j", "0j"], ["0j", "0j", "0j"], ["0j", "0j", "0j"], ["0j", "0j", "0j"], ["0j", "0j", "0j"], ["0j", "0j", "0j"], ["0j", "0j", "0j"], ["0j", "0j", "0j"], ["0j", "0j", "0j"], ["(-0.0021016978749399443+0.004135800484289636j)", "(-0.001251493342176643-8.366418809579567e-06j)", "(0.008325289861711403+0.001010658439515578j)"], ["0j", "0j", "0j"], ["0j", "0j", "0j"],