{"geometry": [["H", [0.0, 0.0, 0.0]], ["H", [1.0754, 0.0, 0.0]], ["H", [0.3004, 0.4352, 0.0]], ["H", [0.6201, -0.0793, 1.1823]]], "multiplicity": 1, "canonical_orbitals": [[0.39260818557161076, 0.4810558370229219, 0.39450385892016304, 1.4939028753835093], [0.2418979357875592, -0.5925346728106949, -0.9809669310398713, 0.4095517073067495], [0.45968369348651117, 0.367164488355331, 0.002692638592055263, -1.688223948841651], [0.093986671988133, -0.779209757282557, 0.7493912056506935, -0.10557567064368192]], "canonical_to_oao": [[0.5945512294963062, 0.4310223429728288, 0.6356496708834282, 0.2380715675346981], [0.37109464382636864, -0.4943967232970237, 0.2652674083499435, -0.7399282717830492], [0.27158094448763065, -0.730440454661728, 0.006585551811267576, 0.626623621715712], [0.6595766759210153, 0.19039002611730138, -0.724940913785691, -0.05631090529910947]], "orbital_energies": [-0.8260426361423426, -0.20789437905952332, 0.2859434285187024, 0.9528302470840204], "exact_energy": -1.8083570944662064, "ground_states": [["0j"], ["0j"], ["0j"], ["0j"], ["0j"], ["0j"], ["0j"], ["0j"], ["0j"], ["0j"], ["0j"], ["0j"], ["0j"], ["0j"], ["0j"], ["(0.028708106412279437+0j)"], ["0j"], ["0j"], ["0j"], ["0j"], ["0j"], ["0j"], ["0j"], ["0j"], ["0j"], ["0j"], ["0j"], ["(0.006207549359347753+0j)"], ["0j"], ["0j"], ["(-0.0018602869655105492+0j)"], ["0j"], ["0j"], ["0j"], ["0j"], ["0j"], ["0j"], ["0j"], ["0j"], ["(-0.006207549359347753+0j)"], ["0j"], ["0j"], ["0j"], ["0j"], ["0j"], ["(0.001860286965510574+0j)"], ["0j"], ["0j"], ["0j"], ["0j"], ["0j"], ["(-0.0491734107123795+0j)"], ["0j"], ["0j"], ["(0.005577558207940748+0j)"], ["0j"], ["0j"], ["(-0.005577558207940756+0j)"], ["0j"], ["0j"], ["(-0.02662637355241518+0j)"], ["0j"], ["0j"], ["0j"], ["0j"], ["0j"], ["0j"], ["0j"], ["0j"], ["0j"], ["0j"], ["0j"], ["0j"], ["0j"], ["0j"], ["(0.0028994283409024308+0j)"], ["0j"], ["0j"], ["(0.0014481635633313485+0j)"], ["0j"], ["0j"], ["0j"], ["0j"], ["0j"], ["0j"], ["0j"], ["0j"], ["0j"], ["0j"], ["0j"], ["(0.012705208571919946+0j)"], ["0j"], ["0j"], ["0j"], ["0j"], ["0j"], ["0j"], ["0j"], ["0j"], ["(-0.03114267450353287+0j)"], ["0j"], ["0j"], ["(0.017001470453610074+0j)"], ["0j"], ["0j"], ["(-0.029706679025529984+0j)"], ["0j"], ["0j"], ["(0.0811821020370677+0j)"], ["0j"], ["0j"], ["0j"], ["0j"], ["0j"], ["(-0.0005552906422660483+0j)"], ["0j"], ["0j"], ["0j"], ["0j"], ["0j"], ["(-0.0037761612445657445+0j)"], ["0j"], ["0j"], ["0j"], ["0j"], ["0j"], ["0j"], ["0j"], ["0j"], ["0j"], ["0j"], ["0j"], ["0j"], ["0j"], ["0j"], ["(-0.0028994283409024633+0j)"], ["0j"], ["0j"], ["0j"], ["0j"], ["0j"], ["(-0.00144816356333132+0j)"], ["0j"], ["0j"], ["0j"], ["0j"], ["0j"], ["(0.031142674503532877+0j)"], ["0j"], ["0j"], ["(-0.029706679025530036+0j)"], ["0j"], ["0j"], ["(0.017001470453610088+0j)"], ["0j"], ["0j"], ["(-0.08118210203706767+0j)"], ["0j"], ["0j"], ["0j"], ["0j"], ["0j"], ["0j"], ["0j"], ["0j"], ["(0.012705208571919941+0j)"], ["0j"], ["0j"], ["0j"], ["0j"], ["0j"], ["0j"], ["0j"], ["0j"], ["0j"], ["0j"], ["0j"], ["(0.0005552906422660176+0j)"], ["0j"], ["0j"], ["(0.003776161244565818+0j)"], ["0j"], ["0j"], ["0j"], ["0j"], ["0j"], ["0j"], ["0j"], ["0j"], ["0j"], ["0j"], ["0j"], ["0j"], ["0j"], ["0j"], ["(-0.024273060593956283+0j)"], ["0j"], ["0j"], ["(-0.006225927418910847+0j)"], ["0j"], ["0j"], ["(0.006225927418910883+0j)"], ["0j"], ["0j"], ["(-0.39403679974690975+0j)"], ["0j"], ["0j"], ["0j"], ["0j"], ["0j"], ["(0.004056415851272791+0j)"], ["0j"], ["0j"], ["0j"], ["0j"], ["0j"], ["(-0.09331618378248578+0j)"], ["0j"], ["0j"], ["0j"], ["0j"], ["0j"], ["0j"], ["0j"], ["0j"], ["(-0.004056415851272802+0j)"], ["0j"], ["0j"], ["(0.09331618378248484+0j)"], ["0j"], ["0j"], ["0j"], ["0j"], ["0j"], ["0j"], ["0j"], ["0j"], ["0j"], ["0j"], ["0j"], ["(0.8970425595861913+0j)"], ["0j"], ["0j"], ["0j"], ["0j"], ["0j"], ["0j"], ["0j"], ["0j"], ["0j"], ["0j"], ["0j"], ["0j"], ["0j"], ["0j"], ["0j"]], "hf_energy": -1.702551623104405}