{"geometry": [["H", [0.0, 0.0, 0.0]], ["H", [1.3024, 0.0, 0.0]], ["H", [0.3606, 0.2141, 0.0]], ["H", [-0.2052, -1.1426, 0.2949]]], "multiplicity": 1, "canonical_orbitals": [[0.4260044736409036, 0.3900340911156888, 0.4505454472632429, 2.0548410457793755], [0.15557808270202597, -0.6629920034031513, -0.7948907679888355, 0.6110578637442785], [0.49377296694104, -0.28942465172404747, 0.3328785600738652, -2.1891414184925315], [0.08856454432579766, 0.7180305379595562, -0.7296723391413493, -0.40884784390193873]], "canonical_to_oao": [[0.6351828545064302, 0.3279400439279639, 0.6651660853891181, 0.21575946741152466], [0.2476716540137689, -0.6307392039676429, -0.1584800017489839, 0.7181301396139772], [0.31660687103551044, -0.6615766527065738, 0.23118532574856576, -0.6392415560374631], [0.6595161729269843, 0.2386204449756008, -0.6920921275757201, -0.17060828770932468]], "orbital_energies": [-0.8424665945375014, -0.22151531430383595, 0.18921255266755846, 1.4576806053571754], "exact_energy": -1.7648406763708708, "ground_states": [["0j"], ["0j"], ["0j"], ["0j"], ["0j"], ["0j"], ["0j"], ["0j"], ["0j"], ["0j"], ["0j"], ["0j"], ["0j"], ["0j"], ["0j"], ["(0.019992675444167964-0.005898322965586135j)"], ["0j"], ["0j"], ["0j"], ["0j"], ["0j"], ["0j"], ["0j"], ["0j"], ["0j"], ["0j"], ["0j"], ["(0.0016652024049488344-0.0004912749979295003j)"], ["0j"], ["0j"], ["(-0.006820573656612158+0.0020122342479681797j)"], ["0j"], ["0j"], ["0j"], ["0j"], ["0j"], ["0j"], ["0j"], ["0j"], ["(-0.0016652024049478883+0.000491274997931247j)"], ["0j"], ["0j"], ["0j"], ["0j"], ["0j"], ["(0.006820573656612163-0.0020122342479681936j)"], ["0j"], ["0j"], ["0j"], ["0j"], ["0j"], ["(-0.03325150842742995+0.009809999484341362j)"], ["0j"], ["0j"], ["(-0.00036247615896625425+0.00010693923676648092j)"], ["0j"], ["0j"], ["(0.00036247615896677266-0.00010693923676552103j)"], ["0j"], ["0j"], ["(-0.011982683587468375+0.0035351815714057505j)"], ["0j"], ["0j"], ["0j"], ["0j"], ["0j"], ["0j"], ["0j"], ["0j"], ["0j"], ["0j"], ["0j"], ["0j"], ["0j"], ["0j"], ["(0.007112831342316188-0.0020984573362322605j)"], ["0j"], ["0j"], ["(0.0015120329333408156-0.0004460862979713574j)"], ["0j"], ["0j"], ["0j"], ["0j"], ["0j"], ["0j"], ["0j"], ["0j"], ["0j"], ["0j"], ["0j"], ["(0.025569190966973812-0.007543529964917782j)"], ["0j"], ["0j"], ["0j"], ["0j"], ["0j"], ["0j"], ["0j"], ["0j"], ["(-0.0017741412846801281+0.0005234146031559045j)"], ["0j"], ["0j"], ["(0.011863896945322425-0.003500136638008329j)"], ["0j"], ["0j"], ["(-0.037433087912295944+0.011043666602926648j)"], ["0j"], ["0j"], ["(0.010947996651206028-0.00322992389164452j)"], ["0j"], ["0j"], ["0j"], ["0j"], ["0j"], ["(-0.0016952358726808304+0.0005001355975505616j)"], ["0j"], ["0j"], ["0j"], ["0j"], ["0j"], ["(-0.04822414629545335+0.014227289908476834j)"], ["0j"], ["0j"], ["0j"], ["0j"], ["0j"], ["0j"], ["0j"], ["0j"], ["0j"], ["0j"], ["0j"], ["0j"], ["0j"], ["0j"], ["(-0.007112831342316197+0.0020984573362322198j)"], ["0j"], ["0j"], ["0j"], ["0j"], ["0j"], ["(-0.0015120329333401742+0.00044608629797266195j)"], ["0j"], ["0j"], ["0j"], ["0j"], ["0j"], ["(0.0017741412846805887-0.0005234146031549806j)"], ["0j"], ["0j"], ["(-0.03743308791229637+0.01104366660292592j)"], ["0j"], ["0j"], ["(0.011863896945322354-0.0035001366380083988j)"], ["0j"], ["0j"], ["(-0.010947996651208047+0.0032299238916406554j)"], ["0j"], ["0j"], ["0j"], ["0j"], ["0j"], ["0j"], ["0j"], ["0j"], ["(0.02556919096697366-0.007543529964918029j)"], ["0j"], ["0j"], ["0j"], ["0j"], ["0j"], ["0j"], ["0j"], ["0j"], ["0j"], ["0j"], ["0j"], ["(0.0016952358726801332-0.0005001355975519119j)"], ["0j"], ["0j"], ["(0.04822414629545331-0.014227289908476048j)"], ["0j"], ["0j"], ["0j"], ["0j"], ["0j"], ["0j"], ["0j"], ["0j"], ["0j"], ["0j"], ["0j"], ["0j"], ["0j"], ["0j"], ["(-0.0007707419782978266+0.0002273875311901866j)"], ["0j"], ["0j"], ["(0.002675950898247823-0.0007894702578464995j)"], ["0j"], ["0j"], ["(-0.0026759508982493307+0.0007894702578436383j)"], ["0j"], ["0j"], ["(-0.4989665367828319+0.14720720051621083j)"], ["0j"], ["0j"], ["0j"], ["0j"], ["0j"], ["(0.026336798231472076-0.0077699926796948714j)"], ["0j"], ["0j"], ["0j"], ["0j"], ["0j"], ["(-0.03737722502708769+0.011027185700199522j)"], ["0j"], ["0j"], ["0j"], ["0j"], ["0j"], ["0j"], ["0j"], ["0j"], ["(-0.026336798231472162+0.007769992679694816j)"], ["0j"], ["0j"], ["(0.03737722502706487-0.01102718570024261j)"], ["0j"], ["0j"], ["0j"], ["0j"], ["0j"], ["0j"], ["0j"], ["0j"], ["0j"], ["0j"], ["0j"], ["(0.8097024601089294-0.23888181594751381j)"], ["0j"], ["0j"], ["0j"], ["0j"], ["0j"], ["0j"], ["0j"], ["0j"], ["0j"], ["0j"], ["0j"], ["0j"], ["0j"], ["0j"], ["0j"]]}