{"geometry": [["H", [0.0, 0.0, 0.0]], ["H", [0.7992, 0.0, 0.0]], ["H", [-0.4914, -0.7035, 0.0]], ["H", [-0.4854, 0.1904, -0.2833]]], "multiplicity": 1, "canonical_orbitals": [[0.451831445459297, 0.35020301535055687, 0.12506470396291053, 1.939954400896573], [0.1085652044710439, 0.8138571431909131, -0.35635420781783755, -0.9928819048632624], [0.2474740412024572, -0.627871988027173, -1.0176764510726184, -0.3008556684290701], [0.37195724501700295, -0.3819634675232563, 0.9527620785901241, -1.1780821558853987]], "canonical_to_oao": [[0.6164465613415968, 0.30392962608285123, 0.4463309137506765, 0.5730699214142582], [0.23228178481589928, 0.783278356667659, -0.5109263203349756, -0.26734712193647003], [0.08833817145437531, -0.2866099271762048, -0.7241681225297658, 0.6209924696965821], [0.7471513748344158, -0.4603873890640371, -0.12378829076758319, -0.46312496601099135]], "orbital_energies": [-0.8892178800523377, -0.2118650710410868, 0.3260009318589133, 1.177370882520354], "exact_energy": -1.795002193760203, "ground_states": [["0j"], ["0j"], ["0j"], ["0j"], ["0j"], ["0j"], ["0j"], ["0j"], ["0j"], ["0j"], ["0j"], ["0j"], ["0j"], ["0j"], ["0j"], ["(-0.014172542144584117+0j)"], ["0j"], ["0j"], ["0j"], ["0j"], ["0j"], ["0j"], ["0j"], ["0j"], ["0j"], ["0j"], ["0j"], ["(-0.0029766764965244163+0j)"], ["0j"], ["0j"], ["(-0.003091471004411761+0j)"], ["0j"], ["0j"], ["0j"], ["0j"], ["0j"], ["0j"], ["0j"], ["0j"], ["(0.0029766764965242173+0j)"], ["0j"], ["0j"], ["0j"], ["0j"], ["0j"], ["(0.0030914710044116366+0j)"], ["0j"], ["0j"], ["0j"], ["0j"], ["0j"], ["(0.03520429674866244+0j)"], ["0j"], ["0j"], ["(0.011045862011038321+0j)"], ["0j"], ["0j"], ["(-0.011045862011038353+0j)"], ["0j"], ["0j"], ["(0.06313784356505035+0j)"], ["0j"], ["0j"], ["0j"], ["0j"], ["0j"], ["0j"], ["0j"], ["0j"], ["0j"], ["0j"], ["0j"], ["0j"], ["0j"], ["0j"], ["(-0.0017788112309323155+0j)"], ["0j"], ["0j"], ["(0.0015766308748736747+0j)"], ["0j"], ["0j"], ["0j"], ["0j"], ["0j"], ["0j"], ["0j"], ["0j"], ["0j"], ["0j"], ["0j"], ["(-0.016655680679431753+0j)"], ["0j"], ["0j"], ["0j"], ["0j"], ["0j"], ["0j"], ["0j"], ["0j"], ["(0.015877811760967756+0j)"], ["0j"], ["0j"], ["(-0.006073572580301919+0j)"], ["0j"], ["0j"], ["(0.02272925325973371+0j)"], ["0j"], ["0j"], ["(-0.07938125430893349+0j)"], ["0j"], ["0j"], ["0j"], ["0j"], ["0j"], ["(0.00021830311185580737+0j)"], ["0j"], ["0j"], ["0j"], ["0j"], ["0j"], ["(0.014673710930591314+0j)"], ["0j"], ["0j"], ["0j"], ["0j"], ["0j"], ["0j"], ["0j"], ["0j"], ["0j"], ["0j"], ["0j"], ["0j"], ["0j"], ["0j"], ["(0.0017788112309323522+0j)"], ["0j"], ["0j"], ["0j"], ["0j"], ["0j"], ["(-0.0015766308748737102+0j)"], ["0j"], ["0j"], ["0j"], ["0j"], ["0j"], ["(-0.015877811760967763+0j)"], ["0j"], ["0j"], ["(0.022729253259733573+0j)"], ["0j"], ["0j"], ["(-0.006073572580301888+0j)"], ["0j"], ["0j"], ["(0.07938125430893346+0j)"], ["0j"], ["0j"], ["0j"], ["0j"], ["0j"], ["0j"], ["0j"], ["0j"], ["(-0.016655680679431725+0j)"], ["0j"], ["0j"], ["0j"], ["0j"], ["0j"], ["0j"], ["0j"], ["0j"], ["0j"], ["0j"], ["0j"], ["(-0.00021830311185577143+0j)"], ["0j"], ["0j"], ["(-0.0146737109305915+0j)"], ["0j"], ["0j"], ["0j"], ["0j"], ["0j"], ["0j"], ["0j"], ["0j"], ["0j"], ["0j"], ["0j"], ["0j"], ["0j"], ["0j"], ["(0.0400673290515803+0j)"], ["0j"], ["0j"], ["(-0.052470770370082936+0j)"], ["0j"], ["0j"], ["(0.05247077037008308+0j)"], ["0j"], ["0j"], ["(0.20335096674348999+0j)"], ["0j"], ["0j"], ["0j"], ["0j"], ["0j"], ["(0.008371323207747104+0j)"], ["0j"], ["0j"], ["0j"], ["0j"], ["0j"], ["(0.05432612386128688+0j)"], ["0j"], ["0j"], ["0j"], ["0j"], ["0j"], ["0j"], ["0j"], ["0j"], ["(-0.008371323207747047+0j)"], ["0j"], ["0j"], ["(-0.05432612386128534+0j)"], ["0j"], ["0j"], ["0j"], ["0j"], ["0j"], ["0j"], ["0j"], ["0j"], ["0j"], ["0j"], ["0j"], ["(-0.9615485023690084+0j)"], ["0j"], ["0j"], ["0j"], ["0j"], ["0j"], ["0j"], ["0j"], ["0j"], ["0j"], ["0j"], ["0j"], ["0j"], ["0j"], ["0j"], ["0j"]], "hf_energy": -1.7384080001201596}