{"geometry": [["H", [0.0, 0.0, 0.0]], ["H", [0.5034, 0.0, 0.0]], ["H", [-0.673, 0.0105, 0.0]], ["H", [0.2529, -0.4024, 0.1465]]], "multiplicity": 1, "canonical_orbitals": [[0.43415832853051883, 0.46887411190917966, 0.5834840160374903, 2.467385148781159], [0.2902386657614189, -0.6742629745089673, 1.3056917773952974, -1.428926501686139], [0.008991937367752556, 0.8860623255764812, -0.04306442599975838, -1.2715179575789148], [0.33678344606557753, -0.37492953116982697, -1.8581949421513573, -0.2961859711474763]], "canonical_to_oao": [[0.5743578381027807, 0.5441919994807545, 0.2536143324944061, 0.5564601619742903], [0.261785033798106, -0.42071664763466626, 0.8349809132943036, -0.23931772378280716], [0.23715513519980122, 0.5650664158523955, -0.016080349057047305, -0.7900625354351998], [0.7384707927451069, -0.45557931886765257, -0.48808612678689234, -0.09423537191875975]], "orbital_energies": [-1.1579939130082577, -0.25681098209407227, 0.7344007668970696, 1.4422992474410423], "exact_energy": -1.2906277595787357, "ground_states": [["0j"], ["0j"], ["0j"], ["0j"], ["0j"], ["0j"], ["0j"], ["0j"], ["0j"], ["0j"], ["0j"], ["0j"], ["0j"], ["0j"], ["0j"], ["(-0.0036853355615715224+0.0017834036734684687j)"], ["0j"], ["0j"], ["0j"], ["0j"], ["0j"], ["0j"], ["0j"], ["0j"], ["0j"], ["0j"], ["0j"], ["(-0.0002662210244780654+0.00012882939560765138j)"], ["0j"], ["0j"], ["(-0.0010225554194224983+0.0004948339332620973j)"], ["0j"], ["0j"], ["0j"], ["0j"], ["0j"], ["0j"], ["0j"], ["0j"], ["(0.00026622102447805253-0.00012882939560766372j)"], ["0j"], ["0j"], ["0j"], ["0j"], ["0j"], ["(0.0010225554194224801-0.0004948339332620997j)"], ["0j"], ["0j"], ["0j"], ["0j"], ["0j"], ["(0.022862231737671393-0.011063466917314739j)"], ["0j"], ["0j"], ["(-0.0017010629333186445+0.0008231765692424123j)"], ["0j"], ["0j"], ["(0.0017010629333186421-0.0008231765692424147j)"], ["0j"], ["0j"], ["(0.04604425596538737-0.022281687476995177j)"], ["0j"], ["0j"], ["0j"], ["0j"], ["0j"], ["0j"], ["0j"], ["0j"], ["0j"], ["0j"], ["0j"], ["0j"], ["0j"], ["0j"], ["(0.0010428007945396025-0.0005046310537010295j)"], ["0j"], ["0j"], ["(0.00038591326178757246-0.00018675073604930526j)"], ["0j"], ["0j"], ["0j"], ["0j"], ["0j"], ["0j"], ["0j"], ["0j"], ["0j"], ["0j"], ["0j"], ["(-0.0006307313776888233+0.00030522285885476456j)"], ["0j"], ["0j"], ["0j"], ["0j"], ["0j"], ["0j"], ["0j"], ["0j"], ["(0.00487519280921254-0.0023591981298737054j)"], ["0j"], ["0j"], ["(-0.009157074604911334+0.0044312818238075894j)"], ["0j"], ["0j"], ["(0.009787805982600163-0.004736504682662317j)"], ["0j"], ["0j"], ["(-0.025298692844101633+0.012242516589963177j)"], ["0j"], ["0j"], ["0j"], ["0j"], ["0j"], ["(0.001402197499011024-0.0006785499254776727j)"], ["0j"], ["0j"], ["0j"], ["0j"], ["0j"], ["(-0.0017987866531675423+0.00087046692803113j)"], ["0j"], ["0j"], ["0j"], ["0j"], ["0j"], ["0j"], ["0j"], ["0j"], ["0j"], ["0j"], ["0j"], ["0j"], ["0j"], ["0j"], ["(-0.0010428007945395943+0.0005046310537010355j)"], ["0j"], ["0j"], ["0j"], ["0j"], ["0j"], ["(-0.0003859132617875747+0.00018675073604930157j)"], ["0j"], ["0j"], ["0j"], ["0j"], ["0j"], ["(-0.004875192809212559+0.0023591981298736945j)"], ["0j"], ["0j"], ["(0.009787805982600099-0.0047365046826623415j)"], ["0j"], ["0j"], ["(-0.009157074604911303+0.004431281823807542j)"], ["0j"], ["0j"], ["(0.025298692844101692-0.012242516589963216j)"], ["0j"], ["0j"], ["0j"], ["0j"], ["0j"], ["0j"], ["0j"], ["0j"], ["(-0.0006307313776887975+0.0003052228588547576j)"], ["0j"], ["0j"], ["0j"], ["0j"], ["0j"], ["0j"], ["0j"], ["0j"], ["0j"], ["0j"], ["0j"], ["(-0.0014021974990110421+0.0006785499254776727j)"], ["0j"], ["0j"], ["(0.00179878665316756-0.0008704669280311491j)"], ["0j"], ["0j"], ["0j"], ["0j"], ["0j"], ["0j"], ["0j"], ["0j"], ["0j"], ["0j"], ["0j"], ["0j"], ["0j"], ["0j"], ["(0.047898029953049405-0.023178763817573205j)"], ["0j"], ["0j"], ["(0.006470156673516161-0.0031310313502482647j)"], ["0j"], ["0j"], ["(-0.006470156673516176+0.00313103135024831j)"], ["0j"], ["0j"], ["(0.02442102259328536-0.011817795333716909j)"], ["0j"], ["0j"], ["0j"], ["0j"], ["0j"], ["(0.0049250950210479715-0.0023833467552606467j)"], ["0j"], ["0j"], ["0j"], ["0j"], ["0j"], ["(0.0016059082077454034-0.0007771293954365995j)"], ["0j"], ["0j"], ["0j"], ["0j"], ["0j"], ["0j"], ["0j"], ["0j"], ["(-0.004925095021047912+0.0023833467552605682j)"], ["0j"], ["0j"], ["(-0.0016059082077455062+0.0007771293954364237j)"], ["0j"], ["0j"], ["0j"], ["0j"], ["0j"], ["0j"], ["0j"], ["0j"], ["0j"], ["0j"], ["0j"], ["(-0.8960263807591669+0.4336041351656766j)"], ["0j"], ["0j"], ["0j"], ["0j"], ["0j"], ["0j"], ["0j"], ["0j"], ["0j"], ["0j"], ["0j"], ["0j"], ["0j"], ["0j"], ["0j"]]}