{"geometry": [["H", [0.0, 0.0, 0.0]], ["H", [0.6556, 0.0, 0.0]], ["H", [-0.1147, 1.1432, 0.0]], ["H", [-0.3939, -0.1237, 0.0859]]], "multiplicity": 3, "canonical_orbitals": [[0.5667091970361784, 0.16983307391459895, 0.030408165051203674, 2.758636823918318], [0.15596112321582278, 0.006204669232778338, -1.088886175622301, -1.1460214544104157], [0.0315520356137453, -1.0776292045932214, 0.1521535676794335, -0.1490238930037052], [0.34305225897832914, 0.31823280537160936, 0.764586343257831, -1.9941120755741302]], "canonical_to_oao": [[0.6676663977985304, 0.4068017509160998, 0.19331963945107156, 0.5927574830441511], [0.0966166099436748, -0.009200120298905476, -0.9718991425263653, 0.2144589593045572], [0.01593111733633297, -0.8443354587718549, 0.12451839511710194, 0.5209021038913153], [0.7379925551346302, -0.3486048282778118, -0.05034623160163243, -0.5755926678049064]], "orbital_energies": [-0.9049056392234677, -0.014323909163492108, 0.06143821818536817, 1.795560029086537], "exact_energy": -1.5913467589389585, "ground_states": [["0j", "0j", "0j"], ["0j", "0j", "0j"], ["0j", "0j", "0j"], ["0j", "0j", "0j"], ["0j", "0j", "0j"], ["0j", "0j", "0j"], ["0j", "0j", "0j"], ["0j", "0j", "0j"], ["0j", "0j", "0j"], ["0j", "0j", "0j"], ["0j", "0j", "0j"], ["0j", "0j", "0j"], ["0j", "0j", "0j"], ["0j", "0j", "0j"], ["0j", "0j", "0j"], ["0j", "0j", "0j"], ["0j", "0j", "0j"], ["0j", "0j", "0j"], ["0j", "0j", "0j"], ["0j", "0j", "0j"], ["0j", "0j", "0j"], ["0j", "0j", "0j"], ["0j", "0j", "0j"], ["(0.025276154992215576+0.0013465544658952829j)", "(0.00419947975490606-0.003916384303907722j)", "(0.0013814499888327389-0.010127645870644993j)"], ["0j", "0j", "0j"], ["0j", "0j", "0j"], ["0j", "0j", "0j"], ["(-0.002184971779667011-0.007736868407905904j)", "(0.0008481749045957459-0.0001172313324372794j)", "(0.02273510988498279-0.0019591004835687446j)"], ["0j", "0j", "0j"], ["(0.006315624463494906+0.00033645672487987114j)", "(0.0010493026760678018-0.0009785670536450082j)", "(0.00034517589195245886-0.002530543432652542j)"], ["(-0.000545947800524245-0.0019331720114416095j)", "(0.00021192915530222618-2.929199758655972e-05j)", "(0.005680706429204221-0.0004895104870294294j)"], ["0j", "0j", "0j"], ["0j", "0j", "0j"], ["0j", "0j", "0j"], ["0j", "0j", "0j"], ["0j", "0j", "0j"], ["0j", "0j", "0j"], ["0j", "0j", "0j"], ["0j", "0j", "0j"], ["(-0.002184971779668849-0.007736868407906371j)", "(0.0008481749045933151-0.00011723133243587785j)", "(0.022735109884982903-0.001959100483568443j)"], ["0j", "0j", "0j"], ["0j", "0j", "0j"], ["0j", "0j", "0j"], ["(-0.014082856964403683-0.013337694363105383j)", "(0.033290674795697875-0.001864303600045262j)", "(-0.0004377200037457489+0.0002623624850258061j)"], ["0j", "0j", "0j"], ["(-0.0005459478005247699-0.0019331720114417411j)", "(0.00021192915530155083-2.9291997586169515e-05j)", "(0.005680706429204299-0.0004895104870293906j)"], ["(-0.0035188119390658747-0.0033326219447613508j)", "(0.00831817181888285-0.00046582407124240346j)", "(-0.00010937087403794561+6.555518152354182e-05j)"], ["0j", "0j", "0j"], ["0j", "0j", "0j"], ["0j", "0j", "0j"], ["0j", "0j", "0j"], ["0j", "0j", "0j"], ["0j", "0j", "0j"], ["(0.0009074678218003636+4.834417451854308e-05j)", "(0.00015077027131116222-0.0001406065414100717j)", "(4.9596998146205606e-05-0.00036360406640290277j)"], ["(-7.84451425543192e-05-0.0002777700613024735j)", "(3.0451286337521087e-05-4.2088546270836414e-06j)", "(0.0008162388880773715-7.03358817454648e-05j)"], ["0j", "0j", "0j"], ["0j", "0j", "0j"], ["(-7.844514255441325e-05-0.00027777006130248505j)", "(3.04512863374073e-05-4.208854627017824e-06j)", "(0.0008162388880773723-7.033588174542723e-05j)"], ["(-0.0005056045722994379-0.00047885164714545216j)", "(0.0011952061598142724-6.693247163695761e-05j)", "(-1.5715080813520516e-05+9.419372245583444e-06j)"], ["0j", "0j", "0j"], ["0j", "0j", "0j"], ["0j", "0j", "0j"], ["0j", "0j", "0j"], ["0j", "0j", "0j"], ["0j", "0j", "0j"], ["0j", "0j", "0j"], ["0j", "0j", "0j"], ["0j", "0j", "0j"], ["0j", "0j", "0j"], ["0j", "0j", "0j"], ["0j", "0j", "0j"], ["(-0.006909225960284402-0.0003680800768774491j)", "(-0.0011479259622842943+0.0010705419440315616j)", "(-0.00037761875287666105+0.0027683875885227754j)"], ["0j", "0j", "0j"], ["0j", "0j", "0j"], ["0j", "0j", "0j"], ["(0.0005972610844969632+0.002114869610178877j)", "(-0.00023184824082221427+3.204513367179452e-05j)", "(-0.0062146323867542045+0.0005355192640671699j)"], ["0j", "0j", "0j"], ["(-0.006187355357715804-0.0003296233541683627j)", "(-0.001027991542587847+0.0009586925469131178j)", "(-0.0003381654366517936+0.002479148587199372j)"], ["(0.0005348597067690482+0.001893909663488897j)", "(-0.00020762491533385955+2.8697082806612695e-05j)", "(-0.005565332385342183+0.0004795686241457678j)"], ["0j", "0j", "0j"], ["0j", "0j", "0j"], ["0j", "0j", "0j"], ["0j", "0j", "0j"], ["(0.0042508305575020364+0.00022645750007196062j)", "(0.0007062496994999356-0.0006586399742800951j)", "(0.0002323260728540007-0.0017032221299384783j)"], ["0j", "0j", "0j"], ["0j", "0j", "0j"], ["(0.01923663820574361+0.0010248070204005764j)", "(0.003196050693721112-0.0029805984316889833j)", "(0.0010513645624774634-0.007707733219292704j)"], ["0j", "0j", "0j"], ["0j", "0j", "0j"], ["(-0.03468628325943176-0.0018478668785929565j)", "(-0.005762915457900214+0.005374425633961047j)", "(-0.0018957537503686667+0.013898094608479603j)"], ["(0.0013355290177076036+0.004729036942764952j)", "(-0.0005184333306821293+7.16557750134833e-05j)", "(-0.013896471915437964+0.0011974688042927738j)"], ["0j", "0j", "0j"], ["(0.005112222256234794+0.000272347028727361j)", "(0.0008493647025922004-0.0007921073046343375j)", "(0.00027940481378442914-0.0020483644224810775j)"], ["0j", "0j", "0j"], ["0j", "0j", "0j"], ["0j", "0j", "0j"], ["0j", "0j", "0j"], ["0j", "0j", "0j"], ["0j", "0j", "0j"], ["(-0.0003674587693879258-0.0013011518823899334j)", "(0.00014264225724437517-1.9715440515640482e-05j)", "(0.003823488970415659-0.0003294727462833842j)"], ["0j", "0j", "0j"], ["(-0.0024217540202907816-0.00012901581321708336j)", "(-0.00040235973322311355+0.00037523584722095574j)", "(-0.0001323592162381754+0.0009703480260692404j)"], ["(-0.0014535457404391747-0.005146927856594512j)", "(0.0005642457404670866-7.798778249392367e-05j)", "(0.015124461761579878-0.0013032855570403513j)"], ["0j", "0j", "0j"], ["0j", "0j", "0j"], ["(0.00320776693607321+0.011358531445835655j)", "(-0.0012452094074066823+0.00017210784851271464j)", "(-0.033377517483587166+0.0028761642663359408j)"], ["(0.009957224783205054+0.009430360700162855j)", "(-0.023538031591403007+0.0013181480190212966j)", "(0.000309488087567658-0.0001855022915226484j)"], ["0j", "0j", "0j"], ["(-0.00044192090785533653-0.001564818338890397j)", "(0.00017154739816230107-2.371059312635294e-05j)", "(0.004598283828681507-0.0003962373666954161j)"], ["0j", "0j", "0j"], ["0j", "0j", "0j"], ["0j", "0j", "0j"], ["0j", "0j", "0j"], ["(0.006843603690069408+0.00036458413530533333j)", "(0.001137023220339407-0.001060374178042799j)", "(0.0003740322151108089-0.002742094067448463j)"], ["(-0.0005915884333926219-0.002094783055501722j)", "(0.00022964619850976002-3.1740776217794e-05j)", "(0.006155607209677269-0.000530433022850847j)"], ["0j", "0j", "0j"], ["(0.001440502291979703+7.674089650879555e-05j)", "(0.00023933071362822485-0.00022319694462194105j)", "(7.872961199131765e-05-0.000577180235424177j)"], ["0j", "0j", "0j"], ["0j", "0j", "0j"], ["0j", "0j", "0j"], ["(-0.0001245227708664845-0.00044092848290240924j)", "(4.833796495162366e-05-6.68107958482501e-06j)", "(0.001295686701866227-0.00011165023864091981j)"], ["0j", "0j", "0j"], ["0j", "0j", "0j"], ["0j", "0j", "0j"], ["0j", "0j", "0j"], ["0j", "0j", "0j"], ["0j", "0j", "0j"], ["0j", "0j", "0j"], ["0j", "0j", "0j"], ["0j", "0j", "0j"], ["0j", "0j", "0j"], ["0j", "0j", "0j"], ["0j", "0j", "0j"], ["0j", "0j", "0j"], ["0j", "0j", "0j"], ["(0.000597261084497472+0.002114869610178998j)", "(-0.000231848240821536+3.204513367139819e-05j)", "(-0.0062146323867542435+0.0005355192640670845j)"], ["0j", "0j", "0j"], 