{"geometry": [["H", [0.0, 0.0, 0.0]], ["H", [1.3987, 0.0, 0.0]], ["H", [0.5152, -0.1803, 0.0]], ["H", [0.452, -0.7946, 0.1505]]], "multiplicity": 3, "canonical_orbitals": [[0.30834804271285526, 0.5438600897572795, 0.7866792926544866, 1.3594860466593162], [0.08140197917522324, -1.0207806442805614, 0.24984892895898275, 0.6846682063551297], [0.5291402154055753, 0.020058164156955216, 0.1545245528067048, -2.244962640135239], [0.21663743132236457, 0.08403445812213459, -1.21230683216175, 0.7981520180777587]], "canonical_to_oao": [[0.5421799984296133, 0.2763552146509924, 0.646110671098484, 0.46066218135498627], [0.4192947422129728, -0.9057049542324116, -0.008514178498457092, 0.061789673861563324], [0.5179112517051757, 0.18225423672012053, 0.08057044723547821, -0.8319012751444849], [0.5118600431881754, 0.26478240955855714, -0.7589314280548912, 0.3031710066716936]], "orbital_energies": [-0.9021551148938092, -0.04264978176950471, 0.183917806235304, 1.3566091836720227], "exact_energy": -1.618311989458415, "ground_states": [["0j", "0j", "0j"], ["0j", "0j", "0j"], ["0j", "0j", "0j"], ["0j", "0j", "0j"], ["0j", "0j", "0j"], ["0j", "0j", "0j"], ["0j", "0j", "0j"], ["0j", "0j", "0j"], ["0j", "0j", "0j"], ["0j", "0j", "0j"], ["0j", "0j", "0j"], ["0j", "0j", "0j"], ["0j", "0j", "0j"], ["0j", "0j", "0j"], ["0j", "0j", "0j"], ["0j", "0j", "0j"], ["0j", "0j", "0j"], ["0j", "0j", "0j"], ["0j", "0j", "0j"], ["0j", "0j", "0j"], ["0j", "0j", "0j"], ["0j", "0j", "0j"], ["0j", "0j", "0j"], ["(0.019339572263965304+0.020002278742623936j)", "(0.01042285348781698-0.008999520535200962j)", "(0.010104696063103387-0.027667538122349324j)"], ["0j", "0j", "0j"], ["0j", "0j", "0j"], ["0j", "0j", "0j"], ["(-0.014550901850241563+0.01228802890959431j)", "(0.0052864438477777465+0.005581651495453145j)", "(-0.019802883510214826-0.008680620256661357j)"], ["0j", "0j", "0j"], ["(0.00020071211461144569+0.0002075898892013886j)", "(0.00010817162527025104-9.339983182950113e-05j)", "(0.000104869688256251-0.00028714234248996087j)"], ["(-0.0001510137990660984+0.00012752899770631775j)", "(5.486436354222827e-05+5.7928120610442164e-05j)", "(-0.00020552050327114822-9.009018524672341e-05j)"], ["0j", "0j", "0j"], ["0j", "0j", "0j"], ["0j", "0j", "0j"], ["0j", "0j", "0j"], ["0j", "0j", "0j"], ["0j", "0j", "0j"], ["0j", "0j", "0j"], ["0j", "0j", "0j"], ["(-0.014550901850224812+0.01228802890957137j)", "(0.005286443847789303+0.005581651495461744j)", "(-0.019802883510214364-0.008680620256661496j)"], ["0j", "0j", "0j"], ["0j", "0j", "0j"], ["0j", "0j", "0j"], ["(0.009997207546921601-0.01426157773823014j)", "(0.031596180964688074+0.022287826871545187j)", "(-0.0005265820597488331+7.876028391947483e-05j)"], ["0j", "0j", "0j"], ["(-0.0001510137990628452+0.00012752899770177985j)", "(5.486436354449004e-05+5.7928120612118754e-05j)", "(-0.00020552050327115264-9.009018524673957e-05j)"], ["(0.00010375413890050003-0.00014801110316532833j)", "(0.00032791502358530067+0.00023131002074003226j)", "(-5.465032901763134e-06+8.173987985535056e-07j)"], ["0j", "0j", "0j"], ["0j", "0j", "0j"], ["0j", "0j", "0j"], ["0j", "0j", "0j"], ["0j", "0j", "0j"], ["0j", "0j", "0j"], ["(0.0048541559376864335+0.005020492635541768j)", "(0.002616094888499286-0.0022588439623182984j)", "(0.0025362386367056415-0.006944442339503392j)"], ["(-0.003652218655656877+0.003084246522084928j)", "(0.0013268764398094688+0.0014009723885836428j)", "(-0.004970445223006596-0.0021788012571605586j)"], ["0j", "0j", "0j"], ["0j", "0j", "0j"], ["(-0.0036522186556695755+0.003084246522102319j)", "(0.0013268764398007657+0.0014009723885771645j)", "(-0.004970445223006871-0.0021788012571604173j)"], ["(0.0025092594454424384-0.003579599451007306j)", "(0.007930516111968402+0.005594156151437782j)", "(-0.00013217000857726233+1.9768518901199303e-05j)"], ["0j", "0j", "0j"], ["0j", "0j", "0j"], ["0j", "0j", "0j"], ["0j", "0j", "0j"], ["0j", "0j", "0j"], ["0j", "0j", "0j"], ["0j", "0j", "0j"], ["0j", "0j", "0j"], ["0j", "0j", "0j"], ["0j", "0j", "0j"], ["0j", "0j", "0j"], ["0j", "0j", "0j"], ["(-0.003019981612632441-0.0031234669096599603j)", "(-0.0016275864561399148+0.0014053251110137301j)", "(-0.001577904407362258+0.00432043973133717j)"], ["0j", "0j", "0j"], ["0j", "0j", "0j"], ["0j", "0j", "0j"], ["(0.0022722041333293236-0.0019188439566313453j)", "(-0.0008255075654497136-0.0008716058790903144j)", "(0.003092330236764507+0.0013555270614855925j)"], ["0j", "0j", "0j"], ["(0.0035078275841688533+0.0036280298324045945j)", "(0.0018905057708250895-0.0016323404647627013j)", "(0.0018327981144567326-0.005018360907208599j)"], ["(-0.0026392545909550134+0.0022288128287307678j)", "(0.0009588595496483618+0.0010124045565095947j)", "(-0.003591863360527585-0.0015744980689540971j)"], ["0j", "0j", "0j"], ["0j", "0j", "0j"], ["0j", "0j", "0j"], ["0j", "0j", "0j"], ["(0.004613833703950254+0.004771935312679151j)", "(0.0024865758175545726-0.0021470118675824983j)", "(0.0024106731331895886-0.006600633051852722j)"], ["0j", "0j", "0j"], ["0j", "0j", "0j"], ["(-0.018214001350403224-0.01883813804445509j)", "(-0.009816239206896976+0.008475744806753114j)", "(-0.009516598672748651+0.02605727623365119j)"], ["0j", "0j", "0j"], ["0j", "0j", "0j"], ["(0.017521656855374376+0.01812206907527265j)", "(0.009443107622791155-0.00815356764505578j)", "(0.00915485692387531-0.025066795810994646j)"], ["(0.0005209131130782759-0.00043990368835785613j)", "(-0.00018925135708266322-0.00019981960476424113j)", "(0.0007089307455645455+0.0003107607327662723j)"], ["0j", "0j", "0j"], ["(-0.0008133866256510405-0.000841258833945864j)", "(-0.0004383659324206683+0.00037850318200901623j)", "(-0.0004249848198199775+0.0011636454605223883j)"], ["0j", "0j", "0j"], ["0j", "0j", "0j"], ["0j", "0j", "0j"], ["0j", "0j", "0j"], ["0j", "0j", "0j"], ["0j", "0j", "0j"], ["(-0.0034714025968673712+0.0029315499414495974j)", "(0.0012611847080207187+0.0013316122736309127j)", "(-0.0047243656750914015-0.002070931960889534j)"], ["0j", "0j", "0j"], ["(0.016527319788215512+0.017093659195779383j)", "(0.00890722040527431-0.0076908605731170416j)", "(0.008635327654521284-0.023644279411118366j)"], ["(0.0012690424342849073-0.0010716882211455642j)", "(-0.0004610519429262939-0.0004867981843392447j)", "(0.0017270887917755619+0.0007570716629832469j)"], ["0j", "0j", "0j"], ["0j", "0j", "0j"], ["(-0.025618111428695356+0.021634129422679244j)", "(0.009307238063188387+0.009826976460885702j)", "(-0.034864675852803784-0.015282976910593715j)"], ["(0.008185575789663554-0.011677183344303791j)", "(0.02587051761569345+0.018248965542393927j)", "(-0.000431158134841205+6.448783524921529e-05j)"], ["0j", "0j", "0j"], ["(0.0006119840084739819-0.0005168117595590407j)", "(-0.00022233804679124063-0.00023475393423463186j)", "(0.0008328726394090587+0.0003650908263507708j)"], ["0j", "0j", "0j"], ["0j", "0j", "0j"], ["0j", "0j", "0j"], ["0j", "0j", "0j"], ["(-0.004417926391570895-0.0045693148712109884j)", "(-0.0023809936885265167+0.002055847913349764j)", "(-0.002308313896846937+0.006320364545407871j)"], ["(0.0033240038832261123-0.0028070738317855087j)", "(-0.0012076337301503528-0.0012750708812858439j)", "(0.004523765080988573+0.00198299842435323j)"], ["0j", "0j", "0j"], ["(-0.003413557977804159-0.003530529902326817j)", "(-0.0018397001851543282+0.0015884728317690894j)", "(-0.0017835433684209297+0.004883497121584177j)"], ["0j", "0j", "0j"], ["0j", "0j", "0j"], ["0j", "0j", "0j"], ["(0.0025683270765337373-0.002168915555210908j)", "(-0.0009330910903917204-0.000985197124945934j)", "(0.0034953353707698684+0.001532184896593358j)"], ["0j", "0j", "0j"], ["0j", "0j", "0j"], ["0j", "0j", "0j"], ["0j", "0j", "0j"], ["0j", "0j", "0j"], ["0j", "0j", "0j"], ["0j", "0j", "0j"], ["0j", "0j", "0j"], ["0j", "0j", "0j"], ["0j", "0j", "0j"], ["0j", "0j", "0j"], ["0j", "0j", "0j"], ["0j", "0j", "0j"], ["0j", "0j", "0j"], ["(0.0022722041333210923-0.001918843956620062j)", "(-0.0008255075654554208-0.00087160587909441j)", "(0.003092330236764336+0.0013555270614856788j)"], ["0j", "0j", "0j"], ["0j", "0j", "0j"], ["0j", "0j", "0j"], 