{"geometry": [["H", [0.0, 0.0, 0.0]], ["H", [0.631, 0.0, 0.0]], ["H", [0.2523, 0.735, 0.0]], ["H", [-0.9119, 0.1989, -0.1951]]], "multiplicity": 1, "canonical_orbitals": [[0.3933952290599086, 0.3191128555669894, 0.5206314069858979, 1.6467378987576937], [0.36704922157550607, -0.6404879157879358, 0.6719094646720545, -1.2237155324018696], [0.34239674868269254, -0.17415788615808409, -1.2913315385268127, -0.03559499291823667], [0.06694564477476744, 0.8743446841875844, 0.031976825846024175, -0.8481198943523303]], "canonical_to_oao": [[0.5831021148698322, 0.567875108551211, 0.5326346317838201, 0.2319701139086507], [0.21016011038253232, -0.4501026862913111, -0.12427566747094924, 0.8589504399393468], [0.32891426457995465, 0.4363388826097909, -0.8370731391049228, 0.027061889581053683], [0.7124886372386285, -0.5334171092157937, -0.012824480036040906, -0.455699091631214]], "orbital_energies": [-0.9249546965572313, -0.1914679026085231, 0.34922495461065334, 0.9747905285786487], "exact_energy": -1.7759623640389672, "ground_states": [["0j"], ["0j"], ["0j"], ["0j"], ["0j"], ["0j"], ["0j"], ["0j"], ["0j"], ["0j"], ["0j"], ["0j"], ["0j"], ["0j"], ["0j"], ["(-0.0006837211685129291+0.009913129623432038j)"], ["0j"], ["0j"], ["0j"], ["0j"], ["0j"], ["0j"], ["0j"], ["0j"], ["0j"], ["0j"], ["0j"], ["(-0.00010839309704091796+0.001571568748689782j)"], ["0j"], ["0j"], ["(-0.00032632816135061985+0.00473136347420795j)"], ["0j"], ["0j"], ["0j"], ["0j"], ["0j"], ["0j"], ["0j"], ["0j"], ["(0.00010839309704114005-0.0015715687486899208j)"], ["0j"], ["0j"], ["0j"], ["0j"], ["0j"], ["(0.0003263281613506189-0.004731363474207929j)"], ["0j"], ["0j"], ["0j"], ["0j"], ["0j"], ["(0.002212127418012976-0.03207317083074368j)"], ["0j"], ["0j"], ["(-0.00031674422073012454+0.004592407932024501j)"], ["0j"], ["0j"], ["(0.0003167442207302807-0.004592407932024601j)"], ["0j"], ["0j"], ["(0.005597093994321689-0.08115109029156105j)"], ["0j"], ["0j"], ["0j"], ["0j"], ["0j"], ["0j"], ["0j"], ["0j"], ["0j"], ["0j"], ["0j"], ["0j"], ["0j"], ["0j"], ["(0.00032146578286756635-0.004660864869805698j)"], ["0j"], ["0j"], ["(-0.00012677173174856313+0.0018380367133355468j)"], ["0j"], ["0j"], ["0j"], ["0j"], ["0j"], ["0j"], ["0j"], ["0j"], ["0j"], ["0j"], ["0j"], ["(-0.00010714067556437931+0.0015534101527417536j)"], ["0j"], ["0j"], ["0j"], ["0j"], ["0j"], ["0j"], ["0j"], ["0j"], ["(9.85847126474981e-05-0.001429359043376842j)"], ["0j"], ["0j"], ["(-0.001661881729863682+0.024095274163857792j)"], ["0j"], ["0j"], ["(0.001769022405428034-0.02564868431659957j)"], ["0j"], ["0j"], ["(-0.002639610208162887+0.03827115402286279j)"], ["0j"], ["0j"], ["0j"], ["0j"], ["0j"], ["(0.00032947157732339234-0.004776939202201722j)"], ["0j"], ["0j"], ["0j"], ["0j"], ["0j"], ["(-0.0008323468468110548+0.012068022117905856j)"], ["0j"], ["0j"], ["0j"], ["0j"], ["0j"], ["0j"], ["0j"], ["0j"], ["0j"], ["0j"], ["0j"], ["0j"], ["0j"], ["0j"], ["(-0.00032146578286759725+0.004660864869805737j)"], ["0j"], ["0j"], ["0j"], ["0j"], ["0j"], ["(0.00012677173174871663-0.0018380367133356411j)"], ["0j"], ["0j"], ["0j"], ["0j"], ["0j"], ["(-9.858471264731046e-05+0.001429359043376728j)"], ["0j"], ["0j"], ["(0.0017690224054282865-0.02564868431659973j)"], ["0j"], ["0j"], ["(-0.0016618817298636426+0.024095274163857778j)"], ["0j"], ["0j"], ["(0.0026396102081624293-0.038271154022862484j)"], ["0j"], ["0j"], ["0j"], ["0j"], ["0j"], ["0j"], ["0j"], ["0j"], ["(-0.00010714067556461264+0.0015534101527418915j)"], ["0j"], ["0j"], ["0j"], ["0j"], ["0j"], ["0j"], ["0j"], ["0j"], ["0j"], ["0j"], ["0j"], ["(-0.0003294715773235774+0.004776939202201834j)"], ["0j"], ["0j"], ["(0.0008323468468114268-0.012068022117906174j)"], ["0j"], ["0j"], ["0j"], ["0j"], ["0j"], ["0j"], ["0j"], ["0j"], ["0j"], ["0j"], ["0j"], ["0j"], ["0j"], ["0j"], ["(0.005624837703974689-0.0815533405109356j)"], ["0j"], ["0j"], ["(0.0017925637022225196-0.02599000463455902j)"], ["0j"], ["0j"], ["(-0.0017925637022233793+0.025990004634559475j)"], ["0j"], ["0j"], ["(0.0025026250195727038-0.0362850345438714j)"], ["0j"], ["0j"], ["0j"], ["0j"], ["0j"], ["(0.0011990975869266979-0.017385464071856257j)"], ["0j"], ["0j"], ["0j"], ["0j"], ["0j"], ["(0.000984459848697236-0.014273476584675211j)"], ["0j"], ["0j"], ["0j"], ["0j"], ["0j"], ["0j"], ["0j"], ["0j"], ["(-0.0011990975869268633+0.017385464071856174j)"], ["0j"], ["0j"], ["(-0.0009844598487022066+0.014273476584678164j)"], ["0j"], ["0j"], ["0j"], ["0j"], ["0j"], ["0j"], ["0j"], ["0j"], ["0j"], ["0j"], ["0j"], ["(-0.06797532323384961+0.985559935020657j)"], ["0j"], ["0j"], ["0j"], ["0j"], ["0j"], ["0j"], ["0j"], ["0j"], ["0j"], ["0j"], ["0j"], ["0j"], ["0j"], ["0j"], ["0j"]]}