{"geometry": [["H", [0.0, 0.0, 0.0]], ["H", [0.9339, 0.0, 0.0]], ["H", [1.2066, -0.8274, 0.0]], ["H", [0.2552, -0.1164, -0.4074]]], "multiplicity": 1, "canonical_orbitals": [[0.35579367019034513, 0.5228220502610187, 0.3584126887461044, 1.5900847353963212], [0.2794857111920217, -0.522181414722394, -1.3126990163932488, 0.2503938563549146], [0.1181975836111446, -0.709382057870899, 0.9892607562507456, 0.09852015230666518], [0.42622506958196615, 0.3544897576079384, 0.2285307565206589, -1.7812617595334423]], "canonical_to_oao": [[0.5661886121202442, 0.480605728766422, 0.2782052098592693, 0.6091391057791405], [0.43406446310335767, -0.4497091531319741, -0.7272972468869887, 0.28352854200366595], [0.1992637852211535, -0.7452667355494396, 0.6254165467600719, 0.11715621973045379], [0.6717979169925152, 0.10657065238472208, 0.04994716124540992, -0.7313245079021609]], "orbital_energies": [-0.900728887395301, -0.33541883172305054, 0.6115334195724705, 0.9585703689186437], "exact_energy": -1.8651254262732362, "ground_states": [["0j"], ["0j"], ["0j"], ["0j"], ["0j"], ["0j"], ["0j"], ["0j"], ["0j"], ["0j"], ["0j"], ["0j"], ["0j"], ["0j"], ["0j"], ["(0.005139513349450383+0.008846338836943015j)"], ["0j"], ["0j"], ["0j"], ["0j"], ["0j"], ["0j"], ["0j"], ["0j"], ["0j"], ["0j"], ["0j"], ["(0.0009226316318557782+0.0015880709869059483j)"], ["0j"], ["0j"], ["(-0.0004520228765894034-0.0007780401093397696j)"], ["0j"], ["0j"], ["0j"], ["0j"], ["0j"], ["0j"], ["0j"], ["0j"], ["(-0.0009226316318557775-0.0015880709869059238j)"], ["0j"], ["0j"], ["0j"], ["0j"], ["0j"], ["(0.00045202287658943803+0.0007780401093397507j)"], ["0j"], ["0j"], ["0j"], ["0j"], ["0j"], ["(-0.024155540392551706-0.04157749587805373j)"], ["0j"], ["0j"], ["(-0.0009438243454796605-0.0016245487451768262j)"], ["0j"], ["0j"], ["(0.0009438243454796635+0.001624548745176819j)"], ["0j"], ["0j"], ["(-0.01649573917124524-0.02839313533260384j)"], ["0j"], ["0j"], ["0j"], ["0j"], ["0j"], ["0j"], ["0j"], ["0j"], ["0j"], ["0j"], ["0j"], ["0j"], ["0j"], ["0j"], ["(0.0007191405235371319+0.00123781383762064j)"], ["0j"], ["0j"], ["(-0.00025108537002898674-0.00043217832297550725j)"], ["0j"], ["0j"], ["0j"], ["0j"], ["0j"], ["0j"], ["0j"], ["0j"], ["0j"], ["0j"], ["0j"], ["(0.001903207523125385+0.003275877983347712j)"], ["0j"], ["0j"], ["0j"], ["0j"], ["0j"], ["0j"], ["0j"], ["0j"], ["(-0.01644738502485502-0.028309906214581324j)"], ["0j"], ["0j"], ["(0.002341223902227405+0.004029809541105453j)"], ["0j"], ["0j"], ["(-0.0042444314253527946-0.007305687524453092j)"], ["0j"], ["0j"], ["(0.02235707854127513+0.03848191039360124j)"], ["0j"], ["0j"], ["0j"], ["0j"], ["0j"], ["(0.0004441615528124999+0.0007645088799976837j)"], ["0j"], ["0j"], ["0j"], ["0j"], ["0j"], ["(0.0007187979153205025+0.0012372241264622759j)"], ["0j"], ["0j"], ["0j"], ["0j"], ["0j"], ["0j"], ["0j"], ["0j"], ["0j"], ["0j"], ["0j"], ["0j"], ["0j"], ["0j"], ["(-0.0007191405235370793-0.0012378138376206473j)"], ["0j"], ["0j"], ["0j"], ["0j"], ["0j"], ["(0.00025108537002900474+0.000432178322975467j)"], ["0j"], ["0j"], ["0j"], ["0j"], ["0j"], ["(0.016447385024855005+0.028309906214581366j)"], ["0j"], ["0j"], ["(-0.004244431425352837-0.007305687524453022j)"], ["0j"], ["0j"], ["(0.0023412239022275014+0.004029809541105353j)"], ["0j"], ["0j"], ["(-0.02235707854127503-0.03848191039360127j)"], ["0j"], ["0j"], ["0j"], ["0j"], ["0j"], ["0j"], ["0j"], ["0j"], ["(0.0019032075231253628+0.003275877983347732j)"], ["0j"], ["0j"], ["0j"], ["0j"], ["0j"], ["0j"], ["0j"], ["0j"], ["0j"], ["0j"], ["0j"], ["(-0.00044416155281253267-0.000764508879997711j)"], ["0j"], ["0j"], ["(-0.000718797915320636-0.0012372241264621473j)"], ["0j"], ["0j"], ["0j"], ["0j"], ["0j"], ["0j"], ["0j"], ["0j"], ["0j"], ["0j"], ["0j"], ["0j"], ["0j"], ["0j"], ["(-0.01420760135247526-0.0244546997115293j)"], ["0j"], ["0j"], ["(0.0058765241591872824+0.010114911735993895j)"], ["0j"], ["0j"], ["(-0.005876524159187438-0.010114911735993978j)"], ["0j"], ["0j"], ["(-0.06371560510960358-0.10966988383456326j)"], ["0j"], ["0j"], ["0j"], ["0j"], ["0j"], ["(0.001325968378492167+0.002282310554649411j)"], ["0j"], ["0j"], ["0j"], ["0j"], ["0j"], ["(-0.008196950984526335-0.014108924504824712j)"], ["0j"], ["0j"], ["0j"], ["0j"], ["0j"], ["0j"], ["0j"], ["0j"], ["(-0.0013259683784922112-0.002282310554649569j)"], ["0j"], ["0j"], ["(0.008196950984526297+0.014108924504824857j)"], ["0j"], ["0j"], ["0j"], ["0j"], ["0j"], ["0j"], ["0j"], ["0j"], ["0j"], ["0j"], ["0j"], ["(0.4953818953135145+0.8526714110196862j)"], ["0j"], ["0j"], ["0j"], ["0j"], ["0j"], ["0j"], ["0j"], ["0j"], ["0j"], ["0j"], ["0j"], ["0j"], ["0j"], ["0j"], ["0j"]]}