{"geometry": [["H", [0.0, 0.0, 0.0]], ["H", [0.603, 0.0, 0.0]], ["H", [-0.1195, -0.448, 0.0]], ["H", [0.3575, -0.4627, 0.1336]]], "multiplicity": 1, "canonical_orbitals": [[0.34433453987451407, 0.2593992069892276, 1.4252263283173714, 1.7988280593356865], [0.14234317044774356, -1.0869657810752549, 0.30850424643909236, -1.7182229063212915], [0.2554840949603169, 1.0302715019629527, -0.3346170976558406, -2.2383275164284053], [0.3520960436366906, -0.30381845681203107, -1.3668689473841198, 1.9318643383545333]], "canonical_to_oao": [[0.5290751994335291, 0.41878550395929887, 0.5126073219103755, 0.5309725685398493], [0.16790593200622728, -0.7523114977995652, 0.6146747554590912, -0.16736174376780708], [0.6990510929491907, 0.17230582310540865, -0.1636951252628001, -0.6744198831111863], [0.4507933016228559, -0.47849432104895434, -0.5767257446051605, 0.484990720989061]], "orbital_energies": [-1.200327616742571, -0.18116736249264861, 0.533685475403097, 1.9463705855272322], "exact_energy": -0.8179077541567413, "ground_states": [["0j"], ["0j"], ["0j"], ["0j"], ["0j"], ["0j"], ["0j"], ["0j"], ["0j"], ["0j"], ["0j"], ["0j"], ["0j"], ["0j"], ["0j"], ["(0.0038807457244380097+0.0007317054994590874j)"], ["0j"], ["0j"], ["0j"], ["0j"], ["0j"], ["0j"], ["0j"], ["0j"], ["0j"], ["0j"], ["0j"], ["(0.00159613137864543+0.00030094682582768197j)"], ["0j"], ["0j"], ["(-0.00024473480285621535-4.614417276330406e-05j)"], ["0j"], ["0j"], ["0j"], ["0j"], ["0j"], ["0j"], ["0j"], ["0j"], ["(-0.0015961313786454299-0.0003009468258277371j)"], ["0j"], ["0j"], ["0j"], ["0j"], ["0j"], ["(0.0002447348028562249+4.6144172763310437e-05j)"], ["0j"], ["0j"], ["0j"], ["0j"], ["0j"], ["(-0.0143170730910426-0.0026994505336704684j)"], ["0j"], ["0j"], ["(0.0009060577433672436+0.00017083506128073042j)"], ["0j"], ["0j"], ["(-0.0009060577433672301-0.0001708350612807317j)"], ["0j"], ["0j"], ["(-0.05630982470979131-0.010617085307669388j)"], ["0j"], ["0j"], ["0j"], ["0j"], ["0j"], ["0j"], ["0j"], ["0j"], ["0j"], ["0j"], ["0j"], ["0j"], ["0j"], ["0j"], ["(0.0004029110483083548+7.596793265364823e-05j)"], ["0j"], ["0j"], ["(0.0030788264237532077+0.0005805054971661063j)"], ["0j"], ["0j"], ["0j"], ["0j"], ["0j"], ["0j"], ["0j"], ["0j"], ["0j"], ["0j"], ["0j"], ["(0.006684493382809028+0.0012603455409352863j)"], ["0j"], ["0j"], ["0j"], ["0j"], ["0j"], ["0j"], ["0j"], ["0j"], ["(-0.00267426776521311-0.0005042269114697059j)"], ["0j"], ["0j"], ["(0.013043234762216867+0.0024592713060664186j)"], ["0j"], ["0j"], ["(-0.019727728145025863-0.0037196168470016956j)"], ["0j"], ["0j"], ["(-0.0017441718107754488-0.00032885950190169455j)"], ["0j"], ["0j"], ["0j"], ["0j"], ["0j"], ["(-0.003674241984321632-0.0006927697038591331j)"], ["0j"], ["0j"], ["0j"], ["0j"], ["0j"], ["(-0.0003181175511749713-5.9980317752542165e-05j)"], ["0j"], ["0j"], ["0j"], ["0j"], ["0j"], ["0j"], ["0j"], ["0j"], ["0j"], ["0j"], ["0j"], ["0j"], ["0j"], ["0j"], ["(-0.00040291104830834115-7.596793265365083e-05j)"], ["0j"], ["0j"], ["0j"], ["0j"], ["0j"], ["(-0.0030788264237532974-0.0005805054971661563j)"], ["0j"], ["0j"], ["0j"], ["0j"], ["0j"], ["(0.0026742677652131126+0.0005042269114696933j)"], ["0j"], ["0j"], ["(-0.019727728145025863-0.003719616847001673j)"], ["0j"], ["0j"], ["(0.013043234762216763+0.0024592713060662876j)"], ["0j"], ["0j"], ["(0.0017441718107754052+0.00032885950190175814j)"], ["0j"], ["0j"], ["0j"], ["0j"], ["0j"], ["0j"], ["0j"], ["0j"], ["(0.006684493382809129+0.0012603455409353885j)"], ["0j"], ["0j"], ["0j"], ["0j"], ["0j"], ["0j"], ["0j"], ["0j"], ["0j"], ["0j"], ["0j"], ["(0.0036742419843216923+0.0006927697038591927j)"], ["0j"], ["0j"], ["(0.00031811755117501435+5.998031775282048e-05j)"], ["0j"], ["0j"], ["0j"], ["0j"], ["0j"], ["0j"], ["0j"], ["0j"], ["0j"], ["0j"], ["0j"], ["0j"], ["0j"], ["0j"], ["(-0.042568833720117986-0.008026253702329438j)"], ["0j"], ["0j"], ["(-0.00389291328717883-0.0007339996648604353j)"], ["0j"], ["0j"], ["(0.0038929132871787587+0.0007339996648604391j)"], ["0j"], ["0j"], ["(-0.04367680903342997-0.00823515984758657j)"], ["0j"], ["0j"], ["0j"], ["0j"], ["0j"], ["(0.0007959136468084264+0.00015006765034793204j)"], ["0j"], ["0j"], ["0j"], ["0j"], ["0j"], ["(-0.03368594975972497-0.006351406776917822j)"], ["0j"], ["0j"], ["0j"], ["0j"], ["0j"], ["0j"], ["0j"], ["0j"], ["(-0.0007959136468084291-0.0001500676503479522j)"], ["0j"], ["0j"], ["(0.033685949759727454+0.0063514067769204745j)"], ["0j"], ["0j"], ["0j"], ["0j"], ["0j"], ["0j"], ["0j"], ["0j"], ["0j"], ["0j"], ["0j"], ["(0.9772291609298401+0.18425426504533576j)"], ["0j"], ["0j"], ["0j"], ["0j"], ["0j"], ["0j"], ["0j"], ["0j"], ["0j"], ["0j"], ["0j"], ["0j"], ["0j"], ["0j"], ["0j"]]}