{"geometry": [["H", [0.0, 0.0, 0.0]], ["H", [0.6289, 0.0, 0.0]], ["H", [-0.5124, 0.0838, 0.0]], ["H", [0.7253, -0.5088, 0.3996]]], "multiplicity": 1, "canonical_orbitals": [[0.44418095584620054, 0.40814965403759623, 0.39973836050610106, 2.3680398302237107], [0.33163174253628497, -0.47147704405043395, 1.1572985282536237, -1.43706778934531], [0.18302086168015233, 0.6464218808500644, -0.6683623963064093, -1.5922431928539171], [0.210675241987248, -0.6103159632547898, -1.2456462869755964, 0.2927969414614638]], "canonical_to_oao": [[0.5976880091197497, 0.543738501943961, 0.41770000274631114, 0.41550474481519906], [0.3117133359431318, -0.3857160979530858, 0.6399486942917201, -0.5869612905885473], [0.19575193360857465, 0.5937041651934196, -0.36855367844401693, -0.6880150658422162], [0.7122394403837672, -0.45065163653931917, -0.5293019577570443, 0.097301179647594]], "orbital_energies": [-0.9472560680066212, -0.39076312689816833, 0.6609436663074327, 1.6463655384027138], "exact_energy": -1.836095839339876, "ground_states": [["0j"], ["0j"], ["0j"], ["0j"], ["0j"], ["0j"], ["0j"], ["0j"], ["0j"], ["0j"], ["0j"], ["0j"], ["0j"], ["0j"], ["0j"], ["(-0.0009806020225659063-0.005243707155241454j)"], ["0j"], ["0j"], ["0j"], ["0j"], ["0j"], ["0j"], ["0j"], ["0j"], ["0j"], ["0j"], ["0j"], ["(-4.872840228591892e-05-0.00026057204232713256j)"], ["0j"], ["0j"], ["(-0.00011300414856293008-0.0006042825210994513j)"], ["0j"], ["0j"], ["0j"], ["0j"], ["0j"], ["0j"], ["0j"], ["0j"], ["(4.872840228589565e-05+0.00026057204232713744j)"], ["0j"], ["0j"], ["0j"], ["0j"], ["0j"], ["(0.00011300414856293174+0.0006042825210994585j)"], ["0j"], ["0j"], ["0j"], ["0j"], ["0j"], ["(0.004653303388502805+0.024883244896796757j)"], ["0j"], ["0j"], ["(5.421335519435026e-05+0.00028990248031348124j)"], ["0j"], ["0j"], ["(-5.421335519435577e-05-0.00028990248031349186j)"], ["0j"], ["0j"], ["(0.0076902321900262595+0.04112302915181768j)"], ["0j"], ["0j"], ["0j"], ["0j"], ["0j"], ["0j"], ["0j"], ["0j"], ["0j"], ["0j"], ["0j"], ["0j"], ["0j"], ["0j"], ["(0.00010289253430465215+0.0005502113048292349j)"], ["0j"], ["0j"], ["(9.592830050647171e-05+0.0005129705060568788j)"], ["0j"], ["0j"], ["0j"], ["0j"], ["0j"], ["0j"], ["0j"], ["0j"], ["0j"], ["0j"], ["0j"], ["(-0.0023289569839545546-0.012453949838953463j)"], ["0j"], ["0j"], ["0j"], ["0j"], ["0j"], ["0j"], ["0j"], ["0j"], ["(0.0019716232172423045+0.010543130172871722j)"], ["0j"], ["0j"], ["(-0.002744840061122654-0.014677858231253138j)"], ["0j"], ["0j"], ["(0.005073797045077232+0.027131808070206643j)"], ["0j"], ["0j"], ["(-0.00602996645695477-0.032244863388577065j)"], ["0j"], ["0j"], ["0j"], ["0j"], ["0j"], ["(1.776304392748614e-05+9.498675140167279e-05j)"], ["0j"], ["0j"], ["0j"], ["0j"], ["0j"], ["(0.0005477841155377876+0.0029292408337664735j)"], ["0j"], ["0j"], ["0j"], ["0j"], ["0j"], ["0j"], ["0j"], ["0j"], ["0j"], ["0j"], ["0j"], ["0j"], ["0j"], ["0j"], ["(-0.00010289253430463037-0.0005502113048292491j)"], ["0j"], ["0j"], ["0j"], ["0j"], ["0j"], ["(-9.592830050649674e-05-0.0005129705060568817j)"], ["0j"], ["0j"], ["0j"], ["0j"], ["0j"], ["(-0.0019716232172422776-0.010543130172871742j)"], ["0j"], ["0j"], ["(0.005073797045077209+0.027131808070206636j)"], ["0j"], ["0j"], ["(-0.002744840061122672-0.014677858231253135j)"], ["0j"], ["0j"], ["(0.006029966456954782+0.03224486338857709j)"], ["0j"], ["0j"], ["0j"], ["0j"], ["0j"], ["0j"], ["0j"], ["0j"], ["(-0.002328956983954551-0.012453949838953473j)"], ["0j"], ["0j"], ["0j"], ["0j"], ["0j"], ["0j"], ["0j"], ["0j"], ["0j"], ["0j"], ["0j"], ["(-1.7763043927474467e-05-9.498675140166444e-05j)"], ["0j"], ["0j"], ["(-0.0005477841155380351-0.0029292408337660736j)"], ["0j"], ["0j"], ["0j"], ["0j"], ["0j"], ["0j"], ["0j"], ["0j"], ["0j"], ["0j"], ["0j"], ["0j"], ["0j"], ["0j"], ["(0.0053065589641531396+0.02837648767767098j)"], ["0j"], ["0j"], ["(-0.00197624260349061-0.01056783204801156j)"], ["0j"], ["0j"], ["(0.001976242603490645+0.010567832048011554j)"], ["0j"], ["0j"], ["(0.016339416406361575+0.08737399347628863j)"], ["0j"], ["0j"], ["0j"], ["0j"], ["0j"], ["(0.00024730221098705186+0.001322432896749228j)"], ["0j"], ["0j"], ["0j"], ["0j"], ["0j"], ["(0.0003110979290138628+0.001663576454880741j)"], ["0j"], ["0j"], ["0j"], ["0j"], ["0j"], ["0j"], ["0j"], ["0j"], ["(-0.0002473022109870811-0.0013224328967491995j)"], ["0j"], ["0j"], ["(-0.00031109792901314135-0.0016635764548812266j)"], ["0j"], ["0j"], ["0j"], ["0j"], ["0j"], ["0j"], ["0j"], ["0j"], ["0j"], ["0j"], ["0j"], ["(-0.18233433367590807-0.9750212911459597j)"], ["0j"], ["0j"], ["0j"], ["0j"], ["0j"], ["0j"], ["0j"], ["0j"], ["0j"], ["0j"], ["0j"], ["0j"], ["0j"], ["0j"], ["0j"]]}