{"geometry": [["H", [0.0, 0.0, 0.0]], ["H", [0.4587, 0.0, 0.0]], ["H", [-0.3709, 0.4415, 0.0]], ["H", [0.2455, 1.247, -0.7042]]], "multiplicity": 1, "canonical_orbitals": [[0.5454808282632525, 0.32819535484778833, 0.20333589379798028, 2.504296627266144], [0.29575217933615516, 0.47712565739105284, -0.8515047169547084, -1.6935194034258951], [0.2358240177579547, -0.5625405239375421, 0.9454508839854131, -1.3053129964085168], [0.025546185171505004, -0.8229111551439466, -0.6415162204560431, 0.33281130786591523]], "canonical_to_oao": [[0.6625301607791728, 0.5515693533110606, 0.4853016621002693, 0.14597030968199157], [0.1808472200999951, 0.3623757187286429, -0.4134635916559501, -0.8154912506170514], [0.09112126175695578, -0.5321212282920221, 0.6435729188164611, -0.5425475207047493], [0.7211414456927616, -0.5303791901695503, -0.4234903225620855, 0.13895638393218168]], "orbital_energies": [-0.979621295541016, -0.20644352941716498, 0.30834802361663055, 1.551625585167316], "exact_energy": -1.61597696501204, "ground_states": [["0j"], ["0j"], ["0j"], ["0j"], ["0j"], ["0j"], ["0j"], ["0j"], ["0j"], ["0j"], ["0j"], ["0j"], ["0j"], ["0j"], ["0j"], ["(0.01374169081246697+0j)"], ["0j"], ["0j"], ["0j"], ["0j"], ["0j"], ["0j"], ["0j"], ["0j"], ["0j"], ["0j"], ["0j"], ["(-0.004677050440329671+0j)"], ["0j"], ["0j"], ["(-0.0005210424396476787+0j)"], ["0j"], ["0j"], ["0j"], ["0j"], ["0j"], ["0j"], ["0j"], ["0j"], ["(0.004677050440329775+0j)"], ["0j"], ["0j"], ["0j"], ["0j"], ["0j"], ["(0.0005210424396478036+0j)"], ["0j"], ["0j"], ["0j"], ["0j"], ["0j"], ["(-0.029161048606238988+0j)"], ["0j"], ["0j"], ["(0.009235860910698078+0j)"], ["0j"], ["0j"], ["(-0.00923586091069806+0j)"], ["0j"], ["0j"], ["(-0.03225745182133881+0j)"], ["0j"], ["0j"], ["0j"], ["0j"], ["0j"], ["0j"], ["0j"], ["0j"], ["0j"], ["0j"], ["0j"], ["0j"], ["0j"], ["0j"], ["(-0.0011616444490836673+0j)"], ["0j"], ["0j"], ["(-0.004736574698251111+0j)"], ["0j"], ["0j"], ["0j"], ["0j"], ["0j"], ["0j"], ["0j"], ["0j"], ["0j"], ["0j"], ["0j"], ["(0.023182401083374656+0j)"], ["0j"], ["0j"], ["0j"], ["0j"], ["0j"], ["0j"], ["0j"], ["0j"], ["(-0.008871139516261332+0j)"], ["0j"], ["0j"], ["(0.01557030603601419+0j)"], ["0j"], ["0j"], ["(-0.038752707119388906+0j)"], ["0j"], ["0j"], ["(0.01917804625103459+0j)"], ["0j"], ["0j"], ["0j"], ["0j"], ["0j"], ["(0.0035259667255076324+0j)"], ["0j"], ["0j"], ["0j"], ["0j"], ["0j"], ["(-0.0036570614640735067+0j)"], ["0j"], ["0j"], ["0j"], ["0j"], ["0j"], ["0j"], ["0j"], ["0j"], ["0j"], ["0j"], ["0j"], ["0j"], ["0j"], ["0j"], ["(0.0011616444490836408+0j)"], ["0j"], ["0j"], ["0j"], ["0j"], ["0j"], ["(0.004736574698251179+0j)"], ["0j"], ["0j"], ["0j"], ["0j"], ["0j"], ["(0.008871139516261345+0j)"], ["0j"], ["0j"], ["(-0.038752707119388836+0j)"], ["0j"], ["0j"], ["(0.015570306036014182+0j)"], ["0j"], ["0j"], ["(-0.01917804625103457+0j)"], ["0j"], ["0j"], ["0j"], ["0j"], ["0j"], ["0j"], ["0j"], ["0j"], ["(0.023182401083374722+0j)"], ["0j"], ["0j"], ["0j"], ["0j"], ["0j"], ["0j"], ["0j"], ["0j"], ["0j"], ["0j"], ["0j"], ["(-0.0035259667255077005+0j)"], ["0j"], ["0j"], ["(0.0036570614640735466+0j)"], ["0j"], ["0j"], ["0j"], ["0j"], ["0j"], ["0j"], ["0j"], ["0j"], ["0j"], ["0j"], ["0j"], ["0j"], ["0j"], ["0j"], ["(-0.011172240082104322+0j)"], ["0j"], ["0j"], ["(-0.021923966506693527+0j)"], ["0j"], ["0j"], ["(0.02192396650669343+0j)"], ["0j"], ["0j"], ["(-0.34496083481409373+0j)"], ["0j"], ["0j"], ["0j"], ["0j"], ["0j"], ["(0.0048372110446951565+0j)"], ["0j"], ["0j"], ["0j"], ["0j"], ["0j"], ["(0.12391754982295919+0j)"], ["0j"], ["0j"], ["0j"], ["0j"], ["0j"], ["0j"], ["0j"], ["0j"], ["(-0.004837211044695119+0j)"], ["0j"], ["0j"], ["(-0.12391754982296126+0j)"], ["0j"], ["0j"], ["0j"], ["0j"], ["0j"], ["0j"], ["0j"], ["0j"], ["0j"], ["0j"], ["0j"], ["(0.917228377364974+0j)"], ["0j"], ["0j"], ["0j"], ["0j"], ["0j"], ["0j"], ["0j"], ["0j"], ["0j"], ["0j"], ["0j"], ["0j"], ["0j"], ["0j"], ["0j"]], "hf_energy": -1.5397134171917068}