{"geometry": [["H", [0.0, 0.0, 0.0]], ["H", [0.8466, 0.0, 0.0]], ["H", [-0.4122, 0.3443, 0.0]], ["H", [-0.4662, 0.0132, -0.222]]], "multiplicity": 1, "canonical_orbitals": [[0.3196917007622583, 0.5525646667901729, 0.6534476891143244, 1.9788004210197299], [-0.00546148018295689, 0.8256904696214957, -0.3015467584470387, -0.9717575875649056], [0.3658012454383957, -0.4252842527755725, -2.0839606224428064, 0.03330978132553403], [0.3806297899549219, -0.47717250148006, 1.5824416678007052, -1.4852980969326819]], "canonical_to_oao": [[0.5324497412897453, 0.16417597396046768, 0.5829982961671569, 0.5913176043724795], [0.34441891667176905, 0.8540632167404609, -0.2670286594260982, -0.2839847296857386], [0.27074877053676516, -0.16351161547606863, -0.7671956651267847, 0.5580052564877063], [0.7242706580360428, -0.4657104497318842, -0.01481530026578548, -0.5082581015553027]], "orbital_energies": [-1.1598759865840607, -0.27297151804100606, 0.878431709264139, 1.1034191228924681], "exact_energy": -1.3216457606094032, "ground_states": [["0j"], ["0j"], ["0j"], ["0j"], ["0j"], ["0j"], ["0j"], ["0j"], ["0j"], ["0j"], ["0j"], ["0j"], ["0j"], ["0j"], ["0j"], ["(-2.7247878735113285e-06+0.00446240080893309j)"], ["0j"], ["0j"], ["0j"], ["0j"], ["0j"], ["0j"], ["0j"], ["0j"], ["0j"], ["0j"], ["0j"], ["(-2.6721373294869406e-07+0.0004376174709396275j)"], ["0j"], ["0j"], ["(-6.012079557673544e-07+0.0009846017351420027j)"], ["0j"], ["0j"], ["0j"], ["0j"], ["0j"], ["0j"], ["0j"], ["0j"], ["(2.672137329429808e-07-0.00043761747093965127j)"], ["0j"], ["0j"], ["0j"], ["0j"], ["0j"], ["(6.012079557653586e-07-0.0009846017351420003j)"], ["0j"], ["0j"], ["0j"], ["0j"], ["0j"], ["(1.78705041936621e-05-0.029266627741950532j)"], ["0j"], ["0j"], ["(2.626916606334939e-06-0.004302116470418231j)"], ["0j"], ["0j"], ["(-2.6269166063172694e-06+0.004302116470418226j)"], ["0j"], ["0j"], ["(2.8437398567503253e-05-0.04657209157642242j)"], ["0j"], ["0j"], ["0j"], ["0j"], ["0j"], ["0j"], ["0j"], ["0j"], ["0j"], ["0j"], ["0j"], ["0j"], ["0j"], ["0j"], ["(5.615541264454109e-07-0.0009196604302654824j)"], ["0j"], ["0j"], ["(7.636317108727922e-07-0.001250604055241317j)"], ["0j"], ["0j"], ["0j"], ["0j"], ["0j"], ["0j"], ["0j"], ["0j"], ["0j"], ["0j"], ["0j"], ["(-9.053778113059089e-07+0.0014827424611128929j)"], ["0j"], ["0j"], ["0j"], ["0j"], ["0j"], ["0j"], ["0j"], ["0j"], ["(3.082199584292163e-06-0.005047736028157986j)"], ["0j"], ["0j"], ["(-6.2465233988959675e-06+0.010229967381755446j)"], ["0j"], ["0j"], ["(7.151901210193677e-06-0.011712709842868334j)"], ["0j"], ["0j"], ["(-1.2116513895862939e-05+0.01984328465929719j)"], ["0j"], ["0j"], ["0j"], ["0j"], ["0j"], ["(8.125336597457121e-07-0.0013306910588547702j)"], ["0j"], ["0j"], ["0j"], ["0j"], ["0j"], ["(1.220937247075704e-07-0.00019995359669732247j)"], ["0j"], ["0j"], ["0j"], ["0j"], ["0j"], ["0j"], ["0j"], ["0j"], ["0j"], ["0j"], ["0j"], ["0j"], ["0j"], ["0j"], ["(-5.615541264404976e-07+0.0009196604302655031j)"], ["0j"], ["0j"], ["0j"], ["0j"], ["0j"], ["(-7.636317108689562e-07+0.0012506040552413054j)"], ["0j"], ["0j"], ["0j"], ["0j"], ["0j"], ["(-3.082199584294019e-06+0.005047736028157986j)"], ["0j"], ["0j"], ["(7.151901210209889e-06-0.011712709842868341j)"], ["0j"], ["0j"], ["(-6.246523398888618e-06+0.01022996738175545j)"], ["0j"], ["0j"], ["(1.211651389586218e-05-0.019843284659297182j)"], ["0j"], ["0j"], ["0j"], ["0j"], ["0j"], ["0j"], ["0j"], ["0j"], ["(-9.053778113153741e-07+0.0014827424611129011j)"], ["0j"], ["0j"], ["0j"], ["0j"], ["0j"], ["0j"], ["0j"], ["0j"], ["0j"], ["0j"], ["0j"], ["(-8.125336597532991e-07+0.0013306910588547828j)"], ["0j"], ["0j"], ["(-1.2209372459467228e-07+0.00019995359669716813j)"], ["0j"], ["0j"], ["0j"], ["0j"], ["0j"], ["0j"], ["0j"], ["0j"], ["0j"], ["0j"], ["0j"], ["0j"], ["0j"], ["0j"], ["(4.040539970330062e-05-0.0661721560323994j)"], ["0j"], ["0j"], ["(-1.1585158915361454e-05+0.01897308154447053j)"], ["0j"], ["0j"], ["(1.1585158915380245e-05-0.018973081544470572j)"], ["0j"], ["0j"], ["(1.3769350754018212e-05-0.02255014511053128j)"], ["0j"], ["0j"], ["0j"], ["0j"], ["0j"], ["(5.33108073679595e-06-0.008730741656475577j)"], ["0j"], ["0j"], ["0j"], ["0j"], ["0j"], ["(2.8406472681409157e-06-0.004652144407647676j)"], ["0j"], ["0j"], ["0j"], ["0j"], ["0j"], ["0j"], ["0j"], ["0j"], ["(-5.331080736805453e-06+0.008730741656475517j)"], ["0j"], ["0j"], ["(-2.840647268271565e-06+0.0046521444076476695j)"], ["0j"], ["0j"], ["0j"], ["0j"], ["0j"], ["0j"], ["0j"], ["0j"], ["0j"], ["0j"], ["0j"], ["(-0.0006074811228507943+0.9948753370388124j)"], ["0j"], ["0j"], ["0j"], ["0j"], ["0j"], ["0j"], ["0j"], ["0j"], ["0j"], ["0j"], ["0j"], ["0j"], ["0j"], ["0j"], ["0j"]], "hf_energy": -1.2975578566199806}