{"geometry": [["H", [0.0, 0.0, 0.0]], ["H", [0.9115, 0.0, 0.0]], ["H", [0.0538, 0.7666, 0.0]], ["H", [-0.6639, -0.4237, -0.0882]]], "multiplicity": 1, "canonical_orbitals": [[0.4628280920404704, 0.27086519092003647, 0.08987836024486395, 1.7128282232882557], [0.24991758825413246, -0.6599932783379445, 0.8267870140952128, -0.5655908327887447], [0.35774707325376115, -0.351483804784761, -0.9967863242443268, -0.7149254242126293], [0.1702717396972745, 0.7823936110138985, 0.24679621894924358, -1.0273269135064347]], "canonical_to_oao": [[0.6286639461772104, 0.4307990507813906, 0.5383944728271413, 0.3596181478345222], [0.19717014303225888, -0.5687431180130028, -0.27571921846733677, 0.7494225196624708], [0.05990237170824253, 0.6492458951326161, -0.7289025094972567, 0.20878842201084313], [0.7498781789979363, -0.263482848041665, -0.3206422240528332, -0.5152165269137259]], "orbital_energies": [-0.7976965929509564, -0.21318237569996326, 0.25133943495357797, 1.0412769078852642], "exact_energy": -1.89307513264747, "ground_states": [["0j"], ["0j"], ["0j"], ["0j"], ["0j"], ["0j"], ["0j"], ["0j"], ["0j"], ["0j"], ["0j"], ["0j"], ["0j"], ["0j"], ["0j"], ["(0.00019491426292799364-0.019691784279788755j)"], ["0j"], ["0j"], ["0j"], ["0j"], ["0j"], ["0j"], ["0j"], ["0j"], ["0j"], ["0j"], ["0j"], ["(1.081073631839386e-06-0.00010921862987578448j)"], ["0j"], ["0j"], ["(7.293385892463813e-05-0.007368356707523212j)"], ["0j"], ["0j"], ["0j"], ["0j"], ["0j"], ["0j"], ["0j"], ["0j"], ["(-1.0810736310667715e-06+0.00010921862987640197j)"], ["0j"], ["0j"], ["0j"], ["0j"], ["0j"], ["(-7.293385892469724e-05+0.007368356707522974j)"], ["0j"], ["0j"], ["0j"], ["0j"], ["0j"], ["(-0.00037284188421278817+0.037667443336876126j)"], ["0j"], ["0j"], ["(0.000141669041020278-0.014312529791240503j)"], ["0j"], ["0j"], ["(-0.00014166904102002836+0.014312529791240536j)"], ["0j"], ["0j"], ["(-0.0007381301521279907+0.0745717604641495j)"], ["0j"], ["0j"], ["0j"], ["0j"], ["0j"], ["0j"], ["0j"], ["0j"], ["0j"], ["0j"], ["0j"], ["0j"], ["0j"], ["0j"], ["(-3.299938275585356e-05+0.0033338592919231894j)"], ["0j"], ["0j"], ["(-1.5955473389205086e-05+0.001611948429736495j)"], ["0j"], ["0j"], ["0j"], ["0j"], ["0j"], ["0j"], ["0j"], ["0j"], ["0j"], ["0j"], ["0j"], ["(-0.0001273134849457061+0.01286221769408331j)"], ["0j"], ["0j"], ["0j"], ["0j"], ["0j"], ["0j"], ["0j"], ["0j"], ["(-0.00021967795172651047+0.022193608468883682j)"], ["0j"], ["0j"], ["(3.69433668279828e-05-0.003732311834016608j)"], ["0j"], ["0j"], ["(9.037011811712695e-05-0.009129905860067076j)"], ["0j"], ["0j"], ["(0.0010847165861637492-0.10958667004958542j)"], ["0j"], ["0j"], ["0j"], ["0j"], ["0j"], ["(2.9786257977486183e-06-0.00030092439505085124j)"], ["0j"], ["0j"], ["0j"], ["0j"], ["0j"], ["(0.00021591210343966231-0.02181315261612217j)"], ["0j"], ["0j"], ["0j"], ["0j"], ["0j"], ["0j"], ["0j"], ["0j"], ["0j"], ["0j"], ["0j"], ["0j"], ["0j"], ["0j"], ["(3.299938275544962e-05-0.0033338592919234995j)"], ["0j"], ["0j"], ["0j"], ["0j"], ["0j"], ["(1.5955473389138164e-05-0.0016119484297368012j)"], ["0j"], ["0j"], ["0j"], ["0j"], ["0j"], ["(0.00021967795172660683-0.022193608468883665j)"], ["0j"], ["0j"], ["(9.037011811864163e-05-0.009129905860065936j)"], ["0j"], ["0j"], ["(3.694336682788482e-05-0.003732311834016847j)"], ["0j"], ["0j"], ["(-0.001084716586164136+0.10958667004958546j)"], ["0j"], ["0j"], ["0j"], ["0j"], ["0j"], ["0j"], ["0j"], ["0j"], ["(-0.0001273134849459483+0.012862217694083149j)"], ["0j"], ["0j"], ["0j"], ["0j"], ["0j"], ["0j"], ["0j"], ["0j"], ["0j"], ["0j"], ["0j"], ["(-2.9786257976741137e-06+0.0003009243950510989j)"], ["0j"], ["0j"], ["(-0.00021591210343709484+0.021813152616123516j)"], ["0j"], ["0j"], ["0j"], ["0j"], ["0j"], ["0j"], ["0j"], ["0j"], ["0j"], ["0j"], ["0j"], ["0j"], ["0j"], ["0j"], ["(-0.0005203526208395596+0.05257014753599082j)"], ["0j"], ["0j"], ["(-0.0006114673384585585+0.06177527874142064j)"], ["0j"], ["0j"], ["(0.0006114673384573738-0.061775278741421524j)"], ["0j"], ["0j"], ["(-0.002212839350996176+0.22355857642776614j)"], ["0j"], ["0j"], ["0j"], ["0j"], ["0j"], ["(-0.0001962146767260337+0.019823162392403688j)"], ["0j"], ["0j"], ["0j"], ["0j"], ["0j"], ["(4.970345581331557e-05-0.0050214371965076774j)"], ["0j"], ["0j"], ["0j"], ["0j"], ["0j"], ["0j"], ["0j"], ["0j"], ["(0.00019621467672617147-0.019823162392402414j)"], ["0j"], ["0j"], ["(-4.9703455827852435e-05+0.005021437196496197j)"], ["0j"], ["0j"], ["0j"], ["0j"], ["0j"], ["0j"], ["0j"], ["0j"], ["0j"], ["0j"], ["0j"], ["(0.009412698079645314-0.9509453915317001j)"], ["0j"], ["0j"], ["0j"], ["0j"], ["0j"], ["0j"], ["0j"], ["0j"], ["0j"], ["0j"], ["0j"], ["0j"], ["0j"], ["0j"], ["0j"]], "hf_energy": -1.8231575986046076}