{"geometry": [["H", [0.0, 0.0, 0.0]], ["H", [0.6948, 0.0, 0.0]], ["H", [0.0256, 0.4605, 0.0]], ["H", [-0.8929, -0.099, -0.4101]]], "multiplicity": 1, "canonical_orbitals": [[0.4625391541282337, 0.14471064163642558, 0.018005462931697302, 2.1137411609562804], [0.22317486559670685, -0.7435940749069863, -0.9984460247335537, -0.6483705636136672], [0.38524048000784394, 0.04223497463686159, 1.1682475097044382, -1.3689748678717761], [0.04490633699822194, 0.8425977097239299, -0.6526339347904107, -0.5214182263538231]], "canonical_to_oao": [[0.6229747260533598, 0.4585299253486692, 0.5918980143202732, 0.22651608972035825], [0.08896090097456624, -0.5748382370474091, 0.04078385201486044, 0.812393769511344], [0.03357787995847439, -0.6193109310472203, 0.6255532304635172, -0.473296579873104], [0.776441224288119, -0.27525493542059315, -0.5066325827611212, -0.2543563874514878]], "orbital_energies": [-1.0058346278796846, -0.21148771463522323, 0.4593318432502475, 1.0447555655280603], "exact_energy": -1.642987013459351, "ground_states": [["0j"], ["0j"], ["0j"], ["0j"], ["0j"], ["0j"], ["0j"], ["0j"], ["0j"], ["0j"], ["0j"], ["0j"], ["0j"], ["0j"], ["0j"], ["(-0.006873959500501403+0.008778537986083692j)"], ["0j"], ["0j"], ["0j"], ["0j"], ["0j"], ["0j"], ["0j"], ["0j"], ["0j"], ["0j"], ["0j"], ["(-0.0015187138989103996+0.0019395062846392364j)"], ["0j"], ["0j"], ["(-0.0003418186191677233+0.0004365268274413969j)"], ["0j"], ["0j"], ["0j"], ["0j"], ["0j"], ["0j"], ["0j"], ["0j"], ["(0.0015187138989104126-0.001939506284639276j)"], ["0j"], ["0j"], ["0j"], ["0j"], ["0j"], ["(0.00034181861916772233-0.000436526827441382j)"], ["0j"], ["0j"], ["0j"], ["0j"], ["0j"], ["(0.026272650575356965-0.033552054104195865j)"], ["0j"], ["0j"], ["(0.007476844540346306-0.009548465307176247j)"], ["0j"], ["0j"], ["(-0.007476844540346293+0.009548465307176264j)"], ["0j"], ["0j"], ["(0.026561643199064653-0.033921118356717454j)"], ["0j"], ["0j"], ["0j"], ["0j"], ["0j"], ["0j"], ["0j"], ["0j"], ["0j"], ["0j"], ["0j"], ["0j"], ["0j"], ["0j"], ["(-0.004083093943829204+0.005214403035694116j)"], ["0j"], ["0j"], ["(-0.002853011655773639+0.0036434999643395484j)"], ["0j"], ["0j"], ["0j"], ["0j"], ["0j"], ["0j"], ["0j"], ["0j"], ["0j"], ["0j"], ["0j"], ["(-0.0011910368308812472+0.0015210392295668094j)"], ["0j"], ["0j"], ["0j"], ["0j"], ["0j"], ["0j"], ["0j"], ["0j"], ["(0.0020056879950029237-0.00256140703928806j)"], ["0j"], ["0j"], ["(0.005300535651533639-0.006769163181741818j)"], ["0j"], ["0j"], ["(-0.004109498820652356+0.0052481239521751065j)"], ["0j"], ["0j"], ["(-0.01191405337565541+0.015215098389623998j)"], ["0j"], ["0j"], ["0j"], ["0j"], ["0j"], ["(0.002762815346110429-0.003528312825031368j)"], ["0j"], ["0j"], ["0j"], ["0j"], ["0j"], ["(0.012913197130247824-0.016491076434389608j)"], ["0j"], ["0j"], ["0j"], ["0j"], ["0j"], ["0j"], ["0j"], ["0j"], ["0j"], ["0j"], ["0j"], ["0j"], ["0j"], ["0j"], ["(0.004083093943829198-0.005214403035694101j)"], ["0j"], ["0j"], ["0j"], ["0j"], ["0j"], ["(0.0028530116557736658-0.0036434999643395654j)"], ["0j"], ["0j"], ["0j"], ["0j"], ["0j"], ["(-0.0020056879950029237+0.0025614070392880497j)"], ["0j"], ["0j"], ["(-0.004109498820652283+0.005248123952175014j)"], ["0j"], ["0j"], ["(0.00530053565153364-0.006769163181741824j)"], ["0j"], ["0j"], ["(0.011914053375655398-0.015215098389624022j)"], ["0j"], ["0j"], ["0j"], ["0j"], ["0j"], ["0j"], ["0j"], ["0j"], ["(-0.0011910368308812344+0.0015210392295668075j)"], ["0j"], ["0j"], ["0j"], ["0j"], ["0j"], ["0j"], ["0j"], ["0j"], ["0j"], ["0j"], ["0j"], ["(-0.0027628153461104533+0.0035283128250313996j)"], ["0j"], ["0j"], ["(-0.01291319713024758+0.016491076434389254j)"], ["0j"], ["0j"], ["0j"], ["0j"], ["0j"], ["0j"], ["0j"], ["0j"], ["0j"], ["0j"], ["0j"], ["0j"], ["0j"], ["0j"], ["(0.012127068929801393-0.015487134489569168j)"], ["0j"], ["0j"], ["(-0.03916091701823941+0.05001129226749301j)"], ["0j"], ["0j"], ["(0.03916091701823945-0.050011292267492964j)"], ["0j"], ["0j"], ["(0.11797596916845327-0.15066375161430037j)"], ["0j"], ["0j"], ["0j"], ["0j"], ["0j"], ["(0.0012179537301764156-0.0015554140353704524j)"], ["0j"], ["0j"], ["0j"], ["0j"], ["0j"], ["(0.02408748100688702-0.03076143625702225j)"], ["0j"], ["0j"], ["0j"], ["0j"], ["0j"], ["0j"], ["0j"], ["0j"], ["(-0.0012179537301763984+0.0015554140353701187j)"], ["0j"], ["0j"], ["(-0.024087481006887637+0.030761436257022885j)"], ["0j"], ["0j"], ["0j"], ["0j"], ["0j"], ["0j"], ["0j"], ["0j"], ["0j"], ["0j"], ["0j"], ["(-0.5995478614333069+0.7656655055479465j)"], ["0j"], ["0j"], ["0j"], ["0j"], ["0j"], ["0j"], ["0j"], ["0j"], ["0j"], ["0j"], ["0j"], ["0j"], ["0j"], ["0j"], ["0j"]], "hf_energy": -1.5895936231451966}