{"geometry": [["H", [0.0, 0.0, 0.0]], ["H", [0.5191, 0.0, 0.0]], ["H", [0.9475, -0.5622, 0.0]], ["H", [0.2329, -0.2126, -0.5881]]], "multiplicity": 1, "canonical_orbitals": [[0.33327515737904223, 0.699192539879401, 0.775579915386957, 1.51462549647841], [0.4090015383473833, -0.37925932929931105, 0.664379825201133, -1.9690676235377889], [0.08082790754093494, -0.9615819658776353, -0.19934538785158012, 1.0351025366740123], [0.3007682876619928, 0.40906629678337003, -1.3930254759708633, -0.23974665605154086]], "canonical_to_oao": [[0.5549930317671057, 0.5772553836969494, 0.31527044471596033, 0.5092774326155156], [0.44041143325445564, -0.22005886352481852, -0.8242339221106221, 0.27973256457742324], [0.4403080249751773, 0.3649374534788806, -0.13668180169313032, -0.8088680876859539], [0.5514973683447432, -0.6965421549521633, 0.4500678542360718, -0.09010330552625044]], "orbital_energies": [-1.0416369100181486, -0.17492152920837487, 0.4576692340373978, 1.1809686309877345], "exact_energy": -1.43749042661741, "ground_states": [["0j"], ["0j"], ["0j"], ["0j"], ["0j"], ["0j"], ["0j"], ["0j"], ["0j"], ["0j"], ["0j"], ["0j"], ["0j"], ["0j"], ["0j"], ["(-0.008136059049566364+0j)"], ["0j"], ["0j"], ["0j"], ["0j"], ["0j"], ["0j"], ["0j"], ["0j"], ["0j"], ["0j"], ["0j"], ["(0.002913941037674742+0j)"], ["0j"], ["0j"], ["(-0.0026938507113390964+0j)"], ["0j"], ["0j"], ["0j"], ["0j"], ["0j"], ["0j"], ["0j"], ["0j"], ["(-0.002913941037674801+0j)"], ["0j"], ["0j"], ["0j"], ["0j"], ["0j"], ["(0.0026938507113392226+0j)"], ["0j"], ["0j"], ["0j"], ["0j"], ["0j"], ["(0.02982277521597717+0j)"], ["0j"], ["0j"], ["(-0.00021408622112753186+0j)"], ["0j"], ["0j"], ["(0.0002140862211275206+0j)"], ["0j"], ["0j"], ["(0.06324910405462357+0j)"], ["0j"], ["0j"], ["0j"], ["0j"], ["0j"], ["0j"], ["0j"], ["0j"], ["0j"], ["0j"], ["0j"], ["0j"], ["0j"], ["0j"], ["(0.002180884014664805+0j)"], ["0j"], ["0j"], ["(-0.0006197381592327202+0j)"], ["0j"], ["0j"], ["0j"], ["0j"], ["0j"], ["0j"], ["0j"], ["0j"], ["0j"], ["0j"], ["0j"], ["(-0.007945729542078029+0j)"], ["0j"], ["0j"], ["0j"], ["0j"], ["0j"], ["0j"], ["0j"], ["0j"], ["(-0.005252204043808576+0j)"], ["0j"], ["0j"], ["(-0.021392529774418176+0j)"], ["0j"], ["0j"], ["(0.029338259316496217+0j)"], ["0j"], ["0j"], ["(0.043612728906680796+0j)"], ["0j"], ["0j"], ["0j"], ["0j"], ["0j"], ["(-0.001956526950350059+0j)"], ["0j"], ["0j"], ["0j"], ["0j"], ["0j"], ["(-0.0035764113112660523+0j)"], ["0j"], ["0j"], ["0j"], ["0j"], ["0j"], ["0j"], ["0j"], ["0j"], ["0j"], ["0j"], ["0j"], ["0j"], ["0j"], ["0j"], ["(-0.002180884014664805+0j)"], ["0j"], ["0j"], ["0j"], ["0j"], ["0j"], ["(0.0006197381592326914+0j)"], ["0j"], ["0j"], ["0j"], ["0j"], ["0j"], ["(0.005252204043808557+0j)"], ["0j"], ["0j"], ["(0.02933825931649621+0j)"], ["0j"], ["0j"], ["(-0.021392529774418155+0j)"], ["0j"], ["0j"], ["(-0.04361272890668082+0j)"], ["0j"], ["0j"], ["0j"], ["0j"], ["0j"], ["0j"], ["0j"], ["0j"], ["(-0.007945729542078053+0j)"], ["0j"], ["0j"], ["0j"], ["0j"], ["0j"], ["0j"], ["0j"], ["0j"], ["0j"], ["0j"], ["0j"], ["(0.001956526950350107+0j)"], ["0j"], ["0j"], ["(0.003576411311266084+0j)"], ["0j"], ["0j"], ["0j"], ["0j"], ["0j"], ["0j"], ["0j"], ["0j"], ["0j"], ["0j"], ["0j"], ["0j"], ["0j"], ["0j"], ["(0.05672520239980732+0j)"], ["0j"], ["0j"], ["(0.004560556461761021+0j)"], ["0j"], ["0j"], ["(-0.004560556461760955+0j)"], ["0j"], ["0j"], ["(0.07825413073132613+0j)"], ["0j"], ["0j"], ["0j"], ["0j"], ["0j"], ["(0.010399721094282333+0j)"], ["0j"], ["0j"], ["0j"], ["0j"], ["0j"], ["(-0.043836153384448476+0j)"], ["0j"], ["0j"], ["0j"], ["0j"], ["0j"], ["0j"], ["0j"], ["0j"], ["(-0.010399721094282364+0j)"], ["0j"], ["0j"], ["(0.04383615338444918+0j)"], ["0j"], ["0j"], ["0j"], ["0j"], ["0j"], ["0j"], ["0j"], ["0j"], ["0j"], ["0j"], ["0j"], ["(-0.987372241648079+0j)"], ["0j"], ["0j"], ["0j"], ["0j"], ["0j"], ["0j"], ["0j"], ["0j"], ["0j"], ["0j"], ["0j"], ["0j"], ["0j"], ["0j"], ["0j"]], "hf_energy": -1.4059509182231171}