{"geometry": [["H", [0.0, 0.0, 0.0]], ["H", [0.5958, 0.0, 0.0]], ["H", [0.325, 0.4918, 0.0]], ["H", [1.0058, 0.6634, -0.4291]]], "multiplicity": 1, "canonical_orbitals": [[0.28071468149626566, 0.8077290153623758, 0.2936034830446202, 1.5204646479556092], [0.3780978014798796, 0.0025117429756938425, -1.6207217087420132, -0.733314405904016], [0.39099456675457894, -0.16273910028575933, 1.3124832229227867, -1.3479222983364385], [0.06000724609292965, -0.927457904388352, 0.029265055804898465, 0.9795513437803988]], "canonical_to_oao": [[0.5232403233221142, 0.5660464700908382, 0.570548832512677, 0.2833460560267098], [0.549867164356841, 0.005828481986702855, -0.09813618015283238, -0.8294464542723101], [0.14848263287271973, -0.7710215972782085, 0.6189403200482491, 0.019785966853226478], [0.6338916100936499, -0.29169010786448324, -0.5308071213557735, 0.4809803608723379]], "orbital_energies": [-1.0787491838064582, -0.22100435479180258, 0.6432003597946878, 0.9871346081751982], "exact_energy": -1.5012789411014726, "ground_states": [["0j"], ["0j"], ["0j"], ["0j"], ["0j"], ["0j"], ["0j"], ["0j"], ["0j"], ["0j"], ["0j"], ["0j"], ["0j"], ["0j"], ["0j"], ["(-0.006124148563952856+0j)"], ["0j"], ["0j"], ["0j"], ["0j"], ["0j"], ["0j"], ["0j"], ["0j"], ["0j"], ["0j"], ["0j"], ["(0.0002319636637715325+0j)"], ["0j"], ["0j"], ["(-0.0013616115585299848+0j)"], ["0j"], ["0j"], ["0j"], ["0j"], ["0j"], ["0j"], ["0j"], ["0j"], ["(-0.00023196366377152252+0j)"], ["0j"], ["0j"], ["0j"], ["0j"], ["0j"], ["(0.0013616115585301021+0j)"], ["0j"], ["0j"], ["0j"], ["0j"], ["0j"], ["(0.027835253704786952+0j)"], ["0j"], ["0j"], ["(0.0023221304328013823+0j)"], ["0j"], ["0j"], ["(-0.002322130432801377+0j)"], ["0j"], ["0j"], ["(0.05933060144307618+0j)"], ["0j"], ["0j"], ["0j"], ["0j"], ["0j"], ["0j"], ["0j"], ["0j"], ["0j"], ["0j"], ["0j"], ["0j"], ["0j"], ["0j"], ["(0.001155212298325169+0j)"], ["0j"], ["0j"], ["(0.005562476352438825+0j)"], ["0j"], ["0j"], ["0j"], ["0j"], ["0j"], ["0j"], ["0j"], ["0j"], ["0j"], ["0j"], ["0j"], ["(0.0003514813490374312+0j)"], ["0j"], ["0j"], ["0j"], ["0j"], ["0j"], ["0j"], ["0j"], ["0j"], ["(0.010849824110732873+0j)"], ["0j"], ["0j"], ["(-0.008603908741668623+0j)"], ["0j"], ["0j"], ["(0.008252427392631186+0j)"], ["0j"], ["0j"], ["(-0.0006551467057648044+0j)"], ["0j"], ["0j"], ["0j"], ["0j"], ["0j"], ["(-0.0089144612746863+0j)"], ["0j"], ["0j"], ["0j"], ["0j"], ["0j"], ["(-0.0022258254638576882+0j)"], ["0j"], ["0j"], ["0j"], ["0j"], ["0j"], ["0j"], ["0j"], ["0j"], ["0j"], ["0j"], ["0j"], ["0j"], ["0j"], ["0j"], ["(-0.0011552122983251654+0j)"], ["0j"], ["0j"], ["0j"], ["0j"], ["0j"], ["(-0.005562476352438835+0j)"], ["0j"], ["0j"], ["0j"], ["0j"], ["0j"], ["(-0.010849824110732854+0j)"], ["0j"], ["0j"], ["(0.008252427392631186+0j)"], ["0j"], ["0j"], ["(-0.00860390874166863+0j)"], ["0j"], ["0j"], ["(0.000655146705764807+0j)"], ["0j"], ["0j"], ["0j"], ["0j"], ["0j"], ["0j"], ["0j"], ["0j"], ["(0.00035148134903743535+0j)"], ["0j"], ["0j"], ["0j"], ["0j"], ["0j"], ["0j"], ["0j"], ["0j"], ["0j"], ["0j"], ["0j"], ["(0.008914461274686283+0j)"], ["0j"], ["0j"], ["(0.0022258254638576835+0j)"], ["0j"], ["0j"], ["0j"], ["0j"], ["0j"], ["0j"], ["0j"], ["0j"], ["0j"], ["0j"], ["0j"], ["0j"], ["0j"], ["0j"], ["(0.09361617373934217+0j)"], ["0j"], ["0j"], ["(-0.012370877710178035+0j)"], ["0j"], ["0j"], ["(0.012370877710178035+0j)"], ["0j"], ["0j"], ["(0.004581947848495233+0j)"], ["0j"], ["0j"], ["0j"], ["0j"], ["0j"], ["(0.008955700005135308+0j)"], ["0j"], ["0j"], ["0j"], ["0j"], ["0j"], ["(-0.000539922137927373+0j)"], ["0j"], ["0j"], ["0j"], ["0j"], ["0j"], ["0j"], ["0j"], ["0j"], ["(-0.008955700005135393+0j)"], ["0j"], ["0j"], ["(0.0005399221379273587+0j)"], ["0j"], ["0j"], ["0j"], ["0j"], ["0j"], ["0j"], ["0j"], ["0j"], ["0j"], ["0j"], ["0j"], ["(-0.9927974233254984+0j)"], ["0j"], ["0j"], ["0j"], ["0j"], ["0j"], ["0j"], ["0j"], ["0j"], ["0j"], ["0j"], ["0j"], ["0j"], ["0j"], ["0j"], ["0j"]], "hf_energy": -1.4732301824443463}