{"geometry": [["H", [0.0, 0.0, 0.0]], ["H", [1.2788, 0.0, 0.0]], ["H", [0.9307, -1.0244, 0.0]], ["H", [0.6405, -0.5126, 0.9392]]], "multiplicity": 1, "canonical_orbitals": [[0.24814122263005994, 0.748756853588004, 0.6485166745025721, 0.4439910236736492], [0.36280616712997016, -0.5538220663898856, 0.6033759820179365, -0.752578526916348], [0.3803548920040004, -0.5583159881322406, -0.3247519085011552, 0.9235791400482075], [0.36613604521372983, 0.5109019229218544, -0.803857875621018, -0.5670265137417883]], "canonical_to_oao": [[0.4031043817468746, 0.5209601731212044, 0.5412830237202684, 0.5226088821195443], [0.6525122434057034, -0.4492304598774205, -0.4507622822122376, 0.4113795462329078], [0.5481197344871724, 0.48196410748213475, -0.2627915642220787, -0.6310435401288679], [0.33361562656421945, -0.5426813899875279, 0.6593683696847848, -0.39928796091617147]], "orbital_energies": [-0.6409907855702226, -0.1180713529631347, 0.2753468303625694, 0.412419496351257], "exact_energy": -1.8458630594117966, "ground_states": [["0j"], ["0j"], ["0j"], ["0j"], ["0j"], ["0j"], ["0j"], ["0j"], ["0j"], ["0j"], ["0j"], ["0j"], ["0j"], ["0j"], ["0j"], ["(0.08464546917330834+0j)"], ["0j"], ["0j"], ["0j"], ["0j"], ["0j"], ["0j"], ["0j"], ["0j"], ["0j"], ["0j"], ["0j"], ["(-0.02086986503094139+0j)"], ["0j"], ["0j"], ["(0.0013901353241658754+0j)"], ["0j"], ["0j"], ["0j"], ["0j"], ["0j"], ["0j"], ["0j"], ["0j"], ["(0.02086986503094264+0j)"], ["0j"], ["0j"], ["0j"], ["0j"], ["0j"], ["(-0.0013901353241659448+0j)"], ["0j"], ["0j"], ["0j"], ["0j"], ["0j"], ["(-0.08457184019089387+0j)"], ["0j"], ["0j"], ["(0.0036044397589242915+0j)"], ["0j"], ["0j"], ["(-0.00360443975892461+0j)"], ["0j"], ["0j"], ["(-0.02271748040341969+0j)"], ["0j"], ["0j"], ["0j"], ["0j"], ["0j"], ["0j"], ["0j"], ["0j"], ["0j"], ["0j"], ["0j"], ["0j"], ["0j"], ["0j"], ["(-2.10123845313319e-05+0j)"], ["0j"], ["0j"], ["(0.014830969848812981+0j)"], ["0j"], ["0j"], ["0j"], ["0j"], ["0j"], ["0j"], ["0j"], ["0j"], ["0j"], ["0j"], ["0j"], ["(0.054175617750306104+0j)"], ["0j"], ["0j"], ["0j"], ["0j"], ["0j"], ["0j"], ["0j"], ["0j"], ["(0.03936511978823025+0j)"], ["0j"], ["0j"], ["(0.08829491776742682+0j)"], ["0j"], ["0j"], ["(-0.14247053551773284+0j)"], ["0j"], ["0j"], ["(-0.050375755273643776+0j)"], ["0j"], ["0j"], ["0j"], ["0j"], ["0j"], ["(-0.016232813833873184+0j)"], ["0j"], ["0j"], ["0j"], ["0j"], ["0j"], ["(0.005292965240227928+0j)"], ["0j"], ["0j"], ["0j"], ["0j"], ["0j"], ["0j"], ["0j"], ["0j"], ["0j"], ["0j"], ["0j"], ["0j"], ["0j"], ["0j"], ["(2.1012384532202136e-05+0j)"], ["0j"], ["0j"], ["0j"], ["0j"], ["0j"], ["(-0.01483096984881113+0j)"], ["0j"], ["0j"], ["0j"], ["0j"], ["0j"], ["(-0.039365119788230526+0j)"], ["0j"], ["0j"], ["(-0.14247053551773228+0j)"], ["0j"], ["0j"], ["(0.08829491776742589+0j)"], ["0j"], ["0j"], ["(0.050375755273644025+0j)"], ["0j"], ["0j"], ["0j"], ["0j"], ["0j"], ["0j"], ["0j"], ["0j"], ["(0.05417561775030629+0j)"], ["0j"], ["0j"], ["0j"], ["0j"], ["0j"], ["0j"], ["0j"], ["0j"], ["0j"], ["0j"], ["0j"], ["(0.016232813833871203+0j)"], ["0j"], ["0j"], ["(-0.005292965240228956+0j)"], ["0j"], ["0j"], ["0j"], ["0j"], ["0j"], ["0j"], ["0j"], ["0j"], ["0j"], ["0j"], ["0j"], ["0j"], ["0j"], ["0j"], ["(-0.05966508548236755+0j)"], ["0j"], ["0j"], ["(-0.03644269265640418+0j)"], ["0j"], ["0j"], ["(0.03644269265640586+0j)"], ["0j"], ["0j"], ["(-0.5534265901278279+0j)"], ["0j"], ["0j"], ["0j"], ["0j"], ["0j"], ["(-0.012272920139475976+0j)"], ["0j"], ["0j"], ["0j"], ["0j"], ["0j"], ["(0.1550329064910306+0j)"], ["0j"], ["0j"], ["0j"], ["0j"], ["0j"], ["0j"], ["0j"], ["0j"], ["(0.012272920139475759+0j)"], ["0j"], ["0j"], ["(-0.15503290649104287+0j)"], ["0j"], ["0j"], ["0j"], ["0j"], ["0j"], ["0j"], ["0j"], ["0j"], ["0j"], ["0j"], ["0j"], ["(0.7430623832407449+0j)"], ["0j"], ["0j"], ["0j"], ["0j"], ["0j"], ["0j"], ["0j"], ["0j"], ["0j"], ["0j"], ["0j"], ["0j"], ["0j"], ["0j"], ["0j"]], "hf_energy": -1.667456405247755}