{"geometry": [["H", [0.0, 0.0, 0.0]], ["H", [0.4992, 0.0, 0.0]], ["H", [-0.4464, 0.6112, 0.0]], ["H", [-0.0315, 0.5389, 0.046]]], "multiplicity": 1, "canonical_orbitals": [[0.36584758921119453, 0.4492683805508182, 1.9726696422661913, 0.7029654230493058], [0.14301206356809731, 0.7670280665428801, -1.0927606667453134, -1.283615026274607], [0.16018346848485798, -0.7653617174463321, 0.41698746093393946, -1.9244671670750753], [0.43416959232557606, -0.4062191662107341, -1.3793781639095846, 2.059613490983098]], "canonical_to_oao": [[0.5459141721239724, 0.41322550447029227, 0.4475963438396756, 0.5752216199960054], [0.32554375415568987, 0.6492419186688994, -0.6229226259826967, -0.29064341935122084], [0.7381541755157001, -0.4545736010944169, 0.135775996078915, -0.47964167171500927], [0.22611367489197953, -0.4484333336031694, -0.6270484781170889, 0.5954749007568957]], "orbital_energies": [-1.1263618681231027, -0.3599467076910845, 0.9679653339281254, 1.4456754577758866], "exact_energy": -1.307685929357875, "ground_states": [["0j"], ["0j"], ["0j"], ["0j"], ["0j"], ["0j"], ["0j"], ["0j"], ["0j"], ["0j"], ["0j"], ["0j"], ["0j"], ["0j"], ["0j"], ["(-0.003885048364595574+0.0002311571578370827j)"], ["0j"], ["0j"], ["0j"], ["0j"], ["0j"], ["0j"], ["0j"], ["0j"], ["0j"], ["0j"], ["0j"], ["(-0.0006756236322451319+4.0199046174183325e-05j)"], ["0j"], ["0j"], ["(0.0002558437819771147-1.522249298903936e-05j)"], ["0j"], ["0j"], ["0j"], ["0j"], ["0j"], ["0j"], ["0j"], ["0j"], ["(0.0006756236322451137-4.0199046174194865e-05j)"], ["0j"], ["0j"], ["0j"], ["0j"], ["0j"], ["(-0.00025584378197714277+1.5222492989046784e-05j)"], ["0j"], ["0j"], ["0j"], ["0j"], ["0j"], ["(0.02290883876846448-0.0013630569203011804j)"], ["0j"], ["0j"], ["(0.004103650930016406-0.0002441638293059018j)"], ["0j"], ["0j"], ["(-0.004103650930016405+0.000244163829305874j)"], ["0j"], ["0j"], ["(0.03981993800062458-0.0023692533090080015j)"], ["0j"], ["0j"], ["0j"], ["0j"], ["0j"], ["0j"], ["0j"], ["0j"], ["0j"], ["0j"], ["0j"], ["0j"], ["0j"], ["0j"], ["(-0.00018346377954764215+1.0915942831688639e-05j)"], ["0j"], ["0j"], ["(-0.0009506644655229787+5.6563747805457125e-05j)"], ["0j"], ["0j"], ["0j"], ["0j"], ["0j"], ["0j"], ["0j"], ["0j"], ["0j"], ["0j"], ["0j"], ["(0.00025154418169298957-1.4966670335556755e-05j)"], ["0j"], ["0j"], ["0j"], ["0j"], ["0j"], ["0j"], ["0j"], ["0j"], ["(-0.010053341248375437+0.0005981654722547916j)"], ["0j"], ["0j"], ["(-0.018142091694260086+0.001079439419977977j)"], ["0j"], ["0j"], ["(0.017890547512567065-0.0010644727496423932j)"], ["0j"], ["0j"], ["(0.01525511288408691-0.0009076665734473496j)"], ["0j"], ["0j"], ["0j"], ["0j"], ["0j"], ["(0.002261260314333608-0.00013454311461210948j)"], ["0j"], ["0j"], ["0j"], ["0j"], ["0j"], ["(0.0010882936209138292-6.475256848668556e-05j)"], ["0j"], ["0j"], ["0j"], ["0j"], ["0j"], ["0j"], ["0j"], ["0j"], ["0j"], ["0j"], ["0j"], ["0j"], ["0j"], ["0j"], ["(0.0001834637795476457-1.0915942831693236e-05j)"], ["0j"], ["0j"], ["0j"], ["0j"], ["0j"], ["(0.0009506644655229755-5.65637478054858e-05j)"], ["0j"], ["0j"], ["0j"], ["0j"], ["0j"], ["(0.010053341248375447-0.0005981654722548054j)"], ["0j"], ["0j"], ["(0.01789054751256708-0.0010644727496423925j)"], ["0j"], ["0j"], ["(-0.018142091694260096+0.0010794394199779508j)"], ["0j"], ["0j"], ["(-0.015255112884086954+0.0009076665734473768j)"], ["0j"], ["0j"], ["0j"], ["0j"], ["0j"], ["0j"], ["0j"], ["0j"], ["(0.0002515441816930121-1.4966670335565541e-05j)"], ["0j"], ["0j"], ["0j"], ["0j"], ["0j"], ["0j"], ["0j"], ["0j"], ["0j"], ["0j"], ["0j"], ["(-0.002261260314333575+0.00013454311461206947j)"], ["0j"], ["0j"], ["(-0.0010882936209138353+6.47525684868289e-05j)"], ["0j"], ["0j"], ["0j"], ["0j"], ["0j"], ["0j"], ["0j"], ["0j"], ["0j"], ["0j"], ["0j"], ["0j"], ["0j"], ["0j"], ["(0.05091218093356063-0.003029232570471607j)"], ["0j"], ["0j"], ["(-0.013038199721062838+0.0007757620775841325j)"], ["0j"], ["0j"], ["(0.01303819972106273-0.0007757620775840913j)"], ["0j"], ["0j"], ["(0.03133853049000065-0.0018646165913597584j)"], ["0j"], ["0j"], ["0j"], ["0j"], ["0j"], ["(-0.0006177233565502465+3.675402775702583e-05j)"], ["0j"], ["0j"], ["0j"], ["0j"], ["0j"], ["(0.0040648469303783425-0.0002418550234874044j)"], ["0j"], ["0j"], ["0j"], ["0j"], ["0j"], ["0j"], ["0j"], ["0j"], ["(0.0006177233565502619-3.675402775707887e-05j)"], ["0j"], ["0j"], ["(-0.004064846930378007+0.00024185502348753298j)"], ["0j"], ["0j"], ["0j"], ["0j"], ["0j"], ["0j"], ["0j"], ["0j"], ["0j"], ["0j"], ["0j"], ["(-0.9941748024834322+0.05915257679404968j)"], ["0j"], ["0j"], ["0j"], ["0j"], ["0j"], ["0j"], ["0j"], ["0j"], ["0j"], ["0j"], ["0j"], ["0j"], ["0j"], ["0j"], ["0j"]], "hf_energy": -1.285457197277394}