{"geometry": [["H", [0.0, 0.0, 0.0]], ["H", [0.814, 0.0, 0.0]], ["H", [0.0813, 0.4585, 0.0]], ["H", [-0.4006, 0.6609, 0.2637]]], "multiplicity": 1, "canonical_orbitals": [[0.36267699209722154, 0.2795947481149482, 1.480935590733153, 1.096761064761445], [0.09414580941352052, 0.8233667038488961, -0.9554216803577908, 0.4125028619533781], [0.47675405729170345, -0.17433405150266093, -0.15476183328432314, -2.2637304726069045], [0.17810061084130724, -0.786197590307951, -0.7692726702049466, 1.15579360161298]], "canonical_to_oao": [[0.5690478201400364, 0.3224637499419374, 0.6167200523673335, 0.43801607890040817], [0.1908695919477559, 0.7391800591534283, -0.11065400023650196, -0.6363468639439426], [0.7036245614656759, -0.5614945167746547, -0.04826426092838687, -0.4327897240592356], [0.3803496467275903, 0.18534799096648855, -0.7778705742967336, 0.4646478646482217]], "orbital_energies": [-1.0476705173271672, -0.26489305240534944, 0.6492981592776879, 1.1338545652096164], "exact_energy": -1.5690577974284712, "ground_states": [["0j"], ["0j"], ["0j"], ["0j"], ["0j"], ["0j"], ["0j"], ["0j"], ["0j"], ["0j"], ["0j"], ["0j"], ["0j"], ["0j"], ["0j"], ["(-0.007391407836653735+0j)"], ["0j"], ["0j"], ["0j"], ["0j"], ["0j"], ["0j"], ["0j"], ["0j"], ["0j"], ["0j"], ["0j"], ["(-0.0006410591319815917+0j)"], ["0j"], ["0j"], ["(-0.00017846249699104977+0j)"], ["0j"], ["0j"], ["0j"], ["0j"], ["0j"], ["0j"], ["0j"], ["0j"], ["(0.0006410591319815914+0j)"], ["0j"], ["0j"], ["0j"], ["0j"], ["0j"], ["(0.00017846249699109514+0j)"], ["0j"], ["0j"], ["0j"], ["0j"], ["0j"], ["(0.03870808291823256+0j)"], ["0j"], ["0j"], ["(-0.009205737968165482+0j)"], ["0j"], ["0j"], ["(0.009205737968165468+0j)"], ["0j"], ["0j"], ["(0.03817387070190655+0j)"], ["0j"], ["0j"], ["0j"], ["0j"], ["0j"], ["0j"], ["0j"], ["0j"], ["0j"], ["0j"], ["0j"], ["0j"], ["0j"], ["0j"], ["(-0.002993029160340774+0j)"], ["0j"], ["0j"], ["(0.00290630810870385+0j)"], ["0j"], ["0j"], ["0j"], ["0j"], ["0j"], ["0j"], ["0j"], ["0j"], ["0j"], ["0j"], ["0j"], ["(-0.006262101018788767+0j)"], ["0j"], ["0j"], ["0j"], ["0j"], ["0j"], ["0j"], ["0j"], ["0j"], ["(-0.01143054604586253+0j)"], ["0j"], ["0j"], ["(-0.00700578564734507+0j)"], ["0j"], ["0j"], ["(0.01326788666613386+0j)"], ["0j"], ["0j"], ["(0.016511719674301952+0j)"], ["0j"], ["0j"], ["0j"], ["0j"], ["0j"], ["(-0.0037351157842980117+0j)"], ["0j"], ["0j"], ["0j"], ["0j"], ["0j"], ["(0.011274709976992103+0j)"], ["0j"], ["0j"], ["0j"], ["0j"], ["0j"], ["0j"], ["0j"], ["0j"], ["0j"], ["0j"], ["0j"], ["0j"], ["0j"], ["0j"], ["(0.0029930291603407775+0j)"], ["0j"], ["0j"], ["0j"], ["0j"], ["0j"], ["(-0.0029063081087038535+0j)"], ["0j"], ["0j"], ["0j"], ["0j"], ["0j"], ["(0.011430546045862536+0j)"], ["0j"], ["0j"], ["(0.01326788666613387+0j)"], ["0j"], ["0j"], ["(-0.007005785647345099+0j)"], ["0j"], ["0j"], ["(-0.01651171967430197+0j)"], ["0j"], ["0j"], ["0j"], ["0j"], ["0j"], ["0j"], ["0j"], ["0j"], ["(-0.006262101018788771+0j)"], ["0j"], ["0j"], ["0j"], ["0j"], ["0j"], ["0j"], ["0j"], ["0j"], ["0j"], ["0j"], ["0j"], ["(0.0037351157842980052+0j)"], ["0j"], ["0j"], ["(-0.01127470997699217+0j)"], ["0j"], ["0j"], ["0j"], ["0j"], ["0j"], ["0j"], ["0j"], ["0j"], ["0j"], ["0j"], ["0j"], ["0j"], ["0j"], ["0j"], ["(0.02847615301855496+0j)"], ["0j"], ["0j"], ["(0.04710696769686974+0j)"], ["0j"], ["0j"], ["(-0.04710696769686977+0j)"], ["0j"], ["0j"], ["(0.11983317673576527+0j)"], ["0j"], ["0j"], ["0j"], ["0j"], ["0j"], ["(-0.0006564608697680256+0j)"], ["0j"], ["0j"], ["0j"], ["0j"], ["0j"], ["(0.00733682198857076+0j)"], ["0j"], ["0j"], ["0j"], ["0j"], ["0j"], ["0j"], ["0j"], ["0j"], ["(0.0006564608697679742+0j)"], ["0j"], ["0j"], ["(-0.007336821988570729+0j)"], ["0j"], ["0j"], ["0j"], ["0j"], ["0j"], ["0j"], ["0j"], ["0j"], ["0j"], ["0j"], ["0j"], ["(-0.9876485680229715+0j)"], ["0j"], ["0j"], ["0j"], ["0j"], ["0j"], ["0j"], ["0j"], ["0j"], ["0j"], ["0j"], ["0j"], ["0j"], ["0j"], ["0j"], ["0j"]], "hf_energy": -1.5319156596759829}