{"geometry": [["H", [0.0, 0.0, 0.0]], ["H", [0.782, 0.0, 0.0]], ["H", [-0.0768, 1.2207, 0.0]], ["H", [-0.3021, 0.6816, 0.5446]]], "multiplicity": 1, "canonical_orbitals": [[0.37310265191823866, 0.4431876590471754, 0.6071163070829394, 1.2070739234377692], [0.2508188105185292, 0.6121964963655535, -0.6849895276712299, -0.8821741002196085], [0.2929842202685991, -0.5515074327508815, -0.9523904959029466, 0.5904827645042449], [0.3678051775147207, -0.46403449656013085, 0.7762382315122618, -1.0286802314019003]], "canonical_to_oao": [[0.5533497146107358, 0.42073842662758937, 0.46645620968940715, 0.5469934863792739], [0.3974358310284073, 0.6158312707040563, -0.5366247597226738, -0.41812734123753525], [0.38750367540447994, -0.4595086773482994, -0.6267265393282815, 0.4958896267227555], [0.6210392540757771, -0.48226838775062486, 0.31885155887398836, -0.5292080219318714]], "orbital_energies": [-0.7593556985936574, -0.3379062484781348, 0.4881504634292133, 0.8231692240168497], "exact_energy": -2.0552740340204343, "ground_states": [["0j"], ["0j"], ["0j"], ["0j"], ["0j"], ["0j"], ["0j"], ["0j"], ["0j"], ["0j"], ["0j"], ["0j"], ["0j"], ["0j"], ["0j"], ["(-0.013897339082001293-0.008290410009095282j)"], ["0j"], ["0j"], ["0j"], ["0j"], ["0j"], ["0j"], ["0j"], ["0j"], ["0j"], ["0j"], ["0j"], ["(-0.0007865306958705902-0.0004692021915152617j)"], ["0j"], ["0j"], ["(-0.002005305127645553-0.0011962579025688385j)"], ["0j"], ["0j"], ["0j"], ["0j"], ["0j"], ["0j"], ["0j"], ["0j"], ["(0.000786530695870513+0.0004692021915152739j)"], ["0j"], ["0j"], ["0j"], ["0j"], ["0j"], ["(0.0020053051276455467+0.0011962579025688272j)"], ["0j"], ["0j"], ["0j"], ["0j"], ["0j"], ["(0.037254333050151106+0.022223944726306927j)"], ["0j"], ["0j"], ["(0.002107699898611997+0.001257341152325519j)"], ["0j"], ["0j"], ["(-0.0021076998986120105-0.0012573411523255432j)"], ["0j"], ["0j"], ["(0.050161992601085656+0.02992396480235534j)"], ["0j"], ["0j"], ["0j"], ["0j"], ["0j"], ["0j"], ["0j"], ["0j"], ["0j"], ["0j"], ["0j"], ["0j"], ["0j"], ["0j"], ["(0.00197830086777906+0.0011801486038775983j)"], ["0j"], ["0j"], ["(0.0008107543966698904+0.00048365275722282757j)"], ["0j"], ["0j"], ["0j"], ["0j"], ["0j"], ["0j"], ["0j"], ["0j"], ["0j"], ["0j"], ["0j"], ["(-0.011839641813879592-0.007062897754650996j)"], ["0j"], ["0j"], ["0j"], ["0j"], ["0j"], ["0j"], ["0j"], ["0j"], ["(0.009879594174215247+0.005893638051459178j)"], ["0j"], ["0j"], ["(-0.04275332541013901-0.025504349775948825j)"], ["0j"], ["0j"], ["(0.054592967224018574+0.03256724753059977j)"], ["0j"], ["0j"], ["(-0.019024828131273444-0.011349196031713584j)"], ["0j"], ["0j"], ["0j"], ["0j"], ["0j"], ["(-0.0002104261050200686-0.00012552897190899574j)"], ["0j"], ["0j"], ["0j"], ["0j"], ["0j"], ["(0.00036555366550382996+0.0002180697865592702j)"], ["0j"], ["0j"], ["0j"], ["0j"], ["0j"], ["0j"], ["0j"], ["0j"], ["0j"], ["0j"], ["0j"], ["0j"], ["0j"], ["0j"], ["(-0.0019783008677790436-0.001180148603877594j)"], ["0j"], ["0j"], ["0j"], ["0j"], ["0j"], ["(-0.0008107543966699504-0.0004836527572228174j)"], ["0j"], ["0j"], ["0j"], ["0j"], ["0j"], ["(-0.009879594174215248-0.00589363805145914j)"], ["0j"], ["0j"], ["(0.05459296722401853+0.032567247530599766j)"], ["0j"], ["0j"], ["(-0.04275332541013895-0.025504349775948752j)"], ["0j"], ["0j"], ["(0.019024828131273507+0.011349196031713579j)"], ["0j"], ["0j"], ["0j"], ["0j"], ["0j"], ["0j"], ["0j"], ["0j"], ["(-0.011839641813879588-0.007062897754651018j)"], ["0j"], ["0j"], ["0j"], ["0j"], ["0j"], ["0j"], ["0j"], ["0j"], ["0j"], ["0j"], ["0j"], ["(0.0002104261050202621+0.000125528971908993j)"], ["0j"], ["0j"], ["(-0.0003655536655040795-0.00021806978655951271j)"], ["0j"], ["0j"], ["0j"], ["0j"], ["0j"], ["0j"], ["0j"], ["0j"], ["0j"], ["0j"], ["0j"], ["0j"], ["0j"], ["0j"], ["(0.05257839695350361+0.03136546253879987j)"], ["0j"], ["0j"], ["(-0.007321776464042297-0.004367780661009372j)"], ["0j"], ["0j"], ["(0.0073217764640424255+0.004367780661009401j)"], ["0j"], ["0j"], ["(0.10237478691751643+0.06107132834077418j)"], ["0j"], ["0j"], ["0j"], ["0j"], ["0j"], ["(0.006524031813710161+0.0038918888233853825j)"], ["0j"], ["0j"], ["0j"], ["0j"], ["0j"], ["(0.004884460878614702+0.002913808400166389j)"], ["0j"], ["0j"], ["0j"], ["0j"], ["0j"], ["0j"], ["0j"], ["0j"], ["(-0.006524031813710055-0.003891888823385313j)"], ["0j"], ["0j"], ["(-0.004884460878613528-0.002913808400166314j)"], ["0j"], ["0j"], ["0j"], ["0j"], ["0j"], ["0j"], ["0j"], ["0j"], ["0j"], ["0j"], ["0j"], ["(-0.842086122411002-0.5023435908531539j)"], ["0j"], ["0j"], ["0j"], ["0j"], ["0j"], ["0j"], ["0j"], ["0j"], ["0j"], ["0j"], ["0j"], ["0j"], ["0j"], ["0j"], ["0j"]], "hf_energy": -2.0040805676542255}