{"geometry": [["H", [0.0, 0.0, 0.0]], ["H", [0.4637, 0.0, 0.0]], ["H", [0.0004, 0.9274, 0.0]], ["H", [-0.1432, -0.1011, -0.3706]]], "multiplicity": 1, "canonical_orbitals": [[0.5510713803231942, 0.13929630418647598, 0.057790203765741094, 2.7974031702063997], [0.26908118288339744, -0.2800723913403694, -1.3173314136118262, -1.257164697823534], [-0.017348686330745378, -1.040357703927874, 0.5233511148278093, -0.25529115756947907], [0.2509332810899927, 0.7214302021061114, 0.9366192322516728, -1.6632051764569313]], "canonical_to_oao": [[0.6372110878313486, 0.5236300613504941, 0.2008293967774492, 0.5286219270753625], [0.07435090087257298, -0.17865179031919448, -0.8849644215674193, 0.42354864409537085], [0.03381538944605081, -0.7384465592006745, 0.40825990370387794, 0.5356090455444128], [0.7663488060412427, -0.38547603799783225, -0.0991432144806188, -0.5042701207003089]], "orbital_energies": [-1.1408389568863628, -0.09981729502344493, 0.38724060250540737, 1.3388562780131126], "exact_energy": -1.101587672773601, "ground_states": [["0j"], ["0j"], ["0j"], ["0j"], ["0j"], ["0j"], ["0j"], ["0j"], ["0j"], ["0j"], ["0j"], ["0j"], ["0j"], ["0j"], ["0j"], ["(-0.012752326591267165+0j)"], ["0j"], ["0j"], ["0j"], ["0j"], ["0j"], ["0j"], ["0j"], ["0j"], ["0j"], ["0j"], ["0j"], ["(-0.008729862069629736+0j)"], ["0j"], ["0j"], ["(5.433101159153797e-05+0j)"], ["0j"], ["0j"], ["0j"], ["0j"], ["0j"], ["0j"], ["0j"], ["0j"], ["(0.008729862069630214+0j)"], ["0j"], ["0j"], ["0j"], ["0j"], ["0j"], ["(-5.43310115915937e-05+0j)"], ["0j"], ["0j"], ["0j"], ["0j"], ["0j"], ["(0.03376206672001868+0j)"], ["0j"], ["0j"], ["(-0.002491023862784588+0j)"], ["0j"], ["0j"], ["(0.002491023862784572+0j)"], ["0j"], ["0j"], ["(0.035575085039045426+0j)"], ["0j"], ["0j"], ["0j"], ["0j"], ["0j"], ["0j"], ["0j"], ["0j"], ["0j"], ["0j"], ["0j"], ["0j"], ["0j"], ["0j"], ["(0.0037085166278909695+0j)"], ["0j"], ["0j"], ["(-0.0026939299429929696+0j)"], ["0j"], ["0j"], ["0j"], ["0j"], ["0j"], ["0j"], ["0j"], ["0j"], ["0j"], ["0j"], ["0j"], ["(0.009932872050026567+0j)"], ["0j"], ["0j"], ["0j"], ["0j"], ["0j"], ["0j"], ["0j"], ["0j"], ["(0.009461907643919597+0j)"], ["0j"], ["0j"], ["(0.01376485771397605+0j)"], ["0j"], ["0j"], ["(-0.02369772976400291+0j)"], ["0j"], ["0j"], ["(-0.01127734930190645+0j)"], ["0j"], ["0j"], ["0j"], ["0j"], ["0j"], ["(0.0014005389132926219+0j)"], ["0j"], ["0j"], ["0j"], ["0j"], ["0j"], ["(-0.012040784067691546+0j)"], ["0j"], ["0j"], ["0j"], ["0j"], ["0j"], ["0j"], ["0j"], ["0j"], ["0j"], ["0j"], ["0j"], ["0j"], ["0j"], ["0j"], ["(-0.003708516627891098+0j)"], ["0j"], ["0j"], ["0j"], ["0j"], ["0j"], ["(0.00269392994299277+0j)"], ["0j"], ["0j"], ["0j"], ["0j"], ["0j"], ["(-0.009461907643919574+0j)"], ["0j"], ["0j"], ["(-0.02369772976400222+0j)"], ["0j"], ["0j"], ["(0.013764857713975847+0j)"], ["0j"], ["0j"], ["(0.01127734930190597+0j)"], ["0j"], ["0j"], ["0j"], ["0j"], ["0j"], ["0j"], ["0j"], ["0j"], ["(0.009932872050026666+0j)"], ["0j"], ["0j"], ["0j"], ["0j"], ["0j"], ["0j"], ["0j"], ["0j"], ["0j"], ["0j"], ["0j"], ["(-0.0014005389132923872+0j)"], ["0j"], ["0j"], ["(0.01204078406769131+0j)"], ["0j"], ["0j"], ["0j"], ["0j"], ["0j"], ["0j"], ["0j"], ["0j"], ["0j"], ["0j"], ["0j"], ["0j"], ["0j"], ["0j"], ["(0.009096904486303677+0j)"], ["0j"], ["0j"], ["(0.03679890905023947+0j)"], ["0j"], ["0j"], ["(-0.036798909050239345+0j)"], ["0j"], ["0j"], ["(0.3016255190100686+0j)"], ["0j"], ["0j"], ["0j"], ["0j"], ["0j"], ["(0.003433227643056795+0j)"], ["0j"], ["0j"], ["0j"], ["0j"], ["0j"], ["(0.2102858441986962+0j)"], ["0j"], ["0j"], ["0j"], ["0j"], ["0j"], ["0j"], ["0j"], ["0j"], ["(-0.0034332276430564007+0j)"], ["0j"], ["0j"], ["(-0.21028584419871055+0j)"], ["0j"], ["0j"], ["0j"], ["0j"], ["0j"], ["0j"], ["0j"], ["0j"], ["0j"], ["0j"], ["0j"], ["(-0.9014241260407212+0j)"], ["0j"], ["0j"], ["0j"], ["0j"], ["0j"], ["0j"], ["0j"], ["0j"], ["0j"], ["0j"], ["0j"], ["0j"], ["0j"], ["0j"], ["0j"]], "hf_energy": -1.0528534105680658}