{"geometry": [["H", [0.0, 0.0, 0.0]], ["H", [1.1737, 0.0, 0.0]], ["H", [-0.2438, 0.4, 0.0]], ["H", [0.8055, 0.1846, -0.3279]]], "multiplicity": 1, "canonical_orbitals": [[0.3715053336521468, 0.42670846558610687, 0.21312447514093835, 1.8970543186175817], [0.2335609405153988, -0.5600647263376325, -1.5465403783898406, 0.2262554750841638], [0.27844031131022057, 0.5299287036345127, -0.5800434859966094, -1.627031843427433], [0.33246089302656673, -0.4640392602678223, 1.637347806039827, -0.6504096075024053]], "canonical_to_oao": [[0.5577865823466116, 0.42632884071144206, 0.483830705832932, 0.52251860849632], [0.400096445925877, -0.5941192280128121, 0.539817507502852, -0.4422015778537555], [0.0928878211444848, -0.6765332257654934, -0.25162461507134565, 0.6858277482054546], [0.7212272978712037, 0.08699917768827255, -0.6412409529785282, -0.24712824223498714]], "orbital_energies": [-0.900872224242961, -0.4988252074160811, 1.005460634730259, 1.0997437039188498], "exact_energy": -1.9011947443290995, "ground_states": [["0j"], ["0j"], ["0j"], ["0j"], ["0j"], ["0j"], ["0j"], ["0j"], ["0j"], ["0j"], ["0j"], ["0j"], ["0j"], ["0j"], ["0j"], ["(-0.005027927127093911+0j)"], ["0j"], ["0j"], ["0j"], ["0j"], ["0j"], ["0j"], ["0j"], ["0j"], ["0j"], ["0j"], ["0j"], ["(0.00043937046594222373+0j)"], ["0j"], ["0j"], ["(-0.0006953833832422929+0j)"], ["0j"], ["0j"], ["0j"], ["0j"], ["0j"], ["0j"], ["0j"], ["0j"], ["(-0.0004393704659423274+0j)"], ["0j"], ["0j"], ["0j"], ["0j"], ["0j"], ["(0.0006953833832423211+0j)"], ["0j"], ["0j"], ["0j"], ["0j"], ["0j"], ["(0.03474173508365691+0j)"], ["0j"], ["0j"], ["(0.0003710393686468214+0j)"], ["0j"], ["0j"], ["(-0.00037103936864682084+0j)"], ["0j"], ["0j"], ["(0.03084985805940695+0j)"], ["0j"], ["0j"], ["0j"], ["0j"], ["0j"], ["0j"], ["0j"], ["0j"], ["0j"], ["0j"], ["0j"], ["0j"], ["0j"], ["0j"], ["(0.0003291806296499202+0j)"], ["0j"], ["0j"], ["(8.30539471069798e-05+0j)"], ["0j"], ["0j"], ["0j"], ["0j"], ["0j"], ["0j"], ["0j"], ["0j"], ["0j"], ["0j"], ["0j"], ["(-0.0025886173888497958+0j)"], ["0j"], ["0j"], ["0j"], ["0j"], ["0j"], ["0j"], ["0j"], ["0j"], ["(0.027247767186419324+0j)"], ["0j"], ["0j"], ["(-0.014094329660984737+0j)"], ["0j"], ["0j"], ["(0.016682947049834546+0j)"], ["0j"], ["0j"], ["(-0.029275777962858462+0j)"], ["0j"], ["0j"], ["0j"], ["0j"], ["0j"], ["(0.00022144675593848277+0j)"], ["0j"], ["0j"], ["0j"], ["0j"], ["0j"], ["(0.0003711062390188429+0j)"], ["0j"], ["0j"], ["0j"], ["0j"], ["0j"], ["0j"], ["0j"], ["0j"], ["0j"], ["0j"], ["0j"], ["0j"], ["0j"], ["0j"], ["(-0.0003291806296499274+0j)"], ["0j"], ["0j"], ["0j"], ["0j"], ["0j"], ["(-8.305394710697913e-05+0j)"], ["0j"], ["0j"], ["0j"], ["0j"], ["0j"], ["(-0.027247767186419313+0j)"], ["0j"], ["0j"], ["(0.016682947049834536+0j)"], ["0j"], ["0j"], ["(-0.01409432966098474+0j)"], ["0j"], ["0j"], ["(0.02927577796285847+0j)"], ["0j"], ["0j"], ["0j"], ["0j"], ["0j"], ["0j"], ["0j"], ["0j"], ["(-0.0025886173888497953+0j)"], ["0j"], ["0j"], ["0j"], ["0j"], ["0j"], ["0j"], ["0j"], ["0j"], ["0j"], ["0j"], ["0j"], ["(-0.00022144675593848415+0j)"], ["0j"], ["0j"], ["(-0.0003711062390188289+0j)"], ["0j"], ["0j"], ["0j"], ["0j"], ["0j"], ["0j"], ["0j"], ["0j"], ["0j"], ["0j"], ["0j"], ["0j"], ["0j"], ["0j"], ["(0.03472836089331326+0j)"], ["0j"], ["0j"], ["(-0.0047221767768837524+0j)"], ["0j"], ["0j"], ["(0.004722176776883754+0j)"], ["0j"], ["0j"], ["(0.05286571468808011+0j)"], ["0j"], ["0j"], ["0j"], ["0j"], ["0j"], ["(0.002251903085491308+0j)"], ["0j"], ["0j"], ["0j"], ["0j"], ["0j"], ["(-0.0017960879433242016+0j)"], ["0j"], ["0j"], ["0j"], ["0j"], ["0j"], ["0j"], ["0j"], ["0j"], ["(-0.002251903085491318+0j)"], ["0j"], ["0j"], ["(0.001796087943324181+0j)"], ["0j"], ["0j"], ["0j"], ["0j"], ["0j"], ["0j"], ["0j"], ["0j"], ["0j"], ["0j"], ["0j"], ["(-0.994779062484005+0j)"], ["0j"], ["0j"], ["0j"], ["0j"], ["0j"], ["0j"], ["0j"], ["0j"], ["0j"], ["0j"], ["0j"], ["0j"], ["0j"], ["0j"], ["0j"]], "hf_energy": -1.8761642615888916}