{"geometry": [["H", [0.0, 0.0, 0.0]], ["H", [1.0219, 0.0, 0.0]], ["H", [0.1371, -0.8937, 0.0]], ["H", [-0.6799, -0.254, 1.0429]]], "multiplicity": 1, "canonical_orbitals": [[0.45576169036010117, 0.01730675710481134, 0.14641763551488104, 1.2508593205272311], [0.28049795163565916, -0.7049342146268633, 0.606667352684182, -0.6247855769844177], [0.4228764106886282, 0.1187944119126894, -0.969865342595546, -0.5904451019228515], [0.1474810830991402, 0.7930086541970419, 0.5641340623013259, -0.43599215620735793]], "canonical_to_oao": [[0.6224321269367855, 0.44490742087299234, 0.5814055073273395, 0.276772957961087], [0.015345808442546233, -0.629423434237322, 0.09835761365495921, 0.7706597345341467], [0.10923762305289186, 0.4848583835639956, -0.7191418972971385, 0.48560727048648167], [0.7748612103015259, -0.4132745760057663, -0.367598078663926, -0.30604882316371684]], "orbital_energies": [-0.7116551976379445, -0.16727005333553327, 0.24947998802767418, 0.5134594302772105], "exact_energy": -1.9278089154205529, "ground_states": [["0j"], ["0j"], ["0j"], ["0j"], ["0j"], ["0j"], ["0j"], ["0j"], ["0j"], ["0j"], ["0j"], ["0j"], ["0j"], ["0j"], ["0j"], ["(-0.012567359692688436+0.03852647872336564j)"], ["0j"], ["0j"], ["0j"], ["0j"], ["0j"], ["0j"], ["0j"], ["0j"], ["0j"], ["0j"], ["0j"], ["(0.0027318097413585618-0.008374631780290331j)"], ["0j"], ["0j"], ["(0.00016280783093930486-0.0004991034384354569j)"], ["0j"], ["0j"], ["0j"], ["0j"], ["0j"], ["0j"], ["0j"], ["0j"], ["(-0.0027318097413586433+0.008374631780290768j)"], ["0j"], ["0j"], ["0j"], ["0j"], ["0j"], ["(-0.00016280783093925314+0.0004991034384353128j)"], ["0j"], ["0j"], ["0j"], ["0j"], ["0j"], ["(0.021238152869744797-0.06510764907412077j)"], ["0j"], ["0j"], ["(-0.012527694986918017+0.038404882661798166j)"], ["0j"], ["0j"], ["(0.012527694986917977-0.038404882661798104j)"], ["0j"], ["0j"], ["(0.01765125425768316-0.054111658154814335j)"], ["0j"], ["0j"], ["0j"], ["0j"], ["0j"], ["0j"], ["0j"], ["0j"], ["0j"], ["0j"], ["0j"], ["0j"], ["0j"], ["0j"], ["(0.008051035081639589-0.02468124087785266j)"], ["0j"], ["0j"], ["(-0.007676449956956526+0.02353291329042866j)"], ["0j"], ["0j"], ["0j"], ["0j"], ["0j"], ["0j"], ["0j"], ["0j"], ["0j"], ["0j"], ["0j"], ["(-0.002715514051054619+0.008324675736926674j)"], ["0j"], ["0j"], ["0j"], ["0j"], ["0j"], ["0j"], ["0j"], ["0j"], ["(-0.003484399738575359+0.010681770528937517j)"], ["0j"], ["0j"], ["(-0.006806209030610289+0.020865104032722254j)"], ["0j"], ["0j"], ["(0.009521723081664915-0.029189779769649232j)"], ["0j"], ["0j"], ["(0.0055762020848504285-0.017094396614123125j)"], ["0j"], ["0j"], ["0j"], ["0j"], ["0j"], ["(0.007847892333213771-0.02405848677783359j)"], ["0j"], ["0j"], ["0j"], ["0j"], ["0j"], ["(-0.01851364524405113+0.05675540264848573j)"], ["0j"], ["0j"], ["0j"], ["0j"], ["0j"], ["0j"], ["0j"], ["0j"], ["0j"], ["0j"], ["0j"], ["0j"], ["0j"], ["0j"], ["(-0.008051035081639655+0.024681240877852662j)"], ["0j"], ["0j"], ["0j"], ["0j"], ["0j"], ["(0.007676449956956373-0.023532913290428586j)"], ["0j"], ["0j"], ["0j"], ["0j"], ["0j"], ["(0.0034843997385754087-0.010681770528937515j)"], ["0j"], ["0j"], ["(0.009521723081664836-0.029189779769648316j)"], ["0j"], ["0j"], ["(-0.006806209030610213+0.02086510403272204j)"], ["0j"], ["0j"], ["(-0.005576202084850577+0.01709439661412293j)"], ["0j"], ["0j"], ["0j"], ["0j"], ["0j"], ["0j"], ["0j"], ["0j"], ["(-0.002715514051054681+0.008324675736926601j)"], ["0j"], ["0j"], ["0j"], ["0j"], ["0j"], ["0j"], ["0j"], ["0j"], ["0j"], ["0j"], ["0j"], ["(-0.00784789233321366+0.02405848677783349j)"], ["0j"], ["0j"], ["(0.01851364524405127-0.05675540264848547j)"], ["0j"], ["0j"], ["0j"], ["0j"], ["0j"], ["0j"], ["0j"], ["0j"], ["0j"], ["0j"], ["0j"], ["0j"], ["0j"], ["0j"], ["(0.018532760755337222-0.05681400313075541j)"], ["0j"], ["0j"], ["(0.053701539484799776-0.1646273576124985j)"], ["0j"], ["0j"], ["(-0.05370153948479957+0.1646273576124983j)"], ["0j"], ["0j"], ["(0.0963983675125531-0.2955186885516018j)"], ["0j"], ["0j"], ["0j"], ["0j"], ["0j"], ["(-0.0007885732204766795+0.0024174488630383313j)"], ["0j"], ["0j"], ["0j"], ["0j"], ["0j"], ["(-0.023987037770262058+0.07353462643630417j)"], ["0j"], ["0j"], ["0j"], ["0j"], ["0j"], ["0j"], ["0j"], ["0j"], ["(0.0007885732204764293-0.002417448863037697j)"], ["0j"], ["0j"], ["(0.02398703777026292-0.07353462643630884j)"], ["0j"], ["0j"], ["0j"], ["0j"], ["0j"], ["0j"], ["0j"], ["0j"], ["0j"], ["0j"], ["0j"], ["(-0.2773746498027483+0.8503193037630433j)"], ["0j"], ["0j"], ["0j"], ["0j"], ["0j"], ["0j"], ["0j"], ["0j"], ["0j"], ["0j"], ["0j"], ["0j"], ["0j"], ["0j"], ["0j"]], "hf_energy": -1.8169066299721748}