{"geometry": [["H", [0.0, 0.0, 0.0]], ["H", [0.7327, 0.0, 0.0]], ["H", [-0.6535, -0.3525, 0.0]], ["H", [0.1993, 0.3258, 0.6109]]], "multiplicity": 1, "canonical_orbitals": [[0.4348749662286989, 0.35418212491671086, 0.20646166191103918, 1.8632485926037985], [0.2932314559729618, -0.6271410299701112, 0.9429882446212612, -0.8049265299783379], [0.12194720483067334, 0.8194958140150184, 0.0833599862577247, -1.1084000152162345], [0.3349370825334558, -0.3883803624153863, -1.1989847567995997, -0.4910025209699085]], "canonical_to_oao": [[0.6006745289145176, 0.5010620804879303, 0.32596499035100185, 0.5309178155570803], [0.24477301724021613, -0.4915325580653269, 0.7825266470840957, -0.29348587869980863], [0.12299944613777132, 0.624369251119155, 0.06545051848196176, -0.7686028910543782], [0.751097474762262, -0.3427762741436003, -0.5264172311952153, -0.20308103798914737]], "orbital_energies": [-0.8996188858849299, -0.23086088967272705, 0.3903614188312381, 1.1068885474080643], "exact_energy": -1.8124199914947552, "ground_states": [["0j"], ["0j"], ["0j"], ["0j"], ["0j"], ["0j"], ["0j"], ["0j"], ["0j"], ["0j"], ["0j"], ["0j"], ["0j"], ["0j"], ["0j"], ["(0.010240105817696655+0.004933282558398312j)"], ["0j"], ["0j"], ["0j"], ["0j"], ["0j"], ["0j"], ["0j"], ["0j"], ["0j"], ["0j"], ["0j"], ["(0.000827020815389815+0.0003984262893986613j)"], ["0j"], ["0j"], ["(0.004166760141227337+0.002007382100898011j)"], ["0j"], ["0j"], ["0j"], ["0j"], ["0j"], ["0j"], ["0j"], ["0j"], ["(-0.0008270208153896835-0.0003984262893986325j)"], ["0j"], ["0j"], ["0j"], ["0j"], ["0j"], ["(-0.004166760141227346-0.002007382100898027j)"], ["0j"], ["0j"], ["0j"], ["0j"], ["0j"], ["(-0.02951915727700122-0.01422117567199156j)"], ["0j"], ["0j"], ["(0.005294709410391512+0.0025507839519521088j)"], ["0j"], ["0j"], ["(-0.005294709410391455-0.0025507839519520823j)"], ["0j"], ["0j"], ["(-0.06429045020714842-0.03097262492447969j)"], ["0j"], ["0j"], ["0j"], ["0j"], ["0j"], ["0j"], ["0j"], ["0j"], ["0j"], ["0j"], ["0j"], ["0j"], ["0j"], ["0j"], ["(-0.0017381500498347795-0.0008373727261597433j)"], ["0j"], ["0j"], ["(-0.0023110494867002074-0.0011133732724353872j)"], ["0j"], ["0j"], ["0j"], ["0j"], ["0j"], ["0j"], ["0j"], ["0j"], ["0j"], ["0j"], ["0j"], ["(-0.0018141350231651344-0.0008739793150275884j)"], ["0j"], ["0j"], ["0j"], ["0j"], ["0j"], ["0j"], ["0j"], ["0j"], ["(-0.016361162248436877-0.007882168191646085j)"], ["0j"], ["0j"], ["(0.009346825985965014+0.004502935265889391j)"], ["0j"], ["0j"], ["(-0.007532690962800009-0.003628955950861856j)"], ["0j"], ["0j"], ["(0.0681746802672228+0.03284389508020948j)"], ["0j"], ["0j"], ["0j"], ["0j"], ["0j"], ["(-9.516372172998641e-05-4.5846159889477744e-05j)"], ["0j"], ["0j"], ["0j"], ["0j"], ["0j"], ["(0.007011467170456237+0.0033778507094150683j)"], ["0j"], ["0j"], ["0j"], ["0j"], ["0j"], ["0j"], ["0j"], ["0j"], ["0j"], ["0j"], ["0j"], ["0j"], ["0j"], ["0j"], ["(0.0017381500498346864+0.0008373727261597522j)"], ["0j"], ["0j"], ["0j"], ["0j"], ["0j"], ["(0.002311049486700235+0.0011133732724353867j)"], ["0j"], ["0j"], ["0j"], ["0j"], ["0j"], ["(0.016361162248436926+0.007882168191646085j)"], ["0j"], ["0j"], ["(-0.007532690962799748-0.003628955950861819j)"], ["0j"], ["0j"], ["(0.009346825985965044+0.00450293526588934j)"], ["0j"], ["0j"], ["(-0.06817468026722304-0.032843895080209504j)"], ["0j"], ["0j"], ["0j"], ["0j"], ["0j"], ["0j"], ["0j"], ["0j"], ["(-0.0018141350231652236-0.0008739793150276358j)"], ["0j"], ["0j"], ["0j"], ["0j"], ["0j"], ["0j"], ["0j"], ["0j"], ["0j"], ["0j"], ["0j"], ["(9.516372172999983e-05+4.5846159889391137e-05j)"], ["0j"], ["0j"], ["(-0.007011467170455649-0.0033778507094152847j)"], ["0j"], ["0j"], ["0j"], ["0j"], ["0j"], ["0j"], ["0j"], ["0j"], ["0j"], ["0j"], ["0j"], ["0j"], ["0j"], ["0j"], ["(-0.05663455772173294-0.027284315297639472j)"], ["0j"], ["0j"], ["(-0.023899422510591958-0.011513807213157966j)"], ["0j"], ["0j"], ["(0.02389942251059169+0.011513807213157801j)"], ["0j"], ["0j"], ["(-0.08800971442743237-0.04239963891819695j)"], ["0j"], ["0j"], ["0j"], ["0j"], ["0j"], ["(-0.013000198209012883-0.006262987143102413j)"], ["0j"], ["0j"], ["0j"], ["0j"], ["0j"], ["(-0.007254199882487201-0.003494789838358365j)"], ["0j"], ["0j"], ["0j"], ["0j"], ["0j"], ["0j"], ["0j"], ["0j"], ["(0.013000198209012891+0.006262987143102638j)"], ["0j"], ["0j"], ["(0.00725419988248438+0.0034947898383578192j)"], ["0j"], ["0j"], ["0j"], ["0j"], ["0j"], ["0j"], ["0j"], ["0j"], ["0j"], ["0j"], ["0j"], ["(0.8852374841572345+0.42647280393198167j)"], ["0j"], ["0j"], ["0j"], ["0j"], ["0j"], ["0j"], ["0j"], ["0j"], ["0j"], ["0j"], ["0j"], ["0j"], ["0j"], ["0j"], ["0j"]]}