{"geometry": [["H", [0.0, 0.0, 0.0]], ["H", [1.3517, 0.0, 0.0]], ["H", [0.3896, 0.617, 0.0]], ["H", [0.4749, 0.7421, 0.6834]]], "multiplicity": 3, "canonical_orbitals": [[0.2922066499058763, 0.22838935704313734, 0.9707977765397225, 0.8545880582666996], [0.0938721409174921, -1.0885738353477301, -5.669384614522682e-05, 0.15536273751272756], [0.48213527757608166, 0.16533171217035164, -0.026908398232145525, -1.623718327478375], [0.330041383682415, 0.24715776021261812, -0.9022718151296456, 0.9571951042071205]], "canonical_to_oao": [[0.4942068732865041, 0.25674396008601347, 0.6414689344439393, 0.5275980586574281], [0.1699966809875585, -0.9628201064366038, 0.1047324797570767, 0.18196065173150583], [0.7368435215180482, 0.0010311069059534828, -0.012137875706824647, -0.6759535735453709], [0.4288616556029168, 0.08401736974760968, -0.7598693215287857, 0.4812664294687543]], "orbital_energies": [-0.797566737507795, 0.01056968233050941, 0.09360669689428065, 0.8570204006660753], "exact_energy": -1.8062802381623655, "ground_states": [["0j", "0j", "0j"], ["0j", "0j", "0j"], ["0j", "0j", "0j"], ["0j", "0j", "0j"], ["0j", "0j", "0j"], ["0j", "0j", "0j"], ["0j", "0j", "0j"], ["0j", "0j", "0j"], ["0j", "0j", "0j"], ["0j", "0j", "0j"], ["0j", "0j", "0j"], ["0j", "0j", "0j"], ["0j", "0j", "0j"], ["0j", "0j", "0j"], ["0j", "0j", "0j"], ["0j", "0j", "0j"], ["0j", "0j", "0j"], ["0j", "0j", "0j"], ["0j", "0j", "0j"], ["0j", "0j", "0j"], ["0j", "0j", "0j"], ["0j", "0j", "0j"], ["0j", "0j", "0j"], ["(0.024719299016599163+0j)", "(-0.057409711081470756+0j)", "(0.00016371665822258478+0j)"], ["0j", "0j", "0j"], ["0j", "0j", "0j"], ["0j", "0j", "0j"], ["(-8.490871340924624e-05+0j)", "(8.948058370444134e-05+0j)", "(0.044197935703748525+0j)"], ["0j", "0j", "0j"], ["(0.0007723074492319628+0j)", "(-0.0017936571541409463+0j)", "(5.115015382273357e-06+0j)"], ["(-2.6528111426474426e-06+0j)", "(2.795650528367237e-06+0j)", "(0.0013808803785964109+0j)"], ["0j", "0j", "0j"], ["0j", "0j", "0j"], ["0j", "0j", "0j"], ["0j", "0j", "0j"], ["0j", "0j", "0j"], ["0j", "0j", "0j"], ["0j", "0j", "0j"], ["0j", "0j", "0j"], ["(-8.490871340930646e-05+0j)", "(8.94805837044754e-05+0j)", "(0.04419793570374675+0j)"], ["0j", "0j", "0j"], ["0j", "0j", "0j"], ["0j", "0j", "0j"], ["(0.05740981893912307+0j)", "(0.024719517257958287+0j)", "(6.0244375391094174e-05+0j)"], ["0j", "0j", "0j"], ["(-2.6528111427361574e-06+0j)", "(2.795650528359206e-06+0j)", "(0.0013808803785965845+0j)"], ["(0.001793660523948039+0j)", "(0.0007723142677678509+0j)", "(1.8822208452395905e-06+0j)"], ["0j", "0j", "0j"], ["0j", "0j", "0j"], ["0j", "0j", "0j"], ["0j", "0j", "0j"], ["0j", "0j", "0j"], ["0j", "0j", "0j"], ["(3.497399283176831e-05+0j)", "(-8.122588033292716e-05+0j)", "(2.3163380269286715e-07+0j)"], ["(-1.2013272430781496e-07+0j)", "(1.2660121509441463e-07+0j)", "(6.25332573321819e-05+0j)"], ["0j", "0j", "0j"], ["0j", "0j", "0j"], ["(-1.201327243275682e-07+0j)", "(1.2660121509277123e-07+0j)", "(6.25332573325836e-05+0j)"], ["(8.122603293487455e-05+0j)", "(3.497430160953944e-05+0j)", "(8.523649281749394e-08+0j)"], ["0j", "0j", "0j"], ["0j", "0j", "0j"], ["0j", "0j", "0j"], ["0j", "0j", "0j"], ["0j", "0j", "0j"], ["0j", "0j", "0j"], ["0j", "0j", "0j"], ["0j", "0j", "0j"], ["0j", "0j", "0j"], ["0j", "0j", "0j"], ["0j", "0j", "0j"], ["0j", "0j", "0j"], ["(-0.007618650334222247+0j)", "(0.01769405007094827+0j)", "(-5.0458549493966405e-05+0j)"], ["0j", "0j", "0j"], ["0j", "0j", "0j"], ["0j", "0j", "0j"], ["(2.616942322504055e-05+0j)", "(-2.7578503682009816e-05+0j)", "(-0.01362209411339631+0j)"], ["0j", "0j", "0j"], ["(-0.0003985200921273286+0j)", "(0.0009255490349379017+0j)", "(-2.6394105137782712e-06+0j)"], ["(1.368883003811777e-06+0j)", "(-1.4425898743677053e-06+0j)", "(-0.000712551168891889+0j)"], ["0j", "0j", "0j"], ["0j", "0j", "0j"], ["0j", "0j", "0j"], ["0j", "0j", "0j"], ["(-0.001677819621206675+0j)", "(0.0038966776378091136+0j)", "(-1.1112249635390775e-05+0j)"], ["0j", "0j", "0j"], ["0j", "0j", "0j"], ["(-0.020818843032330028+0j)", "(0.048351037896906875+0j)", "(-0.00013788382134237407+0j)"], ["0j", "0j", "0j"], ["0j", "0j", "0j"], ["(0.03325345542203914+0j)", "(-0.07722999211902747+0j)", "(0.00022023863186387311+0j)"], ["(-4.271184789830291e-05+0j)", "(4.5011647539994234e-05+0j)", "(0.022233000965454153+0j)"], ["0j", "0j", "0j"], ["(-0.0007547229094885111+0j)", "(0.0017528176729935377+0j)", "(-4.998552448531023e-06+0j)"], ["0j", "0j", "0j"], ["0j", "0j", "0j"], ["0j", "0j", "0j"], ["0j", "0j", "0j"], ["0j", "0j", "0j"], ["0j", "0j", "0j"], ["(5.763169306451978e-06+0j)", "(-6.073484484985097e-06+0j)", "(-0.0029999298803247503+0j)"], ["0j", "0j", "0j"], ["(0.004467116214362987+0j)", "(-0.010374721834212172+0j)", "(2.9585844566882276e-05+0j)"], ["(5.616680655873635e-05+0j)", "(-5.91910822092083e-05+0j)", "(-0.029236774475701482+0j)"], ["0j", "0j", "0j"], ["0j", "0j", "0j"], ["(-0.00012956699154626183+0j)", "(0.0001365434661163713+0j)", "(0.06744412124206141+0j)"], ["(0.0392537498036008+0j)", "(0.016901877825788326+0j)", "(4.1191867216704446e-05+0j)"], ["0j", "0j", "0j"], ["(2.592409727479386e-06+0j)", "(-2.731996826879229e-06+0j)", "(-0.0013494393431350493+0j)"], ["0j", "0j", "0j"], ["0j", "0j", "0j"], ["0j", "0j", "0j"], ["0j", "0j", "0j"], ["(0.0004119173983129084+0j)", "(-0.0009566638119751906+0j)", "(2.7281412741626733e-06+0j)"], ["(-1.414901624028094e-06+0j)", "(1.4910863456883057e-06+0j)", "(0.0007365054597083061+0j)"], ["0j", "0j", "0j"], ["(0.0026035424861563673+0j)", "(-0.006046636752045524+0j)", "(1.724333991379864e-05+0j)"], ["0j", "0j", "0j"], ["0j", "0j", "0j"], ["0j", "0j", "0j"], ["(-8.942949501091288e-06+0j)", "(9.424478469384911e-06+0j)", "(0.0046551159613335245+0j)"], ["0j", "0j", "0j"], ["0j", "0j", "0j"], ["0j", "0j", "0j"], ["0j", "0j", "0j"], ["0j", "0j", "0j"], ["0j", "0j", "0j"], ["0j", "0j", "0j"], ["0j", "0j", "0j"], ["0j", "0j", "0j"], ["0j", "0j", "0j"], ["0j", "0j", "0j"], ["0j", "0j", "0j"], ["0j", "0j", "0j"], ["0j", "0j", "0j"], ["(2.6169423225123072e-05+0j)", "(-2.7578503682033902e-05+0j)", "(-0.013622094113395523+0j)"], ["0j", "0j", "0j"], ["0j", "0j", "0j"], ["0j", "0j", "0j"], ["(-0.01769408331338522+0j)", "(-0.007618717597642702+0j)", "(-1.8567712231644474e-05+0j)"], ["0j", "0j", "0j"], ["(1.3688830038908694e-06+0j)", "(-1.4425898743188688e-06+0j)", "(-0.0007125511688918988+0j)"], ["(-0.0009255507737994899+0j)", "(-0.00039852361057459974+0j)", "(-9.712489830252886e-07+0j)"], ["0j", "0j", "0j"], ["0j", "0j", "0j"], ["0j", "0j", "0j"], ["0j", "0j", "0j"], ["(5.763169306463271e-06+0j)", "(-6.073484484986344e-06+0j)", "(-0.0029999298803247833+0j)"], ["0j", "0j", "0j"], ["(-0.016901728604072103+0j)", "(0.03925367605633282+0j)", "(-0.00011194065508837969+0j)"], ["(0.00012956699154616284+0j)", "(-0.0001365434661163204+0j)", "(-0.06744412124206361+0j)"], ["0j", "0j", "0j"], ["0j", "0j", "0j"], ["(-5.616680655877977e-05+0j)", "(5.919108220922068e-05+0j)", "(0.029236774475702654+0j)"], ["(-0.010374741325568674+0j)", "(-0.004467155653568514+0j)", "(-1.0886984535965793e-05+0j)"], ["0j", "0j", "0j"], ["(2.592409727450247e-06+0j)", "(-2.7319968268812247e-06+0j)", "(-0.001349439343135272+0j)"], ["0j", "0j", "0j"], ["0j", "0j", "0j"], ["0j", "0j", "0j"], ["0j", "0j", "0j"], ["0j", "0j", "0j"], ["0j", "0j", "0j"], ["(-0.0038966849586349883+0j)", "(-0.001677834434314206+0j)", "(-4.08908015678816e-06+0j)"], ["0j", "0j", "0j"], ["(4.2711847898383515e-05+0j)", "(-4.501164753996811e-05+0j)", "(-0.022233000965453203+0j)"], ["(-0.07723013721374197+0j)", "(-0.03325374900962447+0j)", "(-8.104330345898422e-05+0j)"], ["0j", "0j", "0j"], ["0j", "0j", "0j"], ["(0.048351128735709875+0j)", "(0.020819026837404647+0j)", "(5.0738420778244693e-05+0j)"], ["0j", "0j", "0j"], ["0j", "0j", "0j"], ["(-0.0017528209660739897+0j)", "(-0.0007547295727743309+0j)", "(-1.8393648721569001e-06+0j)"], ["0j", "0j", "0j"], ["0j", "0j", "0j"], ["0j", "0j", "0j"], ["0j", "0j", "0j"], ["(-1.4149016239660113e-06+0j)", "(1.491086345684313e-06+0j)", 