{"geometry": [["H", [0.0, 0.0, 0.0]], ["H", [0.5262, 0.0, 0.0]], ["H", [0.8673, 0.7527, 0.0]], ["H", [0.2099, 0.2123, 0.7349]]], "multiplicity": 1, "canonical_orbitals": [[0.3872506034550869, 0.528227209497881, 0.7200116232620077, 1.4784881415524784], [0.40656132179577376, -0.3821895207941108, 0.5149214807351262, -1.7757002943276659], [0.09125851545003061, -0.9468869739997874, -0.37273444898319436, 0.7740266786206855], [0.2661887340977749, 0.568019860214116, -1.150555276685532, -0.21834913335218445]], "canonical_to_oao": [[0.5854678198241103, 0.5884272876968571, 0.3007181740509628, 0.4696268080503691], [0.32576000472052036, -0.22928486638013404, -0.8217904768583358, 0.407393276231311], [0.4506566150086495, 0.32362739162551857, -0.2969300332245107, -0.7771785394025622], [0.5899292047558214, -0.704590014499515, 0.38217999334043684, -0.09733908533595667]], "orbital_energies": [-0.9576080769598473, -0.13385904255135858, 0.3402821703780674, 1.016173468099835], "exact_energy": -1.5511237282706913, "ground_states": [["0j"], ["0j"], ["0j"], ["0j"], ["0j"], ["0j"], ["0j"], ["0j"], ["0j"], ["0j"], ["0j"], ["0j"], ["0j"], ["0j"], ["0j"], ["(-0.007370669233267267+0.01826574657261675j)"], ["0j"], ["0j"], ["0j"], ["0j"], ["0j"], ["0j"], ["0j"], ["0j"], ["0j"], ["0j"], ["0j"], ["(0.004804527370070422-0.011906419426173816j)"], ["0j"], ["0j"], ["(-0.00041418685370583105+0.0010264240415713535j)"], ["0j"], ["0j"], ["0j"], ["0j"], ["0j"], ["0j"], ["0j"], ["0j"], ["(-0.004804527370082997+0.011906419426214395j)"], ["0j"], ["0j"], ["0j"], ["0j"], ["0j"], ["(0.0004141868537067008-0.0010264240415743444j)"], ["0j"], ["0j"], ["0j"], ["0j"], ["0j"], ["(0.013564915030601362-0.03361611983749357j)"], ["0j"], ["0j"], ["(-0.003974825158743749+0.009850279088959716j)"], ["0j"], ["0j"], ["(0.003974825158738125-0.009850279088941618j)"], ["0j"], ["0j"], ["(0.015892017058534585-0.039383066439708646j)"], ["0j"], ["0j"], ["0j"], ["0j"], ["0j"], ["0j"], ["0j"], ["0j"], ["0j"], ["0j"], ["0j"], ["0j"], ["0j"], ["0j"], ["(-0.0015886931270492847+0.003937046300948185j)"], ["0j"], ["0j"], ["(-0.0011333665714014164+0.0028086712226464135j)"], ["0j"], ["0j"], ["0j"], ["0j"], ["0j"], ["0j"], ["0j"], ["0j"], ["0j"], ["0j"], ["0j"], ["(-0.009537003246578881+0.02363428324499634j)"], ["0j"], ["0j"], ["0j"], ["0j"], ["0j"], ["0j"], ["0j"], ["0j"], ["(-0.005278979768618069+0.013082191530229667j)"], ["0j"], ["0j"], ["(-0.0081173048812269+0.020116034124004534j)"], ["0j"], ["0j"], ["(0.017654308127804295-0.04375031736899614j)"], ["0j"], ["0j"], ["(0.02684231360603011-0.06651972598872918j)"], ["0j"], ["0j"], ["0j"], ["0j"], ["0j"], ["(0.0002558637352796956-0.0006340729719195649j)"], ["0j"], ["0j"], ["0j"], ["0j"], ["0j"], ["(0.007086862719605215-0.01756242673962875j)"], ["0j"], ["0j"], ["0j"], ["0j"], ["0j"], ["0j"], ["0j"], ["0j"], ["0j"], ["0j"], ["0j"], ["0j"], ["0j"], ["0j"], ["(0.0015886931270474092-0.003937046300942043j)"], ["0j"], ["0j"], ["0j"], ["0j"], ["0j"], ["(0.0011333665713906139-0.0028086712226114414j)"], ["0j"], ["0j"], ["0j"], ["0j"], ["0j"], ["(0.005278979768609473-0.013082191530201853j)"], ["0j"], ["0j"], ["(0.01765430812781153-0.04375031736901938j)"], ["0j"], ["0j"], ["(-0.008117304881225602+0.02011603412400036j)"], ["0j"], ["0j"], ["(-0.026842313606011588+0.06651972598866938j)"], ["0j"], ["0j"], ["0j"], ["0j"], ["0j"], ["0j"], ["0j"], ["0j"], ["(-0.00953700324658447+0.02363428324501431j)"], ["0j"], ["0j"], ["0j"], ["0j"], ["0j"], ["0j"], ["0j"], ["0j"], ["0j"], ["0j"], ["0j"], ["(-0.0002558637352682426+0.0006340729718827077j)"], ["0j"], ["0j"], ["(-0.0070868627195863326+0.017562426739568017j)"], ["0j"], ["0j"], ["0j"], ["0j"], ["0j"], ["0j"], ["0j"], ["0j"], ["0j"], ["0j"], ["0j"], ["0j"], ["0j"], ["0j"], ["(0.008948994909901977-0.022177100603853264j)"], ["0j"], ["0j"], ["(0.023089660267414415-0.057220025691690095j)"], ["0j"], ["0j"], ["(-0.023089660267383464+0.05722002569159028j)"], ["0j"], ["0j"], ["(0.12990901712762334-0.32193619185093675j)"], ["0j"], ["0j"], ["0j"], ["0j"], ["0j"], ["(0.001830477582891842-0.004536228472309524j)"], ["0j"], ["0j"], ["0j"], ["0j"], ["0j"], ["(-0.09008530463315521+0.22324639625920253j)"], ["0j"], ["0j"], ["0j"], ["0j"], ["0j"], ["0j"], ["0j"], ["0j"], ["(-0.0018304775829018206+0.0045362284723424575j)"], ["0j"], ["0j"], ["(0.09008530463342826-0.22324639626008466j)"], ["0j"], ["0j"], ["0j"], ["0j"], ["0j"], ["0j"], ["0j"], ["0j"], ["0j"], ["0j"], ["0j"], ["(-0.32040477178549376+0.7940164151819521j)"], ["0j"], ["0j"], ["0j"], ["0j"], ["0j"], ["0j"], ["0j"], ["0j"], ["0j"], ["0j"], ["0j"], ["0j"], ["0j"], ["0j"], ["0j"]], "hf_energy": -1.485381803571812}