{"geometry": [["H", [0.0, 0.0, 0.0]], ["H", [1.1083, 0.0, 0.0]], ["H", [0.9876, 0.5093, 0.0]], ["H", [0.0178, 1.0527, -0.5127]]], "multiplicity": 1, "canonical_orbitals": [[0.22504172702420416, 0.5705199952331839, 0.9891837404171498, 0.22663312326694307], [0.4171521826862422, -0.49427335284749474, 0.1124289519289385, -1.5942795581172324], [0.44394300733886793, -0.2892587768431429, -0.4085695216271033, 1.6420990384840877], [0.1360081561365112, 0.7005361606754396, -0.7606548528129504, -0.48103277334694455]], "canonical_to_oao": [[0.39614894431306885, 0.6100108175401946, 0.6285930649750036, 0.2753608088833876], [0.5275024406661778, -0.40874139854347213, -0.24402236839258945, 0.7036509986719435], [0.7435855303559422, 0.06406877017458454, -0.26295768646554746, -0.6114155762345906], [0.10903094999191806, -0.675805049025964, 0.6900558655051705, -0.23499508534602645]], "orbital_energies": [-0.7876095843188665, -0.2939211423596275, 0.3181385738648182, 1.0611975858685367], "exact_energy": -1.924269876953354, "ground_states": [["0j"], ["0j"], ["0j"], ["0j"], ["0j"], ["0j"], ["0j"], ["0j"], ["0j"], ["0j"], ["0j"], ["0j"], ["0j"], ["0j"], ["0j"], ["(0.01769576412558043-0.009933003505812913j)"], ["0j"], ["0j"], ["0j"], ["0j"], ["0j"], ["0j"], ["0j"], ["0j"], ["0j"], ["0j"], ["0j"], ["(0.003614031506525782-0.002028631675336841j)"], ["0j"], ["0j"], ["(-0.002594596817368741+0.0014564016055027757j)"], ["0j"], ["0j"], ["0j"], ["0j"], ["0j"], ["0j"], ["0j"], ["0j"], ["(-0.0036140315065259425+0.002028631675336592j)"], ["0j"], ["0j"], ["0j"], ["0j"], ["0j"], ["(0.00259459681736868-0.0014564016055028297j)"], ["0j"], ["0j"], ["0j"], ["0j"], ["0j"], ["(-0.039411371734441585+0.0221224294598956j)"], ["0j"], ["0j"], ["(-0.012629137560288977+0.007088999761270743j)"], ["0j"], ["0j"], ["(0.012629137560288904-0.0070889997612708j)"], ["0j"], ["0j"], ["(-0.03315877941867016+0.018612718268436145j)"], ["0j"], ["0j"], ["0j"], ["0j"], ["0j"], ["0j"], ["0j"], ["0j"], ["0j"], ["0j"], ["0j"], ["0j"], ["0j"], ["0j"], ["(-0.001506288699041652+0.0008455114355144902j)"], ["0j"], ["0j"], ["(0.001601732913685251-0.0008990862747776784j)"], ["0j"], ["0j"], ["0j"], ["0j"], ["0j"], ["0j"], ["0j"], ["0j"], ["0j"], ["0j"], ["0j"], ["(0.007597987106924011-0.004264909502331105j)"], ["0j"], ["0j"], ["0j"], ["0j"], ["0j"], ["0j"], ["0j"], ["0j"], ["(0.02552854233605825-0.01432970617842943j)"], ["0j"], ["0j"], ["(0.014300310695160605-0.008027064288447846j)"], ["0j"], ["0j"], ["(-0.021898297802084677+0.012291973790778999j)"], ["0j"], ["0j"], ["(-0.06815963152618096+0.03825943056766771j)"], ["0j"], ["0j"], ["0j"], ["0j"], ["0j"], ["(-0.001163430202012446+0.0006530577709641988j)"], ["0j"], ["0j"], ["0j"], ["0j"], ["0j"], ["(0.0014430419116870936-0.0008100096874082363j)"], ["0j"], ["0j"], ["0j"], ["0j"], ["0j"], ["0j"], ["0j"], ["0j"], ["0j"], ["0j"], ["0j"], ["0j"], ["0j"], ["0j"], ["(0.0015062886990415358-0.0008455114355146181j)"], ["0j"], ["0j"], ["0j"], ["0j"], ["0j"], ["(-0.0016017329136852564+0.0008990862747775762j)"], ["0j"], ["0j"], ["0j"], ["0j"], ["0j"], ["(-0.02552854233605822+0.014329706178429472j)"], ["0j"], ["0j"], ["(-0.021898297802084674+0.012291973790778999j)"], ["0j"], ["0j"], ["(0.014300310695160592-0.008027064288447938j)"], ["0j"], ["0j"], ["(0.06815963152618104-0.038259430567667875j)"], ["0j"], ["0j"], ["0j"], ["0j"], ["0j"], ["0j"], ["0j"], ["0j"], ["(0.007597987106924051-0.004264909502331052j)"], ["0j"], ["0j"], ["0j"], ["0j"], ["0j"], ["0j"], ["0j"], ["0j"], ["0j"], ["0j"], ["0j"], ["(0.0011634302020124404-0.0006530577709640023j)"], ["0j"], ["0j"], ["(-0.0014430419116865246+0.0008100096874088592j)"], ["0j"], ["0j"], ["0j"], ["0j"], ["0j"], ["0j"], ["0j"], ["0j"], ["0j"], ["0j"], ["0j"], ["0j"], ["0j"], ["0j"], ["(-0.027528010571564225+0.015452049630348123j)"], ["0j"], ["0j"], ["(0.029970427484216404-0.016823029463932004j)"], ["0j"], ["0j"], ["(-0.02997042748421636+0.016823029463932188j)"], ["0j"], ["0j"], ["(-0.22162286777238593+0.12440156338709182j)"], ["0j"], ["0j"], ["0j"], ["0j"], ["0j"], ["(0.007173503393289867-0.004026637891918104j)"], ["0j"], ["0j"], ["0j"], ["0j"], ["0j"], ["(-0.04338072782476467+0.024350512275717766j)"], ["0j"], ["0j"], ["0j"], ["0j"], ["0j"], ["0j"], ["0j"], ["0j"], ["(-0.0071735033932895115+0.00402663789191816j)"], ["0j"], ["0j"], ["(0.043380727824767575-0.0243505122757135j)"], ["0j"], ["0j"], ["0j"], ["0j"], ["0j"], ["0j"], ["0j"], ["0j"], ["0j"], ["0j"], ["0j"], ["(0.830332606551147-0.46608310516191265j)"], ["0j"], ["0j"], ["0j"], ["0j"], ["0j"], ["0j"], ["0j"], ["0j"], ["0j"], ["0j"], ["0j"], ["0j"], ["0j"], ["0j"], ["0j"]]}