{"geometry": [["H", [0.0, 0.0, 0.0]], ["H", [1.4672, 0.0, 0.0]], ["H", [0.6584, 0.2241, 0.0]], ["H", [0.4927, -0.1318, 0.2907]]], "multiplicity": 1, "canonical_orbitals": [[0.25047322464244504, 0.7306699052766941, 1.418285288784442, 0.1305050367047824], [0.051625242041078795, -0.8390029539212431, 0.7579556863707455, 0.6218911117576299], [0.38680876607784415, -0.3272287183432135, -0.33560063854405364, -1.892695023470835], [0.41819949492338304, 0.15519201389391074, -1.3747332442321993, 1.381496155099179]], "canonical_to_oao": [[0.4966005856718113, 0.25592436966751825, 0.5744746767183372, 0.5982218828579076], [0.5441322593198114, -0.8044792316307464, -0.2161592166932665, 0.10004220749700234], [0.6722979489505996, 0.42689390074178873, -0.16562059926293193, -0.5816759256201569], [0.07296170581030678, 0.3241565677177385, -0.7718962727903944, 0.5420103810288163]], "orbital_energies": [-1.0592747955001673, -0.26184088467273126, 0.7973363873640567, 0.8806423955756375], "exact_energy": -1.5956870393496563, "ground_states": [["0j"], ["0j"], ["0j"], ["0j"], ["0j"], ["0j"], ["0j"], ["0j"], ["0j"], ["0j"], ["0j"], ["0j"], ["0j"], ["0j"], ["0j"], ["(0.005244979594337487+0.00457969209844488j)"], ["0j"], ["0j"], ["0j"], ["0j"], ["0j"], ["0j"], ["0j"], ["0j"], ["0j"], ["0j"], ["0j"], ["(0.0006988066406324444+0.0006101681032086792j)"], ["0j"], ["0j"], ["(0.0007080246738843281+0.0006182168960185752j)"], ["0j"], ["0j"], ["0j"], ["0j"], ["0j"], ["0j"], ["0j"], ["0j"], ["(-0.0006988066406324562-0.000610168103208705j)"], ["0j"], ["0j"], ["0j"], ["0j"], ["0j"], ["(-0.0007080246738843279-0.0006182168960185659j)"], ["0j"], ["0j"], ["0j"], ["0j"], ["0j"], ["(-0.03368768367108142-0.029414646129400188j)"], ["0j"], ["0j"], ["(-0.006893560013109612-0.00601916208716565j)"], ["0j"], ["0j"], ["(0.006893560013109637+0.00601916208716565j)"], ["0j"], ["0j"], ["(-0.027339513441247364-0.023871695100088037j)"], ["0j"], ["0j"], ["0j"], ["0j"], ["0j"], ["0j"], ["0j"], ["0j"], ["0j"], ["0j"], ["0j"], ["0j"], ["0j"], ["0j"], ["(-0.002765411778209067-0.00241463941695471j)"], ["0j"], ["0j"], ["(-0.00042252570508699355-0.0003689313939497113j)"], ["0j"], ["0j"], ["0j"], ["0j"], ["0j"], ["0j"], ["0j"], ["0j"], ["0j"], ["0j"], ["0j"], ["(-0.003897040974822169-0.003402729684397056j)"], ["0j"], ["0j"], ["0j"], ["0j"], ["0j"], ["0j"], ["0j"], ["0j"], ["(0.008205979073657912+0.0071651103398395755j)"], ["0j"], ["0j"], ["(-0.0037548216742613254-0.0032785498672385587j)"], ["0j"], ["0j"], ["(0.007651862649083478+0.006681279551635622j)"], ["0j"], ["0j"], ["(-0.016538176326751513-0.014440429001493352j)"], ["0j"], ["0j"], ["0j"], ["0j"], ["0j"], ["(0.0023224328887575247+0.002027849176247309j)"], ["0j"], ["0j"], ["0j"], ["0j"], ["0j"], ["(0.006496092748980997+0.005672110653279091j)"], ["0j"], ["0j"], ["0j"], ["0j"], ["0j"], ["0j"], ["0j"], ["0j"], ["0j"], ["0j"], ["0j"], ["0j"], ["0j"], ["0j"], ["(0.002765411778209052+0.0024146394169547065j)"], ["0j"], ["0j"], ["0j"], ["0j"], ["0j"], ["(0.0004225257050869856+0.0003689313939497087j)"], ["0j"], ["0j"], ["0j"], ["0j"], ["0j"], ["(-0.008205979073657924-0.0071651103398395945j)"], ["0j"], ["0j"], ["(0.007651862649083515+0.0066812795516356304j)"], ["0j"], ["0j"], ["(-0.003754821674261309-0.0032785498672385487j)"], ["0j"], ["0j"], ["(0.016538176326751496+0.014440429001493352j)"], ["0j"], ["0j"], ["0j"], ["0j"], ["0j"], ["0j"], ["0j"], ["0j"], ["(-0.003897040974822187-0.003402729684397046j)"], ["0j"], ["0j"], ["0j"], ["0j"], ["0j"], ["0j"], ["0j"], ["0j"], ["0j"], ["0j"], ["0j"], ["(-0.002322432888757499-0.002027849176247329j)"], ["0j"], ["0j"], ["(-0.006496092748980997-0.005672110653279104j)"], ["0j"], ["0j"], ["0j"], ["0j"], ["0j"], ["0j"], ["0j"], ["0j"], ["0j"], ["0j"], ["0j"], ["0j"], ["0j"], ["0j"], ["(-0.022482052930906615-0.019630368109658517j)"], ["0j"], ["0j"], ["(0.032599600494810844+0.028464578386487176j)"], ["0j"], ["0j"], ["(-0.032599600494810844-0.028464578386487152j)"], ["0j"], ["0j"], ["(-0.07287590643246138-0.0636321279907493j)"], ["0j"], ["0j"], ["0j"], ["0j"], ["0j"], ["(-0.004131286861915184-0.0036072631852272848j)"], ["0j"], ["0j"], ["0j"], ["0j"], ["0j"], ["(-0.007989707045178606-0.006976270844446669j)"], ["0j"], ["0j"], ["0j"], ["0j"], ["0j"], ["0j"], ["0j"], ["0j"], ["(0.0041312868619149+0.003607263185227082j)"], ["0j"], ["0j"], ["(0.007989707045178691+0.006976270844446653j)"], ["0j"], ["0j"], ["0j"], ["0j"], ["0j"], ["0j"], ["0j"], ["0j"], ["0j"], ["0j"], ["0j"], ["(0.7458741494137549+0.6512654409928054j)"], ["0j"], ["0j"], ["0j"], ["0j"], ["0j"], ["0j"], ["0j"], ["0j"], ["0j"], ["0j"], ["0j"], ["0j"], ["0j"], ["0j"], ["0j"]], "hf_energy": -1.5620973767246498}