{"geometry": [["H", [0.0, 0.0, 0.0]], ["H", [0.9442, 0.0, 0.0]], ["H", [-0.0947, -0.6173, 0.0]], ["H", [0.5228, 0.0444, 0.2023]]], "multiplicity": 1, "canonical_orbitals": [[0.32294986818634885, 0.5114390400451598, 1.1470010536620974, 1.620585320907664], [0.19701510416602075, -0.6738503709268643, -0.8777547564424564, 1.560505515584949], [0.16824815570124502, 0.6912372272629247, -1.1918638056215198, -0.5232574790776929], [0.44914205281381053, -0.4364709780172498, 0.564794078844708, -2.448919274479883]], "canonical_to_oao": [[0.5377632299721614, 0.4522115788930936, 0.38631473273234557, 0.5975586361846529], [0.38487497231748585, -0.5969067111406666, 0.6345333963842555, -0.3048622684949855], [0.5660704168654492, -0.4482123555510447, -0.6460922068670301, 0.24745671885574044], [0.4921851758467525, 0.4881728694239695, -0.17519462426880797, -0.6991050320677001]], "orbital_energies": [-1.0188622676678647, -0.3520282483054688, 0.6776333369172809, 1.6082416195664038], "exact_energy": -1.6051011966799453, "ground_states": [["0j"], ["0j"], ["0j"], ["0j"], ["0j"], ["0j"], ["0j"], ["0j"], ["0j"], ["0j"], ["0j"], ["0j"], ["0j"], ["0j"], ["0j"], ["(-0.004745981097923477+0.002643373978137j)"], ["0j"], ["0j"], ["0j"], ["0j"], ["0j"], ["0j"], ["0j"], ["0j"], ["0j"], ["0j"], ["0j"], ["(3.731398170758637e-05-2.0782806806698997e-05j)"], ["0j"], ["0j"], ["(-0.00022636163848804258+0.0001260768748298494j)"], ["0j"], ["0j"], ["0j"], ["0j"], ["0j"], ["0j"], ["0j"], ["0j"], ["(-3.731398170759008e-05+2.078280680672738e-05j)"], ["0j"], ["0j"], ["0j"], ["0j"], ["0j"], ["(0.00022636163848803424-0.00012607687482985442j)"], ["0j"], ["0j"], ["0j"], ["0j"], ["0j"], ["(0.022822167131639464-0.012711285922918026j)"], ["0j"], ["0j"], ["(0.0015618067467729835-0.0008698811116430384j)"], ["0j"], ["0j"], ["(-0.0015618067467729941+0.0008698811116430466j)"], ["0j"], ["0j"], ["(0.03486437843811464-0.019418448751841084j)"], ["0j"], ["0j"], ["0j"], ["0j"], ["0j"], ["0j"], ["0j"], ["0j"], ["0j"], ["0j"], ["0j"], ["0j"], ["0j"], ["0j"], ["(0.00041386289764657857-0.00023050964417746115j)"], ["0j"], ["0j"], ["(-0.0003023626036128691+0.00016840721061904982j)"], ["0j"], ["0j"], ["0j"], ["0j"], ["0j"], ["0j"], ["0j"], ["0j"], ["0j"], ["0j"], ["0j"], ["(-0.011421702015667532+0.006361557130402514j)"], ["0j"], ["0j"], ["0j"], ["0j"], ["0j"], ["0j"], ["0j"], ["0j"], ["(-0.007871842548715034+0.0043843882484844695j)"], ["0j"], ["0j"], ["(-0.016139317977185867+0.008989132549313796j)"], ["0j"], ["0j"], ["(0.027561019992853385-0.015350689679716367j)"], ["0j"], ["0j"], ["(0.019595939717801363-0.010914370718805083j)"], ["0j"], ["0j"], ["0j"], ["0j"], ["0j"], ["(-6.215843442883615e-05+3.462044721642751e-05j)"], ["0j"], ["0j"], ["0j"], ["0j"], ["0j"], ["(0.0025998744995990855-0.0014480547766339365j)"], ["0j"], ["0j"], ["0j"], ["0j"], ["0j"], ["0j"], ["0j"], ["0j"], ["0j"], ["0j"], ["0j"], ["0j"], ["0j"], ["0j"], ["(-0.0004138628976465884+0.00023050964417745942j)"], ["0j"], ["0j"], ["0j"], ["0j"], ["0j"], ["(0.00030236260361284187-0.0001684072106190433j)"], ["0j"], ["0j"], ["0j"], ["0j"], ["0j"], ["(0.007871842548715032-0.004384388248484476j)"], ["0j"], ["0j"], ["(0.027561019992853406-0.01535068967971635j)"], ["0j"], ["0j"], ["(-0.016139317977185846+0.00898913254931381j)"], ["0j"], ["0j"], ["(-0.01959593971780147+0.010914370718804993j)"], ["0j"], ["0j"], ["0j"], ["0j"], ["0j"], ["0j"], ["0j"], ["0j"], ["(-0.01142170201566751+0.006361557130402497j)"], ["0j"], ["0j"], ["0j"], ["0j"], ["0j"], ["0j"], ["0j"], ["0j"], ["0j"], ["0j"], ["0j"], ["(6.215843442893243e-05-3.4620447216414357e-05j)"], ["0j"], ["0j"], ["(-0.002599874499598998+0.0014480547766337914j)"], ["0j"], ["0j"], ["0j"], ["0j"], ["0j"], ["0j"], ["0j"], ["0j"], ["0j"], ["0j"], ["0j"], ["0j"], ["0j"], ["0j"], ["(0.021774788617976274-0.012127926433878227j)"], ["0j"], ["0j"], ["(0.0025162164053482952-0.0014014596417523022j)"], ["0j"], ["0j"], ["(-0.002516216405348256+0.0014014596417522935j)"], ["0j"], ["0j"], ["(0.08445194381186776-0.04703728608886673j)"], ["0j"], ["0j"], ["0j"], ["0j"], ["0j"], ["(0.0011953551739237345-0.000665778201848284j)"], ["0j"], ["0j"], ["0j"], ["0j"], ["0j"], ["(0.0012253005346425047-0.0006824569002367785j)"], ["0j"], ["0j"], ["0j"], ["0j"], ["0j"], ["0j"], ["0j"], ["0j"], ["(-0.0011953551739237167+0.0006657782018482439j)"], ["0j"], ["0j"], ["(-0.0012253005346419495+0.0006824569002365395j)"], ["0j"], ["0j"], ["0j"], ["0j"], ["0j"], ["0j"], ["0j"], ["0j"], ["0j"], ["0j"], ["0j"], ["(-0.8663929583533982+0.48255577797277j)"], ["0j"], ["0j"], ["0j"], ["0j"], ["0j"], ["0j"], ["0j"], ["0j"], ["0j"], ["0j"], ["0j"], ["0j"], ["0j"], ["0j"], ["0j"]], "hf_energy": -1.5748665570655114}