{"geometry": [["H", [0.0, 0.0, 0.0]], ["H", [0.4651, 0.0, 0.0]], ["H", [0.0193, 0.9328, 0.0]], ["H", [-0.0538, 1.4136, 0.4479]]], "multiplicity": 1, "canonical_orbitals": [[0.40084203595023965, 0.3916940705681363, 0.5986751287766979, 1.7275828047377575], [0.3673003997584141, 0.4283495252323062, -1.048679418827121, -1.3841696456924502], [0.2872480990546226, -0.5004713653814882, 1.272416109133696, -0.9051831971233895], [0.15964271792668522, -0.6015085968924605, -1.1341800027304585, 0.6624492894307101]], "canonical_to_oao": [[0.5914127128667669, 0.5677736033797184, 0.47990151599377334, 0.3123438382802813], [0.3605870753616048, 0.4102070554569108, -0.4853062496651596, -0.6827773991364048], [0.2513285205315746, -0.46252581224911, 0.6177289492145424, -0.5842215273960794], [0.6760487696232753, -0.5435376527545077, -0.39061915504121647, 0.30812587824436316]], "orbital_energies": [-0.8717940949202283, -0.4712615253814105, 0.8649574916565433, 1.058524030665283], "exact_energy": -1.9811628917799913, "ground_states": [["0j"], ["0j"], ["0j"], ["0j"], ["0j"], ["0j"], ["0j"], ["0j"], ["0j"], ["0j"], ["0j"], ["0j"], ["0j"], ["0j"], ["0j"], ["(-0.003985392170140606+0.004669365095763853j)"], ["0j"], ["0j"], ["0j"], ["0j"], ["0j"], ["0j"], ["0j"], ["0j"], ["0j"], ["0j"], ["0j"], ["(0.00048447170631197976-0.0005676167309925165j)"], ["0j"], ["0j"], ["(-0.00035836566662738635+0.0004198683752648064j)"], ["0j"], ["0j"], ["0j"], ["0j"], ["0j"], ["0j"], ["0j"], ["0j"], ["(-0.0004844717063119673+0.0005676167309924896j)"], ["0j"], ["0j"], ["0j"], ["0j"], ["0j"], ["(0.0003583656666273801-0.0004198683752648082j)"], ["0j"], ["0j"], ["0j"], ["0j"], ["0j"], ["(0.024818844906309027-0.02907825457955056j)"], ["0j"], ["0j"], ["(-0.005851749570697744+0.006856026716588651j)"], ["0j"], ["0j"], ["(0.005851749570697738-0.006856026716588647j)"], ["0j"], ["0j"], ["(0.02146656744672968-0.02515065932848563j)"], ["0j"], ["0j"], ["0j"], ["0j"], ["0j"], ["0j"], ["0j"], ["0j"], ["0j"], ["0j"], ["0j"], ["0j"], ["0j"], ["0j"], ["(0.0006954046436352709-0.0008147499748583164j)"], ["0j"], ["0j"], ["(-0.0002227008807110282+0.00026092080146565175j)"], ["0j"], ["0j"], ["0j"], ["0j"], ["0j"], ["0j"], ["0j"], ["0j"], ["0j"], ["0j"], ["0j"], ["(-0.002481927900838765+0.0029078763182219165j)"], ["0j"], ["0j"], ["0j"], ["0j"], ["0j"], ["0j"], ["0j"], ["0j"], ["(0.010411016767665942-0.012197755259963939j)"], ["0j"], ["0j"], ["(-0.017141744577126188+0.020083610443312704j)"], ["0j"], ["0j"], ["(0.01962367247796493-0.022991486761534622j)"], ["0j"], ["0j"], ["(-0.009775841721747584+0.011453571485194637j)"], ["0j"], ["0j"], ["0j"], ["0j"], ["0j"], ["(0.00015542204579550094-0.00018209557422909316j)"], ["0j"], ["0j"], ["0j"], ["0j"], ["0j"], ["(-3.889160982705955e-05+4.556618713845616e-05j)"], ["0j"], ["0j"], ["0j"], ["0j"], ["0j"], ["0j"], ["0j"], ["0j"], ["0j"], ["0j"], ["0j"], ["0j"], ["0j"], ["0j"], ["(-0.0006954046436352758+0.0008147499748583204j)"], ["0j"], ["0j"], ["0j"], ["0j"], ["0j"], ["(0.0002227008807110447-0.0002609208014656477j)"], ["0j"], ["0j"], ["0j"], ["0j"], ["0j"], ["(-0.010411016767665943+0.012197755259963954j)"], ["0j"], ["0j"], ["(0.019623672477964933-0.02299148676153461j)"], ["0j"], ["0j"], ["(-0.017141744577126184+0.020083610443312718j)"], ["0j"], ["0j"], ["(0.009775841721747627-0.011453571485194663j)"], ["0j"], ["0j"], ["0j"], ["0j"], ["0j"], ["0j"], ["0j"], ["0j"], ["(-0.0024819279008387535+0.0029078763182219074j)"], ["0j"], ["0j"], ["0j"], ["0j"], ["0j"], ["0j"], ["0j"], ["0j"], ["0j"], ["0j"], ["0j"], ["(-0.0001554220457955779+0.0001820955742291075j)"], ["0j"], ["0j"], ["(3.8891609827062665e-05-4.556618713839734e-05j)"], ["0j"], ["0j"], ["0j"], ["0j"], ["0j"], ["0j"], ["0j"], ["0j"], ["0j"], ["0j"], ["0j"], ["0j"], ["0j"], ["0j"], ["(0.02159850445493636-0.025305239363438165j)"], ["0j"], ["0j"], ["(0.011418343751311096-0.013377959680671656j)"], ["0j"], ["0j"], ["(-0.011418343751311084+0.013377959680671632j)"], ["0j"], ["0j"], ["(0.04332517666568282-0.0507606426304102j)"], ["0j"], ["0j"], ["0j"], ["0j"], ["0j"], ["(0.001310860926428158-0.0015358308527636142j)"], ["0j"], ["0j"], ["0j"], ["0j"], ["0j"], ["(-0.002486543966932768+0.002913284593487889j)"], ["0j"], ["0j"], ["0j"], ["0j"], ["0j"], ["0j"], ["0j"], ["0j"], ["(-0.0013108609264281556+0.0015358308527636398j)"], ["0j"], ["0j"], ["(0.0024865439669327903-0.0029132845934879783j)"], ["0j"], ["0j"], ["0j"], ["0j"], ["0j"], ["0j"], ["0j"], ["0j"], ["0j"], ["0j"], ["0j"], ["(-0.6449036695235763+0.7555820245657737j)"], ["0j"], ["0j"], ["0j"], ["0j"], ["0j"], ["0j"], ["0j"], ["0j"], ["0j"], ["0j"], ["0j"], ["0j"], ["0j"], ["0j"], ["0j"]]}