{"geometry": [["H", [0.0, 0.0, 0.0]], ["H", [0.542, 0.0, 0.0]], ["H", [0.5883, 1.2545, 0.0]], ["H", [-0.4094, 0.4501, -0.3507]]], "multiplicity": 3, "canonical_orbitals": [[0.5020510838049742, 0.3060359411097672, 0.037412250229556375, 1.9973859567748455], [0.37943431032286457, 0.17181179947529646, 0.7824941254933858, -1.4882383594701944], [0.04719083535320981, -1.0563923609190813, 0.12194769403761964, 0.28737393571733005], [0.21677408348298588, -0.02496604703800297, -1.0519814644834042, -0.9755433210910608]], "canonical_to_oao": [[0.6573933701080579, 0.5850504210490631, 0.1886731548480884, 0.43583529275169197], [0.2095169924028214, 0.1077524276809438, -0.9710131743535434, -0.04031698717905803], [0.006837242321350405, 0.5688182185604278, 0.0984986594301019, -0.8165152175199516], [0.7238023479858884, -0.5679359588834997, 0.10878359233818055, -0.37646385974645397]], "orbital_energies": [-0.8351534675415543, -0.029439579837091435, 0.06522238527242284, 1.3065575871154922], "exact_energy": -1.7666556525646644, "ground_states": [["0j", "0j", "0j"], ["0j", "0j", "0j"], ["0j", "0j", "0j"], ["0j", "0j", "0j"], ["0j", "0j", "0j"], ["0j", "0j", "0j"], ["0j", "0j", "0j"], ["0j", "0j", "0j"], ["0j", "0j", "0j"], ["0j", "0j", "0j"], ["0j", "0j", "0j"], ["0j", "0j", "0j"], ["0j", "0j", "0j"], ["0j", "0j", "0j"], ["0j", "0j", "0j"], ["0j", "0j", "0j"], ["0j", "0j", "0j"], ["0j", "0j", "0j"], ["0j", "0j", "0j"], ["0j", "0j", "0j"], ["0j", "0j", "0j"], ["0j", "0j", "0j"], ["0j", "0j", "0j"], ["(-0.008992973234602894-0.01998533198154457j)", "(0.014219432237411683+0.031880312615075485j)", "(0.00308354096779038+0.006459021709980165j)"], ["0j", "0j", "0j"], ["0j", "0j", "0j"], ["0j", "0j", "0j"], ["(0.001472189948868277+0.012916114003394357j)", "(0.001128377454495475+0.01226178083990837j)", "(-0.0024836494905057793-0.023432111786520233j)"], ["0j", "0j", "0j"], ["(-0.0021441373117352842-0.004764975372568078j)", "(0.003390248632633944+0.007601019818979528j)", "(0.0007351890269019955+0.0015399833941892435j)"], ["(0.00035100486980122955+0.0030795067698790707j)", "(0.00026903184728642394+0.002923498282637924j)", "(-0.0005921607240390188-0.0055867691211304495j)"], ["0j", "0j", "0j"], ["0j", "0j", "0j"], ["0j", "0j", "0j"], ["0j", "0j", "0j"], ["0j", "0j", "0j"], ["0j", "0j", "0j"], ["0j", "0j", "0j"], ["0j", "0j", "0j"], ["(0.0014721899489135964+0.012916114003372363j)", "(0.0011283774544828783+0.012261780839919457j)", "(-0.0024836494905067187-0.023432111786527j)"], ["0j", "0j", "0j"], ["0j", "0j", "0j"], ["0j", "0j", "0j"], ["(-0.029086693720447233-0.010707831564555138j)", "(-0.015029148201495951-0.005594306700322057j)", "(-0.023319752234446194-0.008571136041342046j)"], ["0j", "0j", "0j"], ["(0.00035100486981031744+0.0030795067698746142j)", "(0.00026903184728388534+0.002923498282640162j)", "(-0.000592160724039219-0.0055867691211317185j)"], ["(-0.006934955064811964-0.002553000057533609j)", "(-0.0035833040510377906-0.0013338149037625863j)", "(-0.005559979949001461-0.002043561357381553j)"], ["0j", "0j", "0j"], ["0j", "0j", "0j"], ["0j", "0j", "0j"], ["0j", "0j", "0j"], ["0j", "0j", "0j"], ["0j", "0j", "0j"], ["(-0.0028699665231473686-0.006378005610015843j)", "(0.004537909035746865+0.010174102331438773j)", "(0.0009840637928577932+0.0020612955911620576j)"], ["(0.00046982635874259727+0.004121975439247171j)", "(0.0003601039873423652+0.003913155260968539j)", "(-0.0007926178258330936-0.007477991387233053j)"], ["0j", "0j", "0j"], ["0j", "0j", "0j"], ["(0.00046982635873102417+0.004121975439252783j)", "(0.0003601039873455844+0.003913155260965719j)", "(-0.000792617825832828-0.0074779913872313j)"], ["(-0.009282562626287101-0.0034172366940366057j)", "(-0.004796317200605866-0.0017853353425278395j)", "(-0.0074421335964208945-0.0027353437914551947j)"], ["0j", "0j", "0j"], ["0j", "0j", "0j"], ["0j", "0j", "0j"], ["0j", "0j", "0j"], ["0j", "0j", "0j"], ["0j", "0j", "0j"], ["0j", "0j", "0j"], ["0j", "0j", "0j"], ["0j", "0j", "0j"], ["0j", "0j", "0j"], ["0j", "0j", "0j"], ["0j", "0j", "0j"], ["(0.0033885539794845133+0.007530476790123844j)", "(-0.005357884699210889-0.012012507694714047j)", "(-0.001161878807456629-0.0024337605759477917j)"], ["0j", "0j", "0j"], ["0j", "0j", "0j"], ["0j", "0j", "0j"], ["(-0.000554721445251307-0.0048667941473758075j)", "(-0.0004251728337271266-0.004620241290251761j)", "(0.0009358395877701215+0.008829224058671068j)"], ["0j", "0j", "0j"], ["(0.0018068295606457861+0.004015367071774605j)", "(-0.0028569072576907057-0.006405255495913998j)", "(-0.0006195318085267264-0.0012977189027473354j)"], ["(-0.0002957860819935433-0.0025950501554025344j)", "(-0.00022670875217265424-0.002463584346328116j)", "(0.0004990041892332965+0.004707879267486393j)"], ["0j", "0j", "0j"], ["0j", "0j", "0j"], ["0j", "0j", "0j"], ["0j", "0j", "0j"], ["(-0.0017064749947977977-0.0037923463574885434j)", "(0.00269822948655047+0.0060494960770741376j)", "(0.000585121896807408+0.0012256412591696234j)"], ["0j", "0j", "0j"], ["0j", "0j", "0j"], ["(-0.005371991396291498-0.011938324362379463j)", "(0.008494039251179673+0.019043842410238217j)", "(0.00184196651284861+0.003858324510626152j)"], ["0j", "0j", "0j"], ["0j", "0j", "0j"], ["(0.014349790463726758+0.03188993437450672j)", "(-0.022689478529180688-0.050870362227275034j)", "(-0.004920304511065627-0.010306447680978825j)"], ["(-0.0014697058698237482-0.01289432017971189j)", "(-0.001126473502634021-0.012241091096107664j)", "(0.0024794587393970123+0.023392573941576286j)"], ["0j", "0j", "0j"], ["(-0.0016477649069522318-0.0036618733130735753j)", "(0.0026053987737265773+0.005841367363093582j)", "(0.0005649911840418769+0.0011834739222837385j)"], ["0j", "0j", "0j"], ["0j", "0j", "0j"], ["0j", "0j", "0j"], ["0j", "0j", "0j"], ["0j", "0j", "0j"], ["0j", "0j", "0j"], ["(0.000279357590631611+0.0024509163990274183j)", "(0.00021411694002981875+0.0023267524376149214j)", "(-0.0004712885984231203-0.004446395179422924j)"], ["0j", "0j", "0j"], ["(-0.004111845988530115-0.009137868532907444j)", "(0.006501533350461327+0.014576595762010217j)", "(0.0014098836089148706+0.002953250478475779j)"], ["(0.0015525466062015062+0.013621115248122952j)", "(0.001189967767928445+0.012931066567246007j)", "(-0.0026192147218038813-0.02471110854764964j)"], ["0j", "0j", "0j"], ["0j", "0j", "0j"], ["(-0.0016759973104405889-0.014704197883405412j)", "(-0.0012845880249671424-0.013959279999091726j)", "(0.0028274815143251985+0.026676011720352787j)"], ["(0.01573834183333165+0.00579383532127746j)", "(0.00813203020364831+0.0030269893173961032j)", "(0.012617942611893048+0.004637703762934096j)"], ["0j", "0j", "0j"], ["(0.0002697464866018477+0.002366594321340173j)", "(0.00020675039531445265+0.002246702134840339j)", "(-0.00045507424128369303-0.00429342003921977j)"], ["0j", "0j", "0j"], ["0j", "0j", "0j"], ["0j", "0j", "0j"], ["0j", "0j", "0j"], ["(-0.002054905196116565-0.004566672385609979j)", "(0.0032491573618894307+0.0072846897613870094j)", "(0.0007045928183984552+0.0014758942262385096j)"], ["(0.0003363971732963084+0.0029513475784693436j)", "(0.00025783560496853906+0.00280183166392966j)", "(-0.0005675168946056493-0.005354265715018328j)"], ["0j", "0j", "0j"], ["(-0.0007756486667123384-0.0017237453844121183j)", "(0.0012264335018720262+0.002749693714099874j)", "(0.0002659570286741484+0.0005570940162853531j)"], ["0j", "0j", "0j"], ["0j", "0j", "0j"], ["0j", "0j", "0j"], ["(0.00012697715661908732+0.0011140216193839753j)", "(9.732314834313448e-05+0.0010575850402147892j)", "(-0.00021421607355381265-0.0020210319536503015j)"], ["0j", "0j", "0j"], ["0j", "0j", "0j"], ["0j", "0j", "0j"], ["0j", "0j", "0j"], ["0j", "0j", "0j"], ["0j", "0j", "0j"], ["0j", "0j", "0j"], ["0j", "0j", "0j"], ["0j", "0j", "0j"], ["0j", "0j", "0j"], ["0j", "0j", "0j"], ["0j", "0j", "0j"], ["0j", "0j", "0j"], ["0j", "0j", "0j"], ["(-0.0005547214452660441-0.004866794147368665j)", "(-0.0004251728337230435-0.004620241290255368j)", "(0.0009358395877704149+0.008829224058673304j)"], ["0j", "0j", "0j"], ["0j", "0j", "0j"], ["0j", "0j", "0j"], 