{"geometry": [["H", [0.0, 0.0, 0.0]], ["H", [0.8896, 0.0, 0.0]], ["H", [0.62, 0.5516, 0.0]], ["H", [0.5438, -0.1929, 0.549]]], "multiplicity": 1, "canonical_orbitals": [[0.23764321831114552, 0.7598233458304772, 0.9594163923801502, 0.6310007539772754], [0.3680633903885685, -0.5867565661484768, -0.5666376709046224, 1.5204814684782457], [0.28091084146750317, -0.7889386921364872, 0.5689099996560752, -1.225671591560343], [0.28353765735127867, 0.7172459924687321, -0.8641587202323512, -0.9980354189789663]], "canonical_to_oao": [[0.4465416134957092, 0.5572942761652684, 0.49681510411655483, 0.4931515279219319], [0.5480800843701601, -0.3802872827395123, -0.557048496710399, 0.49465824163363736], [0.6458623668953416, -0.35208918504203346, 0.3746612425158703, -0.5643792715552624], [0.2882197279191577, 0.6487201847610903, -0.5500006163549325, -0.43998958207091066]], "orbital_energies": [-0.948771955244397, -0.12679874997275936, 0.39905227585947606, 0.9649429330841784], "exact_energy": -1.4603988410441024, "ground_states": [["0j"], ["0j"], ["0j"], ["0j"], ["0j"], ["0j"], ["0j"], ["0j"], ["0j"], ["0j"], ["0j"], ["0j"], ["0j"], ["0j"], ["0j"], ["(-0.02338706840642097-0.013310204617546563j)"], ["0j"], ["0j"], ["0j"], ["0j"], ["0j"], ["0j"], ["0j"], ["0j"], ["0j"], ["0j"], ["0j"], ["(-0.0018862307784939434-0.0010735042623295358j)"], ["0j"], ["0j"], ["(0.0007275339218639265+0.0004140589661743867j)"], ["0j"], ["0j"], ["0j"], ["0j"], ["0j"], ["0j"], ["0j"], ["0j"], ["(0.001886230778496417+0.0010735042623294397j)"], ["0j"], ["0j"], ["0j"], ["0j"], ["0j"], ["(-0.0007275339218636067-0.0004140589661744272j)"], ["0j"], ["0j"], ["0j"], ["0j"], ["0j"], ["(0.0331303077364155+0.018855342078398587j)"], ["0j"], ["0j"], ["(0.0011483702012235642+0.0006535681210384387j)"], ["0j"], ["0j"], ["(-0.0011483702012239278-0.000653568121038414j)"], ["0j"], ["0j"], ["(0.030085114167104073+0.017122241169674094j)"], ["0j"], ["0j"], ["0j"], ["0j"], ["0j"], ["0j"], ["0j"], ["0j"], ["0j"], ["0j"], ["0j"], ["0j"], ["0j"], ["0j"], ["(0.000849063595427028+0.00048322474591693475j)"], ["0j"], ["0j"], ["(0.001212565964563995+0.0006901036427533674j)"], ["0j"], ["0j"], ["0j"], ["0j"], ["0j"], ["0j"], ["0j"], ["0j"], ["0j"], ["0j"], ["0j"], ["(-0.023393346455838453-0.013313777622973953j)"], ["0j"], ["0j"], ["0j"], ["0j"], ["0j"], ["0j"], ["0j"], ["0j"], ["(-0.015532319370553316-0.008839857369655634j)"], ["0j"], ["0j"], ["(-0.03939876706485924-0.022422889530196683j)"], ["0j"], ["0j"], ["(0.0627921135206973+0.03573666715317059j)"], ["0j"], ["0j"], ["(0.04137309845598405+0.023546534201774758j)"], ["0j"], ["0j"], ["0j"], ["0j"], ["0j"], ["(-0.00041553493604046265-0.00023649201893506506j)"], ["0j"], ["0j"], ["0j"], ["0j"], ["0j"], ["(-0.006446738628792849-0.003669010958273554j)"], ["0j"], ["0j"], ["0j"], ["0j"], ["0j"], ["0j"], ["0j"], ["0j"], ["0j"], ["0j"], ["0j"], ["0j"], ["0j"], ["0j"], ["(-0.0008490635954258022-0.0004832247459170098j)"], ["0j"], ["0j"], ["0j"], ["0j"], ["0j"], ["(-0.001212565964560152-0.0006901036427534351j)"], ["0j"], ["0j"], ["0j"], ["0j"], ["0j"], ["(0.015532319370552647+0.008839857369655698j)"], ["0j"], ["0j"], ["(0.0627921135206981+0.035736667153170525j)"], ["0j"], ["0j"], ["(-0.03939876706485882-0.022422889530196655j)"], ["0j"], ["0j"], ["(-0.041373098455982894-0.02354653420177495j)"], ["0j"], ["0j"], ["0j"], ["0j"], ["0j"], ["0j"], ["0j"], ["0j"], ["(-0.023393346455838796-0.013313777622973935j)"], ["0j"], ["0j"], ["0j"], ["0j"], ["0j"], ["0j"], ["0j"], ["0j"], ["0j"], ["0j"], ["0j"], ["(0.0004155349360360878+0.00023649201893513762j)"], ["0j"], ["0j"], ["(0.0064467386287899485+0.0036690109582737124j)"], ["0j"], ["0j"], ["0j"], ["0j"], ["0j"], ["0j"], ["0j"], ["0j"], ["0j"], ["0j"], ["0j"], ["0j"], ["0j"], ["0j"], ["(0.03556911906188106+0.02024333467334177j)"], ["0j"], ["0j"], ["(0.00746712345486819+0.004249739187553314j)"], ["0j"], ["0j"], ["(-0.007467123454865907-0.004249739187553548j)"], ["0j"], ["0j"], ["(0.35725425692728197+0.20332292947354338j)"], ["0j"], ["0j"], ["0j"], ["0j"], ["0j"], ["(-0.004046454639424625-0.0023029452982475814j)"], ["0j"], ["0j"], ["0j"], ["0j"], ["0j"], ["(0.03125584645815378+0.017788536152688997j)"], ["0j"], ["0j"], ["0j"], ["0j"], ["0j"], ["0j"], ["0j"], ["0j"], ["(0.0040464546394246275+0.002302945298247785j)"], ["0j"], ["0j"], ["(-0.031255846458210196-0.017788536152686805j)"], ["0j"], ["0j"], ["0j"], ["0j"], ["0j"], ["0j"], ["0j"], ["0j"], ["0j"], ["0j"], ["0j"], ["(-0.7782725598568524-0.44293567880754037j)"], ["0j"], ["0j"], ["0j"], ["0j"], ["0j"], ["0j"], ["0j"], ["0j"], ["0j"], ["0j"], ["0j"], ["0j"], ["0j"], ["0j"], ["0j"]]}