{"geometry": [["H", [0.0, 0.0, 0.0]], ["H", [0.6548, 0.0, 0.0]], ["H", [-0.3485, 0.7778, 0.0]], ["H", [-0.3366, 0.0348, 1.0153]]], "multiplicity": 1, "canonical_orbitals": [[0.47126003938423083, 0.2749046077989194, 0.010509134177492385, 1.6460686557538704], [0.29018756636707554, 0.7042959186544626, 0.24081274827242805, -1.2025378665672803], [0.29623366294203585, -0.5292398307440752, -0.9233399581109366, -0.5918054163851032], [0.18631875211527457, -0.7079214932980744, 0.8228686986685374, -0.27019241221576734]], "canonical_to_oao": [[0.6353062068537729, 0.4966292535538328, 0.4761526006166297, 0.35074792796772675], [0.20226501413357767, 0.6070111463811967, -0.43761512065968444, -0.6317589242713874], [0.006462825304290959, 0.19255946846423225, -0.7091001165003477, 0.678274360250372], [0.7452738553576805, -0.589760717400135, -0.2809781697485121, -0.13341830780201977]], "orbital_energies": [-0.7729920514146416, -0.19764030751783715, 0.24247566661217662, 0.9576615388419367], "exact_energy": -1.8581547726909406, "ground_states": [["0j"], ["0j"], ["0j"], ["0j"], ["0j"], ["0j"], ["0j"], ["0j"], ["0j"], ["0j"], ["0j"], ["0j"], ["0j"], ["0j"], ["0j"], ["(0.010982451370444905+0.028608827292876504j)"], ["0j"], ["0j"], ["0j"], ["0j"], ["0j"], ["0j"], ["0j"], ["0j"], ["0j"], ["0j"], ["0j"], ["(0.0007881674712666059+0.002053143355954203j)"], ["0j"], ["0j"], ["(0.0033758822918842283+0.00879403242426397j)"], ["0j"], ["0j"], ["0j"], ["0j"], ["0j"], ["0j"], ["0j"], ["0j"], ["(-0.0007881674712661829-0.002053143355954923j)"], ["0j"], ["0j"], ["0j"], ["0j"], ["0j"], ["(-0.00337588229188414-0.008794032424264008j)"], ["0j"], ["0j"], ["0j"], ["0j"], ["0j"], ["(-0.016030345923108005-0.04175838184846792j)"], ["0j"], ["0j"], ["(0.002132354282704574+0.0055546938787537185j)"], ["0j"], ["0j"], ["(-0.0021323542827045966-0.005554693878753778j)"], ["0j"], ["0j"], ["(-0.015741105550724412-0.041004922754452285j)"], ["0j"], ["0j"], ["0j"], ["0j"], ["0j"], ["0j"], ["0j"], ["0j"], ["0j"], ["0j"], ["0j"], ["0j"], ["0j"], ["0j"], ["(-0.0002607594088554403-0.0006792673731301263j)"], ["0j"], ["0j"], ["(-0.0014305443730834803-0.0037265083653796913j)"], ["0j"], ["0j"], ["0j"], ["0j"], ["0j"], ["0j"], ["0j"], ["0j"], ["0j"], ["0j"], ["0j"], ["(-0.005366621657676855-0.013979825357011158j)"], ["0j"], ["0j"], ["0j"], ["0j"], ["0j"], ["0j"], ["0j"], ["0j"], ["(-0.01153368249005217-0.030044761345063238j)"], ["0j"], ["0j"], ["(-0.0037760863962149746-0.009836547407167592j)"], ["0j"], ["0j"], ["(0.00914270805389147+0.023816372764179274j)"], ["0j"], ["0j"], ["(0.04540106036044881+0.1182678667042377j)"], ["0j"], ["0j"], ["0j"], ["0j"], ["0j"], ["(0.0005747543567822806+0.0014972111029110332j)"], ["0j"], ["0j"], ["0j"], ["0j"], ["0j"], ["(0.003340374467075683+0.008701536023118748j)"], ["0j"], ["0j"], ["0j"], ["0j"], ["0j"], ["0j"], ["0j"], ["0j"], ["0j"], ["0j"], ["0j"], ["0j"], ["0j"], ["0j"], ["(0.00026075940885520544+0.0006792673731305574j)"], ["0j"], ["0j"], ["0j"], ["0j"], ["0j"], ["(0.0014305443730833409+0.003726508365379946j)"], ["0j"], ["0j"], ["0j"], ["0j"], ["0j"], ["(0.011533682490052207+0.03004476134506314j)"], ["0j"], ["0j"], ["(0.009142708053892005+0.02381637276417825j)"], ["0j"], ["0j"], ["(-0.003776086396214868-0.0098365474071677j)"], ["0j"], ["0j"], ["(-0.04540106036044902-0.11826786670423717j)"], ["0j"], ["0j"], ["0j"], ["0j"], ["0j"], ["0j"], ["0j"], ["0j"], ["(-0.005366621657676918-0.013979825357011052j)"], ["0j"], ["0j"], ["0j"], ["0j"], ["0j"], ["0j"], ["0j"], ["0j"], ["0j"], ["0j"], ["0j"], ["(-0.000574754356782179-0.0014972111029112579j)"], ["0j"], ["0j"], ["(-0.0033403744670744565-0.008701536023120607j)"], ["0j"], ["0j"], ["0j"], ["0j"], ["0j"], ["0j"], ["0j"], ["0j"], ["0j"], ["0j"], ["0j"], ["0j"], ["0j"], ["0j"], ["(-0.014171446472541399-0.03691602639045049j)"], ["0j"], ["0j"], ["(-0.011961283653332318-0.03115864452267799j)"], ["0j"], ["0j"], ["(0.011961283653332197+0.03115864452267845j)"], ["0j"], ["0j"], ["(-0.13929539245240832-0.3628586816317454j)"], ["0j"], ["0j"], ["0j"], ["0j"], ["0j"], ["(-0.009958067945035029-0.025940351238604525j)"], ["0j"], ["0j"], ["0j"], ["0j"], ["0j"], ["(-0.012035723473620565-0.031352557146583526j)"], ["0j"], ["0j"], ["0j"], ["0j"], ["0j"], ["0j"], ["0j"], ["0j"], ["(0.009958067945035037+0.025940351238604324j)"], ["0j"], ["0j"], ["(0.012035723473613688+0.03135255714659609j)"], ["0j"], ["0j"], ["0j"], ["0j"], ["0j"], ["0j"], ["0j"], ["0j"], ["0j"], ["0j"], ["0j"], ["(0.32051995251818055+0.8349410943161959j)"], ["0j"], ["0j"], ["0j"], ["0j"], ["0j"], ["0j"], ["0j"], ["0j"], ["0j"], ["0j"], ["0j"], ["0j"], ["0j"], ["0j"], ["0j"]]}