{"geometry": [["H", [0.0, 0.0, 0.0]], ["H", [0.4417, 0.0, 0.0]], ["H", [-0.5754, -0.341, 0.0]], ["H", [0.4974, 0.3214, 0.267]]], "multiplicity": 1, "canonical_orbitals": [[0.37002935738201104, 0.5205819854471806, 0.7177158736076652, 2.40984406976722], [0.42768190729791844, -0.3908824786097498, 1.405776647972065, -2.1992892397726034], [0.027804480148035535, 0.7877266013210744, -0.776734701407455, -1.0744126456301057], [0.250312333043086, -0.6209257061196815, -1.7791019485762316, 0.5565572523832]], "canonical_to_oao": [[0.5540147752640008, 0.603759778284785, 0.24894506908004657, 0.5163023450415647], [0.3284356293566187, -0.23605444988256752, 0.7915748620712669, -0.4580584807604981], [0.3180353513896548, 0.48181167913185396, -0.40014593682649624, -0.711754346920235], [0.6957378683274054, -0.5895845424265191, -0.3889971973662946, 0.13046097634204135]], "orbital_energies": [-1.138506855476525, -0.3282978460067231, 0.8997437066528317, 1.5173377649904705], "exact_energy": -1.3283865469113167, "ground_states": [["0j"], ["0j"], ["0j"], ["0j"], ["0j"], ["0j"], ["0j"], ["0j"], ["0j"], ["0j"], ["0j"], ["0j"], ["0j"], ["0j"], ["0j"], ["(0.0027282187877209767+0.0026782852263271214j)"], ["0j"], ["0j"], ["0j"], ["0j"], ["0j"], ["0j"], ["0j"], ["0j"], ["0j"], ["0j"], ["0j"], ["(0.000355907472949736+0.00034939343245890607j)"], ["0j"], ["0j"], ["(0.00018359875308133315+0.00018023841422212033j)"], ["0j"], ["0j"], ["0j"], ["0j"], ["0j"], ["0j"], ["0j"], ["0j"], ["(-0.00035590747294973583-0.00034939343245890146j)"], ["0j"], ["0j"], ["0j"], ["0j"], ["0j"], ["(-0.00018359875308133903-0.00018023841422210268j)"], ["0j"], ["0j"], ["0j"], ["0j"], ["0j"], ["(-0.019542057039021298-0.019184386125928588j)"], ["0j"], ["0j"], ["(-0.0040379376749109875-0.00396403282178766j)"], ["0j"], ["0j"], ["(0.004037937674910988+0.0039640328217876485j)"], ["0j"], ["0j"], ["(-0.026952769129087176-0.026459462742480684j)"], ["0j"], ["0j"], ["0j"], ["0j"], ["0j"], ["0j"], ["0j"], ["0j"], ["0j"], ["0j"], ["0j"], ["0j"], ["0j"], ["0j"], ["(-0.00012273327691312538-0.00012048693595050537j)"], ["0j"], ["0j"], ["(-0.00010188753647568921-0.00010002272725263013j)"], ["0j"], ["0j"], ["0j"], ["0j"], ["0j"], ["0j"], ["0j"], ["0j"], ["0j"], ["0j"], ["0j"], ["(0.006092733381201829+0.005981220375824088j)"], ["0j"], ["0j"], ["0j"], ["0j"], ["0j"], ["0j"], ["0j"], ["0j"], ["(-0.0027671232868884403-0.002716477671092463j)"], ["0j"], ["0j"], ["(0.007161967728048845+0.007030884928949607j)"], ["0j"], ["0j"], ["(-0.013254701109250698-0.013012105304773713j)"], ["0j"], ["0j"], ["(0.012386497256388473+0.012159791860182434j)"], ["0j"], ["0j"], ["0j"], ["0j"], ["0j"], ["(-0.0006441235912765745-0.0006323344396751767j)"], ["0j"], ["0j"], ["0j"], ["0j"], ["0j"], ["(-0.001973795560957303-0.0019376699238693239j)"], ["0j"], ["0j"], ["0j"], ["0j"], ["0j"], ["0j"], ["0j"], ["0j"], ["0j"], ["0j"], ["0j"], ["0j"], ["0j"], ["0j"], ["(0.0001227332769131118+0.0001204869359505122j)"], ["0j"], ["0j"], ["0j"], ["0j"], ["0j"], ["(0.00010188753647569187+0.00010002272725263116j)"], ["0j"], ["0j"], ["0j"], ["0j"], ["0j"], ["(0.002767123286888442+0.002716477671092457j)"], ["0j"], ["0j"], ["(-0.013254701109250672-0.013012105304773718j)"], ["0j"], ["0j"], ["(0.007161967728048865+0.00703088492894961j)"], ["0j"], ["0j"], ["(-0.012386497256388457-0.012159791860182451j)"], ["0j"], ["0j"], ["0j"], ["0j"], ["0j"], ["0j"], ["0j"], ["0j"], ["(0.006092733381201833+0.005981220375824074j)"], ["0j"], ["0j"], ["0j"], ["0j"], ["0j"], ["0j"], ["0j"], ["0j"], ["0j"], ["0j"], ["0j"], ["(0.0006441235912765587+0.0006323344396751477j)"], ["0j"], ["0j"], ["(0.001973795560957294+0.0019376699238692122j)"], ["0j"], ["0j"], ["0j"], ["0j"], ["0j"], ["0j"], ["0j"], ["0j"], ["0j"], ["0j"], ["0j"], ["0j"], ["0j"], ["0j"], ["(-0.02096797252411496-0.0205842036167053j)"], ["0j"], ["0j"], ["(0.017767649832464993+0.01744245522647246j)"], ["0j"], ["0j"], ["(-0.01776764983246504-0.017442455226472448j)"], ["0j"], ["0j"], ["(-0.045544210473841655-0.044710631935321606j)"], ["0j"], ["0j"], ["0j"], ["0j"], ["0j"], ["(-0.0012106466620734769-0.0011884886519832093j)"], ["0j"], ["0j"], ["0j"], ["0j"], ["0j"], ["(-0.004677988228922437-0.004592368771465472j)"], ["0j"], ["0j"], ["0j"], ["0j"], ["0j"], ["0j"], ["0j"], ["0j"], ["(0.0012106466620735708+0.001188488651982999j)"], ["0j"], ["0j"], ["(0.004677988228922375+0.004592368771465453j)"], ["0j"], ["0j"], ["0j"], ["0j"], ["0j"], ["0j"], ["0j"], ["0j"], ["0j"], ["0j"], ["0j"], ["(0.7099544187068156+0.6969603902539235j)"], ["0j"], ["0j"], ["0j"], ["0j"], ["0j"], ["0j"], ["0j"], ["0j"], ["0j"], ["0j"], ["0j"], ["0j"], ["0j"], ["0j"], ["0j"]]}