{"geometry": [["H", [0.0, 0.0, 0.0]], ["H", [0.5885, 0.0, 0.0]], ["H", [-0.4658, -0.5382, 0.0]], ["H", [-0.3565, -0.3981, -0.5215]]], "multiplicity": 1, "canonical_orbitals": [[0.37707169342242236, 0.47890887129166876, 0.45464103902609, 1.8790817132108266], [0.14177609701348465, 0.7315833614032794, -0.3223396197966119, -1.3626509366360273], [0.32159479141650504, -0.5468573176512325, 1.322263243217041, -0.9492365608986433], [0.3162559796280569, -0.521441700509603, -1.5540605324951493, 0.06888408275984954]], "canonical_to_oao": [[0.5533647208694283, 0.3617138443689327, 0.534233503885486, 0.5268255345132622], [0.36374576316682017, 0.7054056203946497, -0.4356062859383808, -0.4246635069614493], [0.21061312459104836, -0.16797451361887972, 0.6212344739055427, -0.7358630327416896], [0.7191096002872476, -0.5859612344532609, -0.3727055881101199, 0.024927075324239344]], "orbital_energies": [-0.985028443300358, -0.34812291681038054, 0.7600802291184215, 1.12913174915257], "exact_energy": -1.735972419342489, "ground_states": [["0j"], ["0j"], ["0j"], ["0j"], ["0j"], ["0j"], ["0j"], ["0j"], ["0j"], ["0j"], ["0j"], ["0j"], ["0j"], ["0j"], ["0j"], ["(-0.005811444562103689+0.002839564501915142j)"], ["0j"], ["0j"], ["0j"], ["0j"], ["0j"], ["0j"], ["0j"], ["0j"], ["0j"], ["0j"], ["0j"], ["(-0.0005259073045688727+0.00025696669690181573j)"], ["0j"], ["0j"], ["(-0.0012455622359548268+0.0006086015744187078j)"], ["0j"], ["0j"], ["0j"], ["0j"], ["0j"], ["0j"], ["0j"], ["0j"], ["(0.0005259073045688652-0.0002569666969018035j)"], ["0j"], ["0j"], ["0j"], ["0j"], ["0j"], ["(0.001245562235954827-0.0006086015744187283j)"], ["0j"], ["0j"], ["0j"], ["0j"], ["0j"], ["(0.026709438446683394-0.013050657623727696j)"], ["0j"], ["0j"], ["(0.0011234200160738191-0.0005489209376935637j)"], ["0j"], ["0j"], ["(-0.0011234200160738159+0.0005489209376935728j)"], ["0j"], ["0j"], ["(0.04267118479314642-0.0208498214683851j)"], ["0j"], ["0j"], ["0j"], ["0j"], ["0j"], ["0j"], ["0j"], ["0j"], ["0j"], ["0j"], ["0j"], ["0j"], ["0j"], ["0j"], ["(0.0006292920994323417-0.00030748215659430895j)"], ["0j"], ["0j"], ["(0.001046434226105692-0.0005113044528403951j)"], ["0j"], ["0j"], ["0j"], ["0j"], ["0j"], ["0j"], ["0j"], ["0j"], ["0j"], ["0j"], ["0j"], ["(-0.002690940701288466+0.0013148365454546552j)"], ["0j"], ["0j"], ["0j"], ["0j"], ["0j"], ["0j"], ["0j"], ["0j"], ["(0.018122224112972176-0.008854807739629975j)"], ["0j"], ["0j"], ["(-0.014889422957556266+0.007275209533956594j)"], ["0j"], ["0j"], ["(0.01758036365884473-0.008590046079411263j)"], ["0j"], ["0j"], ["(-0.033898422951716134+0.016563310112650245j)"], ["0j"], ["0j"], ["0j"], ["0j"], ["0j"], ["(0.0004530281621451838-0.00022135678553723777j)"], ["0j"], ["0j"], ["0j"], ["0j"], ["0j"], ["(-8.841255002224878e-05+4.319978206525476e-05j)"], ["0j"], ["0j"], ["0j"], ["0j"], ["0j"], ["0j"], ["0j"], ["0j"], ["0j"], ["0j"], ["0j"], ["0j"], ["0j"], ["0j"], ["(-0.0006292920994323368+0.00030748215659425106j)"], ["0j"], ["0j"], ["0j"], ["0j"], ["0j"], ["(-0.0010464342261056877+0.0005113044528403992j)"], ["0j"], ["0j"], ["0j"], ["0j"], ["0j"], ["(-0.01812222411297219+0.008854807739630018j)"], ["0j"], ["0j"], ["(0.017580363658844758-0.008590046079411167j)"], ["0j"], ["0j"], ["(-0.01488942295755628+0.007275209533956589j)"], ["0j"], ["0j"], ["(0.03389842295171608-0.01656331011265023j)"], ["0j"], ["0j"], ["0j"], ["0j"], ["0j"], ["0j"], ["0j"], ["0j"], ["(-0.0026909407012884654+0.0013148365454545843j)"], ["0j"], ["0j"], ["0j"], ["0j"], ["0j"], ["0j"], ["0j"], ["0j"], ["0j"], ["0j"], ["0j"], ["(-0.00045302816214520597+0.0002213567855372862j)"], ["0j"], ["0j"], ["(8.84125500220465e-05-4.319978206498669e-05j)"], ["0j"], ["0j"], ["0j"], ["0j"], ["0j"], ["0j"], ["0j"], ["0j"], ["0j"], ["0j"], ["0j"], ["0j"], ["0j"], ["0j"], ["(0.0510910890120838-0.024963920961913626j)"], ["0j"], ["0j"], ["(-0.00535637756834192+0.002617211510731946j)"], ["0j"], ["0j"], ["(0.005356377568341833-0.002617211510732049j)"], ["0j"], ["0j"], ["(0.04386940653153892-0.02143529172064395j)"], ["0j"], ["0j"], ["0j"], ["0j"], ["0j"], ["(0.005269633162933098-0.0025748268107301897j)"], ["0j"], ["0j"], ["0j"], ["0j"], ["0j"], ["(0.0032578790181471565-0.0015918516493809787j)"], ["0j"], ["0j"], ["0j"], ["0j"], ["0j"], ["0j"], ["0j"], ["0j"], ["(-0.005269633162933135+0.002574826810731019j)"], ["0j"], ["0j"], ["(-0.0032578790181473443+0.0015918516493799073j)"], ["0j"], ["0j"], ["0j"], ["0j"], ["0j"], ["0j"], ["0j"], ["0j"], ["0j"], ["0j"], ["0j"], ["(-0.8921831021065323+0.43593489344638336j)"], ["0j"], ["0j"], ["0j"], ["0j"], ["0j"], ["0j"], ["0j"], ["0j"], ["0j"], ["0j"], ["0j"], ["0j"], ["0j"], ["0j"], ["0j"]], "hf_energy": -1.706961237607742}