{"geometry": [["H", [0.0, 0.0, 0.0]], ["H", [1.0513, 0.0, 0.0]], ["H", [-0.2677, -0.3184, 0.0]], ["H", [-0.3245, 0.3929, -0.0187]]], "multiplicity": 1, "canonical_orbitals": [[0.4947734584923112, 0.33812663326841863, 0.008226333825917198, 2.7131886067785977], [-0.03852877355799478, 0.9593805699635551, -0.23374287143656322, -0.6421714351985115], [0.32526661818340724, -0.19520167157966667, 1.2356260374145838, -1.585197481715567], [0.26620836241964363, -0.5757737890905985, -1.2103498026523287, -1.0768349537018764]], "canonical_to_oao": [[0.6239416889587774, 0.13026269739848007, 0.5688166167722137, 0.5197846235986122], [0.14808614784685478, 0.9293955096971102, -0.07379120930428812, -0.3299232286459064], [0.024044909509531254, -0.2034332837616205, 0.6712065557723145, -0.7124033273875895], [0.7669348759326449, -0.2790528897526149, -0.4695575293843026, -0.3368324619115586]], "orbital_energies": [-1.146967155678374, -0.10354980615404363, 0.34855709629335696, 1.3863052180659516], "exact_energy": -1.2856201176475597, "ground_states": [["0j"], ["0j"], ["0j"], ["0j"], ["0j"], ["0j"], ["0j"], ["0j"], ["0j"], ["0j"], ["0j"], ["0j"], ["0j"], ["0j"], ["0j"], ["(-0.006299991284218274+1.09131261913087e-05j)"], ["0j"], ["0j"], ["0j"], ["0j"], ["0j"], ["0j"], ["0j"], ["0j"], ["0j"], ["0j"], ["0j"], ["(-0.0047720204828534405+8.26630694660975e-06j)"], ["0j"], ["0j"], ["(-0.0012725147412483507+2.2043068514116684e-06j)"], ["0j"], ["0j"], ["0j"], ["0j"], ["0j"], ["0j"], ["0j"], ["0j"], ["(0.0047720204828538134-8.266306946669057e-06j)"], ["0j"], ["0j"], ["0j"], ["0j"], ["0j"], ["(0.0012725147412483814-2.2043068513959042e-06j)"], ["0j"], ["0j"], ["0j"], ["0j"], ["0j"], ["(0.032020223267821904-5.546686041809064e-05j)"], ["0j"], ["0j"], ["(0.006249942638462575-1.0826429692509096e-05j)"], ["0j"], ["0j"], ["(-0.006249942638462413+1.0826429692489915e-05j)"], ["0j"], ["0j"], ["(0.0636655419655898-0.00011028429440089872j)"], ["0j"], ["0j"], ["0j"], ["0j"], ["0j"], ["0j"], ["0j"], ["0j"], ["0j"], ["0j"], ["0j"], ["0j"], ["0j"], ["0j"], ["(-0.002506610519666947+4.34206266000188e-06j)"], ["0j"], ["0j"], ["(0.00013065888550398646-2.2633315528167583e-07j)"], ["0j"], ["0j"], ["0j"], ["0j"], ["0j"], ["0j"], ["0j"], ["0j"], ["0j"], ["0j"], ["0j"], ["(-0.004180125677797477+7.241000337827798e-06j)"], ["0j"], ["0j"], ["0j"], ["0j"], ["0j"], ["0j"], ["0j"], ["0j"], ["(0.003385380349657817-5.8643069958039986e-06j)"], ["0j"], ["0j"], ["(0.009624794166349595-1.6672498193104872e-05j)"], ["0j"], ["0j"], ["(-0.005444668488552185+9.431497855285446e-06j)"], ["0j"], ["0j"], ["(-0.04138562215532977+7.169002252748812e-05j)"], ["0j"], ["0j"], ["0j"], ["0j"], ["0j"], ["(5.6765550524794544e-05-9.833182110982123e-08j)"], ["0j"], ["0j"], ["0j"], ["0j"], ["0j"], ["(0.007796244611651396-1.3505003011405583e-05j)"], ["0j"], ["0j"], ["0j"], ["0j"], ["0j"], ["0j"], ["0j"], ["0j"], ["0j"], ["0j"], ["0j"], ["0j"], ["0j"], ["0j"], ["(0.002506610519666917-4.3420626599952625e-06j)"], ["0j"], ["0j"], ["0j"], ["0j"], ["0j"], ["(-0.00013065888550399467+2.2633315531888194e-07j)"], ["0j"], ["0j"], ["0j"], ["0j"], ["0j"], ["(-0.00338538034965777+5.864306995781704e-06j)"], ["0j"], ["0j"], ["(-0.005444668488551698+9.431497855197818e-06j)"], ["0j"], ["0j"], ["(0.009624794166349267-1.6672498193058813e-05j)"], ["0j"], ["0j"], ["(0.04138562215532981-7.169002252754293e-05j)"], ["0j"], ["0j"], ["0j"], ["0j"], ["0j"], ["0j"], ["0j"], ["0j"], ["(-0.004180125677797516+7.241000337838216e-06j)"], ["0j"], ["0j"], ["0j"], ["0j"], ["0j"], ["0j"], ["0j"], ["0j"], ["0j"], ["0j"], ["0j"], ["(-5.6765550524756156e-05+9.833182111957924e-08j)"], ["0j"], ["0j"], ["(-0.007796244611650813+1.350500301129912e-05j)"], ["0j"], ["0j"], ["0j"], ["0j"], ["0j"], ["0j"], ["0j"], ["0j"], ["0j"], ["0j"], ["0j"], ["0j"], ["0j"], ["0j"], ["(0.025177940719361226-4.3614353086074036e-05j)"], ["0j"], ["0j"], ["(-0.04498898036292212+7.793192050102139e-05j)"], ["0j"], ["0j"], ["(0.04498898036292119-7.793192050086298e-05j)"], ["0j"], ["0j"], ["(0.11122769923693514-0.00019267358683179177j)"], ["0j"], ["0j"], ["0j"], ["0j"], ["0j"], ["(0.00431426009780304-7.473353969206025e-06j)"], ["0j"], ["0j"], ["0j"], ["0j"], ["0j"], ["(0.11648903221833941-0.00020178750273345614j)"], ["0j"], ["0j"], ["0j"], ["0j"], ["0j"], ["0j"], ["0j"], ["0j"], ["(-0.004314260097803234+7.473353969213662e-06j)"], ["0j"], ["0j"], ["(-0.11648903221834908+0.0002017875027350045j)"], ["0j"], ["0j"], ["0j"], ["0j"], ["0j"], ["0j"], ["0j"], ["0j"], ["0j"], ["0j"], ["0j"], ["(-0.9729642880617129+0.0016854121817428882j)"], ["0j"], ["0j"], ["0j"], ["0j"], ["0j"], ["0j"], ["0j"], ["0j"], ["0j"], ["0j"], ["0j"], ["0j"], ["0j"], ["0j"], ["0j"]], "hf_energy": -1.2563461524869164}