{"geometry": [["H", [0.0, 0.0, 0.0]], ["H", [0.4279, 0.0, 0.0]], ["H", [-0.3469, 1.1403, 0.0]], ["H", [0.5873, 0.9223, -0.6457]]], "multiplicity": 1, "canonical_orbitals": [[0.44645891178091324, 0.35430630440268457, 0.32541004541956325, 1.9209440701301355], [0.4465728377872945, 0.39089775746280947, -0.2539775948525993, -1.9239784605432178], [0.13823498710946103, -0.6641307636818479, 0.8484964498717599, -0.4030583384186335], [0.16010861064211226, -0.6380925020150123, -0.8972361794889252, 0.36978462651117733]], "canonical_to_oao": [[0.6384159507593491, 0.6383349145170023, 0.28732907039012745, 0.3199931499787926], [0.29109234621410585, 0.31523342737415316, -0.6582984776084493, -0.6184951468038453], [0.18993262906811065, -0.14223173828264177, 0.6735603250098275, -0.7000087268120516], [0.6867429768165635, -0.6876965579378843, -0.17436056968190566, 0.15829061795858576]], "orbital_energies": [-0.8082225343014287, -0.3129027889384231, 0.30907175813317866, 1.2503927003800346], "exact_energy": -1.8289082858994639, "ground_states": [["0j"], ["0j"], ["0j"], ["0j"], ["0j"], ["0j"], ["0j"], ["0j"], ["0j"], ["0j"], ["0j"], ["0j"], ["0j"], ["0j"], ["0j"], ["(0.01686086235528951-0.006699382861576598j)"], ["0j"], ["0j"], ["0j"], ["0j"], ["0j"], ["0j"], ["0j"], ["0j"], ["0j"], ["0j"], ["0j"], ["(0.0007302256187038413-0.0002901429886527716j)"], ["0j"], ["0j"], ["(0.0004518017042546293-0.00017951588302753403j)"], ["0j"], ["0j"], ["0j"], ["0j"], ["0j"], ["0j"], ["0j"], ["0j"], ["(-0.0007302256187035691+0.00029014298865290484j)"], ["0j"], ["0j"], ["0j"], ["0j"], ["0j"], ["(-0.00045180170425474186+0.00017951588302748402j)"], ["0j"], ["0j"], ["0j"], ["0j"], ["0j"], ["(-0.03828416763427921+0.015211576437450351j)"], ["0j"], ["0j"], ["(0.012794469338740826-0.005083669316832868j)"], ["0j"], ["0j"], ["(-0.01279446933874082+0.005083669316832846j)"], ["0j"], ["0j"], ["(-0.027604014233269244+0.01096799534734742j)"], ["0j"], ["0j"], ["0j"], ["0j"], ["0j"], ["0j"], ["0j"], ["0j"], ["0j"], ["0j"], ["0j"], ["0j"], ["0j"], ["0j"], ["(0.0004316245533373339-0.00017149882813424343j)"], ["0j"], ["0j"], ["(0.00046107768308496544-0.00018320153873653503j)"], ["0j"], ["0j"], ["0j"], ["0j"], ["0j"], ["0j"], ["0j"], ["0j"], ["0j"], ["0j"], ["0j"], ["(0.01078955655933017-0.00428705061309694j)"], ["0j"], ["0j"], ["0j"], ["0j"], ["0j"], ["0j"], ["0j"], ["0j"], ["(-0.021767442879504845+0.008648930920283212j)"], ["0j"], ["0j"], ["(0.012784645739884177-0.005079766073426219j)"], ["0j"], ["0j"], ["(-0.02357420229921441+0.009366816686523154j)"], ["0j"], ["0j"], ["(0.06808168317513145-0.02705112299951138j)"], ["0j"], ["0j"], ["0j"], ["0j"], ["0j"], ["(-0.00022308509907232636+8.863914892988474e-05j)"], ["0j"], ["0j"], ["0j"], ["0j"], ["0j"], ["(-0.0008593916281053998+0.00034146495140052524j)"], ["0j"], ["0j"], ["0j"], ["0j"], ["0j"], ["0j"], ["0j"], ["0j"], ["0j"], ["0j"], ["0j"], ["0j"], ["0j"], ["0j"], ["(-0.0004316245533374997+0.0001714988281341839j)"], ["0j"], ["0j"], ["0j"], ["0j"], ["0j"], ["(-0.00046107768308485285+0.00018320153873657653j)"], ["0j"], ["0j"], ["0j"], ["0j"], ["0j"], ["(0.02176744287950489-0.008648930920283193j)"], ["0j"], ["0j"], ["(-0.023574202299214437+0.009366816686523229j)"], ["0j"], ["0j"], ["(0.012784645739884266-0.005079766073426231j)"], ["0j"], ["0j"], ["(-0.06808168317513152+0.02705112299951102j)"], ["0j"], ["0j"], ["0j"], ["0j"], ["0j"], ["0j"], ["0j"], ["0j"], ["(0.010789556559330197-0.004287050613097008j)"], ["0j"], ["0j"], ["0j"], ["0j"], ["0j"], ["0j"], ["0j"], ["0j"], ["0j"], ["0j"], ["0j"], ["(0.00022308509907218775-8.863914892996872e-05j)"], ["0j"], ["0j"], ["(0.0008593916281063282-0.0003414649514000045j)"], ["0j"], ["0j"], ["0j"], ["0j"], ["0j"], ["0j"], ["0j"], ["0j"], ["0j"], ["0j"], ["0j"], ["0j"], ["0j"], ["0j"], ["(-0.019183010365774775+0.007622049701247981j)"], ["0j"], ["0j"], ["(-0.025119575427874918+0.009980844963056798j)"], ["0j"], ["0j"], ["(0.025119575427874984-0.009980844963056906j)"], ["0j"], ["0j"], ["(-0.2571110173114381+0.10215878088574767j)"], ["0j"], ["0j"], ["0j"], ["0j"], ["0j"], ["(-0.001276329317918083+0.0005071281989030208j)"], ["0j"], ["0j"], ["0j"], ["0j"], ["0j"], ["(-0.010682715684394365+0.004244599170732044j)"], ["0j"], ["0j"], ["0j"], ["0j"], ["0j"], ["0j"], ["0j"], ["0j"], ["(0.0012763293179183636-0.0005071281989029226j)"], ["0j"], ["0j"], ["(0.010682715684388671-0.0042445991707344725j)"], ["0j"], ["0j"], ["0j"], ["0j"], ["0j"], ["0j"], ["0j"], ["0j"], ["0j"], ["0j"], ["0j"], ["(0.8837149785245377-0.3511294296159484j)"], ["0j"], ["0j"], ["0j"], ["0j"], ["0j"], ["0j"], ["0j"], ["0j"], ["0j"], ["0j"], ["0j"], ["0j"], ["0j"], ["0j"], ["0j"]], "hf_energy": -1.7501579521127029}