{"geometry": [["H", [0.0, 0.0, 0.0]], ["H", [0.4802, 0.0, 0.0]], ["H", [0.763, 0.3314, 0.0]], ["H", [-0.5256, 0.3818, -0.4609]]], "multiplicity": 1, "canonical_orbitals": [[0.2831092246246182, 0.537419132784396, 1.0023820831493608, 2.01836920721588], [0.5146569292455632, -0.3849516978309972, 0.582757670395351, -2.923105027382961], [0.24095417261963603, -0.5696870410724052, -1.1545227276208876, 1.6208787556181297], [0.06379002426994768, 0.7532380950751454, -0.8862379730084707, -0.6665010201008065]], "canonical_to_oao": [[0.5272254542224999, 0.6350197683421874, 0.5115888365121715, 0.23887251116575914], [0.38004115069089056, -0.22542116348001803, -0.4689321121700104, 0.7647592412077349], [0.540097223463512, 0.23291870824560806, -0.5849744875717255, -0.5584341621412487], [0.534693401313713, -0.7012018740841641, 0.41974323749417747, -0.21502212200221157]], "orbital_energies": [-1.0487010973988848, -0.32164129765127014, 0.5905021698126022, 1.9556374291393004], "exact_energy": -1.5294194868637025, "ground_states": [["0j"], ["0j"], ["0j"], ["0j"], ["0j"], ["0j"], ["0j"], ["0j"], ["0j"], ["0j"], ["0j"], ["0j"], ["0j"], ["0j"], ["0j"], ["(0.002327501314809994+0.004522346506521825j)"], ["0j"], ["0j"], ["0j"], ["0j"], ["0j"], ["0j"], ["0j"], ["0j"], ["0j"], ["0j"], ["0j"], ["(0.00030027495369416634+0.000583435712450158j)"], ["0j"], ["0j"], ["(-0.00019697262932135461-0.00038271878792237973j)"], ["0j"], ["0j"], ["0j"], ["0j"], ["0j"], ["0j"], ["0j"], ["0j"], ["(-0.0003002749536941944-0.0005834357124502055j)"], ["0j"], ["0j"], ["0j"], ["0j"], ["0j"], ["(0.00019697262932134564+0.0003827187879223678j)"], ["0j"], ["0j"], ["0j"], ["0j"], ["0j"], ["(-0.010313284626643287-0.020038762773319025j)"], ["0j"], ["0j"], ["(-0.0029738984256585618-0.005778299273324222j)"], ["0j"], ["0j"], ["(0.002973898425658552+0.005778299273324192j)"], ["0j"], ["0j"], ["(-0.018125847886642035-0.03521861162711886j)"], ["0j"], ["0j"], ["0j"], ["0j"], ["0j"], ["0j"], ["0j"], ["0j"], ["0j"], ["0j"], ["0j"], ["0j"], ["0j"], ["0j"], ["(-0.00029395363916297305-0.0005711533672137043j)"], ["0j"], ["0j"], ["(0.0005388297578890817+0.001046948870745781j)"], ["0j"], ["0j"], ["0j"], ["0j"], ["0j"], ["0j"], ["0j"], ["0j"], ["0j"], ["0j"], ["0j"], ["(0.007773962358127831+0.015104847111539295j)"], ["0j"], ["0j"], ["0j"], ["0j"], ["0j"], ["0j"], ["0j"], ["0j"], ["(0.0022557964660717294+0.004383023632618876j)"], ["0j"], ["0j"], ["(0.005723081663073384+0.011119975830240072j)"], ["0j"], ["0j"], ["(-0.013497044021201221-0.026224822941779385j)"], ["0j"], ["0j"], ["(-0.001767445674396427-0.0034341556415946983j)"], ["0j"], ["0j"], ["0j"], ["0j"], ["0j"], ["(-0.0003413460865519972-0.0006632371256724295j)"], ["0j"], ["0j"], ["0j"], ["0j"], ["0j"], ["(-0.0020700272947356576-0.004022073218685591j)"], ["0j"], ["0j"], ["0j"], ["0j"], ["0j"], ["0j"], ["0j"], ["0j"], ["0j"], ["0j"], ["0j"], ["0j"], ["0j"], ["0j"], ["(0.00029395363916297326+0.0005711533672137033j)"], ["0j"], ["0j"], ["0j"], ["0j"], ["0j"], ["(-0.0005388297578890859-0.0010469488707458296j)"], ["0j"], ["0j"], ["0j"], ["0j"], ["0j"], ["(-0.002255796466071713-0.004383023632618909j)"], ["0j"], ["0j"], ["(-0.013497044021201209-0.026224822941779344j)"], ["0j"], ["0j"], ["(0.00572308166307338+0.011119975830240075j)"], ["0j"], ["0j"], ["(0.0017674456743964528+0.003434155641594759j)"], ["0j"], ["0j"], ["0j"], ["0j"], ["0j"], ["0j"], ["0j"], ["0j"], ["(0.007773962358127802+0.01510484711153932j)"], ["0j"], ["0j"], ["0j"], ["0j"], ["0j"], ["0j"], ["0j"], ["0j"], ["0j"], ["0j"], ["0j"], ["(0.000341346086552025+0.0006632371256724903j)"], ["0j"], ["0j"], ["(0.0020700272947356962+0.004022073218685592j)"], ["0j"], ["0j"], ["0j"], ["0j"], ["0j"], ["0j"], ["0j"], ["0j"], ["0j"], ["0j"], ["0j"], ["0j"], ["0j"], ["0j"], ["(-0.007772590098262845-0.015102180803869792j)"], ["0j"], ["0j"], ["(0.006745827651926267+0.013107176318728628j)"], ["0j"], ["0j"], ["(-0.006745827651926295-0.013107176318728568j)"], ["0j"], ["0j"], ["(-0.058471460145120946-0.11361033475510855j)"], ["0j"], ["0j"], ["0j"], ["0j"], ["0j"], ["(0.00036528157543728036+0.0007097438983446593j)"], ["0j"], ["0j"], ["0j"], ["0j"], ["0j"], ["(-0.007101720068115253-0.013798677034456419j)"], ["0j"], ["0j"], ["0j"], ["0j"], ["0j"], ["0j"], ["0j"], ["0j"], ["(-0.00036528157543724816-0.0007097438983446065j)"], ["0j"], ["0j"], ["(0.007101720068115411+0.013798677034458277j)"], ["0j"], ["0j"], ["0j"], ["0j"], ["0j"], ["0j"], ["0j"], ["0j"], ["0j"], ["0j"], ["0j"], ["(0.4524443396044522+0.8791015779824849j)"], ["0j"], ["0j"], ["0j"], ["0j"], ["0j"], ["0j"], ["0j"], ["0j"], ["0j"], ["0j"], ["0j"], ["0j"], ["0j"], ["0j"], ["0j"]], "hf_energy": -1.4952333688643273}