{"geometry": [["H", [0.0, 0.0, 0.0]], ["H", [1.3497, 0.0, 0.0]], ["H", [0.7897, 0.3653, 0.0]], ["H", [-0.4324, 0.1016, -0.5453]]], "multiplicity": 1, "canonical_orbitals": [[0.36886719225142484, 0.4205919287717365, 0.822181992886565, 1.278849956235912], [0.26752111395015665, -0.5426529786069503, -0.9283210235054442, 0.9052530986331007], [0.38891612143171445, -0.39875800804282485, 0.6999075692741616, -1.4079702810042765], [0.24804249717126198, 0.5557580626821759, -0.9954637318099565, -0.7448252635118575]], "canonical_to_oao": [[0.5537385558831538, 0.44123602045982707, 0.5719358777434335, 0.4142146034690968], [0.39875984026471645, -0.5817195517597202, -0.37363074559372156, 0.6024890196838509], [0.46379481766223374, -0.5387347679043393, 0.39031476881661054, -0.5850757200605317], [0.5650297059714244, 0.42033080686561863, -0.6172064475850554, -0.3508840908747233]], "orbital_energies": [-0.7934448183459732, -0.4335756106089143, 0.6372150545935787, 1.0404002799809606], "exact_energy": -2.125014376492599, "ground_states": [["0j"], ["0j"], ["0j"], ["0j"], ["0j"], ["0j"], ["0j"], ["0j"], ["0j"], ["0j"], ["0j"], ["0j"], ["0j"], ["0j"], ["0j"], ["(0.006092712615392853+0.0062930072217766645j)"], ["0j"], ["0j"], ["0j"], ["0j"], ["0j"], ["0j"], ["0j"], ["0j"], ["0j"], ["0j"], ["0j"], ["(3.603066665906448e-05+3.7215155186853645e-05j)"], ["0j"], ["0j"], ["(0.0009016700229434035+0.0009313119334902967j)"], ["0j"], ["0j"], ["0j"], ["0j"], ["0j"], ["0j"], ["0j"], ["0j"], ["(-3.603066665903693e-05-3.721515518688289e-05j)"], ["0j"], ["0j"], ["0j"], ["0j"], ["0j"], ["(-0.000901670022943399-0.0009313119334903084j)"], ["0j"], ["0j"], ["0j"], ["0j"], ["0j"], ["(-0.025839507245070056-0.026688966961867986j)"], ["0j"], ["0j"], ["(-0.0008164225407812078-0.000843261986816396j)"], ["0j"], ["0j"], ["(0.0008164225407812279+0.0008432619868163813j)"], ["0j"], ["0j"], ["(-0.03118115899377938-0.03220622260033638j)"], ["0j"], ["0j"], ["0j"], ["0j"], ["0j"], ["0j"], ["0j"], ["0j"], ["0j"], ["0j"], ["0j"], ["0j"], ["0j"], ["0j"], ["(-0.000812803490368043-0.0008395239620934819j)"], ["0j"], ["0j"], ["(4.4950301854004576e-05+4.64280185271779e-05j)"], ["0j"], ["0j"], ["0j"], ["0j"], ["0j"], ["0j"], ["0j"], ["0j"], ["0j"], ["0j"], ["0j"], ["(0.008644341970672325+0.008928520001339417j)"], ["0j"], ["0j"], ["0j"], ["0j"], ["0j"], ["0j"], ["0j"], ["0j"], ["(0.0026538449480308654+0.00274108865421298j)"], ["0j"], ["0j"], ["(0.024089580457275626+0.024881512284726435j)"], ["0j"], ["0j"], ["(-0.03273392242794801-0.03381003228606593j)"], ["0j"], ["0j"], ["(-0.004093534813426402-0.004228107539227086j)"], ["0j"], ["0j"], ["0j"], ["0j"], ["0j"], ["(1.685088721803512e-05+1.7404850950797627e-05j)"], ["0j"], ["0j"], ["0j"], ["0j"], ["0j"], ["(-0.0013249432219099686-0.0013685000081668352j)"], ["0j"], ["0j"], ["0j"], ["0j"], ["0j"], ["0j"], ["0j"], ["0j"], ["0j"], ["0j"], ["0j"], ["0j"], ["0j"], ["0j"], ["(0.000812803490368059+0.0008395239620934675j)"], ["0j"], ["0j"], ["0j"], ["0j"], ["0j"], ["(-4.4950301854010274e-05-4.642801852720501e-05j)"], ["0j"], ["0j"], ["0j"], ["0j"], ["0j"], ["(-0.0026538449480308485-0.0027410886542129993j)"], ["0j"], ["0j"], ["(-0.03273392242794797-0.033810032286065904j)"], ["0j"], ["0j"], ["(0.024089580457275616+0.024881512284726483j)"], ["0j"], ["0j"], ["(0.00409353481342636+0.004228107539227115j)"], ["0j"], ["0j"], ["0j"], ["0j"], ["0j"], ["0j"], ["0j"], ["0j"], ["(0.00864434197067236+0.008928520001339429j)"], ["0j"], ["0j"], ["0j"], ["0j"], ["0j"], ["0j"], ["0j"], ["0j"], ["0j"], ["0j"], ["0j"], ["(-1.685088721806071e-05-1.7404850950702546e-05j)"], ["0j"], ["0j"], ["(0.001324943221909966+0.001368500008166879j)"], ["0j"], ["0j"], ["0j"], ["0j"], ["0j"], ["0j"], ["0j"], ["0j"], ["0j"], ["0j"], ["0j"], ["0j"], ["0j"], ["0j"], ["(-0.026126858348992577-0.02698576457671057j)"], ["0j"], ["0j"], ["(0.0005380955390233875+0.0005557851365785728j)"], ["0j"], ["0j"], ["(-0.0005380955390233793-0.0005557851365785168j)"], ["0j"], ["0j"], ["(-0.06438023776096002-0.06649670298675274j)"], ["0j"], ["0j"], ["0j"], ["0j"], ["0j"], ["(-0.0017085940909004821-0.0017647631903656635j)"], ["0j"], ["0j"], ["0j"], ["0j"], ["0j"], ["(-0.0002943837676745134-0.00030406147358184497j)"], ["0j"], ["0j"], ["0j"], ["0j"], ["0j"], ["0j"], ["0j"], ["0j"], ["(0.0017085940909005199+0.0017647631903656617j)"], ["0j"], ["0j"], ["(0.0002943837676743863+0.00030406147358248036j)"], ["0j"], ["0j"], ["0j"], ["0j"], ["0j"], ["0j"], ["0j"], ["0j"], ["0j"], ["0j"], ["0j"], ["(0.6883409374467898+0.7109697705835184j)"], ["0j"], ["0j"], ["0j"], ["0j"], ["0j"], ["0j"], ["0j"], ["0j"], ["0j"], ["0j"], ["0j"], ["0j"], ["0j"], ["0j"], ["0j"]], "hf_energy": -2.088659067572037}