{"geometry": [["H", [0.0, 0.0, 0.0]], ["H", [0.5975, 0.0, 0.0]], ["H", [-0.3262, -0.5412, 0.0]], ["H", [-0.0382, 0.5401, 0.0714]]], "multiplicity": 1, "canonical_orbitals": [[0.5321568642188718, 0.31360529108525875, 0.14447952407441067, 2.666698666279788], [0.2671841582848437, -0.46223176284892636, -1.2118467373942368, -0.8203852395497528], [0.06363597621472275, 0.9674779281535574, 0.055110922520228534, -1.2719210592558194], [0.24840766675061793, -0.6721653052306902, 0.9912193619277779, -1.2201107673870253]], "canonical_to_oao": [[0.6217406338758704, 0.500710722234522, 0.33238839596635644, 0.502240292145026], [0.16335204079164495, -0.304194573894559, 0.8259732006923399, -0.44558954624223884], [0.08252983188454505, -0.76743732958259, 0.04323837987358749, 0.6343179128151439], [0.7615402299326971, -0.2603735374719024, -0.4532291566866256, -0.3832041632179287]], "orbital_energies": [-1.0247086881669323, -0.14757171935298352, 0.35349171883661534, 1.63907415536295], "exact_energy": -1.4403575772250568, "ground_states": [["0j"], ["0j"], ["0j"], ["0j"], ["0j"], ["0j"], ["0j"], ["0j"], ["0j"], ["0j"], ["0j"], ["0j"], ["0j"], ["0j"], ["0j"], ["(-0.006521255593883715+0.005298857936389627j)"], ["0j"], ["0j"], ["0j"], ["0j"], ["0j"], ["0j"], ["0j"], ["0j"], ["0j"], ["0j"], ["0j"], ["(-0.0008806407563610561+0.000715566227051688j)"], ["0j"], ["0j"], ["(-0.003082095849018713+0.002504362513501781j)"], ["0j"], ["0j"], ["0j"], ["0j"], ["0j"], ["0j"], ["0j"], ["0j"], ["(0.0008806407563608466-0.0007155662270503517j)"], ["0j"], ["0j"], ["0j"], ["0j"], ["0j"], ["(0.003082095849018728-0.0025043625135018357j)"], ["0j"], ["0j"], ["0j"], ["0j"], ["0j"], ["(0.02162688687396831-0.017572965742825533j)"], ["0j"], ["0j"], ["(-0.0018143945660959325+0.0014742895609426896j)"], ["0j"], ["0j"], ["(0.00181439456609588-0.0014742895609421638j)"], ["0j"], ["0j"], ["(0.05078057809186551-0.04126184986353004j)"], ["0j"], ["0j"], ["0j"], ["0j"], ["0j"], ["0j"], ["0j"], ["0j"], ["0j"], ["0j"], ["0j"], ["0j"], ["0j"], ["0j"], ["(0.0006427738353135963-0.0005222870334588455j)"], ["0j"], ["0j"], ["(0.0021892444846007366-0.0017788745349595785j)"], ["0j"], ["0j"], ["0j"], ["0j"], ["0j"], ["0j"], ["0j"], ["0j"], ["0j"], ["0j"], ["0j"], ["(-0.0006277546301038154+0.0005100831513108734j)"], ["0j"], ["0j"], ["0j"], ["0j"], ["0j"], ["0j"], ["0j"], ["0j"], ["(0.007079179094529693-0.005752199678134574j)"], ["0j"], ["0j"], ["(-0.004039814066661914+0.0032825581700474996j)"], ["0j"], ["0j"], ["(0.004667568696765857-0.0037926413213592055j)"], ["0j"], ["0j"], ["(-0.06616241862649892+0.053760391995456444j)"], ["0j"], ["0j"], ["0j"], ["0j"], ["0j"], ["(-0.0010410544082872133+0.0008459106278151686j)"], ["0j"], ["0j"], ["0j"], ["0j"], ["0j"], ["(-0.003859711615267277+0.0031362155999419897j)"], ["0j"], ["0j"], ["0j"], ["0j"], ["0j"], ["0j"], ["0j"], ["0j"], ["0j"], ["0j"], ["0j"], ["0j"], ["0j"], ["0j"], ["(-0.0006427738353135346+0.0005222870334583766j)"], ["0j"], ["0j"], ["0j"], ["0j"], ["0j"], ["(-0.00218924448460079+0.0017788745349598663j)"], ["0j"], ["0j"], ["0j"], ["0j"], ["0j"], ["(-0.0070791790945297075+0.0057521996781348325j)"], ["0j"], ["0j"], ["(0.004667568696765479-0.003792641321356793j)"], ["0j"], ["0j"], ["(-0.004039814066661873+0.0032825581700472706j)"], ["0j"], ["0j"], ["(0.06616241862649926-0.053760391995457846j)"], ["0j"], ["0j"], ["0j"], ["0j"], ["0j"], ["0j"], ["0j"], ["0j"], ["(-0.0006277546301037308+0.0005100831513103591j)"], ["0j"], ["0j"], ["0j"], ["0j"], ["0j"], ["0j"], ["0j"], ["0j"], ["0j"], ["0j"], ["0j"], ["(0.0010410544082872749-0.0008459106278154402j)"], ["0j"], ["0j"], ["(0.0038597116152667495-0.0031362155999381403j)"], ["0j"], ["0j"], ["0j"], ["0j"], ["0j"], ["0j"], ["0j"], ["0j"], ["0j"], ["0j"], ["0j"], ["0j"], ["0j"], ["0j"], ["(0.027112849315646836-0.022030594370369003j)"], ["0j"], ["0j"], ["(0.009090491437292895-0.007386495131914677j)"], ["0j"], ["0j"], ["(-0.009090491437292458+0.007386495131911743j)"], ["0j"], ["0j"], ["(0.11161983260868352-0.09069689530827954j)"], ["0j"], ["0j"], ["0j"], ["0j"], ["0j"], ["(0.009329450584090737-0.007580661815498983j)"], ["0j"], ["0j"], ["0j"], ["0j"], ["0j"], ["(0.020781469227402975-0.01688602011686684j)"], ["0j"], ["0j"], ["0j"], ["0j"], ["0j"], ["0j"], ["0j"], ["0j"], ["(-0.009329450584090893+0.0075806618154989755j)"], ["0j"], ["0j"], ["(-0.02078146922739674+0.01688602011682719j)"], ["0j"], ["0j"], ["0j"], ["0j"], ["0j"], ["0j"], ["0j"], ["0j"], ["0j"], ["0j"], ["0j"], ["(-0.7588376863057406+0.6165949238799957j)"], ["0j"], ["0j"], ["0j"], ["0j"], ["0j"], ["0j"], ["0j"], ["0j"], ["0j"], ["0j"], ["0j"], ["0j"], ["0j"], ["0j"], ["0j"]], "hf_energy": -1.4013175090088277}