{"geometry": [["H", [0.0, 0.0, 0.0]], ["H", [0.5374, 0.0, 0.0]], ["H", [-0.4054, -0.0833, 0.0]], ["H", [-0.3664, 0.4125, -0.1391]]], "multiplicity": 1, "canonical_orbitals": [[0.5238961513748915, 0.5044150546326748, 0.388725765299672, 3.2188674378577677], [0.01710689352280592, 0.8968813058647764, -0.39713167173856123, -1.6436166963019394], [0.29316456991233764, -0.5858734695469838, 1.3907673081891758, -1.9347992704377521], [0.23152840523674334, -0.6433978775443635, -1.6008552029514074, -0.16658239691021948]], "canonical_to_oao": [[0.5929443942447927, 0.31942261488821444, 0.5543329822713894, 0.4889796347474553], [0.2569559919437657, 0.789276658107736, -0.3391200259675595, -0.44273421277132075], [0.17955151539015718, -0.22229479932586718, 0.5971656743700064, -0.7494927837330967], [0.7417221965527048, -0.4749700751172982, -0.4702187896161574, -0.056088330123275805]], "orbital_energies": [-1.176358888708118, -0.2540465077933424, 0.684533130738926, 1.968945720447072], "exact_energy": -1.1012421022508316, "ground_states": [["0j"], ["0j"], ["0j"], ["0j"], ["0j"], ["0j"], ["0j"], ["0j"], ["0j"], ["0j"], ["0j"], ["0j"], ["0j"], ["0j"], ["0j"], ["(-0.0007578706672862121+0.0036938269466568236j)"], ["0j"], ["0j"], ["0j"], ["0j"], ["0j"], ["0j"], ["0j"], ["0j"], ["0j"], ["0j"], ["0j"], ["(-9.96890470409239e-05+0.00048587985277863296j)"], ["0j"], ["0j"], ["(-0.00015848002209620728+0.000772424374493844j)"], ["0j"], ["0j"], ["0j"], ["0j"], ["0j"], ["0j"], ["0j"], ["0j"], ["(9.968904704093141e-05-0.0004858798527786502j)"], ["0j"], ["0j"], ["0j"], ["0j"], ["0j"], ["(0.0001584800220962047-0.000772424374493845j)"], ["0j"], ["0j"], ["0j"], ["0j"], ["0j"], ["(0.004478051104696575-0.021825816135972717j)"], ["0j"], ["0j"], ["(0.00022195681374837772-0.0010818073518450743j)"], ["0j"], ["0j"], ["(-0.0002219568137483869+0.001081807351845061j)"], ["0j"], ["0j"], ["(0.009503198821583413-0.04631815612062458j)"], ["0j"], ["0j"], ["0j"], ["0j"], ["0j"], ["0j"], ["0j"], ["0j"], ["0j"], ["0j"], ["0j"], ["0j"], ["0j"], ["0j"], ["(9.103448987462709e-05-0.000443697937245927j)"], ["0j"], ["0j"], ["(0.0001322021431121672-0.0006443471949933728j)"], ["0j"], ["0j"], ["0j"], ["0j"], ["0j"], ["0j"], ["0j"], ["0j"], ["0j"], ["0j"], ["0j"], ["(-0.0014569174096705235+0.007100948775554836j)"], ["0j"], ["0j"], ["0j"], ["0j"], ["0j"], ["0j"], ["0j"], ["0j"], ["(0.0012999611159485583-0.006335950983419919j)"], ["0j"], ["0j"], ["(-0.0014441462804518025+0.007038702876242741j)"], ["0j"], ["0j"], ["(0.002901063690122362-0.014139651651797515j)"], ["0j"], ["0j"], ["(-0.007146442714375804+0.03483143471646393j)"], ["0j"], ["0j"], ["0j"], ["0j"], ["0j"], ["(9.893075793403048e-05-0.0004821839863765673j)"], ["0j"], ["0j"], ["0j"], ["0j"], ["0j"], ["(0.00020394361043596238-0.0009940118233159457j)"], ["0j"], ["0j"], ["0j"], ["0j"], ["0j"], ["0j"], ["0j"], ["0j"], ["0j"], ["0j"], ["0j"], ["0j"], ["0j"], ["0j"], ["(-9.103448987463807e-05+0.00044369793724592264j)"], ["0j"], ["0j"], ["0j"], ["0j"], ["0j"], ["(-0.00013220214311221754+0.0006443471949934108j)"], ["0j"], ["0j"], ["0j"], ["0j"], ["0j"], ["(-0.001299961115948544+0.0063359509834199105j)"], ["0j"], ["0j"], ["(0.002901063690122338-0.014139651651797555j)"], ["0j"], ["0j"], ["(-0.0014441462804517873+0.007038702876242773j)"], ["0j"], ["0j"], ["(0.007146442714375787-0.03483143471646398j)"], ["0j"], ["0j"], ["0j"], ["0j"], ["0j"], ["0j"], ["0j"], ["0j"], ["(-0.0014569174096704905+0.007100948775554818j)"], ["0j"], ["0j"], ["0j"], ["0j"], ["0j"], ["0j"], ["0j"], ["0j"], ["0j"], ["0j"], ["0j"], ["(-9.893075793403109e-05+0.0004821839863766021j)"], ["0j"], ["0j"], ["(-0.00020394361043595688+0.000994011823315901j)"], ["0j"], ["0j"], ["0j"], ["0j"], ["0j"], ["0j"], ["0j"], ["0j"], ["0j"], ["0j"], ["0j"], ["0j"], ["0j"], ["0j"], ["(0.006458742636061823-0.031479616008939046j)"], ["0j"], ["0j"], ["(-0.0025849935393820185+0.012599140202767522j)"], ["0j"], ["0j"], ["(0.002584993539382038-0.012599140202767494j)"], ["0j"], ["0j"], ["(0.012337259289197258-0.060131237132472794j)"], ["0j"], ["0j"], ["0j"], ["0j"], ["0j"], ["(0.0005556141826272971-0.002708038097163161j)"], ["0j"], ["0j"], ["0j"], ["0j"], ["0j"], ["(0.001466521942074329-0.0071477608269179494j)"], ["0j"], ["0j"], ["0j"], ["0j"], ["0j"], ["0j"], ["0j"], ["0j"], ["(-0.0005556141826273084+0.0027080380971632226j)"], ["0j"], ["0j"], ["(-0.0014665219420743473+0.007147760826918548j)"], ["0j"], ["0j"], ["0j"], ["0j"], ["0j"], ["0j"], ["0j"], ["0j"], ["0j"], ["0j"], ["0j"], ["(-0.1998522926894972+0.974070927868324j)"], ["0j"], ["0j"], ["0j"], ["0j"], ["0j"], ["0j"], ["0j"], ["0j"], ["0j"], ["0j"], ["0j"], ["0j"], ["0j"], ["0j"], ["0j"]]}