{"geometry": [["H", [0.0, 0.0, 0.0]], ["H", [1.1289, 0.0, 0.0]], ["H", [0.5434, -0.0538, 0.0]], ["H", [-0.1606, 0.954, -0.4375]]], "multiplicity": 1, "canonical_orbitals": [[0.30516804496696665, 0.4928227425660838, 0.834034669995723, 1.604567783503244], [0.23816163955784797, -0.6048712688596871, -0.745904445054118, 1.3884614398580206], [0.5212541761968033, -0.28563988713809557, 0.2573723019382985, -2.4146693712718053], [0.0950258247304677, 0.7135977482589239, -0.8356711497628525, -0.2482611166664457]], "canonical_to_oao": [[0.5379310524770289, 0.47450929692526256, 0.6547363584634086, 0.23830948537253455], [0.38259628203179685, -0.5483517914839391, -0.17957273983034155, 0.7215843879004203], [0.5519786223731884, -0.5096956365193359, 0.14982226346717062, -0.6427155264389657], [0.5094799978403436, 0.46299200643315247, -0.7187678494378212, -0.09716641597865186]], "orbital_energies": [-0.8947540669760513, -0.2818134861213975, 0.35046754927333373, 1.6860279332911663], "exact_energy": -1.8277873341710673, "ground_states": [["0j"], ["0j"], ["0j"], ["0j"], ["0j"], ["0j"], ["0j"], ["0j"], ["0j"], ["0j"], ["0j"], ["0j"], ["0j"], ["0j"], ["0j"], ["(0.004428769753193865+0.00948439809705111j)"], ["0j"], ["0j"], ["0j"], ["0j"], ["0j"], ["0j"], ["0j"], ["0j"], ["0j"], ["0j"], ["0j"], ["(0.0003213524546298981+0.0006881898990067006j)"], ["0j"], ["0j"], ["(-0.0002170066126726861-0.00046472885676569965j)"], ["0j"], ["0j"], ["0j"], ["0j"], ["0j"], ["0j"], ["0j"], ["0j"], ["(-0.0003213524546299027-0.0006881898990067387j)"], ["0j"], ["0j"], ["0j"], ["0j"], ["0j"], ["(0.00021700661267267234+0.00046472885676567693j)"], ["0j"], ["0j"], ["0j"], ["0j"], ["0j"], ["(-0.01195457227363211-0.025601223102946307j)"], ["0j"], ["0j"], ["(-0.0012138015034330219-0.0025994073548428827j)"], ["0j"], ["0j"], ["(0.0012138015034330017+0.0025994073548428814j)"], ["0j"], ["0j"], ["(-0.01588704916960542-0.034022789015685256j)"], ["0j"], ["0j"], ["0j"], ["0j"], ["0j"], ["0j"], ["0j"], ["0j"], ["0j"], ["0j"], ["0j"], ["0j"], ["0j"], ["0j"], ["(0.00022041788286281743+0.0004720342364315841j)"], ["0j"], ["0j"], ["(0.0005925842702996267+0.001269044325801569j)"], ["0j"], ["0j"], ["0j"], ["0j"], ["0j"], ["0j"], ["0j"], ["0j"], ["0j"], ["0j"], ["0j"], ["(0.00989700475278019+0.02119485506693609j)"], ["0j"], ["0j"], ["0j"], ["0j"], ["0j"], ["0j"], ["0j"], ["0j"], ["(0.00288996413291237+0.006188980653820021j)"], ["0j"], ["0j"], ["(0.006913310723097766+0.014805147867347598j)"], ["0j"], ["0j"], ["(-0.016810315475877996-0.036000002934283654j)"], ["0j"], ["0j"], ["(-0.01053779208264285-0.022567128287412495j)"], ["0j"], ["0j"], ["0j"], ["0j"], ["0j"], ["(-0.00034906008826175386-0.0007475269705495103j)"], ["0j"], ["0j"], ["0j"], ["0j"], ["0j"], ["(-0.005942363900643133-0.012725824102867513j)"], ["0j"], ["0j"], ["0j"], ["0j"], ["0j"], ["0j"], ["0j"], ["0j"], ["0j"], ["0j"], ["0j"], ["0j"], ["0j"], ["0j"], ["(-0.00022041788286283575-0.0004720342364315931j)"], ["0j"], ["0j"], ["0j"], ["0j"], ["0j"], ["(-0.0005925842702996442-0.0012690443258015936j)"], ["0j"], ["0j"], ["0j"], ["0j"], ["0j"], ["(-0.0028899641329123826-0.00618898065382002j)"], ["0j"], ["0j"], ["(-0.016810315475877937-0.03600000293428365j)"], ["0j"], ["0j"], ["(0.006913310723097763+0.014805147867347572j)"], ["0j"], ["0j"], ["(0.01053779208264281+0.022567128287412398j)"], ["0j"], ["0j"], ["0j"], ["0j"], ["0j"], ["0j"], ["0j"], ["0j"], ["(0.009897004752780198+0.0211948550669361j)"], ["0j"], ["0j"], ["0j"], ["0j"], ["0j"], ["0j"], ["0j"], ["0j"], ["0j"], ["0j"], ["0j"], ["(0.00034906008826178584+0.0007475269705495644j)"], ["0j"], ["0j"], ["(0.005942363900643118+0.012725824102867487j)"], ["0j"], ["0j"], ["0j"], ["0j"], ["0j"], ["0j"], ["0j"], ["0j"], ["0j"], ["0j"], ["0j"], ["0j"], ["0j"], ["0j"], ["(-0.006102990294730324-0.01306981233240189j)"], ["0j"], ["0j"], ["(-0.0011335439702740261-0.0024275324466433495j)"], ["0j"], ["0j"], ["(0.0011335439702740717+0.002427532446643368j)"], ["0j"], ["0j"], ["(-0.11017407093907632-0.23594244157881156j)"], ["0j"], ["0j"], ["0j"], ["0j"], ["0j"], ["(0.0015900471188696704+0.003405153283833164j)"], ["0j"], ["0j"], ["0j"], ["0j"], ["0j"], ["(-0.008176075471443285-0.017509412086004685j)"], ["0j"], ["0j"], ["0j"], ["0j"], ["0j"], ["0j"], ["0j"], ["0j"], ["(-0.0015900471188696659-0.0034051532838331325j)"], ["0j"], ["0j"], ["(0.008176075471444144+0.01750941208600546j)"], ["0j"], ["0j"], ["0j"], ["0j"], ["0j"], ["0j"], ["0j"], ["0j"], ["0j"], ["0j"], ["0j"], ["(0.40633761457596723+0.8701892203055541j)"], ["0j"], ["0j"], ["0j"], ["0j"], ["0j"], ["0j"], ["0j"], ["0j"], ["0j"], ["0j"], ["0j"], ["0j"], ["0j"], ["0j"], ["0j"]], "hf_energy": -1.7638388992859348}