{"geometry": [["H", [0.0, 0.0, 0.0]], ["H", [0.4201, 0.0, 0.0]], ["H", [-0.1848, -0.8409, 0.0]], ["H", [0.6355, -0.6911, -0.9798]]], "multiplicity": 1, "canonical_orbitals": [[0.4734750356583549, 0.42746085471470535, 0.07787176411185984, 2.0554809580101128], [0.40423932260622797, 0.3954874080027005, -0.4687483836811279, -1.9020346725928867], [0.20035524045589415, -0.6218148474644748, 0.9711661369493273, -0.4828487650992507], [0.0677661885858733, -0.797375218921914, -0.7044073549408206, 0.3108987646550332]], "canonical_to_oao": [[0.6467055802609277, 0.6138892725431612, 0.39905370415132824, 0.2137007129583568], [0.28713440597011, 0.29315413519871086, -0.512293550838471, -0.7544334322479349], [0.030192685598355223, -0.29996856081040735, 0.7366856161431344, -0.6053111325834859], [0.7059845091104542, -0.6687447021081072, -0.18869489113440757, 0.13696946505768479]], "orbital_energies": [-0.8802486493922901, -0.2093917706265204, 0.2573380965670475, 1.2313212476328044], "exact_energy": -1.6593746626017711, "ground_states": [["0j"], ["0j"], ["0j"], ["0j"], ["0j"], ["0j"], ["0j"], ["0j"], ["0j"], ["0j"], ["0j"], ["0j"], ["0j"], ["0j"], ["0j"], ["(-0.009835609296302885-0.022364272850720332j)"], ["0j"], ["0j"], ["0j"], ["0j"], ["0j"], ["0j"], ["0j"], ["0j"], ["0j"], ["0j"], ["0j"], ["(0.002491907930642499+0.0056661165771123975j)"], ["0j"], ["0j"], ["(0.0002006913343709686+0.0004563332708151137j)"], ["0j"], ["0j"], ["0j"], ["0j"], ["0j"], ["0j"], ["0j"], ["0j"], ["(-0.0024919079306430863-0.005666116577109529j)"], ["0j"], ["0j"], ["0j"], ["0j"], ["0j"], ["(-0.00020069133437081177-0.000456333270815941j)"], ["0j"], ["0j"], ["0j"], ["0j"], ["0j"], ["(0.015249670067609463+0.03467479969986998j)"], ["0j"], ["0j"], ["(-0.004109679512117802-0.00934461619704267j)"], ["0j"], ["0j"], ["(0.004109679512117694+0.009344616197043052j)"], ["0j"], ["0j"], ["(0.00825506162089758+0.018770413192262695j)"], ["0j"], ["0j"], ["0j"], ["0j"], ["0j"], ["0j"], ["0j"], ["0j"], ["0j"], ["0j"], ["0j"], ["0j"], ["0j"], ["0j"], ["(0.000961779780608414+0.0021869011657373j)"], ["0j"], ["0j"], ["(0.0013803515804447317+0.003138652466258911j)"], ["0j"], ["0j"], ["0j"], ["0j"], ["0j"], ["0j"], ["0j"], ["0j"], ["0j"], ["0j"], ["0j"], ["(-0.005776752712924782-0.013135218161985745j)"], ["0j"], ["0j"], ["0j"], ["0j"], ["0j"], ["0j"], ["0j"], ["0j"], ["(0.008647741584128822+0.019663291465092193j)"], ["0j"], ["0j"], ["(-0.006427330246939715-0.014614505620742303j)"], ["0j"], ["0j"], ["(0.012204082959864616+0.027749723782727265j)"], ["0j"], ["0j"], ["(-0.028461827397472807-0.064716689588965j)"], ["0j"], ["0j"], ["0j"], ["0j"], ["0j"], ["(-0.0009888149844198637-0.0022483739892730516j)"], ["0j"], ["0j"], ["0j"], ["0j"], ["0j"], ["(-0.002968162800572283-0.006749028020284834j)"], ["0j"], ["0j"], ["0j"], ["0j"], ["0j"], ["0j"], ["0j"], ["0j"], ["0j"], ["0j"], ["0j"], ["0j"], ["0j"], ["0j"], ["(-0.0009617797806081004-0.0021869011657388903j)"], ["0j"], ["0j"], ["0j"], ["0j"], ["0j"], ["(-0.0013803515804450158-0.0031386524662573713j)"], ["0j"], ["0j"], ["0j"], ["0j"], ["0j"], ["(-0.008647741584128696-0.019663291465092728j)"], ["0j"], ["0j"], ["(0.012204082959864334+0.027749723782728376j)"], ["0j"], ["0j"], ["(-0.006427330246939585-0.014614505620742714j)"], ["0j"], ["0j"], ["(0.02846182739747222+0.06471668958896741j)"], ["0j"], ["0j"], ["0j"], ["0j"], ["0j"], ["0j"], ["0j"], ["0j"], ["(-0.005776752712924895-0.013135218161984895j)"], ["0j"], ["0j"], ["0j"], ["0j"], ["0j"], ["0j"], ["0j"], ["0j"], ["0j"], ["0j"], ["0j"], ["(0.0009888149844202757+0.0022483739892710914j)"], ["0j"], ["0j"], ["(0.002968162800571326+0.0067490280202895j)"], ["0j"], ["0j"], ["0j"], ["0j"], ["0j"], ["0j"], ["0j"], ["0j"], ["0j"], ["0j"], ["0j"], ["0j"], ["0j"], ["0j"], ["(0.006404274065565558+0.01456208032449382j)"], ["0j"], ["0j"], ["(0.008019475693207446+0.018234736366563076j)"], ["0j"], ["0j"], ["(-0.0080194756932071-0.018234736366564735j)"], ["0j"], ["0j"], ["(0.17829020808781257+0.40539744312397064j)"], ["0j"], ["0j"], ["0j"], ["0j"], ["0j"], ["(-0.0023370800988161923-0.005314068038829913j)"], ["0j"], ["0j"], ["0j"], ["0j"], ["0j"], ["(-0.049849603348106335-0.11334835465625225j)"], ["0j"], ["0j"], ["0j"], ["0j"], ["0j"], ["0j"], ["0j"], ["0j"], ["(0.002337080098815891+0.005314068038831337j)"], ["0j"], ["0j"], ["(0.04984960334811942+0.11334835465618935j)"], ["0j"], ["0j"], ["0j"], ["0j"], ["0j"], ["0j"], ["0j"], ["0j"], ["0j"], ["0j"], ["0j"], ["(-0.34992222005021645-0.7956554362803437j)"], ["0j"], ["0j"], ["0j"], ["0j"], ["0j"], ["0j"], ["0j"], ["0j"], ["0j"], ["0j"], ["0j"], ["0j"], ["0j"], ["0j"], ["0j"]], "hf_energy": -1.5453549017892367}