{"geometry": [["H", [0.0, 0.0, 0.0]], ["H", [0.6682, 0.0, 0.0]], ["H", [0.2527, -0.7172, 0.0]], ["H", [0.8369, 0.2348, 0.3934]]], "multiplicity": 1, "canonical_orbitals": [[0.291584833087694, 0.5117336157907403, 1.3367541145252775, 0.4851189079001351], [0.4563212894201853, -0.3743740504252697, -0.1738139068448161, -2.1603119846013215], [0.18553225997627865, 0.7271824595804605, -1.0740098831560216, 0.44480459371157743], [0.21962415328839485, -0.7457448907928877, -0.21830546278358542, 1.6122935653001493]], "canonical_to_oao": [[0.5021246796837731, 0.6029048232072485, 0.40405058871155974, 0.47023366741200595], [0.3975130524293722, -0.26507600493238215, 0.622689978847559, -0.6196573851736114], [0.746864433654492, -0.08504297484691369, -0.6458582846769659, -0.13352260589603632], [0.1790187055665015, -0.7476684948502985, 0.17851439190943258, 0.6140657430168129]], "orbital_energies": [-0.9771735828767942, -0.2840168330490998, 0.5598133554127461, 1.2156186754384937], "exact_energy": -1.6354634115118853, "ground_states": [["0j"], ["0j"], ["0j"], ["0j"], ["0j"], ["0j"], ["0j"], ["0j"], ["0j"], ["0j"], ["0j"], ["0j"], ["0j"], ["0j"], ["0j"], ["(0.005733941946297424+0.006785143376896324j)"], ["0j"], ["0j"], ["0j"], ["0j"], ["0j"], ["0j"], ["0j"], ["0j"], ["0j"], ["0j"], ["0j"], ["(0.0005543032800722082+0.0006559234929125963j)"], ["0j"], ["0j"], ["(0.001322748983147581+0.0015652480590766444j)"], ["0j"], ["0j"], ["0j"], ["0j"], ["0j"], ["0j"], ["0j"], ["0j"], ["(-0.0005543032800722576-0.0006559234929127544j)"], ["0j"], ["0j"], ["0j"], ["0j"], ["0j"], ["(-0.0013227489831475917-0.0015652480590766292j)"], ["0j"], ["0j"], ["0j"], ["0j"], ["0j"], ["(-0.022545313099539898-0.026678536910576166j)"], ["0j"], ["0j"], ["(0.002880147719221285+0.003408164122445703j)"], ["0j"], ["0j"], ["(-0.0028801477192212945-0.0034081641224457224j)"], ["0j"], ["0j"], ["(-0.02869468501757855-0.03395527088042302j)"], ["0j"], ["0j"], ["0j"], ["0j"], ["0j"], ["0j"], ["0j"], ["0j"], ["0j"], ["0j"], ["0j"], ["0j"], ["0j"], ["0j"], ["(0.00018624564569627214+0.00022038999020345326j)"], ["0j"], ["0j"], ["(0.00020400772383825125+0.00024140838348226957j)"], ["0j"], ["0j"], ["0j"], ["0j"], ["0j"], ["0j"], ["0j"], ["0j"], ["0j"], ["0j"], ["0j"], ["(0.002478972330048915+0.0029334413993504127j)"], ["0j"], ["0j"], ["0j"], ["0j"], ["0j"], ["0j"], ["0j"], ["0j"], ["(0.015593156100235286+0.018451843571025563j)"], ["0j"], ["0j"], ["(-0.00011567569565303844-0.0001368824776356506j)"], ["0j"], ["0j"], ["(-0.0023632966343959108-0.002796558921714873j)"], ["0j"], ["0j"], ["(-0.03713793046229139-0.04394641335191184j)"], ["0j"], ["0j"], ["0j"], ["0j"], ["0j"], ["(0.0005155534428039866+0.0006100696624835304j)"], ["0j"], ["0j"], ["0j"], ["0j"], ["0j"], ["(-0.0023671667623310147-0.0028011385587554147j)"], ["0j"], ["0j"], ["0j"], ["0j"], ["0j"], ["0j"], ["0j"], ["0j"], ["0j"], ["0j"], ["0j"], ["0j"], ["0j"], ["0j"], ["(-0.00018624564569631283-0.0002203899902035567j)"], ["0j"], ["0j"], ["0j"], ["0j"], ["0j"], ["(-0.000204007723838263-0.0002414083834822723j)"], ["0j"], ["0j"], ["0j"], ["0j"], ["0j"], ["(-0.015593156100235282-0.01845184357102554j)"], ["0j"], ["0j"], ["(-0.0023632966343958097-0.0027965589217146397j)"], ["0j"], ["0j"], ["(-0.00011567569565303024-0.00013688247763562662j)"], ["0j"], ["0j"], ["(0.03713793046229133+0.04394641335191171j)"], ["0j"], ["0j"], ["0j"], ["0j"], ["0j"], ["0j"], ["0j"], ["0j"], ["(0.0024789723300488887+0.0029334413993503394j)"], ["0j"], ["0j"], ["0j"], ["0j"], ["0j"], ["0j"], ["0j"], ["0j"], ["0j"], ["0j"], ["0j"], ["(-0.0005155534428040289-0.0006100696624835224j)"], ["0j"], ["0j"], ["(0.0023671667623312463+0.0028011385587559936j)"], ["0j"], ["0j"], ["0j"], ["0j"], ["0j"], ["0j"], ["0j"], ["0j"], ["0j"], ["0j"], ["0j"], ["0j"], ["0j"], ["0j"], ["(-0.026038362777772387-0.030811966078747918j)"], ["0j"], ["0j"], ["(-0.013418621719412032-0.015878652616170528j)"], ["0j"], ["0j"], ["(0.013418621719412077+0.015878652616170694j)"], ["0j"], ["0j"], ["(-0.07256851457084412-0.08587247318217381j)"], ["0j"], ["0j"], ["0j"], ["0j"], ["0j"], ["(-0.0041428238010969955-0.0049023261377475705j)"], ["0j"], ["0j"], ["0j"], ["0j"], ["0j"], ["(-0.006662794901968233-0.007884282597226873j)"], ["0j"], ["0j"], ["0j"], ["0j"], ["0j"], ["0j"], ["0j"], ["0j"], ["(0.004142823801096881+0.004902326137747512j)"], ["0j"], ["0j"], ["(0.0066627949019698925+0.00788428259723069j)"], ["0j"], ["0j"], ["0j"], ["0j"], ["0j"], ["0j"], ["0j"], ["0j"], ["0j"], ["0j"], ["0j"], ["(0.6368101535800996+0.7535563206555373j)"], ["0j"], ["0j"], ["0j"], ["0j"], ["0j"], ["0j"], ["0j"], ["0j"], ["0j"], ["0j"], ["0j"], ["0j"], ["0j"], ["0j"], ["0j"]], "hf_energy": -1.5977517667688224}