{"geometry": [["H", [0.0, 0.0, 0.0]], ["H", [0.6581, 0.0, 0.0]], ["H", [1.0173, 0.4996, 0.0]], ["H", [0.5892, 0.7351, 0.4495]]], "multiplicity": 1, "canonical_orbitals": [[0.16681467208133116, 0.7953028247360977, 0.5586375300984467, 1.1549615843083805], [0.3773286877764751, 0.47591868319444147, -0.7223983274345926, -1.7513119986134065], [0.345701738376911, -0.6069600874026119, -0.7512843372257538, 1.5235768395394622], [0.2776431400138468, -0.5602823125138173, 1.1370698368774685, -0.7111519081402954]], "canonical_to_oao": [[0.3841179283803221, 0.5614883141525369, 0.5511450381158947, 0.4831391488248261], [0.7052202383417242, 0.3323866220362587, -0.43634810440367217, -0.44920360718485863], [0.3695739403744043, -0.4200154864393843, -0.4434972918687623, 0.7002229972318086], [0.46747506364103364, -0.6307432105956853, 0.5560122578222744, -0.2729110410236929]], "orbital_energies": [-0.9560275442588076, -0.2562388614691529, 0.4625225969913872, 1.316911504645836], "exact_energy": -1.672598361227469, "ground_states": [["0j"], ["0j"], ["0j"], ["0j"], ["0j"], ["0j"], ["0j"], ["0j"], ["0j"], ["0j"], ["0j"], ["0j"], ["0j"], ["0j"], ["0j"], ["(-0.009529371276663662+0.0033988001340997825j)"], ["0j"], ["0j"], ["0j"], ["0j"], ["0j"], ["0j"], ["0j"], ["0j"], ["0j"], ["0j"], ["0j"], ["(0.002143090937718678-0.0007643670872960675j)"], ["0j"], ["0j"], ["(0.0011741258080909156-0.00041877043491443027j)"], ["0j"], ["0j"], ["0j"], ["0j"], ["0j"], ["0j"], ["0j"], ["0j"], ["(-0.0021430909377186695+0.0007643670872960891j)"], ["0j"], ["0j"], ["0j"], ["0j"], ["0j"], ["(-0.0011741258080909247+0.0004187704349144211j)"], ["0j"], ["0j"], ["0j"], ["0j"], ["0j"], ["(0.024830832718436984-0.00885630700316049j)"], ["0j"], ["0j"], ["(0.0020191805103768373-0.000720172484647203j)"], ["0j"], ["0j"], ["(-0.0020191805103768334+0.0007201724846471957j)"], ["0j"], ["0j"], ["(0.05420393703644798-0.019332686608545757j)"], ["0j"], ["0j"], ["0j"], ["0j"], ["0j"], ["0j"], ["0j"], ["0j"], ["0j"], ["0j"], ["0j"], ["0j"], ["0j"], ["0j"], ["(-0.0015664452707972447+0.0005586973412908731j)"], ["0j"], ["0j"], ["(-0.00017784622573131337+6.343165339196172e-05j)"], ["0j"], ["0j"], ["0j"], ["0j"], ["0j"], ["0j"], ["0j"], ["0j"], ["0j"], ["0j"], ["0j"], ["(-0.0157610373539842+0.0056214218458941565j)"], ["0j"], ["0j"], ["0j"], ["0j"], ["0j"], ["0j"], ["0j"], ["0j"], ["(0.00522552490726297-0.0018637656399263828j)"], ["0j"], ["0j"], ["(-0.02932909184853384+0.010460681865962764j)"], ["0j"], ["0j"], ["(0.045090129202518016-0.016082103711856918j)"], ["0j"], ["0j"], ["(-0.027403264303077688+0.00977380518441518j)"], ["0j"], ["0j"], ["0j"], ["0j"], ["0j"], ["(-0.0009612967192316363+0.00034286159321289555j)"], ["0j"], ["0j"], ["0j"], ["0j"], ["0j"], ["(-0.0005079137088115936+0.00018115541219884218j)"], ["0j"], ["0j"], ["0j"], ["0j"], ["0j"], ["0j"], ["0j"], ["0j"], ["0j"], ["0j"], ["0j"], ["0j"], ["0j"], ["0j"], ["(0.0015664452707972478-0.0005586973412908608j)"], ["0j"], ["0j"], ["0j"], ["0j"], ["0j"], ["(0.00017784622573130916-6.343165339197206e-05j)"], ["0j"], ["0j"], ["0j"], ["0j"], ["0j"], ["(-0.0052255249072629545+0.00186376563992639j)"], ["0j"], ["0j"], ["(0.04509012920251802-0.016082103711856914j)"], ["0j"], ["0j"], ["(-0.029329091848533852+0.010460681865962773j)"], ["0j"], ["0j"], ["(0.02740326430307765-0.009773805184415178j)"], ["0j"], ["0j"], ["0j"], ["0j"], ["0j"], ["0j"], ["0j"], ["0j"], ["(-0.015761037353984184+0.0056214218458941236j)"], ["0j"], ["0j"], ["0j"], ["0j"], ["0j"], ["0j"], ["0j"], ["0j"], ["0j"], ["0j"], ["0j"], ["(0.0009612967192316337-0.0003428615932128993j)"], ["0j"], ["0j"], ["(0.0005079137088116165-0.0001811554121989105j)"], ["0j"], ["0j"], ["0j"], ["0j"], ["0j"], ["0j"], ["0j"], ["0j"], ["0j"], ["0j"], ["0j"], ["0j"], ["0j"], ["0j"], ["(0.04293848543130958-0.015314686121986405j)"], ["0j"], ["0j"], ["(-0.011513438519567815+0.004106448919677023j)"], ["0j"], ["0j"], ["(0.0115134385195678-0.004106448919677037j)"], ["0j"], ["0j"], ["(0.1208240043743093-0.04309378135738376j)"], ["0j"], ["0j"], ["0j"], ["0j"], ["0j"], ["(-0.003988019582737816+0.0014223899037070344j)"], ["0j"], ["0j"], ["0j"], ["0j"], ["0j"], ["(-0.028323631380202323+0.010102068577070985j)"], ["0j"], ["0j"], ["0j"], ["0j"], ["0j"], ["0j"], ["0j"], ["0j"], ["(0.003988019582737871-0.0014223899037070508j)"], ["0j"], ["0j"], ["(0.028323631380202517-0.010102068577070916j)"], ["0j"], ["0j"], ["0j"], ["0j"], ["0j"], ["0j"], ["0j"], ["0j"], ["0j"], ["0j"], ["0j"], ["(-0.9258992583141354+0.3302365320813443j)"], ["0j"], ["0j"], ["0j"], ["0j"], ["0j"], ["0j"], ["0j"], ["0j"], ["0j"], ["0j"], ["0j"], ["0j"], ["0j"], ["0j"], ["0j"]]}