{"geometry": [["H", [0.0, 0.0, 0.0]], ["H", [1.2899, 0.0, 0.0]], ["H", [-0.0549, 0.4697, 0.0]], ["H", [-0.6778, -0.5322, -0.3143]]], "multiplicity": 1, "canonical_orbitals": [[0.5029595749428323, 0.031622048312945725, 0.08991608364994341, 2.005975362360526], [0.07258033215263437, -0.7658999275666193, -0.710903857817261, -0.2213303365136561], [0.41775790350706477, -0.18907183760901386, 0.7034356991993516, -1.6198153313383625], [0.1675525531062288, 0.718535429588436, -0.7599377852724407, -0.6004016722473468]], "canonical_to_oao": [[0.6661055753678186, 0.2019916761368438, 0.624584688063235, 0.3541139543597381], [0.012945318201743133, -0.749187879055522, -0.13865350665066822, 0.6475531991322552], [0.07938740788534235, -0.6225510451553885, 0.4689934450844524, -0.6214281809774951], [0.7415075324430712, -0.10172060176606865, -0.6088631381503088, -0.26287863646233217]], "orbital_energies": [-0.8559196613893431, -0.187584688086605, 0.20391419295355426, 1.1446048128545296], "exact_energy": -1.815383595594796, "ground_states": [["0j"], ["0j"], ["0j"], ["0j"], ["0j"], ["0j"], ["0j"], ["0j"], ["0j"], ["0j"], ["0j"], ["0j"], ["0j"], ["0j"], ["0j"], ["(-0.022982764771071057+0.011125084909804893j)"], ["0j"], ["0j"], ["0j"], ["0j"], ["0j"], ["0j"], ["0j"], ["0j"], ["0j"], ["0j"], ["0j"], ["(0.002316761895248708-0.0011214565809302393j)"], ["0j"], ["0j"], ["(0.0015698971269703878-0.0007599276680236353j)"], ["0j"], ["0j"], ["0j"], ["0j"], ["0j"], ["0j"], ["0j"], ["0j"], ["(-0.0023167618952440313+0.0011214565809238603j)"], ["0j"], ["0j"], ["0j"], ["0j"], ["0j"], ["(-0.001569897126969329+0.0007599276680221232j)"], ["0j"], ["0j"], ["0j"], ["0j"], ["0j"], ["(0.03878923439316524-0.01877639746604687j)"], ["0j"], ["0j"], ["(0.012545043856908486-0.006072580017918973j)"], ["0j"], ["0j"], ["(-0.012545043856908055+0.006072580017918312j)"], ["0j"], ["0j"], ["(0.01978129105478634-0.00957537288494865j)"], ["0j"], ["0j"], ["0j"], ["0j"], ["0j"], ["0j"], ["0j"], ["0j"], ["0j"], ["0j"], ["0j"], ["0j"], ["0j"], ["0j"], ["(-0.01075477678589922+0.005205979616505028j)"], ["0j"], ["0j"], ["(-0.003907604460218751+0.0018915231412268514j)"], ["0j"], ["0j"], ["0j"], ["0j"], ["0j"], ["0j"], ["0j"], ["0j"], ["0j"], ["0j"], ["0j"], ["(-0.010302618404031108+0.004987106889874192j)"], ["0j"], ["0j"], ["0j"], ["0j"], ["0j"], ["0j"], ["0j"], ["0j"], ["(-0.0010916799673696281+0.0005284408752504893j)"], ["0j"], ["0j"], ["(-0.00999674892635881+0.004839047074428407j)"], ["0j"], ["0j"], ["(0.020299367330388007-0.009826153964300085j)"], ["0j"], ["0j"], ["(0.0017791821319587979-0.0008612346027626484j)"], ["0j"], ["0j"], ["0j"], ["0j"], ["0j"], ["(0.0021447438909579903-0.001038189188043752j)"], ["0j"], ["0j"], ["0j"], ["0j"], ["0j"], ["(0.04957276445099402-0.023996295451156495j)"], ["0j"], ["0j"], ["0j"], ["0j"], ["0j"], ["0j"], ["0j"], ["0j"], ["0j"], ["0j"], ["0j"], ["0j"], ["0j"], ["0j"], ["(0.010754776785899334-0.005205979616505196j)"], ["0j"], ["0j"], ["0j"], ["0j"], ["0j"], ["(0.003907604460220184-0.0018915231412285833j)"], ["0j"], ["0j"], ["0j"], ["0j"], ["0j"], ["(0.0010916799673714598-0.0005284408752530151j)"], ["0j"], ["0j"], ["(0.020299367330393166-0.00982615396430714j)"], ["0j"], ["0j"], ["(-0.00999674892636038+0.0048390470744304704j)"], ["0j"], ["0j"], ["(-0.0017791821319637921+0.0008612346027697998j)"], ["0j"], ["0j"], ["0j"], ["0j"], ["0j"], ["0j"], ["0j"], ["0j"], ["(-0.010302618404030817+0.004987106889873834j)"], ["0j"], ["0j"], ["0j"], ["0j"], ["0j"], ["0j"], ["0j"], ["0j"], ["0j"], ["0j"], ["0j"], ["(-0.0021447438909596504+0.0010381891880457338j)"], ["0j"], ["0j"], ["(-0.049572764450994504+0.023996295451157678j)"], ["0j"], ["0j"], ["0j"], ["0j"], ["0j"], ["0j"], ["0j"], ["0j"], ["0j"], ["0j"], ["0j"], ["0j"], ["0j"], ["0j"], ["(-8.987741821512715e-05+4.350624996930966e-05j)"], ["0j"], ["0j"], ["(-0.04521644528340994+0.02188756653554079j)"], ["0j"], ["0j"], ["(0.04521644528340879-0.021887566535538795j)"], ["0j"], ["0j"], ["(0.44465070698149156-0.21523854591247857j)"], ["0j"], ["0j"], ["0j"], ["0j"], ["0j"], ["(-0.004669196425731558+0.0022601809318539188j)"], ["0j"], ["0j"], ["0j"], ["0j"], ["0j"], ["(-0.04240172877371202+0.02052506900844003j)"], ["0j"], ["0j"], ["0j"], ["0j"], ["0j"], ["0j"], ["0j"], ["0j"], ["(0.004669196425727639-0.0022601809318484553j)"], ["0j"], ["0j"], ["(0.04240172877362087-0.02052506900831529j)"], ["0j"], ["0j"], ["0j"], ["0j"], ["0j"], ["0j"], ["0j"], ["0j"], ["0j"], ["0j"], ["0j"], ["(-0.7717104337454912+0.37355575739989216j)"], ["0j"], ["0j"], ["0j"], ["0j"], ["0j"], ["0j"], ["0j"], ["0j"], ["0j"], ["0j"], ["0j"], ["0j"], ["0j"], ["0j"], ["0j"]], "hf_energy": -1.6716669281205703}