{"geometry": [["H", [0.0, 0.0, 0.0]], ["H", [1.0413, 0.0, 0.0]], ["H", [0.2979, 0.8079, 0.0]], ["H", [-0.4383, 0.3204, 0.989]]], "multiplicity": 1, "canonical_orbitals": [[0.428539841543666, 0.18304997239914939, 0.12655702150281326, 1.2657400668069543], [0.27259048746640957, -0.7133508585607646, 0.7653337956625819, -0.44639937912572275], [0.42013926250501027, -0.1081667312899025, -1.0500884196631934, -0.5752998626923347], [0.16266542892364427, 0.8011096087037824, 0.4738656217159085, -0.5905511060340148]], "canonical_to_oao": [[0.6001238145058565, 0.44475956050023324, 0.5859689876687613, 0.3141348215289522], [0.14138278940762025, -0.624343944971217, -0.08049800193361785, 0.7640193825563546], [0.08656873926776162, 0.5721595024300747, -0.7241057238637165, 0.37524692913914776], [0.7825395629000808, -0.29157687751326583, -0.3547271033385307, -0.42045622739212585]], "orbital_energies": [-0.7474193465009654, -0.1754907016149295, 0.33951138555327687, 0.5003545047824809], "exact_energy": -1.905695466568084, "ground_states": [["0j"], ["0j"], ["0j"], ["0j"], ["0j"], ["0j"], ["0j"], ["0j"], ["0j"], ["0j"], ["0j"], ["0j"], ["0j"], ["0j"], ["0j"], ["(-0.019951851527179404+0.024248502919667504j)"], ["0j"], ["0j"], ["0j"], ["0j"], ["0j"], ["0j"], ["0j"], ["0j"], ["0j"], ["0j"], ["0j"], ["(0.0020754235067958434-0.002522368056695419j)"], ["0j"], ["0j"], ["(-0.0030208861174381625+0.0036714369961552123j)"], ["0j"], ["0j"], ["0j"], ["0j"], ["0j"], ["0j"], ["0j"], ["0j"], ["(-0.0020754235067959844+0.0025223680566954544j)"], ["0j"], ["0j"], ["0j"], ["0j"], ["0j"], ["(0.0030208861174382214-0.003671436996155233j)"], ["0j"], ["0j"], ["0j"], ["0j"], ["0j"], ["(0.04110150651788427-0.049952757489397176j)"], ["0j"], ["0j"], ["(-0.02157394027834442+0.0262199101229039j)"], ["0j"], ["0j"], ["(0.02157394027834437-0.02621991012290396j)"], ["0j"], ["0j"], ["(0.03918636375176694-0.047625186792887436j)"], ["0j"], ["0j"], ["0j"], ["0j"], ["0j"], ["0j"], ["0j"], ["0j"], ["0j"], ["0j"], ["0j"], ["0j"], ["0j"], ["0j"], ["(0.013263948544214593-0.01612035326959838j)"], ["0j"], ["0j"], ["(-0.009550328968773612+0.011607001965086905j)"], ["0j"], ["0j"], ["0j"], ["0j"], ["0j"], ["0j"], ["0j"], ["0j"], ["0j"], ["0j"], ["0j"], ["(0.0091962497470903-0.01117667142513252j)"], ["0j"], ["0j"], ["0j"], ["0j"], ["0j"], ["0j"], ["0j"], ["0j"], ["(0.01572198289704951-0.019107727804746844j)"], ["0j"], ["0j"], ["(-0.00817099034513896+0.009930621374701477j)"], ["0j"], ["0j"], ["(-0.0010252594019513383+0.0012460500504311266j)"], ["0j"], ["0j"], ["(-0.027933164418615975+0.03394859960929752j)"], ["0j"], ["0j"], ["0j"], ["0j"], ["0j"], ["(0.013236599499025727-0.016087114579885504j)"], ["0j"], ["0j"], ["0j"], ["0j"], ["0j"], ["(-0.027121217010539826+0.03296179850622556j)"], ["0j"], ["0j"], ["0j"], ["0j"], ["0j"], ["0j"], ["0j"], ["0j"], ["0j"], ["0j"], ["0j"], ["0j"], ["0j"], ["0j"], ["(-0.013263948544214593+0.01612035326959835j)"], ["0j"], ["0j"], ["0j"], ["0j"], ["0j"], ["(0.009550328968773702-0.01160700196508698j)"], ["0j"], ["0j"], ["0j"], ["0j"], ["0j"], ["(-0.015721982897049406+0.01910772780474685j)"], ["0j"], ["0j"], ["(-0.0010252594019517017+0.0012460500504312315j)"], ["0j"], ["0j"], ["(-0.008170990345138785+0.00993062137470131j)"], ["0j"], ["0j"], ["(0.027933164418616038-0.033948599609297476j)"], ["0j"], ["0j"], ["0j"], ["0j"], ["0j"], ["0j"], ["0j"], ["0j"], ["(0.009196249747090398-0.011176671425132522j)"], ["0j"], ["0j"], ["0j"], ["0j"], ["0j"], ["0j"], ["0j"], ["0j"], ["0j"], ["0j"], ["0j"], ["(-0.013236599499025828+0.01608711457988535j)"], ["0j"], ["0j"], ["(0.027121217010539794-0.032961798506225416j)"], ["0j"], ["0j"], ["0j"], ["0j"], ["0j"], ["0j"], ["0j"], ["0j"], ["0j"], ["0j"], ["0j"], ["0j"], ["0j"], ["0j"], ["(0.05260702529609947-0.06393600136557487j)"], ["0j"], ["0j"], ["(0.0995105163820345-0.12094020666404355j)"], ["0j"], ["0j"], ["(-0.09951051638203423+0.12094020666404344j)"], ["0j"], ["0j"], ["(0.13519967777011146-0.1643150650294627j)"], ["0j"], ["0j"], ["0j"], ["0j"], ["0j"], ["(0.010593465709151232-0.012874779256843608j)"], ["0j"], ["0j"], ["0j"], ["0j"], ["0j"], ["(-0.02246327329616259+0.027300761904993188j)"], ["0j"], ["0j"], ["0j"], ["0j"], ["0j"], ["0j"], ["0j"], ["0j"], ["(-0.010593465709151475+0.0128747792568436j)"], ["0j"], ["0j"], ["(0.022463273296163582-0.02730076190499336j)"], ["0j"], ["0j"], ["0j"], ["0j"], ["0j"], ["0j"], ["0j"], ["0j"], ["0j"], ["0j"], ["0j"], ["(-0.5935658952797312+0.7213909107682909j)"], ["0j"], ["0j"], ["0j"], ["0j"], ["0j"], ["0j"], ["0j"], ["0j"], ["0j"], ["0j"], ["0j"], ["0j"], ["0j"], ["0j"], ["0j"]], "hf_energy": -1.8204664201243248}