{"geometry": [["H", [0.0, 0.0, 0.0]], ["H", [0.9949, 0.0, 0.0]], ["H", [1.2549, 0.5643, 0.0]], ["H", [0.4919, 0.015, 0.0048]]], "multiplicity": 1, "canonical_orbitals": [[0.15472889503830456, 0.6645785360166288, 0.8947918487460195, 1.6737477254078041], [0.3368919001091647, -0.4728174110343315, -1.1531325495762208, 2.058954616002142], [0.1589104260744868, -0.6660251028383588, 1.2373645645346305, -0.5159416696898054], [0.4774224738313628, 0.4153833200688811, -0.5189334703445663, -2.9129352305544307]], "canonical_to_oao": [[0.4183627332259553, 0.5590906231505401, 0.37876123095864744, 0.6073962697247479], [0.6313500819455882, -0.34595448972488696, -0.6352083014195362, 0.2796837122075617], [0.46690105405589233, -0.5434395547224673, 0.6580206491902799, -0.2317017076409781], [0.45647902821105213, 0.5219258726173467, -0.14163039564161198, -0.7065133483003097]], "orbital_energies": [-1.0219408068137898, -0.3762776875549806, 0.7109222420641693, 2.090234088609654], "exact_energy": -1.6475412253788215, "ground_states": [["0j"], ["0j"], ["0j"], ["0j"], ["0j"], ["0j"], ["0j"], ["0j"], ["0j"], ["0j"], ["0j"], ["0j"], ["0j"], ["0j"], ["0j"], ["(-0.002814103566554315+0.0028984223582863332j)"], ["0j"], ["0j"], ["0j"], ["0j"], ["0j"], ["0j"], ["0j"], ["0j"], ["0j"], ["0j"], ["0j"], ["(7.388279616828062e-05-7.6096541311407e-05j)"], ["0j"], ["0j"], ["(-0.00011280473488698297+0.00011618469540455849j)"], ["0j"], ["0j"], ["0j"], ["0j"], ["0j"], ["0j"], ["0j"], ["0j"], ["(-7.388279616828115e-05+7.609654131139383e-05j)"], ["0j"], ["0j"], ["0j"], ["0j"], ["0j"], ["(0.00011280473488697849-0.000116184695404555j)"], ["0j"], ["0j"], ["0j"], ["0j"], ["0j"], ["(0.014596591266376056-0.015033947927166868j)"], ["0j"], ["0j"], ["(-0.00022864524064509565+0.00023549612227418684j)"], ["0j"], ["0j"], ["(0.00022864524064510386-0.00023549612227419717j)"], ["0j"], ["0j"], ["(0.0260284217758022-0.026808309588358975j)"], ["0j"], ["0j"], ["0j"], ["0j"], ["0j"], ["0j"], ["0j"], ["0j"], ["0j"], ["0j"], ["0j"], ["0j"], ["0j"], ["0j"], ["(-0.00015685158263336813+0.00016155131582232216j)"], ["0j"], ["0j"], ["(-0.00013195568198753768+0.00013590946101672076j)"], ["0j"], ["0j"], ["0j"], ["0j"], ["0j"], ["0j"], ["0j"], ["0j"], ["0j"], ["0j"], ["0j"], ["(-0.010103806399673627+0.010406546056323265j)"], ["0j"], ["0j"], ["0j"], ["0j"], ["0j"], ["0j"], ["0j"], ["0j"], ["(0.003735549098609424-0.0038474770994811934j)"], ["0j"], ["0j"], ["(-0.008430095789311568+0.008682686169988518j)"], ["0j"], ["0j"], ["(0.01853390218898519-0.0190892322263118j)"], ["0j"], ["0j"], ["(-0.013545595922619386+0.0139514616821673j)"], ["0j"], ["0j"], ["0j"], ["0j"], ["0j"], ["(-7.314098410451742e-05+7.533250238375888e-05j)"], ["0j"], ["0j"], ["0j"], ["0j"], ["0j"], ["(-0.00311089937357782+0.003204111037674881j)"], ["0j"], ["0j"], ["0j"], ["0j"], ["0j"], ["0j"], ["0j"], ["0j"], ["0j"], ["0j"], ["0j"], ["0j"], ["0j"], ["0j"], ["(0.00015685158263336542-0.0001615513158223322j)"], ["0j"], ["0j"], ["0j"], ["0j"], ["0j"], ["(0.0001319556819875428-0.00013590946101671908j)"], ["0j"], ["0j"], ["0j"], ["0j"], ["0j"], ["(-0.0037355490986094183+0.003847477099481192j)"], ["0j"], ["0j"], ["(0.018533902188985183-0.019089232226311807j)"], ["0j"], ["0j"], ["(-0.008430095789311576+0.00868268616998851j)"], ["0j"], ["0j"], ["(0.01354559592261934-0.013951461682167288j)"], ["0j"], ["0j"], ["0j"], ["0j"], ["0j"], ["0j"], ["0j"], ["0j"], ["(-0.010103806399673622+0.010406546056323279j)"], ["0j"], ["0j"], ["0j"], ["0j"], ["0j"], ["0j"], ["0j"], ["0j"], ["0j"], ["0j"], ["0j"], ["(7.314098410452298e-05-7.533250238376542e-05j)"], ["0j"], ["0j"], ["(0.0031108993735778673-0.0032041110376748953j)"], ["0j"], ["0j"], ["0j"], ["0j"], ["0j"], ["0j"], ["0j"], ["0j"], ["0j"], ["0j"], ["0j"], ["0j"], ["0j"], ["0j"], ["(0.01361597117344935-0.014023945581800513j)"], ["0j"], ["0j"], ["(-0.005481339944817802+0.005645576956814329j)"], ["0j"], ["0j"], ["(0.005481339944817792-0.005645576956814347j)"], ["0j"], ["0j"], ["(0.0680180959917651-0.07005611752661707j)"], ["0j"], ["0j"], ["0j"], ["0j"], ["0j"], ["(0.0002652133323808826-0.0002731599012290465j)"], ["0j"], ["0j"], ["0j"], ["0j"], ["0j"], ["(-0.00032289023673711265+0.00033256497470584775j)"], ["0j"], ["0j"], ["0j"], ["0j"], ["0j"], ["0j"], ["0j"], ["0j"], ["(-0.00026521333238082754+0.00027315990122904157j)"], ["0j"], ["0j"], ["(0.00032289023673701285-0.0003325649747058663j)"], ["0j"], ["0j"], ["0j"], ["0j"], ["0j"], ["0j"], ["0j"], ["0j"], ["0j"], ["0j"], ["0j"], ["(-0.691393045347059+0.7121092076406169j)"], ["0j"], ["0j"], ["0j"], ["0j"], ["0j"], ["0j"], ["0j"], ["0j"], ["0j"], ["0j"], ["0j"], ["0j"], ["0j"], ["0j"], ["0j"]], "hf_energy": -1.61854043144203}