{"geometry": [["H", [0.0, 0.0, 0.0]], ["H", [0.983, 0.0, 0.0]], ["H", [1.3797, -0.0685, 0.0]], ["H", [0.4066, -0.1673, -1.0051]]], "multiplicity": 1, "canonical_orbitals": [[0.17676885245629592, 0.611160355897559, 0.9054732605054575, 0.6389470454661093], [0.5054354970833067, -0.23753956552822053, 0.16428857583692463, -2.34286760403228], [0.3589782185959448, -0.5313481277019685, -0.2241051802224556, 2.0547762940756766], [0.15031962350065575, 0.6243223009149247, -0.946440759641306, 0.06684178111884252]], "canonical_to_oao": [[0.35257715638893483, 0.6591131511733701, 0.590787504833437, 0.30369281663497727], [0.5999435350786702, -0.20444936911669007, -0.45243565335776037, 0.627351727307603], [0.6800968087273097, 0.08255693468150954, -0.12948130349430362, -0.7168593134920831], [0.23070638107545355, -0.718995592444135, 0.6553676035240322, 0.017697684259283242]], "orbital_energies": [-0.8245254186793383, -0.3442555393049113, 0.3381644951877666, 1.5196159792421566], "exact_energy": -1.805638551238284, "ground_states": [["0j"], ["0j"], ["0j"], ["0j"], ["0j"], ["0j"], ["0j"], ["0j"], ["0j"], ["0j"], ["0j"], ["0j"], ["0j"], ["0j"], ["0j"], ["(-0.0051059646545651175+0.011523272132955916j)"], ["0j"], ["0j"], ["0j"], ["0j"], ["0j"], ["0j"], ["0j"], ["0j"], ["0j"], ["0j"], ["0j"], ["(0.0002139792861259832-0.00048291394705271724j)"], ["0j"], ["0j"], ["(-0.0015293039432357103+0.0034513724054378125j)"], ["0j"], ["0j"], ["0j"], ["0j"], ["0j"], ["0j"], ["0j"], ["0j"], ["(-0.00021397928612628452+0.0004829139470524477j)"], ["0j"], ["0j"], ["0j"], ["0j"], ["0j"], ["(0.0015293039432356132-0.0034513724054378784j)"], ["0j"], ["0j"], ["0j"], ["0j"], ["0j"], ["(0.014213894561383444-0.03207828220148825j)"], ["0j"], ["0j"], ["(0.0028351801177938056-0.0063985072858022485j)"], ["0j"], ["0j"], ["(-0.0028351801177937393+0.006398507285802292j)"], ["0j"], ["0j"], ["(0.012474968524460289-0.028153829272768414j)"], ["0j"], ["0j"], ["0j"], ["0j"], ["0j"], ["0j"], ["0j"], ["0j"], ["0j"], ["0j"], ["0j"], ["0j"], ["0j"], ["0j"], ["(0.0002162888073391406-0.000488126133825542j)"], ["0j"], ["0j"], ["(-0.00046464920231251947+0.0010486322500920834j)"], ["0j"], ["0j"], ["0j"], ["0j"], ["0j"], ["0j"], ["0j"], ["0j"], ["0j"], ["0j"], ["0j"], ["(-0.0034162971143489023+0.007709987044363442j)"], ["0j"], ["0j"], ["0j"], ["0j"], ["0j"], ["0j"], ["0j"], ["0j"], ["(-0.007797109134874608+0.017596716093830723j)"], ["0j"], ["0j"], ["(-0.003153816460008807+0.007117613964206323j)"], ["0j"], ["0j"], ["(0.006570113574357575-0.014827601008569955j)"], ["0j"], ["0j"], ["(0.031259178345399916-0.07054651629924484j)"], ["0j"], ["0j"], ["0j"], ["0j"], ["0j"], ["(0.0003689636843357638-0.0008326867163047566j)"], ["0j"], ["0j"], ["0j"], ["0j"], ["0j"], ["(-0.00026330239280177416+0.0005942276006186951j)"], ["0j"], ["0j"], ["0j"], ["0j"], ["0j"], ["0j"], ["0j"], ["0j"], ["0j"], ["0j"], ["0j"], ["0j"], ["0j"], ["0j"], ["(-0.00021628880733930316+0.0004881261338253754j)"], ["0j"], ["0j"], ["0j"], ["0j"], ["0j"], ["(0.0004646492023124451-0.0010486322500922161j)"], ["0j"], ["0j"], ["0j"], ["0j"], ["0j"], ["(0.007797109134874602-0.017596716093830712j)"], ["0j"], ["0j"], ["(0.0065701135743578-0.014827601008569703j)"], ["0j"], ["0j"], ["(-0.003153816460008746+0.007117613964206407j)"], ["0j"], ["0j"], ["(-0.031259178345399645+0.07054651629924477j)"], ["0j"], ["0j"], ["0j"], ["0j"], ["0j"], ["0j"], ["0j"], ["0j"], ["(-0.0034162971143489556+0.007709987044363387j)"], ["0j"], ["0j"], ["0j"], ["0j"], ["0j"], ["0j"], ["0j"], ["0j"], ["0j"], ["0j"], ["0j"], ["(-0.00036896368433568885+0.0008326867163049971j)"], ["0j"], ["0j"], ["(0.0002633023928034286-0.0005942276006177926j)"], ["0j"], ["0j"], ["0j"], ["0j"], ["0j"], ["0j"], ["0j"], ["0j"], ["0j"], ["0j"], ["0j"], ["0j"], ["0j"], ["0j"], ["(0.008536510658579676-0.019265416437370706j)"], ["0j"], ["0j"], ["(-0.0037371920611378386+0.008434190999561822j)"], ["0j"], ["0j"], ["(0.0037371920611377917-0.008434190999561764j)"], ["0j"], ["0j"], ["(0.09211395469894966-0.2078851380786106j)"], ["0j"], ["0j"], ["0j"], ["0j"], ["0j"], ["(0.0030617765636040658-0.006909895962787535j)"], ["0j"], ["0j"], ["0j"], ["0j"], ["0j"], ["(-0.0012270389483340167+0.002769213004011994j)"], ["0j"], ["0j"], ["0j"], ["0j"], ["0j"], ["0j"], ["0j"], ["0j"], ["(-0.003061776563603834+0.0069098959627875755j)"], ["0j"], ["0j"], ["(0.0012270389483409559-0.002769213004005056j)"], ["0j"], ["0j"], ["0j"], ["0j"], ["0j"], ["0j"], ["0j"], ["0j"], ["0j"], ["0j"], ["0j"], ["(-0.3910207340315928+0.8824656323943959j)"], ["0j"], ["0j"], ["0j"], ["0j"], ["0j"], ["0j"], ["0j"], ["0j"], ["0j"], ["0j"], ["0j"], ["0j"], ["0j"], ["0j"], ["0j"]]}