{"geometry": [["H", [0.0, 0.0, 0.0]], ["H", [0.4277, 0.0, 0.0]], ["H", [-0.201, -0.8039, 0.0]], ["H", [0.3335, -0.7961, 0.0935]]], "multiplicity": 1, "canonical_orbitals": [[0.34105179435563004, 0.5324200156318235, 1.0147599623676933, 1.875606827673665], [0.2975092102346722, 0.6259234768404934, -0.8197060432311642, -1.925911738407903], [0.23425630652748639, -0.6648894091326824, 0.9603702623904613, -1.4068739219534518], [0.2845747718013887, -0.5803092417555898, -1.1426527100248758, 1.3404565461961409]], "canonical_to_oao": [[0.5382317174515117, 0.5173165004057161, 0.4524697745921907, 0.487812832772643], [0.42849201550298127, 0.5078034609314857, -0.5729324538028544, -0.47987356782348123], [0.47811261512368886, -0.3856275265646789, 0.5159086487640462, -0.5971080338980959], [0.545994082604358, -0.5707982955734872, -0.4481715883346319, 0.4185952638779387]], "orbital_energies": [-1.0132603641453624, -0.3727892422316242, 0.6256558627623198, 1.7019397414097408], "exact_energy": -1.540886679310566, "ground_states": [["0j"], ["0j"], ["0j"], ["0j"], ["0j"], ["0j"], ["0j"], ["0j"], ["0j"], ["0j"], ["0j"], ["0j"], ["0j"], ["0j"], ["0j"], ["(0.00586176483367013+0j)"], ["0j"], ["0j"], ["0j"], ["0j"], ["0j"], ["0j"], ["0j"], ["0j"], ["0j"], ["0j"], ["0j"], ["(0.0006367423094477912+0j)"], ["0j"], ["0j"], ["(0.00012436621482914134+0j)"], ["0j"], ["0j"], ["0j"], ["0j"], ["0j"], ["0j"], ["0j"], ["0j"], ["(-0.0006367423094477808+0j)"], ["0j"], ["0j"], ["0j"], ["0j"], ["0j"], ["(-0.00012436621482928036+0j)"], ["0j"], ["0j"], ["0j"], ["0j"], ["0j"], ["(-0.018379886586091233+0j)"], ["0j"], ["0j"], ["(0.003959758937244788+0j)"], ["0j"], ["0j"], ["(-0.003959758937244785+0j)"], ["0j"], ["0j"], ["(-0.04920272941389159+0j)"], ["0j"], ["0j"], ["0j"], ["0j"], ["0j"], ["0j"], ["0j"], ["0j"], ["0j"], ["0j"], ["0j"], ["0j"], ["0j"], ["0j"], ["(9.493654833687507e-05+0j)"], ["0j"], ["0j"], ["(0.0003141074621502688+0j)"], ["0j"], ["0j"], ["0j"], ["0j"], ["0j"], ["0j"], ["0j"], ["0j"], ["0j"], ["0j"], ["0j"], ["(0.012691618212240623+0j)"], ["0j"], ["0j"], ["0j"], ["0j"], ["0j"], ["0j"], ["0j"], ["0j"], ["(-0.00554764843755149+0j)"], ["0j"], ["0j"], ["(0.0269492564767727+0j)"], ["0j"], ["0j"], ["(-0.03964087468901334+0j)"], ["0j"], ["0j"], ["(0.013679334975969817+0j)"], ["0j"], ["0j"], ["0j"], ["0j"], ["0j"], ["(-0.0003260195867180695+0j)"], ["0j"], ["0j"], ["0j"], ["0j"], ["0j"], ["(7.81362730036903e-05+0j)"], ["0j"], ["0j"], ["0j"], ["0j"], ["0j"], ["0j"], ["0j"], ["0j"], ["0j"], ["0j"], ["0j"], ["0j"], ["0j"], ["0j"], ["(-9.493654833688921e-05+0j)"], ["0j"], ["0j"], ["0j"], ["0j"], ["0j"], ["(-0.00031410746215026775+0j)"], ["0j"], ["0j"], ["0j"], ["0j"], ["0j"], ["(0.0055476484375514895+0j)"], ["0j"], ["0j"], ["(-0.039640874689013325+0j)"], ["0j"], ["0j"], ["(0.02694925647677272+0j)"], ["0j"], ["0j"], ["(-0.013679334975969818+0j)"], ["0j"], ["0j"], ["0j"], ["0j"], ["0j"], ["0j"], ["0j"], ["0j"], ["(0.012691618212240626+0j)"], ["0j"], ["0j"], ["0j"], ["0j"], ["0j"], ["0j"], ["0j"], ["0j"], ["0j"], ["0j"], ["0j"], ["(0.00032601958671807466+0j)"], ["0j"], ["0j"], ["(-7.813627300369101e-05+0j)"], ["0j"], ["0j"], ["0j"], ["0j"], ["0j"], ["0j"], ["0j"], ["0j"], ["0j"], ["0j"], ["0j"], ["0j"], ["0j"], ["0j"], ["(-0.03669783992882218+0j)"], ["0j"], ["0j"], ["(-0.007877924002183343+0j)"], ["0j"], ["0j"], ["(0.007877924002183337+0j)"], ["0j"], ["0j"], ["(-0.06603506980953389+0j)"], ["0j"], ["0j"], ["0j"], ["0j"], ["0j"], ["(-0.00011916273129037524+0j)"], ["0j"], ["0j"], ["0j"], ["0j"], ["0j"], ["(-0.006194199110714966+0j)"], ["0j"], ["0j"], ["0j"], ["0j"], ["0j"], ["0j"], ["0j"], ["0j"], ["(0.00011916273129041038+0j)"], ["0j"], ["0j"], ["(0.00619419911071496+0j)"], ["0j"], ["0j"], ["0j"], ["0j"], ["0j"], ["0j"], ["0j"], ["0j"], ["0j"], ["0j"], ["0j"], ["(0.992931388052441+0j)"], ["0j"], ["0j"], ["0j"], ["0j"], ["0j"], ["0j"], ["0j"], ["0j"], ["0j"], ["0j"], ["0j"], ["0j"], ["0j"], ["0j"], ["0j"]], "hf_energy": -1.510009262540298}