{"geometry": [["H", [0.0, 0.0, 0.0]], ["H", [0.4242, 0.0, 0.0]], ["H", [0.018, -1.2811, 0.0]], ["H", [0.2568, -0.4245, -0.5248]]], "multiplicity": 1, "canonical_orbitals": [[0.3990285272559553, 0.38812367463310604, 0.6556329867380168, 1.8180649629785748], [0.4148349825487435, 0.46677651124835273, 0.2008100026445011, -1.947384090221876], [0.03144654240456311, -0.8360044060077296, 0.7512875411227997, -0.19827618842693223], [0.2615528231704581, -0.5429545988461004, -1.3601810695232823, 0.26272162332780563]], "canonical_to_oao": [[0.601001194474567, 0.6097159294979253, 0.18449622043213731, 0.48270611577116124], [0.26617233817512465, 0.30375468020785623, -0.8223577126264805, -0.40076573347275374], [0.33534442994297037, 0.11974431815752817, 0.528376244476134, -0.7707294958988604], [0.674902929269651, -0.7222471030314285, -0.10250600666934669, 0.11116508814666162]], "orbital_energies": [-1.0178692929968314, -0.23281483329038602, 0.5229378815033315, 0.9792767764158212], "exact_energy": -1.5596224868992818, "ground_states": [["0j"], ["0j"], ["0j"], ["0j"], ["0j"], ["0j"], ["0j"], ["0j"], ["0j"], ["0j"], ["0j"], ["0j"], ["0j"], ["0j"], ["0j"], ["(0.009973933846386814-0.004386568897971922j)"], ["0j"], ["0j"], ["0j"], ["0j"], ["0j"], ["0j"], ["0j"], ["0j"], ["0j"], ["0j"], ["0j"], ["(0.0031501818253967745-0.0013854603239871887j)"], ["0j"], ["0j"], ["(-4.549035454659782e-05+2.0006807492909697e-05j)"], ["0j"], ["0j"], ["0j"], ["0j"], ["0j"], ["0j"], ["0j"], ["0j"], ["(-0.003150181825396819+0.001385460323987188j)"], ["0j"], ["0j"], ["0j"], ["0j"], ["0j"], ["(4.5490354546589177e-05-2.0006807492916643e-05j)"], ["0j"], ["0j"], ["0j"], ["0j"], ["0j"], ["(-0.04272494270299985+0.018790570271980025j)"], ["0j"], ["0j"], ["(0.005088229750424955-0.0022378201733346073j)"], ["0j"], ["0j"], ["(-0.005088229750424948+0.0022378201733346216j)"], ["0j"], ["0j"], ["(-0.03216628896490327+0.014146839643190265j)"], ["0j"], ["0j"], ["0j"], ["0j"], ["0j"], ["0j"], ["0j"], ["0j"], ["0j"], ["0j"], ["0j"], ["0j"], ["0j"], ["0j"], ["(0.0024202848312309404-0.0010644492261954203j)"], ["0j"], ["0j"], ["(0.0008378636754586205-0.0003684951991975035j)"], ["0j"], ["0j"], ["0j"], ["0j"], ["0j"], ["0j"], ["0j"], ["0j"], ["0j"], ["0j"], ["0j"], ["(0.0025056451440263784-0.0011019909724107732j)"], ["0j"], ["0j"], ["0j"], ["0j"], ["0j"], ["0j"], ["0j"], ["0j"], ["(-0.02432002685182115+0.01069602776889151j)"], ["0j"], ["0j"], ["(0.006649504908196358-0.002924474120887887j)"], ["0j"], ["0j"], ["(-0.009155150052222718+0.004026465093298639j)"], ["0j"], ["0j"], ["(0.031165893178172144-0.01370686228708149j)"], ["0j"], ["0j"], ["0j"], ["0j"], ["0j"], ["(-0.000902191692045959+0.00039678687239049556j)"], ["0j"], ["0j"], ["0j"], ["0j"], ["0j"], ["(0.0011811226967364072-0.0005194616453236026j)"], ["0j"], ["0j"], ["0j"], ["0j"], ["0j"], ["0j"], ["0j"], ["0j"], ["0j"], ["0j"], ["0j"], ["0j"], ["0j"], ["0j"], ["(-0.0024202848312309074+0.0010644492261954214j)"], ["0j"], ["0j"], ["0j"], ["0j"], ["0j"], ["(-0.0008378636754586428+0.0003684951991975269j)"], ["0j"], ["0j"], ["0j"], ["0j"], ["0j"], ["(0.02432002685182114-0.01069602776889151j)"], ["0j"], ["0j"], ["(-0.009155150052222715+0.004026465093298644j)"], ["0j"], ["0j"], ["(0.006649504908196339-0.002924474120887865j)"], ["0j"], ["0j"], ["(-0.031165893178172113+0.013706862287081454j)"], ["0j"], ["0j"], ["0j"], ["0j"], ["0j"], ["0j"], ["0j"], ["0j"], ["(0.0025056451440263815-0.0011019909724107849j)"], ["0j"], ["0j"], ["0j"], ["0j"], ["0j"], ["0j"], ["0j"], ["0j"], ["0j"], ["0j"], ["0j"], ["(0.0009021916920459651-0.0003967868723904883j)"], ["0j"], ["0j"], ["(-0.001181122696736456+0.0005194616453236082j)"], ["0j"], ["0j"], ["0j"], ["0j"], ["0j"], ["0j"], ["0j"], ["0j"], ["0j"], ["0j"], ["0j"], ["0j"], ["0j"], ["0j"], ["(-0.019246766983024213+0.008464791398714894j)"], ["0j"], ["0j"], ["(-0.01826368781681868+0.008032429949246925j)"], ["0j"], ["0j"], ["(0.018263687816818572-0.008032429949246939j)"], ["0j"], ["0j"], ["(-0.15108647729495817+0.06644832945691659j)"], ["0j"], ["0j"], ["0j"], ["0j"], ["0j"], ["(0.0010215320291886117-0.00044927314503321036j)"], ["0j"], ["0j"], ["0j"], ["0j"], ["0j"], ["(-0.043773143421027734+0.01925157239404631j)"], ["0j"], ["0j"], ["0j"], ["0j"], ["0j"], ["0j"], ["0j"], ["0j"], ["(-0.0010215320291885057+0.0004492731450333107j)"], ["0j"], ["0j"], ["(0.04377314342102875-0.019251572394046478j)"], ["0j"], ["0j"], ["0j"], ["0j"], ["0j"], ["0j"], ["0j"], ["0j"], ["0j"], ["0j"], ["0j"], ["(0.8965384769562645-0.3943005698073823j)"], ["0j"], ["0j"], ["0j"], ["0j"], ["0j"], ["0j"], ["0j"], ["0j"], ["0j"], ["0j"], ["0j"], ["0j"], ["0j"], ["0j"], ["0j"]], "hf_energy": -1.5171992241547996}