{"geometry": [["H", [0.0, 0.0, 0.0]], ["H", [0.495, 0.0, 0.0]], ["H", [-0.245, 1.2176, 0.0]], ["H", [-0.3463, 0.5228, -0.0444]]], "multiplicity": 1, "canonical_orbitals": [[0.44197590749329296, 0.4122339839821529, 0.6962441125003851, 2.2197926706397046], [0.2740573003479495, 0.5362367972123847, -1.0834726156612509, -1.342286237873928], [0.13472329105024217, -0.6664276783854604, -0.9280727932714049, 0.8822368013141827], [0.31539221491530167, -0.509734369273443, 0.9100258288780175, -1.7324563503450734]], "canonical_to_oao": [[0.610911677768984, 0.503072635692604, 0.311644767415315, 0.5259110039972916], [0.30542001734761337, 0.49601728872920026, -0.6988019539689468, -0.41516417404961564], [0.32441366286318746, -0.5710941204498843, -0.5621630056813454, 0.5025734135214268], [0.6544167711149833, -0.4180146864484605, 0.31388871135348473, -0.5463298348815325]], "orbital_energies": [-0.9449370022247214, -0.3863858541783804, 0.6107781556999344, 1.7039107775170448], "exact_energy": -1.8316647573928158, "ground_states": [["0j"], ["0j"], ["0j"], ["0j"], ["0j"], ["0j"], ["0j"], ["0j"], ["0j"], ["0j"], ["0j"], ["0j"], ["0j"], ["0j"], ["0j"], ["(-0.002642596742908353+0.005039614872882903j)"], ["0j"], ["0j"], ["0j"], ["0j"], ["0j"], ["0j"], ["0j"], ["0j"], ["0j"], ["0j"], ["0j"], ["(0.00019904233810665573-0.0003795875137391167j)"], ["0j"], ["0j"], ["(4.2045770210909396e-05-8.01841936214435e-05j)"], ["0j"], ["0j"], ["0j"], ["0j"], ["0j"], ["0j"], ["0j"], ["0j"], ["(-0.00019904233810664476+0.0003795875137390956j)"], ["0j"], ["0j"], ["0j"], ["0j"], ["0j"], ["(-4.204577021091383e-05+8.018419362143992e-05j)"], ["0j"], ["0j"], ["0j"], ["0j"], ["0j"], ["(0.010536740209919165-0.020094292788377037j)"], ["0j"], ["0j"], ["(-0.003093859843135029+0.005900204835232898j)"], ["0j"], ["0j"], ["(0.0030938598431350583-0.005900204835232907j)"], ["0j"], ["0j"], ["(0.020424175397836357-0.03895031596384402j)"], ["0j"], ["0j"], ["0j"], ["0j"], ["0j"], ["0j"], ["0j"], ["0j"], ["0j"], ["0j"], ["0j"], ["0j"], ["0j"], ["0j"], ["(0.0005471469047513369-0.0010434470133350807j)"], ["0j"], ["0j"], ["(0.0002689345176152443-0.0005128767370362101j)"], ["0j"], ["0j"], ["0j"], ["0j"], ["0j"], ["0j"], ["0j"], ["0j"], ["0j"], ["0j"], ["0j"], ["(-0.007978395627507677+0.015215352616336015j)"], ["0j"], ["0j"], ["0j"], ["0j"], ["0j"], ["0j"], ["0j"], ["0j"], ["(0.0020798225917957667-0.0039663656192340906j)"], ["0j"], ["0j"], ["(-0.00905991475730078+0.017277884444712593j)"], ["0j"], ["0j"], ["(0.017038310384808474-0.0324932370610486j)"], ["0j"], ["0j"], ["(-0.0020582911409311403+0.0039253036523243965j)"], ["0j"], ["0j"], ["0j"], ["0j"], ["0j"], ["(-0.0001413152898747474+0.0002694980376896228j)"], ["0j"], ["0j"], ["0j"], ["0j"], ["0j"], ["(0.0011659753358791377-0.0022235956582782315j)"], ["0j"], ["0j"], ["0j"], ["0j"], ["0j"], ["0j"], ["0j"], ["0j"], ["0j"], ["0j"], ["0j"], ["0j"], ["0j"], ["0j"], ["(-0.0005471469047513486+0.001043447013335072j)"], ["0j"], ["0j"], ["0j"], ["0j"], ["0j"], ["(-0.00026893451761524453+0.0005128767370362113j)"], ["0j"], ["0j"], ["0j"], ["0j"], ["0j"], ["(-0.0020798225917957277+0.003966365619234073j)"], ["0j"], ["0j"], ["(0.017038310384808453-0.032493237061048584j)"], ["0j"], ["0j"], ["(-0.009059914757300804+0.017277884444712586j)"], ["0j"], ["0j"], ["(0.0020582911409308393-0.0039253036523243835j)"], ["0j"], ["0j"], ["0j"], ["0j"], ["0j"], ["0j"], ["0j"], ["0j"], ["(-0.007978395627507686+0.015215352616336015j)"], ["0j"], ["0j"], ["0j"], ["0j"], ["0j"], ["0j"], ["0j"], ["0j"], ["0j"], ["0j"], ["0j"], ["(0.00014131528987480592-0.00026949803768960086j)"], ["0j"], ["0j"], ["(-0.0011659753358792034+0.0022235956582780407j)"], ["0j"], ["0j"], ["0j"], ["0j"], ["0j"], ["0j"], ["0j"], ["0j"], ["0j"], ["0j"], ["0j"], ["0j"], ["0j"], ["0j"], ["(0.012076019363651951-0.023029804662251855j)"], ["0j"], ["0j"], ["(0.0066658066715369006-0.012712154637967281j)"], ["0j"], ["0j"], ["(-0.006665806671536992+0.012712154637967288j)"], ["0j"], ["0j"], ["(0.04636279177298319-0.08841705250508669j)"], ["0j"], ["0j"], ["0j"], ["0j"], ["0j"], ["(0.000130481391001207-0.00024883704276457434j)"], ["0j"], ["0j"], ["0j"], ["0j"], ["0j"], ["(-0.003235227131272235+0.006169802037207239j)"], ["0j"], ["0j"], ["0j"], ["0j"], ["0j"], ["0j"], ["0j"], ["0j"], ["(-0.00013048139100143568+0.00024883704276452344j)"], ["0j"], ["0j"], ["(0.003235227131271943-0.006169802037206969j)"], ["0j"], ["0j"], ["0j"], ["0j"], ["0j"], ["0j"], ["0j"], ["0j"], ["0j"], ["0j"], ["0j"], ["(-0.46022653370536415+0.8776838503192451j)"], ["0j"], ["0j"], ["0j"], ["0j"], ["0j"], ["0j"], ["0j"], ["0j"], ["0j"], ["0j"], ["0j"], ["0j"], ["0j"], ["0j"], ["0j"]], "hf_energy": -1.798794600695765}