{"geometry": [["H", [0.0, 0.0, 0.0]], ["H", [0.4401, 0.0, 0.0]], ["H", [-0.2102, -0.4752, 0.0]], ["H", [-0.9273, -0.4588, -0.3272]]], "multiplicity": 1, "canonical_orbitals": [[0.4858909665959149, 0.2723891609844553, 0.1086114201183272, 2.5044994412847665], [0.247627274773081, 0.6479709604795956, -0.9182862812347186, -1.602862203578718], [0.30805234286032385, -0.4704925078221441, 1.4297088856845008, -1.202316975978567], [0.06717689381766506, -0.7504016172315484, -1.075172797367281, 0.050516920461201195]], "canonical_to_oao": [[0.6245448395393036, 0.5128461033989196, 0.5297411712479448, 0.25750127983803467], [0.18996234230025422, 0.513753356108136, -0.35250286592491287, -0.7587578843808822], [0.045609286752993916, -0.44324194700186537, 0.6660879441176493, -0.5981498307957624], [0.7561599333967053, -0.5259115322315788, -0.38915661590251904, 0.014012269288839408]], "orbital_energies": [-1.046596945692276, -0.33535247929848366, 0.7704472681671221, 1.321246942434962], "exact_energy": -1.5966776404211556, "ground_states": [["0j"], ["0j"], ["0j"], ["0j"], ["0j"], ["0j"], ["0j"], ["0j"], ["0j"], ["0j"], ["0j"], ["0j"], ["0j"], ["0j"], ["0j"], ["(0.005513103097063383+0j)"], ["0j"], ["0j"], ["0j"], ["0j"], ["0j"], ["0j"], ["0j"], ["0j"], ["0j"], ["0j"], ["0j"], ["(-0.0006720023481228132+0j)"], ["0j"], ["0j"], ["(0.0002219323208174362+0j)"], ["0j"], ["0j"], ["0j"], ["0j"], ["0j"], ["0j"], ["0j"], ["0j"], ["(0.0006720023481227602+0j)"], ["0j"], ["0j"], ["0j"], ["0j"], ["0j"], ["(-0.00022193232081745552+0j)"], ["0j"], ["0j"], ["0j"], ["0j"], ["0j"], ["(-0.03614945145368076+0j)"], ["0j"], ["0j"], ["(-0.0004898772348363123+0j)"], ["0j"], ["0j"], ["(0.0004898772348363146+0j)"], ["0j"], ["0j"], ["(-0.03039984976038602+0j)"], ["0j"], ["0j"], ["0j"], ["0j"], ["0j"], ["0j"], ["0j"], ["0j"], ["0j"], ["0j"], ["0j"], ["0j"], ["0j"], ["0j"], ["(0.0005191627741373496+0j)"], ["0j"], ["0j"], ["(0.0007856525964865854+0j)"], ["0j"], ["0j"], ["0j"], ["0j"], ["0j"], ["0j"], ["0j"], ["0j"], ["0j"], ["0j"], ["0j"], ["(0.008751991024615054+0j)"], ["0j"], ["0j"], ["0j"], ["0j"], ["0j"], ["0j"], ["0j"], ["0j"], ["(-0.01261486076472377+0j)"], ["0j"], ["0j"], ["(0.012264835690589141+0j)"], ["0j"], ["0j"], ["(-0.021016826715204193+0j)"], ["0j"], ["0j"], ["(0.015419472945737252+0j)"], ["0j"], ["0j"], ["0j"], ["0j"], ["0j"], ["(-0.0008871565245064435+0j)"], ["0j"], ["0j"], ["0j"], ["0j"], ["0j"], ["(-0.0054393127982865185+0j)"], ["0j"], ["0j"], ["0j"], ["0j"], ["0j"], ["0j"], ["0j"], ["0j"], ["0j"], ["0j"], ["0j"], ["0j"], ["0j"], ["0j"], ["(-0.0005191627741373503+0j)"], ["0j"], ["0j"], ["0j"], ["0j"], ["0j"], ["(-0.0007856525964865863+0j)"], ["0j"], ["0j"], ["0j"], ["0j"], ["0j"], ["(0.012614860764723772+0j)"], ["0j"], ["0j"], ["(-0.02101682671520421+0j)"], ["0j"], ["0j"], ["(0.012264835690589148+0j)"], ["0j"], ["0j"], ["(-0.015419472945737249+0j)"], ["0j"], ["0j"], ["0j"], ["0j"], ["0j"], ["0j"], ["0j"], ["0j"], ["(0.00875199102461505+0j)"], ["0j"], ["0j"], ["0j"], ["0j"], ["0j"], ["0j"], ["0j"], ["0j"], ["0j"], ["0j"], ["0j"], ["(0.000887156524506443+0j)"], ["0j"], ["0j"], ["(0.005439312798286515+0j)"], ["0j"], ["0j"], ["0j"], ["0j"], ["0j"], ["0j"], ["0j"], ["0j"], ["0j"], ["0j"], ["0j"], ["0j"], ["0j"], ["0j"], ["(-0.016443725047095015+0j)"], ["0j"], ["0j"], ["(0.011822084574934482+0j)"], ["0j"], ["0j"], ["(-0.011822084574934489+0j)"], ["0j"], ["0j"], ["(-0.10843093218112415+0j)"], ["0j"], ["0j"], ["0j"], ["0j"], ["0j"], ["(0.00012000884077462724+0j)"], ["0j"], ["0j"], ["0j"], ["0j"], ["0j"], ["(0.00836016590110217+0j)"], ["0j"], ["0j"], ["0j"], ["0j"], ["0j"], ["0j"], ["0j"], ["0j"], ["(-0.00012000884077462926+0j)"], ["0j"], ["0j"], ["(-0.008360165901102182+0j)"], ["0j"], ["0j"], ["0j"], ["0j"], ["0j"], ["0j"], ["0j"], ["0j"], ["0j"], ["0j"], ["0j"], ["(0.9915121883114563+0j)"], ["0j"], ["0j"], ["0j"], ["0j"], ["0j"], ["0j"], ["0j"], ["0j"], ["0j"], ["0j"], ["0j"], ["0j"], ["0j"], ["0j"], ["0j"]], "hf_energy": -1.5658894755774333}