{"geometry": [["H", [0.0, 0.0, 0.0]], ["H", [0.4476, 0.0, 0.0]], ["H", [0.6765, 0.4161, 0.0]], ["H", [-0.55, 0.658, -0.2456]]], "multiplicity": 1, "canonical_orbitals": [[0.2837737874005478, 0.5476146925355242, 0.9347348853883068, 2.0054865466623966], [0.5123366931682649, -0.4478222598411803, 0.5176044944321333, -2.7500504901432326], [0.2564198170830573, -0.5189055180066211, -1.1667972783821252, 1.4032722813967153], [0.0391340422737832, 0.8283289901658883, -0.684637079429729, -0.6915323193566747]], "canonical_to_oao": [[0.532681155160202, 0.6389775672730569, 0.5149279328232854, 0.2069001678523541], [0.3510095826163129, -0.23084364566982468, -0.40329492734028133, 0.8129309231090813], [0.537129679355824, 0.23227613792736135, -0.648022385652351, -0.4874489624546277], [0.5518466883146291, -0.696036403879291, 0.39021713605808117, -0.2423409659912901]], "orbital_energies": [-1.064348624487249, -0.2518528146692544, 0.46530281646729627, 1.8069576964945595], "exact_energy": -1.4490993224465263, "ground_states": [["0j"], ["0j"], ["0j"], ["0j"], ["0j"], ["0j"], ["0j"], ["0j"], ["0j"], ["0j"], ["0j"], ["0j"], ["0j"], ["0j"], ["0j"], ["(0.006649915240785933+0j)"], ["0j"], ["0j"], ["0j"], ["0j"], ["0j"], ["0j"], ["0j"], ["0j"], ["0j"], ["0j"], ["0j"], ["(0.0017757439610394075+0j)"], ["0j"], ["0j"], ["(-0.0004617388853775939+0j)"], ["0j"], ["0j"], ["0j"], ["0j"], ["0j"], ["0j"], ["0j"], ["0j"], ["(-0.0017757439610393976+0j)"], ["0j"], ["0j"], ["0j"], ["0j"], ["0j"], ["(0.0004617388853776626+0j)"], ["0j"], ["0j"], ["0j"], ["0j"], ["0j"], ["(-0.023349996239497683+0j)"], ["0j"], ["0j"], ["(-0.007736906213173443+0j)"], ["0j"], ["0j"], ["(0.007736906213173444+0j)"], ["0j"], ["0j"], ["(-0.045770393447508814+0j)"], ["0j"], ["0j"], ["0j"], ["0j"], ["0j"], ["0j"], ["0j"], ["0j"], ["0j"], ["0j"], ["0j"], ["0j"], ["0j"], ["0j"], ["(-0.0011346564186970314+0j)"], ["0j"], ["0j"], ["(0.002181491007699143+0j)"], ["0j"], ["0j"], ["0j"], ["0j"], ["0j"], ["0j"], ["0j"], ["0j"], ["0j"], ["0j"], ["0j"], ["(0.01915932780199476+0j)"], ["0j"], ["0j"], ["0j"], ["0j"], ["0j"], ["0j"], ["0j"], ["0j"], ["(0.004799474723145753+0j)"], ["0j"], ["0j"], ["(0.013396505071795378+0j)"], ["0j"], ["0j"], ["(-0.03255583287379012+0j)"], ["0j"], ["0j"], ["(0.0040149375396463845+0j)"], ["0j"], ["0j"], ["0j"], ["0j"], ["0j"], ["(-0.0018156832488184817+0j)"], ["0j"], ["0j"], ["0j"], ["0j"], ["0j"], ["(-0.004103503629913474+0j)"], ["0j"], ["0j"], ["0j"], ["0j"], ["0j"], ["0j"], ["0j"], ["0j"], ["0j"], ["0j"], ["0j"], ["0j"], ["0j"], ["0j"], ["(0.0011346564186970201+0j)"], ["0j"], ["0j"], ["0j"], ["0j"], ["0j"], ["(-0.002181491007699149+0j)"], ["0j"], ["0j"], ["0j"], ["0j"], ["0j"], ["(-0.004799474723145751+0j)"], ["0j"], ["0j"], ["(-0.03255583287379014+0j)"], ["0j"], ["0j"], ["(0.01339650507179537+0j)"], ["0j"], ["0j"], ["(-0.004014937539646386+0j)"], ["0j"], ["0j"], ["0j"], ["0j"], ["0j"], ["0j"], ["0j"], ["0j"], ["(0.019159327801994773+0j)"], ["0j"], ["0j"], ["0j"], ["0j"], ["0j"], ["0j"], ["0j"], ["0j"], ["0j"], ["0j"], ["0j"], ["(0.001815683248818482+0j)"], ["0j"], ["0j"], ["(0.0041035036299134795+0j)"], ["0j"], ["0j"], ["0j"], ["0j"], ["0j"], ["0j"], ["0j"], ["0j"], ["0j"], ["0j"], ["0j"], ["0j"], ["0j"], ["0j"], ["(-0.019843629324201275+0j)"], ["0j"], ["0j"], ["(0.02480024579171944+0j)"], ["0j"], ["0j"], ["(-0.024800245791719445+0j)"], ["0j"], ["0j"], ["(-0.1627973645341655+0j)"], ["0j"], ["0j"], ["0j"], ["0j"], ["0j"], ["(0.001087874324059646+0j)"], ["0j"], ["0j"], ["0j"], ["0j"], ["0j"], ["(-0.04403697134601332+0j)"], ["0j"], ["0j"], ["0j"], ["0j"], ["0j"], ["0j"], ["0j"], ["0j"], ["(-0.0010878743240596736+0j)"], ["0j"], ["0j"], ["(0.04403697134601335+0j)"], ["0j"], ["0j"], ["0j"], ["0j"], ["0j"], ["0j"], ["0j"], ["0j"], ["0j"], ["0j"], ["0j"], ["(0.9807333545014776+0j)"], ["0j"], ["0j"], ["0j"], ["0j"], ["0j"], ["0j"], ["0j"], ["0j"], ["0j"], ["0j"], ["0j"], ["0j"], ["0j"], ["0j"], ["0j"]], "hf_energy": -1.409821031041251}