{"geometry": [["H", [0.0, 0.0, 0.0]], ["H", [0.4779, 0.0, 0.0]], ["H", [-0.4303, -0.3666, 0.0]], ["H", [-0.0813, -0.6594, -0.3133]]], "multiplicity": 1, "canonical_orbitals": [[0.4239439489141391, 0.4969222159031603, 0.7958682468011299, 2.4219455688204836], [0.1553962267815257, 0.7997786375654323, -0.6233848483131861, -1.7070396461922823], [0.28718705913478054, -0.6571493607141027, 0.9925284134749209, -1.7513259242762984], [0.25770137073749266, -0.6080110796994547, -1.3528060393756305, 0.7447999684662374]], "canonical_to_oao": [[0.571386727136495, 0.4189184694560797, 0.521496183354621, 0.4754642518080422], [0.3275248158036015, 0.6714666824255819, -0.46659465377860715, -0.473444208424204], [0.369086865289031, -0.32838017092947935, 0.5048019475421827, -0.7078957147553995], [0.6557587886991509, -0.5155640345110223, -0.505476165184275, 0.2206082133401639]], "orbital_energies": [-1.0730506904008783, -0.29954228673402167, 0.6057681060476496, 1.7862019413144434], "exact_energy": -1.3873854370445653, "ground_states": [["0j"], ["0j"], ["0j"], ["0j"], ["0j"], ["0j"], ["0j"], ["0j"], ["0j"], ["0j"], ["0j"], ["0j"], ["0j"], ["0j"], ["0j"], ["(-0.004888261779789775-0.002459029102361306j)"], ["0j"], ["0j"], ["0j"], ["0j"], ["0j"], ["0j"], ["0j"], ["0j"], ["0j"], ["0j"], ["0j"], ["(-0.0008214795911907371-0.00041324346214145503j)"], ["0j"], ["0j"], ["(-0.0006416432066903337-0.00032277717308581993j)"], ["0j"], ["0j"], ["0j"], ["0j"], ["0j"], ["0j"], ["0j"], ["0j"], ["(0.0008214795911907737+0.00041324346214143687j)"], ["0j"], ["0j"], ["0j"], ["0j"], ["0j"], ["(0.0006416432066903299+0.00032277717308580535j)"], ["0j"], ["0j"], ["0j"], ["0j"], ["0j"], ["(0.017784954922013735+0.008946681603311565j)"], ["0j"], ["0j"], ["(-0.0011528351939465444-0.0005799311534135691j)"], ["0j"], ["0j"], ["(0.0011528351939465152+0.0005799311534135498j)"], ["0j"], ["0j"], ["(0.04409619037297903+0.02218248946460567j)"], ["0j"], ["0j"], ["0j"], ["0j"], ["0j"], ["0j"], ["0j"], ["0j"], ["0j"], ["0j"], ["0j"], ["0j"], ["0j"], ["0j"], ["(0.0008259379099226356+0.0004154862093598009j)"], ["0j"], ["0j"], ["(8.766959385364916e-05+4.410199215792633e-05j)"], ["0j"], ["0j"], ["0j"], ["0j"], ["0j"], ["0j"], ["0j"], ["0j"], ["0j"], ["0j"], ["0j"], ["(-0.010743370184364758-0.005404428226413475j)"], ["0j"], ["0j"], ["0j"], ["0j"], ["0j"], ["0j"], ["0j"], ["0j"], ["(0.005947273286970822+0.0029917624610084487j)"], ["0j"], ["0j"], ["(-0.018591166831308757-0.009352244692388203j)"], ["0j"], ["0j"], ["(0.029334537015673522+0.014756672918801656j)"], ["0j"], ["0j"], ["(-0.025208511032545573-0.012681084820889475j)"], ["0j"], ["0j"], ["0j"], ["0j"], ["0j"], ["(0.0004968115425790145+0.0002499199299517394j)"], ["0j"], ["0j"], ["0j"], ["0j"], ["0j"], ["(5.346772795110214e-06+2.6896820382136777e-06j)"], ["0j"], ["0j"], ["0j"], ["0j"], ["0j"], ["0j"], ["0j"], ["0j"], ["0j"], ["0j"], ["0j"], ["0j"], ["0j"], ["0j"], ["(-0.0008259379099226326-0.0004154862093598142j)"], ["0j"], ["0j"], ["0j"], ["0j"], ["0j"], ["(-8.766959385363892e-05-4.4101992157961796e-05j)"], ["0j"], ["0j"], ["0j"], ["0j"], ["0j"], ["(-0.005947273286970825-0.0029917624610084404j)"], ["0j"], ["0j"], ["(0.02933453701567354+0.014756672918801669j)"], ["0j"], ["0j"], ["(-0.018591166831308778-0.009352244692388175j)"], ["0j"], ["0j"], ["(0.025208511032545493+0.012681084820889435j)"], ["0j"], ["0j"], ["0j"], ["0j"], ["0j"], ["0j"], ["0j"], ["0j"], ["(-0.010743370184364762-0.005404428226413498j)"], ["0j"], ["0j"], ["0j"], ["0j"], ["0j"], ["0j"], ["0j"], ["0j"], ["0j"], ["0j"], ["0j"], ["(-0.0004968115425790162-0.0002499199299517357j)"], ["0j"], ["0j"], ["(-5.346772795063651e-06-2.6896820380275613e-06j)"], ["0j"], ["0j"], ["0j"], ["0j"], ["0j"], ["0j"], ["0j"], ["0j"], ["0j"], ["0j"], ["0j"], ["0j"], ["0j"], ["0j"], ["(0.03133284017547511+0.015761914832319635j)"], ["0j"], ["0j"], ["(-0.0024754427709916863-0.0012452659225955561j)"], ["0j"], ["0j"], ["(0.0024754427709916516+0.001245265922595545j)"], ["0j"], ["0j"], ["(0.0709935358349138+0.03571313864968438j)"], ["0j"], ["0j"], ["0j"], ["0j"], ["0j"], ["(0.0021326212819933483+0.0010728103430177789j)"], ["0j"], ["0j"], ["0j"], ["0j"], ["0j"], ["(0.009278170170320557+0.004667362652263918j)"], ["0j"], ["0j"], ["0j"], ["0j"], ["0j"], ["0j"], ["0j"], ["0j"], ["(-0.00213262128199337-0.001072810343017706j)"], ["0j"], ["0j"], ["(-0.009278170170321032-0.004667362652263881j)"], ["0j"], ["0j"], ["0j"], ["0j"], ["0j"], ["0j"], ["0j"], ["0j"], ["0j"], ["0j"], ["0j"], ["(-0.8863163811652037-0.4458594636227822j)"], ["0j"], ["0j"], ["0j"], ["0j"], ["0j"], ["0j"], ["0j"], ["0j"], ["0j"], ["0j"], ["0j"], ["0j"], ["0j"], ["0j"], ["0j"]], "hf_energy": -1.3576404148930152}