{"geometry": [["H", [0.0, 0.0, 0.0]], ["H", [0.505, 0.0, 0.0]], ["H", [-0.4281, 0.3249, 0.0]], ["H", [-0.3311, 0.7089, -0.8496]]], "multiplicity": 1, "canonical_orbitals": [[0.5174445579899347, 0.3374700331522485, 0.30840033597173266, 2.5456051985583343], [0.24080700101380348, 0.6206384739501776, -0.7967290519271699, -1.5522691785957565], [0.28472202482522835, -0.517885665570612, 0.947411350130288, -1.5647699883862443], [0.09186026781838277, -0.7525683433491976, -0.8650418530378085, 0.30223761476996325]], "canonical_to_oao": [[0.6427468343438266, 0.49532796835237747, 0.5224763112596625, 0.2618114109075217], [0.2088156869647919, 0.5236424654527242, -0.387925420999036, -0.7291834097089267], [0.15624036766338764, -0.4934847361712129, 0.5873833100560698, -0.6221274867308251], [0.7203203893621349, -0.486745916581254, -0.4811582057731021, 0.11271082635605326]], "orbital_energies": [-0.9595809291160808, -0.27598763861445397, 0.42110032789475055, 1.6781810447231682], "exact_energy": -1.681024332007504, "ground_states": [["0j"], ["0j"], ["0j"], ["0j"], ["0j"], ["0j"], ["0j"], ["0j"], ["0j"], ["0j"], ["0j"], ["0j"], ["0j"], ["0j"], ["0j"], ["(0.0014077825560866227+0.008927480995872563j)"], ["0j"], ["0j"], ["0j"], ["0j"], ["0j"], ["0j"], ["0j"], ["0j"], ["0j"], ["0j"], ["0j"], ["(-0.0001369683037058445-0.0008685872140435833j)"], ["0j"], ["0j"], ["(-2.7803742551236317e-05-0.0001763179847392496j)"], ["0j"], ["0j"], ["0j"], ["0j"], ["0j"], ["0j"], ["0j"], ["0j"], ["(0.00013696830370586485+0.0008685872140435948j)"], ["0j"], ["0j"], ["0j"], ["0j"], ["0j"], ["(2.7803742551225753e-05+0.00017631798473926162j)"], ["0j"], ["0j"], ["0j"], ["0j"], ["0j"], ["(-0.004319272431537218-0.027390751776137038j)"], ["0j"], ["0j"], ["(0.0007105592184157338+0.004506025374033689j)"], ["0j"], ["0j"], ["(-0.0007105592184157252-0.004506025374033684j)"], ["0j"], ["0j"], ["(-0.006114269191090942-0.038773759321787296j)"], ["0j"], ["0j"], ["0j"], ["0j"], ["0j"], ["0j"], ["0j"], ["0j"], ["0j"], ["0j"], ["0j"], ["0j"], ["0j"], ["0j"], ["(-4.620652315831761e-06-2.9301958288752055e-05j)"], ["0j"], ["0j"], ["(-0.00020381791440738726-0.0012925153459412938j)"], ["0j"], ["0j"], ["0j"], ["0j"], ["0j"], ["0j"], ["0j"], ["0j"], ["0j"], ["0j"], ["0j"], ["(0.003105673219570312+0.01969468830767217j)"], ["0j"], ["0j"], ["0j"], ["0j"], ["0j"], ["0j"], ["0j"], ["0j"], ["(-0.0013668968781842296-0.008668203658688058j)"], ["0j"], ["0j"], ["(0.00260059678644643+0.0164917360913079j)"], ["0j"], ["0j"], ["(-0.005706270006016755-0.0361864243989801j)"], ["0j"], ["0j"], ["(0.0040926922070284805+0.025953888789309293j)"], ["0j"], ["0j"], ["0j"], ["0j"], ["0j"], ["(0.00010862290786571956+0.0006888343242321206j)"], ["0j"], ["0j"], ["0j"], ["0j"], ["0j"], ["(-0.0013582624334662068-0.008613448156286951j)"], ["0j"], ["0j"], ["0j"], ["0j"], ["0j"], ["0j"], ["0j"], ["0j"], ["0j"], ["0j"], ["0j"], ["0j"], ["0j"], ["0j"], ["(4.620652315836797e-06+2.9301958288793864e-05j)"], ["0j"], ["0j"], ["0j"], ["0j"], ["0j"], ["(0.0002038179144073839+0.001292515345941336j)"], ["0j"], ["0j"], ["0j"], ["0j"], ["0j"], ["(0.001366896878184252+0.00866820365868806j)"], ["0j"], ["0j"], ["(-0.0057062700060167395-0.036186424398980045j)"], ["0j"], ["0j"], ["(0.0026005967864464246+0.016491736091307902j)"], ["0j"], ["0j"], ["(-0.004092692207028524-0.025953888789309355j)"], ["0j"], ["0j"], ["0j"], ["0j"], ["0j"], ["0j"], ["0j"], ["0j"], ["(0.0031056732195703213+0.019694688307672178j)"], ["0j"], ["0j"], ["0j"], ["0j"], ["0j"], ["0j"], ["0j"], ["0j"], ["0j"], ["0j"], ["0j"], ["(-0.00010862290786573938-0.000688834324232165j)"], ["0j"], ["0j"], ["(0.0013582624334661782+0.008613448156286882j)"], ["0j"], ["0j"], ["0j"], ["0j"], ["0j"], ["0j"], ["0j"], ["0j"], ["0j"], ["0j"], ["0j"], ["0j"], ["0j"], ["0j"], ["(-0.0025500752400701597-0.016171352703116218j)"], ["0j"], ["0j"], ["(-0.00030781851840058116-0.0019520372385049784j)"], ["0j"], ["0j"], ["(0.0003078185184005716+0.0019520372385049343j)"], ["0j"], ["0j"], ["(-0.03347884562606385-0.21230676342607155j)"], ["0j"], ["0j"], ["0j"], ["0j"], ["0j"], ["(0.00016094456362594455+0.0010206331417781896j)"], ["0j"], ["0j"], ["0j"], ["0j"], ["0j"], ["(0.0035305505220437046+0.022389056146658648j)"], ["0j"], ["0j"], ["0j"], ["0j"], ["0j"], ["0j"], ["0j"], ["0j"], ["(-0.00016094456362588373-0.001020633141778238j)"], ["0j"], ["0j"], ["(-0.0035305505220440767-0.022389056146659363j)"], ["0j"], ["0j"], ["0j"], ["0j"], ["0j"], ["0j"], ["0j"], ["0j"], ["0j"], ["0j"], ["0j"], ["(0.15136886790814286+0.9599086774971566j)"], ["0j"], ["0j"], ["0j"], ["0j"], ["0j"], ["0j"], ["0j"], ["0j"], ["0j"], ["0j"], ["0j"], ["0j"], ["0j"], ["0j"], ["0j"]], "hf_energy": -1.6293465870318646}