{"geometry": [["H", [0.0, 0.0, 0.0]], ["H", [1.4175, 0.0, 0.0]], ["H", [0.666, 0.1384, 0.0]], ["H", [0.3077, 0.4639, -0.0704]]], "multiplicity": 1, "canonical_orbitals": [[0.27858848186411345, 0.598726286374089, 1.4869434901326195, 0.12040307287127983], [0.036943014297224464, -0.7991479597662983, 0.4768794920073032, 1.0501136585276603], [0.39117387595792463, -0.4752594099803496, -0.2904070468263328, -2.2021765862039686], [0.3945489745141507, 0.35912452502523323, -1.3414622944726955, 1.4842276618889634]], "canonical_to_oao": [[0.516126200057851, 0.23442187943614445, 0.5705385049364617, 0.5942608370407179], [0.44570064024474243, -0.8110717130083294, -0.30457766591404284, 0.2252688639593075], [0.7291248132844463, 0.29434587744870533, -0.1585358964843162, -0.5971631942842643], [0.05780736589907698, 0.44784993382640254, -0.746045996797204, 0.48939157724910143]], "orbital_energies": [-1.0614431061540819, -0.28416855897846854, 0.6830498857678224, 1.281706207623007], "exact_energy": -1.6025179184553537, "ground_states": [["0j"], ["0j"], ["0j"], ["0j"], ["0j"], ["0j"], ["0j"], ["0j"], ["0j"], ["0j"], ["0j"], ["0j"], ["0j"], ["0j"], ["0j"], ["(-0.004146604864326182+0.0037748133451107426j)"], ["0j"], ["0j"], ["0j"], ["0j"], ["0j"], ["0j"], ["0j"], ["0j"], ["0j"], ["0j"], ["0j"], ["(-0.0005527140220462141+0.0005031567594972301j)"], ["0j"], ["0j"], ["(-0.0007134510936744019+0.000649481876765127j)"], ["0j"], ["0j"], ["0j"], ["0j"], ["0j"], ["0j"], ["0j"], ["0j"], ["(0.00055271402204618-0.0005031567594972415j)"], ["0j"], ["0j"], ["0j"], ["0j"], ["0j"], ["(0.0007134510936743969-0.0006494818767651155j)"], ["0j"], ["0j"], ["0j"], ["0j"], ["0j"], ["(0.022304408354757412-0.020304557841206237j)"], ["0j"], ["0j"], ["(0.005042215267044221-0.004590121822965797j)"], ["0j"], ["0j"], ["(-0.005042215267044228+0.0045901218229658005j)"], ["0j"], ["0j"], ["(0.03605772995270018-0.0328247336491683j)"], ["0j"], ["0j"], ["0j"], ["0j"], ["0j"], ["0j"], ["0j"], ["0j"], ["0j"], ["0j"], ["0j"], ["0j"], ["0j"], ["0j"], ["(4.05485277384519e-05-3.691287900336718e-05j)"], ["0j"], ["0j"], ["(-0.0005572666683914499+0.0005073012079657808j)"], ["0j"], ["0j"], ["0j"], ["0j"], ["0j"], ["0j"], ["0j"], ["0j"], ["0j"], ["0j"], ["0j"], ["(0.0062044762812496134-0.005648172573031033j)"], ["0j"], ["0j"], ["0j"], ["0j"], ["0j"], ["0j"], ["0j"], ["0j"], ["(-0.006880005182931939+0.006263132424888729j)"], ["0j"], ["0j"], ["(0.004235766844301343-0.0038559809130124505j)"], ["0j"], ["0j"], ["(-0.010440243125550953+0.009504153486043486j)"], ["0j"], ["0j"], ["(0.024315165137940818-0.022135026812154623j)"], ["0j"], ["0j"], ["0j"], ["0j"], ["0j"], ["(-0.0008388339157117589+0.0007636226655212752j)"], ["0j"], ["0j"], ["0j"], ["0j"], ["0j"], ["(-0.002601997125557274+0.002368697716532836j)"], ["0j"], ["0j"], ["0j"], ["0j"], ["0j"], ["0j"], ["0j"], ["0j"], ["0j"], ["0j"], ["0j"], ["0j"], ["0j"], ["0j"], ["(-4.054852773845011e-05+3.691287900337343e-05j)"], ["0j"], ["0j"], ["0j"], ["0j"], ["0j"], ["(0.0005572666683914527-0.000507301207965772j)"], ["0j"], ["0j"], ["0j"], ["0j"], ["0j"], ["(0.00688000518293192-0.0062631324248887295j)"], ["0j"], ["0j"], ["(-0.01044024312555094+0.009504153486043497j)"], ["0j"], ["0j"], ["(0.004235766844301333-0.003855980913012449j)"], ["0j"], ["0j"], ["(-0.024315165137940825+0.022135026812154592j)"], ["0j"], ["0j"], ["0j"], ["0j"], ["0j"], ["0j"], ["0j"], ["0j"], ["(0.006204476281249617-0.005648172573031024j)"], ["0j"], ["0j"], ["0j"], ["0j"], ["0j"], ["0j"], ["0j"], ["0j"], ["0j"], ["0j"], ["0j"], ["(0.0008388339157117559-0.0007636226655212742j)"], ["0j"], ["0j"], ["(0.002601997125557255-0.0023686977165328577j)"], ["0j"], ["0j"], ["0j"], ["0j"], ["0j"], ["0j"], ["0j"], ["0j"], ["0j"], ["0j"], ["0j"], ["0j"], ["0j"], ["0j"], ["(0.03290037151066488-0.029950469239547542j)"], ["0j"], ["0j"], ["(-0.024532476144654203+0.02233285335097881j)"], ["0j"], ["0j"], ["(0.024532476144654237-0.022332853350978833j)"], ["0j"], ["0j"], ["(0.04913523397679661-0.044729686815937045j)"], ["0j"], ["0j"], ["0j"], ["0j"], ["0j"], ["(0.003299772588934989-0.003003909466200446j)"], ["0j"], ["0j"], ["0j"], ["0j"], ["0j"], ["(0.00814871065560431-0.007418083645454723j)"], ["0j"], ["0j"], ["0j"], ["0j"], ["0j"], ["0j"], ["0j"], ["0j"], ["(-0.0032997725889348834+0.0030039094662004774j)"], ["0j"], ["0j"], ["(-0.008148710655604007+0.00741808364545454j)"], ["0j"], ["0j"], ["0j"], ["0j"], ["0j"], ["0j"], ["0j"], ["0j"], ["0j"], ["0j"], ["0j"], ["(-0.7338160177358135+0.6680208477147251j)"], ["0j"], ["0j"], ["0j"], ["0j"], ["0j"], ["0j"], ["0j"], ["0j"], ["0j"], ["0j"], ["0j"], ["0j"], ["0j"], ["0j"], ["0j"]]}