{"geometry": [["H", [0.0, 0.0, 0.0]], ["H", [1.1594, 0.0, 0.0]], ["H", [0.5186, -0.8683, 0.0]], ["H", [0.6236, 0.4075, 0.2249]]], "multiplicity": 1, "canonical_orbitals": [[0.308015418969005, 0.5516622849303163, 0.7891142311046497, 1.0009637137875873], [0.3292230861144169, -0.5317584024661383, -0.6959696147671958, 1.126239529829439], [0.18666858174147682, 0.7637258065662338, -0.6589999856300994, -0.681969024740699], [0.411968068578369, -0.5377832385074637, 0.3966389254248474, -1.4438866891364264]], "canonical_to_oao": [[0.4986641551158295, 0.5211626348547155, 0.35955074833810674, 0.5919854962779194], [0.4352166412313708, -0.43219701489966716, 0.6811325103098459, -0.39981335508723176], [0.594724606002404, -0.5201535954969264, -0.5420700675301043, 0.28618686551764644], [0.45631478018270155, 0.5206106850946557, -0.33606815477879415, -0.6385918346609663]], "orbital_energies": [-0.8046790481740143, -0.20332476064432156, 0.27972364009815376, 1.046078753275314], "exact_energy": -1.8269654744329398, "ground_states": [["0j"], ["0j"], ["0j"], ["0j"], ["0j"], ["0j"], ["0j"], ["0j"], ["0j"], ["0j"], ["0j"], ["0j"], ["0j"], ["0j"], ["0j"], ["(-0.027685801708656345+0j)"], ["0j"], ["0j"], ["0j"], ["0j"], ["0j"], ["0j"], ["0j"], ["0j"], ["0j"], ["0j"], ["0j"], ["(-0.0062429113265302025+0j)"], ["0j"], ["0j"], ["(0.0013239762467076588+0j)"], ["0j"], ["0j"], ["0j"], ["0j"], ["0j"], ["0j"], ["0j"], ["0j"], ["(0.006242911326530385+0j)"], ["0j"], ["0j"], ["0j"], ["0j"], ["0j"], ["(-0.001323976246707694+0j)"], ["0j"], ["0j"], ["0j"], ["0j"], ["0j"], ["(0.03601933334341942+0j)"], ["0j"], ["0j"], ["(0.00881553178499302+0j)"], ["0j"], ["0j"], ["(-0.00881553178499295+0j)"], ["0j"], ["0j"], ["(0.03780308498951978+0j)"], ["0j"], ["0j"], ["0j"], ["0j"], ["0j"], ["0j"], ["0j"], ["0j"], ["0j"], ["0j"], ["0j"], ["0j"], ["0j"], ["0j"], ["(0.0005419310243913209+0j)"], ["0j"], ["0j"], ["(-0.0011504704216969532+0j)"], ["0j"], ["0j"], ["0j"], ["0j"], ["0j"], ["0j"], ["0j"], ["0j"], ["0j"], ["0j"], ["0j"], ["(-0.03529154602691165+0j)"], ["0j"], ["0j"], ["0j"], ["0j"], ["0j"], ["0j"], ["0j"], ["0j"], ["(-0.012117458688532763+0j)"], ["0j"], ["0j"], ["(-0.048475796064908254+0j)"], ["0j"], ["0j"], ["(0.08376734209181996+0j)"], ["0j"], ["0j"], ["(0.029485602789330663+0j)"], ["0j"], ["0j"], ["0j"], ["0j"], ["0j"], ["(0.0006150577474135774+0j)"], ["0j"], ["0j"], ["0j"], ["0j"], ["0j"], ["(0.005177645483009906+0j)"], ["0j"], ["0j"], ["0j"], ["0j"], ["0j"], ["0j"], ["0j"], ["0j"], ["0j"], ["0j"], ["0j"], ["0j"], ["0j"], ["0j"], ["(-0.0005419310243912416+0j)"], ["0j"], ["0j"], ["0j"], ["0j"], ["0j"], ["(0.0011504704216972713+0j)"], ["0j"], ["0j"], ["0j"], ["0j"], ["0j"], ["(0.012117458688532791+0j)"], ["0j"], ["0j"], ["(0.08376734209181984+0j)"], ["0j"], ["0j"], ["(-0.0484757960649082+0j)"], ["0j"], ["0j"], ["(-0.02948560278933074+0j)"], ["0j"], ["0j"], ["0j"], ["0j"], ["0j"], ["0j"], ["0j"], ["0j"], ["(-0.03529154602691174+0j)"], ["0j"], ["0j"], ["0j"], ["0j"], ["0j"], ["0j"], ["0j"], ["0j"], ["0j"], ["0j"], ["0j"], ["(-0.0006150577474139465+0j)"], ["0j"], ["0j"], ["(-0.005177645483010071+0j)"], ["0j"], ["0j"], ["0j"], ["0j"], ["0j"], ["0j"], ["0j"], ["0j"], ["0j"], ["0j"], ["0j"], ["0j"], ["0j"], ["0j"], ["(0.030250586236585483+0j)"], ["0j"], ["0j"], ["(-0.016998675609016432+0j)"], ["0j"], ["0j"], ["(0.0169986756090162+0j)"], ["0j"], ["0j"], ["(0.4344976447269709+0j)"], ["0j"], ["0j"], ["0j"], ["0j"], ["0j"], ["(-0.008109142219056238+0j)"], ["0j"], ["0j"], ["0j"], ["0j"], ["0j"], ["(0.11304758549651091+0j)"], ["0j"], ["0j"], ["0j"], ["0j"], ["0j"], ["0j"], ["0j"], ["0j"], ["(0.008109142219056183+0j)"], ["0j"], ["0j"], ["(-0.11304758549651514+0j)"], ["0j"], ["0j"], ["0j"], ["0j"], ["0j"], ["0j"], ["0j"], ["0j"], ["0j"], ["0j"], ["0j"], ["(-0.8700477616559603+0j)"], ["0j"], ["0j"], ["0j"], ["0j"], ["0j"], ["0j"], ["0j"], ["0j"], ["0j"], ["0j"], ["0j"], ["0j"], ["0j"], ["0j"], ["0j"]], "hf_energy": -1.730176729585842}