{"geometry": [["H", [0.0, 0.0, 0.0]], ["H", [0.6443, 0.0, 0.0]], ["H", [0.3073, -0.4895, 0.0]], ["H", [0.9721, 0.3196, 0.4373]]], "multiplicity": 1, "canonical_orbitals": [[0.3080008189594601, 0.5317419320134575, 1.5236434709863729, 0.22889064459124772], [0.4089809114622178, -0.4671820648137313, -0.32438633439615144, -2.1032701261489772], [0.32193046139942005, 0.5614690744116285, -1.3056700347689911, 1.0409562553241225], [0.08336747328737461, -0.830580949870845, 0.2008244998112384, 1.2699161067622602]], "canonical_to_oao": [[0.5282016392884299, 0.5700412999962666, 0.5437873380383417, 0.31678269450959046], [0.388604572523203, -0.30741225159670965, 0.3953453087275765, -0.7734250323395265], [0.7498142587077171, -0.15453949455496516, -0.6330642476713015, 0.11456779818806528], [0.0881367795285892, -0.7461019826334085, 0.38370180632444323, 0.536969890616024]], "orbital_energies": [-1.0440462884818122, -0.2757377736721621, 0.6679684277812552, 1.2035662134138552], "exact_energy": -1.576465594304417, "ground_states": [["0j"], ["0j"], ["0j"], ["0j"], ["0j"], ["0j"], ["0j"], ["0j"], ["0j"], ["0j"], ["0j"], ["0j"], ["0j"], ["0j"], ["0j"], ["(-0.0062921545677157+0j)"], ["0j"], ["0j"], ["0j"], ["0j"], ["0j"], ["0j"], ["0j"], ["0j"], ["0j"], ["0j"], ["0j"], ["(-0.0005614867540845447+0j)"], ["0j"], ["0j"], ["(-0.0017498393044655947+0j)"], ["0j"], ["0j"], ["0j"], ["0j"], ["0j"], ["0j"], ["0j"], ["0j"], ["(0.0005614867540844843+0j)"], ["0j"], ["0j"], ["0j"], ["0j"], ["0j"], ["(0.0017498393044654392+0j)"], ["0j"], ["0j"], ["0j"], ["0j"], ["0j"], ["(0.029528855392527937+0j)"], ["0j"], ["0j"], ["(0.0010200663848757608+0j)"], ["0j"], ["0j"], ["(-0.0010200663848757643+0j)"], ["0j"], ["0j"], ["(0.05251798756816661+0j)"], ["0j"], ["0j"], ["0j"], ["0j"], ["0j"], ["0j"], ["0j"], ["0j"], ["0j"], ["0j"], ["0j"], ["0j"], ["0j"], ["0j"], ["(-0.0007243240373823907+0j)"], ["0j"], ["0j"], ["(-0.0016413132299630251+0j)"], ["0j"], ["0j"], ["0j"], ["0j"], ["0j"], ["0j"], ["0j"], ["0j"], ["0j"], ["0j"], ["0j"], ["(0.0031896648184496527+0j)"], ["0j"], ["0j"], ["0j"], ["0j"], ["0j"], ["0j"], ["0j"], ["0j"], ["(-0.015701994820051884+0j)"], ["0j"], ["0j"], ["(0.010419498148009418+0j)"], ["0j"], ["0j"], ["(-0.013609162966459061+0j)"], ["0j"], ["0j"], ["(0.04284336458206618+0j)"], ["0j"], ["0j"], ["0j"], ["0j"], ["0j"], ["(-0.0006238189357812725+0j)"], ["0j"], ["0j"], ["0j"], ["0j"], ["0j"], ["(0.0002113797740428332+0j)"], ["0j"], ["0j"], ["0j"], ["0j"], ["0j"], ["0j"], ["0j"], ["0j"], ["0j"], ["0j"], ["0j"], ["0j"], ["0j"], ["0j"], ["(0.0007243240373823901+0j)"], ["0j"], ["0j"], ["0j"], ["0j"], ["0j"], ["(0.0016413132299630386+0j)"], ["0j"], ["0j"], ["0j"], ["0j"], ["0j"], ["(0.015701994820051895+0j)"], ["0j"], ["0j"], ["(-0.01360916296645906+0j)"], ["0j"], ["0j"], ["(0.010419498148009415+0j)"], ["0j"], ["0j"], ["(-0.042843364582066217+0j)"], ["0j"], ["0j"], ["0j"], ["0j"], ["0j"], ["0j"], ["0j"], ["0j"], ["(0.003189664818449659+0j)"], ["0j"], ["0j"], ["0j"], ["0j"], ["0j"], ["0j"], ["0j"], ["0j"], ["0j"], ["0j"], ["0j"], ["(0.0006238189357812697+0j)"], ["0j"], ["0j"], ["(-0.00021137977404283537+0j)"], ["0j"], ["0j"], ["0j"], ["0j"], ["0j"], ["0j"], ["0j"], ["0j"], ["0j"], ["0j"], ["0j"], ["0j"], ["0j"], ["0j"], ["(0.05649123209773398+0j)"], ["0j"], ["0j"], ["(-0.006506157981659093+0j)"], ["0j"], ["0j"], ["(0.0065061579816591+0j)"], ["0j"], ["0j"], ["(0.05094322061816339+0j)"], ["0j"], ["0j"], ["0j"], ["0j"], ["0j"], ["(0.007607716363719429+0j)"], ["0j"], ["0j"], ["0j"], ["0j"], ["0j"], ["(0.004986340369440607+0j)"], ["0j"], ["0j"], ["0j"], ["0j"], ["0j"], ["0j"], ["0j"], ["0j"], ["(-0.007607716363719436+0j)"], ["0j"], ["0j"], ["(-0.004986340369440602+0j)"], ["0j"], ["0j"], ["0j"], ["0j"], ["0j"], ["0j"], ["0j"], ["0j"], ["0j"], ["0j"], ["0j"], ["(-0.9927262722563351+0j)"], ["0j"], ["0j"], ["0j"], ["0j"], ["0j"], ["0j"], ["0j"], ["0j"], ["0j"], ["0j"], ["0j"], ["0j"], ["0j"], ["0j"], ["0j"]], "hf_energy": -1.5478541235491785}