{"geometry": [["H", [0.0, 0.0, 0.0]], ["H", [1.2725, 0.0, 0.0]], ["H", [0.799, 0.8781, 0.0]], ["H", [-0.0718, 0.6607, -0.2484]]], "multiplicity": 1, "canonical_orbitals": [[0.36659174045460047, 0.4398301052158219, 0.7335915483176177, 1.0660906803635037], [0.18670560321975863, -0.6958543879155091, 0.6834733741326436, -0.6660464181939625], [0.3060618789761861, -0.5176817227175512, -0.8453453177990614, 0.8304636100735995], [0.4088344205548045, 0.4906708541823871, -0.40721044707407095, -1.3106934009142048]], "canonical_to_oao": [[0.5505637283412875, 0.33924433239355095, 0.4866163171912484, 0.5873648132268576], [0.38899679092381356, -0.6862857323085846, -0.45727844226955217, 0.410596902711378], [0.5121200388610321, 0.5322395746761172, -0.6136775032974735, -0.27902333754032216], [0.5322538336948728, -0.3614501510818728, 0.42130856628525604, -0.639185995446288]], "orbital_energies": [-0.760434183312782, -0.28261590605929393, 0.3550295795994304, 0.908687630824669], "exact_energy": -1.9810404000498285, "ground_states": [["0j"], ["0j"], ["0j"], ["0j"], ["0j"], ["0j"], ["0j"], ["0j"], ["0j"], ["0j"], ["0j"], ["0j"], ["0j"], ["0j"], ["0j"], ["(0.021473873907643253+0j)"], ["0j"], ["0j"], ["0j"], ["0j"], ["0j"], ["0j"], ["0j"], ["0j"], ["0j"], ["0j"], ["0j"], ["(0.004321475234217137+0j)"], ["0j"], ["0j"], ["(-0.0006406769043571514+0j)"], ["0j"], ["0j"], ["0j"], ["0j"], ["0j"], ["0j"], ["0j"], ["0j"], ["(-0.00432147523421722+0j)"], ["0j"], ["0j"], ["0j"], ["0j"], ["0j"], ["(0.0006406769043571499+0j)"], ["0j"], ["0j"], ["0j"], ["0j"], ["0j"], ["(-0.0408224229398859+0j)"], ["0j"], ["0j"], ["(0.014546121483972616+0j)"], ["0j"], ["0j"], ["(-0.01454612148397262+0j)"], ["0j"], ["0j"], ["(-0.06221008143754288+0j)"], ["0j"], ["0j"], ["0j"], ["0j"], ["0j"], ["0j"], ["0j"], ["0j"], ["0j"], ["0j"], ["0j"], ["0j"], ["0j"], ["0j"], ["(0.003242932743561314+0j)"], ["0j"], ["0j"], ["(0.0012662337593760213+0j)"], ["0j"], ["0j"], ["0j"], ["0j"], ["0j"], ["0j"], ["0j"], ["0j"], ["0j"], ["0j"], ["0j"], ["(0.01969794817205903+0j)"], ["0j"], ["0j"], ["0j"], ["0j"], ["0j"], ["0j"], ["0j"], ["0j"], ["(-0.01787053999980129+0j)"], ["0j"], ["0j"], ["(0.04845369039018478+0j)"], ["0j"], ["0j"], ["(-0.06815163856224382+0j)"], ["0j"], ["0j"], ["(0.03229311303753163+0j)"], ["0j"], ["0j"], ["0j"], ["0j"], ["0j"], ["(-0.0012859208305802455+0j)"], ["0j"], ["0j"], ["0j"], ["0j"], ["0j"], ["(-0.0018829475381786094+0j)"], ["0j"], ["0j"], ["0j"], ["0j"], ["0j"], ["0j"], ["0j"], ["0j"], ["0j"], ["0j"], ["0j"], ["0j"], ["0j"], ["0j"], ["(-0.003242932743561309+0j)"], ["0j"], ["0j"], ["0j"], ["0j"], ["0j"], ["(-0.0012662337593760172+0j)"], ["0j"], ["0j"], ["0j"], ["0j"], ["0j"], ["(0.0178705399998013+0j)"], ["0j"], ["0j"], ["(-0.06815163856224382+0j)"], ["0j"], ["0j"], ["(0.048453690390184795+0j)"], ["0j"], ["0j"], ["(-0.03229311303753159+0j)"], ["0j"], ["0j"], ["0j"], ["0j"], ["0j"], ["0j"], ["0j"], ["0j"], ["(0.019697948172059013+0j)"], ["0j"], ["0j"], ["0j"], ["0j"], ["0j"], ["0j"], ["0j"], ["0j"], ["0j"], ["0j"], ["0j"], ["(0.0012859208305802362+0j)"], ["0j"], ["0j"], ["(0.0018829475381786217+0j)"], ["0j"], ["0j"], ["0j"], ["0j"], ["0j"], ["0j"], ["0j"], ["0j"], ["0j"], ["0j"], ["0j"], ["0j"], ["0j"], ["0j"], ["(-0.05770439052658763+0j)"], ["0j"], ["0j"], ["(-0.03394089924319672+0j)"], ["0j"], ["0j"], ["(0.03394089924319674+0j)"], ["0j"], ["0j"], ["(-0.18904997169053067+0j)"], ["0j"], ["0j"], ["0j"], ["0j"], ["0j"], ["(0.0018014497433278993+0j)"], ["0j"], ["0j"], ["0j"], ["0j"], ["0j"], ["(-0.04412637454912711+0j)"], ["0j"], ["0j"], ["0j"], ["0j"], ["0j"], ["0j"], ["0j"], ["0j"], ["(-0.0018014497433279028+0j)"], ["0j"], ["0j"], ["(0.04412637454912693+0j)"], ["0j"], ["0j"], ["0j"], ["0j"], ["0j"], ["0j"], ["0j"], ["0j"], ["0j"], ["0j"], ["0j"], ["(0.9647521260290842+0j)"], ["0j"], ["0j"], ["0j"], ["0j"], ["0j"], ["0j"], ["0j"], ["0j"], ["0j"], ["0j"], ["0j"], ["0j"], ["0j"], ["0j"], ["0j"]], "hf_energy": -1.9151949668222006}