{"geometry": [["H", [0.0, 0.0, 0.0]], ["H", [0.5528, 0.0, 0.0]], ["H", [-0.2164, 0.8809, 0.0]], ["H", [0.2042, 0.8421, -0.1282]]], "multiplicity": 1, "canonical_orbitals": [[0.29948690021974816, 0.5276395464830568, 1.2532763624287155, 1.1039844169640314], [0.2290255250576884, 0.6333544328443415, -0.9762507723826128, -1.2634985483221544], [0.2859969275986402, -0.6013449080513467, 0.758478280576611, -1.770428664284875], [0.36199481665173816, -0.4708430195591159, -1.0500439083962938, 1.7261733948862565]], "canonical_to_oao": [[0.4960804357455971, 0.4405422903689493, 0.5065939500873442, 0.5506262447448717], [0.46235395591330064, 0.5883713424569139, -0.5281523406724168, -0.40137649142546683], [0.6270367075174227, -0.5074239023155519, 0.34716891175065845, -0.4783510191255308], [0.3833509986259234, -0.44973618614781957, -0.5864225622288185, 0.5539746864530076]], "orbital_energies": [-0.9688097458416512, -0.4148002774900414, 0.696279795185774, 1.4729758862007327], "exact_energy": -1.7010870061047156, "ground_states": [["0j"], ["0j"], ["0j"], ["0j"], ["0j"], ["0j"], ["0j"], ["0j"], ["0j"], ["0j"], ["0j"], ["0j"], ["0j"], ["0j"], ["0j"], ["(0.003951635371100581-0.004281705120633985j)"], ["0j"], ["0j"], ["0j"], ["0j"], ["0j"], ["0j"], ["0j"], ["0j"], ["0j"], ["0j"], ["0j"], ["(0.0006405884204096487-0.0006940950928685839j)"], ["0j"], ["0j"], ["(-0.00015127293906626023+0.00016390837134172009j)"], ["0j"], ["0j"], ["0j"], ["0j"], ["0j"], ["0j"], ["0j"], ["0j"], ["(-0.0006405884204096433+0.0006940950928685773j)"], ["0j"], ["0j"], ["0j"], ["0j"], ["0j"], ["(0.00015127293906630924-0.00016390837134171588j)"], ["0j"], ["0j"], ["0j"], ["0j"], ["0j"], ["(-0.014835395175020367+0.01607455686626841j)"], ["0j"], ["0j"], ["(-0.0029886565442932135+0.0032382911953621465j)"], ["0j"], ["0j"], ["(0.0029886565442932213-0.0032382911953621443j)"], ["0j"], ["0j"], ["(-0.03160176596592485+0.034241378682591604j)"], ["0j"], ["0j"], ["0j"], ["0j"], ["0j"], ["0j"], ["0j"], ["0j"], ["0j"], ["0j"], ["0j"], ["0j"], ["0j"], ["0j"], ["(-4.6047584061235595e-05+4.989381811633399e-05j)"], ["0j"], ["0j"], ["(0.00021248128568979256-0.00023022929079702373j)"], ["0j"], ["0j"], ["0j"], ["0j"], ["0j"], ["0j"], ["0j"], ["0j"], ["0j"], ["0j"], ["0j"], ["(0.006208372351587805-0.006726941428604655j)"], ["0j"], ["0j"], ["0j"], ["0j"], ["0j"], ["0j"], ["0j"], ["0j"], ["(0.005208706132325824-0.0056437757091049225j)"], ["0j"], ["0j"], ["(0.019014240254814477-0.020602449927289167j)"], ["0j"], ["0j"], ["(-0.02522261260640223+0.027329391355893833j)"], ["0j"], ["0j"], ["(-0.01042222444399797+0.011292765546289373j)"], ["0j"], ["0j"], ["0j"], ["0j"], ["0j"], ["(-0.0002909967438600129+0.0003153029394831146j)"], ["0j"], ["0j"], ["0j"], ["0j"], ["0j"], ["(-9.176711051242658e-05+9.943217682990599e-05j)"], ["0j"], ["0j"], ["0j"], ["0j"], ["0j"], ["0j"], ["0j"], ["0j"], ["0j"], ["0j"], ["0j"], ["0j"], ["0j"], ["0j"], ["(4.604758406122834e-05-4.989381811636619e-05j)"], ["0j"], ["0j"], ["0j"], ["0j"], ["0j"], ["(-0.00021248128568978537+0.00023022929079699188j)"], ["0j"], ["0j"], ["0j"], ["0j"], ["0j"], ["(-0.005208706132325825+0.00564377570910492j)"], ["0j"], ["0j"], ["(-0.025222612606402222+0.027329391355893816j)"], ["0j"], ["0j"], ["(0.01901424025481444-0.02060244992728916j)"], ["0j"], ["0j"], ["(0.010422224443997959-0.011292765546289368j)"], ["0j"], ["0j"], ["0j"], ["0j"], ["0j"], ["0j"], ["0j"], ["0j"], ["(0.006208372351587788-0.006726941428604638j)"], ["0j"], ["0j"], ["0j"], ["0j"], ["0j"], ["0j"], ["0j"], ["0j"], ["0j"], ["0j"], ["0j"], ["(0.0002909967438599867-0.00031530293948302837j)"], ["0j"], ["0j"], ["(9.176711051225473e-05-9.943217682983847e-05j)"], ["0j"], ["0j"], ["0j"], ["0j"], ["0j"], ["0j"], ["0j"], ["0j"], ["0j"], ["0j"], ["0j"], ["0j"], ["0j"], ["0j"], ["(-0.02786293353800408+0.030190251377452022j)"], ["0j"], ["0j"], ["(0.005899328639599283-0.006392084105027165j)"], ["0j"], ["0j"], ["(-0.005899328639599299+0.006392084105027167j)"], ["0j"], ["0j"], ["(-0.037429577253518705+0.040555971778570746j)"], ["0j"], ["0j"], ["0j"], ["0j"], ["0j"], ["(0.0002789888796134964-0.00030229208979584184j)"], ["0j"], ["0j"], ["0j"], ["0j"], ["0j"], ["(-0.004466005672352651+0.004839039425534696j)"], ["0j"], ["0j"], ["0j"], ["0j"], ["0j"], ["0j"], ["0j"], ["0j"], ["(-0.00027898887961360237+0.00030229208979588016j)"], ["0j"], ["0j"], ["(0.004466005672352381-0.004839039425533792j)"], ["0j"], ["0j"], ["0j"], ["0j"], ["0j"], ["0j"], ["0j"], ["0j"], ["0j"], ["0j"], ["0j"], ["(0.6738623946043044-0.7301483549521843j)"], ["0j"], ["0j"], ["0j"], ["0j"], ["0j"], ["0j"], ["0j"], ["0j"], ["0j"], ["0j"], ["0j"], ["0j"], ["0j"], ["0j"], ["0j"]], "hf_energy": -1.672090110415831}