{"geometry": [["H", [0.0, 0.0, 0.0]], ["H", [1.1351, 0.0, 0.0]], ["H", [0.6164, -0.0781, 0.0]], ["H", [-0.2486, -0.219, -0.4321]]], "multiplicity": 1, "canonical_orbitals": [[0.3676031164935555, 0.4444147345586862, 1.1637899529531999, 1.8028375146239906], [0.1687361671634014, -0.6290969851585463, -0.9014955918746832, 1.4570735222604632], [0.40493983751942797, -0.4426875842580852, 0.6586425045557438, -2.3181249551251644], [0.22316403706307947, 0.586862389202371, -1.3524655982362817, -0.69651368685741]], "canonical_to_oao": [[0.5666333131255814, 0.3921268954685502, 0.5755637987025962, 0.4403288543004664], [0.3591641518544393, -0.6487393933525549, -0.34967061425137835, 0.5725982649854112], [0.5203030887616906, -0.45438367007354263, 0.30048176495329687, -0.6576708030056504], [0.5284056172147046, 0.467877310556147, -0.6754017205209447, -0.21380093984835236]], "orbital_energies": [-0.9690058705254261, -0.43175638141519784, 0.8022908995109985, 1.7276345134719078], "exact_energy": -1.816141018356405, "ground_states": [["0j"], ["0j"], ["0j"], ["0j"], ["0j"], ["0j"], ["0j"], ["0j"], ["0j"], ["0j"], ["0j"], ["0j"], ["0j"], ["0j"], ["0j"], ["(0.002900042002578002+0.003005707681064722j)"], ["0j"], ["0j"], ["0j"], ["0j"], ["0j"], ["0j"], ["0j"], ["0j"], ["0j"], ["0j"], ["0j"], ["(-0.0001410130294301877-0.00014615096792106204j)"], ["0j"], ["0j"], ["(0.00013303140211484192+0.00013787852272621485j)"], ["0j"], ["0j"], ["0j"], ["0j"], ["0j"], ["0j"], ["0j"], ["0j"], ["(0.00014101302943019193+0.00014615096792104827j)"], ["0j"], ["0j"], ["0j"], ["0j"], ["0j"], ["(-0.00013303140211485255-0.0001378785227262166j)"], ["0j"], ["0j"], ["0j"], ["0j"], ["0j"], ["(-0.016152718568823915-0.016741257619452273j)"], ["0j"], ["0j"], ["(0.000926936407918813+0.0009607101823571404j)"], ["0j"], ["0j"], ["(-0.0009269364079187976-0.0009607101823571435j)"], ["0j"], ["0j"], ["(-0.02635354808713519-0.027313763675972748j)"], ["0j"], ["0j"], ["0j"], ["0j"], ["0j"], ["0j"], ["0j"], ["0j"], ["0j"], ["0j"], ["0j"], ["0j"], ["0j"], ["0j"], ["(-0.0003632708255120657-0.00037650692975400884j)"], ["0j"], ["0j"], ["(0.00014224699051146208+0.00014742988950109827j)"], ["0j"], ["0j"], ["0j"], ["0j"], ["0j"], ["0j"], ["0j"], ["0j"], ["0j"], ["0j"], ["0j"], ["(0.008685555309838021+0.009002021448615284j)"], ["0j"], ["0j"], ["0j"], ["0j"], ["0j"], ["0j"], ["0j"], ["0j"], ["(0.003945052067327588+0.004088793641756152j)"], ["0j"], ["0j"], ["(0.011347859019940388+0.011761328625431446j)"], ["0j"], ["0j"], ["(-0.020033414329778367-0.020763350074046737j)"], ["0j"], ["0j"], ["(-0.01197685147285101-0.012413238992717351j)"], ["0j"], ["0j"], ["0j"], ["0j"], ["0j"], ["(9.22662725662533e-05+9.56280784585657e-05j)"], ["0j"], ["0j"], ["0j"], ["0j"], ["0j"], ["(-0.0018417754372730176-0.0019088822071152347j)"], ["0j"], ["0j"], ["0j"], ["0j"], ["0j"], ["0j"], ["0j"], ["0j"], ["0j"], ["0j"], ["0j"], ["0j"], ["0j"], ["0j"], ["(0.00036327082551206784+0.0003765069297540018j)"], ["0j"], ["0j"], ["0j"], ["0j"], ["0j"], ["(-0.0001422469905114438-0.00014742988950110128j)"], ["0j"], ["0j"], ["0j"], ["0j"], ["0j"], ["(-0.003945052067327579-0.00408879364175615j)"], ["0j"], ["0j"], ["(-0.02003341432977839-0.020763350074046758j)"], ["0j"], ["0j"], ["(0.011347859019940391+0.011761328625431446j)"], ["0j"], ["0j"], ["(0.011976851472850965+0.012413238992717339j)"], ["0j"], ["0j"], ["0j"], ["0j"], ["0j"], ["0j"], ["0j"], ["0j"], ["(0.00868555530983801+0.009002021448615293j)"], ["0j"], ["0j"], ["0j"], ["0j"], ["0j"], ["0j"], ["0j"], ["0j"], ["0j"], ["0j"], ["0j"], ["(-9.226627256627878e-05-9.562807845856313e-05j)"], ["0j"], ["0j"], ["(0.0018417754372731516+0.001908882207115243j)"], ["0j"], ["0j"], ["0j"], ["0j"], ["0j"], ["0j"], ["0j"], ["0j"], ["0j"], ["0j"], ["0j"], ["0j"], ["0j"], ["0j"], ["(-0.017870899236292873-0.01852204176846717j)"], ["0j"], ["0j"], ["(-0.006696560455022294-0.006940555750048397j)"], ["0j"], ["0j"], ["(0.006696560455022261+0.006940555750048421j)"], ["0j"], ["0j"], ["(-0.05110955090298893-0.05297177405993425j)"], ["0j"], ["0j"], ["0j"], ["0j"], ["0j"], ["(-0.00031243427849949267-0.0003238181067306278j)"], ["0j"], ["0j"], ["0j"], ["0j"], ["0j"], ["(0.0010823092937092642+0.001121744221117517j)"], ["0j"], ["0j"], ["0j"], ["0j"], ["0j"], ["0j"], ["0j"], ["0j"], ["(0.00031243427849953837+0.00032381810673057335j)"], ["0j"], ["0j"], ["(-0.0010823092937097265-0.0011217442211173187j)"], ["0j"], ["0j"], ["0j"], ["0j"], ["0j"], ["0j"], ["0j"], ["0j"], ["0j"], ["0j"], ["0j"], ["(0.6903536027047422+0.7155072666036412j)"], ["0j"], ["0j"], ["0j"], ["0j"], ["0j"], ["0j"], ["0j"], ["0j"], ["0j"], ["0j"], ["0j"], ["0j"], ["0j"], ["0j"], ["0j"]]}