{"geometry": [["H", [0.0, 0.0, 0.0]], ["H", [0.5397, 0.0, 0.0]], ["H", [-0.5986, 0.5707, 0.0]], ["H", [-1.3465, -0.5074, -0.3484]]], "multiplicity": 1, "canonical_orbitals": [[0.506224494442971, 0.17022883905051545, 0.014075743060941615, 1.9276849112749637], [0.35349731167265896, 0.5355359532240661, 0.4290265628248163, -1.5097989441350554], [0.2538098610202223, -0.5342089310448046, -0.9168855990751694, -0.7368039342273331], [0.08892480263227417, -0.6972107151095995, 0.7889652940878038, -0.12138802021977281]], "canonical_to_oao": [[0.6658297995607482, 0.5675329506378975, 0.44461897011074064, 0.19207029800257755], [0.13462449806291651, 0.46786840810840935, -0.4849852185041168, -0.726474180578998], [0.01092997579517574, 0.304229662967224, -0.688883974617036, 0.6578477919061535], [0.7337761635317108, -0.6053509848056696, -0.3042074600762024, -0.050799097053725525]], "orbital_energies": [-0.7982573999229441, -0.28183258219904717, 0.2726944421953875, 1.211612024630261], "exact_energy": -1.94121190112121, "ground_states": [["0j"], ["0j"], ["0j"], ["0j"], ["0j"], ["0j"], ["0j"], ["0j"], ["0j"], ["0j"], ["0j"], ["0j"], ["0j"], ["0j"], ["0j"], ["(0.0012526756955956438+0.018315860638014946j)"], ["0j"], ["0j"], ["0j"], ["0j"], ["0j"], ["0j"], ["0j"], ["0j"], ["0j"], ["0j"], ["0j"], ["(0.0001543499853623879+0.002256811424789359j)"], ["0j"], ["0j"], ["(0.0003036617382125401+0.004439956884094928j)"], ["0j"], ["0j"], ["0j"], ["0j"], ["0j"], ["0j"], ["0j"], ["0j"], ["(-0.00015434998536227956-0.0022568114247891566j)"], ["0j"], ["0j"], ["0j"], ["0j"], ["0j"], ["(-0.0003036617382125399-0.0044399568840949415j)"], ["0j"], ["0j"], ["0j"], ["0j"], ["0j"], ["(-0.0029023103190022733-0.042435812810946785j)"], ["0j"], ["0j"], ["(-5.0199261986934776e-05-0.0007339830172462986j)"], ["0j"], ["0j"], ["(5.0199261986984067e-05+0.0007339830172462987j)"], ["0j"], ["0j"], ["(-0.002079286043346714-0.030402053404892597j)"], ["0j"], ["0j"], ["0j"], ["0j"], ["0j"], ["0j"], ["0j"], ["0j"], ["0j"], ["0j"], ["0j"], ["0j"], ["0j"], ["0j"], ["(8.399604284195088e-05+0.0012281389510848434j)"], ["0j"], ["0j"], ["(1.008687877676253e-06+1.4748419450990944e-05j)"], ["0j"], ["0j"], ["0j"], ["0j"], ["0j"], ["0j"], ["0j"], ["0j"], ["0j"], ["0j"], ["0j"], ["(-0.0011159867686312257-0.016317278446437874j)"], ["0j"], ["0j"], ["0j"], ["0j"], ["0j"], ["0j"], ["0j"], ["0j"], ["(-0.0012704712039281934-0.018576055716236706j)"], ["0j"], ["0j"], ["(-0.0011168102355306481-0.016329318677618672j)"], ["0j"], ["0j"], ["(0.0022327970041618674+0.03264659712405641j)"], ["0j"], ["0j"], ["(0.0045088535040574305+0.06592570823230977j)"], ["0j"], ["0j"], ["0j"], ["0j"], ["0j"], ["(2.1311962518799818e-05+0.0003116105283982982j)"], ["0j"], ["0j"], ["0j"], ["0j"], ["0j"], ["(0.00038979459697884527+0.005699339055445091j)"], ["0j"], ["0j"], ["0j"], ["0j"], ["0j"], ["0j"], ["0j"], ["0j"], ["0j"], ["0j"], ["0j"], ["0j"], ["0j"], ["0j"], ["(-8.399604284199582e-05-0.0012281389510849j)"], ["0j"], ["0j"], ["0j"], ["0j"], ["0j"], ["(-1.0086878777201594e-06-1.4748419451157064e-05j)"], ["0j"], ["0j"], ["0j"], ["0j"], ["0j"], ["(0.0012704712039281864+0.01857605571623669j)"], ["0j"], ["0j"], ["(0.0022327970041619584+0.0326465971240567j)"], ["0j"], ["0j"], ["(-0.0011168102355306323-0.016329318677618658j)"], ["0j"], ["0j"], ["(-0.004508853504057797-0.06592570823230981j)"], ["0j"], ["0j"], ["0j"], ["0j"], ["0j"], ["0j"], ["0j"], ["0j"], ["(-0.0011159867686313162-0.01631727844643788j)"], ["0j"], ["0j"], ["0j"], ["0j"], ["0j"], ["0j"], ["0j"], ["0j"], ["0j"], ["0j"], ["0j"], ["(-2.131196251866392e-05-0.00031161052839809414j)"], ["0j"], ["0j"], ["(-0.00038979459697877224-0.005699339055444801j)"], ["0j"], ["0j"], ["0j"], ["0j"], ["0j"], ["0j"], ["0j"], ["0j"], ["0j"], ["0j"], ["0j"], ["0j"], ["0j"], ["0j"], ["(-0.0012274770556888852-0.01794742148139876j)"], ["0j"], ["0j"], ["(-0.0009415801328256402-0.01376721090142813j)"], ["0j"], ["0j"], ["(0.0009415801328256601+0.013767210901428082j)"], ["0j"], ["0j"], ["(-0.021430965283838102-0.3133505143087088j)"], ["0j"], ["0j"], ["0j"], ["0j"], ["0j"], ["(-0.0006182233763558461-0.009039285462557937j)"], ["0j"], ["0j"], ["0j"], ["0j"], ["0j"], ["(-0.0024149819588848266-0.03531039450813657j)"], ["0j"], ["0j"], ["0j"], ["0j"], ["0j"], ["0j"], ["0j"], ["0j"], ["(0.0006182233763559054+0.009039285462558078j)"], ["0j"], ["0j"], ["(0.002414981958882874+0.035310394508132906j)"], ["0j"], ["0j"], ["0j"], ["0j"], ["0j"], ["0j"], ["0j"], ["0j"], ["0j"], ["0j"], ["0j"], ["(0.0640867111378056+0.9370368356916603j)"], ["0j"], ["0j"], ["0j"], ["0j"], ["0j"], ["0j"], ["0j"], ["0j"], ["0j"], ["0j"], ["0j"], ["0j"], ["0j"], ["0j"], ["0j"]], "hf_energy": -1.8562354349741366}