{"geometry": [["H", [0.0, 0.0, 0.0]], ["H", [0.4133, 0.0, 0.0]], ["H", [-0.2724, -0.9518, 0.0]], ["H", [-0.3922, 0.0689, -0.3457]]], "multiplicity": 1, "canonical_orbitals": [[0.5816616770234146, 0.24522918851880343, 0.04926061082977787, 2.963249738725716], [0.2312675958147682, 0.7302601062296086, -0.671082527812245, -1.9337046763104246], [0.03504557632693822, -0.9001257435561242, -0.7200552568293977, -0.14784264233751598], [0.2375345644689758, -0.4882986809454741, 1.0880682961115682, -1.3456252510983886]], "canonical_to_oao": [[0.651502512191263, 0.5226533927325177, 0.23319819179436468, 0.49799248088449766], [0.13896658697097153, 0.5003923111235828, -0.7841148809818986, -0.3397935786573728], [0.014382646584142705, -0.42784855726699433, -0.5732491658417765, 0.6986588190121811], [0.7456714449349301, -0.5416517128913563, -0.04656018286359141, -0.38525273198541077]], "orbital_energies": [-1.0294991108923492, -0.15731362240287733, 0.3235979166815157, 1.7307327130428338], "exact_energy": -1.3493164282870704, "ground_states": [["0j"], ["0j"], ["0j"], ["0j"], ["0j"], ["0j"], ["0j"], ["0j"], ["0j"], ["0j"], ["0j"], ["0j"], ["0j"], ["0j"], ["0j"], ["(-0.015324479997457867+0j)"], ["0j"], ["0j"], ["0j"], ["0j"], ["0j"], ["0j"], ["0j"], ["0j"], ["0j"], ["0j"], ["0j"], ["(0.004646196505164607+0j)"], ["0j"], ["0j"], ["(-0.000949555110308295+0j)"], ["0j"], ["0j"], ["0j"], ["0j"], ["0j"], ["0j"], ["0j"], ["0j"], ["(-0.004646196505164565+0j)"], ["0j"], ["0j"], ["0j"], ["0j"], ["0j"], ["(0.0009495551103082979+0j)"], ["0j"], ["0j"], ["0j"], ["0j"], ["0j"], ["(0.027835936169532664+0j)"], ["0j"], ["0j"], ["(0.00028395232941583003+0j)"], ["0j"], ["0j"], ["(-0.000283952329415817+0j)"], ["0j"], ["0j"], ["(0.025146252497500146+0j)"], ["0j"], ["0j"], ["0j"], ["0j"], ["0j"], ["0j"], ["0j"], ["0j"], ["0j"], ["0j"], ["0j"], ["0j"], ["0j"], ["0j"], ["(-0.0020017795770781487+0j)"], ["0j"], ["0j"], ["(0.0004914960694833213+0j)"], ["0j"], ["0j"], ["0j"], ["0j"], ["0j"], ["0j"], ["0j"], ["0j"], ["0j"], ["0j"], ["0j"], ["(-0.015823651423315568+0j)"], ["0j"], ["0j"], ["0j"], ["0j"], ["0j"], ["0j"], ["0j"], ["0j"], ["(0.010324077690147204+0j)"], ["0j"], ["0j"], ["(-0.013270391762658967+0j)"], ["0j"], ["0j"], ["(0.02909404318597445+0j)"], ["0j"], ["0j"], ["(-0.04749063616177415+0j)"], ["0j"], ["0j"], ["0j"], ["0j"], ["0j"], ["(-0.0005680308922132371+0j)"], ["0j"], ["0j"], ["0j"], ["0j"], ["0j"], ["(0.013871847624640032+0j)"], ["0j"], ["0j"], ["0j"], ["0j"], ["0j"], ["0j"], ["0j"], ["0j"], ["0j"], ["0j"], ["0j"], ["0j"], ["0j"], ["0j"], ["(0.0020017795770781092+0j)"], ["0j"], ["0j"], ["0j"], ["0j"], ["0j"], ["(-0.000491496069483229+0j)"], ["0j"], ["0j"], ["0j"], ["0j"], ["0j"], ["(-0.010324077690147206+0j)"], ["0j"], ["0j"], ["(0.029094043185974625+0j)"], ["0j"], ["0j"], ["(-0.013270391762658991+0j)"], ["0j"], ["0j"], ["(0.04749063616177426+0j)"], ["0j"], ["0j"], ["0j"], ["0j"], ["0j"], ["0j"], ["0j"], ["0j"], ["(-0.015823651423315536+0j)"], ["0j"], ["0j"], ["0j"], ["0j"], ["0j"], ["0j"], ["0j"], ["0j"], ["0j"], ["0j"], ["0j"], ["(0.0005680308922131297+0j)"], ["0j"], ["0j"], ["(-0.013871847624639883+0j)"], ["0j"], ["0j"], ["0j"], ["0j"], ["0j"], ["0j"], ["0j"], ["0j"], ["0j"], ["0j"], ["0j"], ["0j"], ["0j"], ["0j"], ["(0.009644555707006959+0j)"], ["0j"], ["0j"], ["(-0.02104998698540045+0j)"], ["0j"], ["0j"], ["(0.021049986985400383+0j)"], ["0j"], ["0j"], ["(0.42032706077034276+0j)"], ["0j"], ["0j"], ["0j"], ["0j"], ["0j"], ["(0.004625731932233932+0j)"], ["0j"], ["0j"], ["0j"], ["0j"], ["0j"], ["(-0.1355283351028398+0j)"], ["0j"], ["0j"], ["0j"], ["0j"], ["0j"], ["0j"], ["0j"], ["0j"], ["(-0.00462573193223398+0j)"], ["0j"], ["0j"], ["(0.13552833510283538+0j)"], ["0j"], ["0j"], ["0j"], ["0j"], ["0j"], ["0j"], ["0j"], ["0j"], ["0j"], ["0j"], ["0j"], ["(-0.8810314025657828+0j)"], ["0j"], ["0j"], ["0j"], ["0j"], ["0j"], ["0j"], ["0j"], ["0j"], ["0j"], ["0j"], ["0j"], ["0j"], ["0j"], ["0j"], ["0j"]], "hf_energy": -1.2635849377394697}