{"geometry": [["H", [0.0, 0.0, 0.0]], ["H", [1.1518, 0.0, 0.0]], ["H", [-0.1112, 0.7346, 0.0]], ["H", [0.2278, -0.0811, -0.8596]]], "multiplicity": 1, "canonical_orbitals": [[0.45395684392106084, 0.288828799980326, 0.04504371828362577, 1.4312109292096207], [0.17922054487045294, -0.7433440405233948, 0.7832161121135025, -0.1992779444510495], [0.30735433753526537, 0.681194116277871, 0.30749338530654846, -1.053678651013864], [0.3249910939530911, -0.49039992028002033, -0.9530673957402309, -0.4969697055138781]], "canonical_to_oao": [[0.6235436551423144, 0.3364838435161752, 0.4999431274934957, 0.49802490144205225], [0.21601542074376406, -0.6727112958018024, 0.5829746022386204, -0.40117011808742487], [0.031248868948191448, 0.6492171413797603, 0.24178257817457102, -0.7204733141618839], [0.7507024419316325, -0.11293909372725733, -0.593075599993797, -0.26823858312693816]], "orbital_energies": [-0.7470580385919039, -0.18142489142263027, 0.2642733518983249, 0.744203909755573], "exact_energy": -1.8741653411626769, "ground_states": [["0j"], ["0j"], ["0j"], ["0j"], ["0j"], ["0j"], ["0j"], ["0j"], ["0j"], ["0j"], ["0j"], ["0j"], ["0j"], ["0j"], ["0j"], ["(0.0072516874647540995-0.037323247602844424j)"], ["0j"], ["0j"], ["0j"], ["0j"], ["0j"], ["0j"], ["0j"], ["0j"], ["0j"], ["0j"], ["0j"], ["(0.0010496717374893173-0.005402488503602253j)"], ["0j"], ["0j"], ["(0.0017018456462586247-0.008759120790279806j)"], ["0j"], ["0j"], ["0j"], ["0j"], ["0j"], ["0j"], ["0j"], ["0j"], ["(-0.0010496717374906387+0.005402488503601798j)"], ["0j"], ["0j"], ["0j"], ["0j"], ["0j"], ["(-0.0017018456462587815+0.008759120790279736j)"], ["0j"], ["0j"], ["0j"], ["0j"], ["0j"], ["(-0.010445275934384735+0.05376012436745179j)"], ["0j"], ["0j"], ["(0.0017906382168363755-0.009216121607409039j)"], ["0j"], ["0j"], ["(-0.0017906382168363549+0.009216121607409054j)"], ["0j"], ["0j"], ["(-0.008330755136652958+0.0428770321659891j)"], ["0j"], ["0j"], ["0j"], ["0j"], ["0j"], ["0j"], ["0j"], ["0j"], ["0j"], ["0j"], ["0j"], ["0j"], ["0j"], ["0j"], ["(-0.000249735041242353+0.0012853453523354456j)"], ["0j"], ["0j"], ["(-0.000288281435801429+0.0014837373314863782j)"], ["0j"], ["0j"], ["0j"], ["0j"], ["0j"], ["0j"], ["0j"], ["0j"], ["0j"], ["0j"], ["0j"], ["(-0.0037031822995756383+0.019059672739248468j)"], ["0j"], ["0j"], ["0j"], ["0j"], ["0j"], ["0j"], ["0j"], ["0j"], ["(-0.008279096365567742+0.04261115293257718j)"], ["0j"], ["0j"], ["(-0.002739582703049082+0.014100183447141378j)"], ["0j"], ["0j"], ["(0.006442765002625366-0.03315985618638975j)"], ["0j"], ["0j"], ["(0.022466209391486105-0.11562989992208766j)"], ["0j"], ["0j"], ["0j"], ["0j"], ["0j"], ["(-0.00023774515974024486+0.001223635396103845j)"], ["0j"], ["0j"], ["0j"], ["0j"], ["0j"], ["(0.0022265773897457734-0.011459829126439324j)"], ["0j"], ["0j"], ["0j"], ["0j"], ["0j"], ["0j"], ["0j"], ["0j"], ["0j"], ["0j"], ["0j"], ["0j"], ["0j"], ["0j"], ["(0.00024973504124322363-0.0012853453523350535j)"], ["0j"], ["0j"], ["0j"], ["0j"], ["0j"], ["(0.00028828143580173057-0.0014837373314862258j)"], ["0j"], ["0j"], ["0j"], ["0j"], ["0j"], ["(0.008279096365567522-0.042611152932577216j)"], ["0j"], ["0j"], ["(0.006442765002623658-0.03315985618639022j)"], ["0j"], ["0j"], ["(-0.0027395827030490707+0.014100183447141366j)"], ["0j"], ["0j"], ["(-0.022466209391485213+0.1156298999220882j)"], ["0j"], ["0j"], ["0j"], ["0j"], ["0j"], ["0j"], ["0j"], ["0j"], ["(-0.003703182299575388+0.019059672739248572j)"], ["0j"], ["0j"], ["0j"], ["0j"], ["0j"], ["0j"], ["0j"], ["0j"], ["0j"], ["0j"], ["0j"], ["(0.0002377451597398514-0.0012236353961040634j)"], ["0j"], ["0j"], ["(-0.002226577389748444+0.011459829126438448j)"], ["0j"], ["0j"], ["0j"], ["0j"], ["0j"], ["0j"], ["0j"], ["0j"], ["0j"], ["0j"], ["0j"], ["0j"], ["0j"], ["0j"], ["(-0.009610365496591696+0.04946297709691591j)"], ["0j"], ["0j"], ["(-0.009528305792303978+0.0490406292397808j)"], ["0j"], ["0j"], ["(0.009528305792304546-0.04904062923978089j)"], ["0j"], ["0j"], ["(-0.0733524517348545+0.3775330544348715j)"], ["0j"], ["0j"], ["0j"], ["0j"], ["0j"], ["(-0.0057136301190478566+0.029407118368073852j)"], ["0j"], ["0j"], ["0j"], ["0j"], ["0j"], ["(-0.01236973121657389+0.06366498049194196j)"], ["0j"], ["0j"], ["0j"], ["0j"], ["0j"], ["0j"], ["0j"], ["0j"], ["(0.005713630119048016-0.0294071183680739j)"], ["0j"], ["0j"], ["(0.012369731216592239-0.06366498049193622j)"], ["0j"], ["0j"], ["0j"], ["0j"], ["0j"], ["0j"], ["0j"], ["0j"], ["0j"], ["0j"], ["0j"], ["(0.16977429564088914-0.8738004917615759j)"], ["0j"], ["0j"], ["0j"], ["0j"], ["0j"], ["0j"], ["0j"], ["0j"], ["0j"], ["0j"], ["0j"], ["0j"], ["0j"], ["0j"], ["0j"]], "hf_energy": -1.7628315850719738}