{"geometry": [["H", [0.0, 0.0, 0.0]], ["H", [0.9406, 0.0, 0.0]], ["H", [1.3014, -0.5369, 0.0]], ["H", [0.8773, 0.6944, 0.0077]]], "multiplicity": 1, "canonical_orbitals": [[0.20954001280897894, 0.6564951303010983, 0.91124230099403, 0.3592092853910579], [0.48867182446443536, -0.29038247802021744, -0.05761997282704795, -2.019750348932747], [0.19653611734450926, -0.7713605625483755, 0.2673210789945303, 1.282279235142256], [0.31351865638178356, 0.4913234130850437, -0.9170639221929324, 0.9652549038752402]], "canonical_to_oao": [[0.3934893555864606, 0.6364564809448042, 0.41846097987310726, 0.5147617732768688], [0.5645030042719781, -0.20055957553488502, -0.7012305994156893, 0.38650725901629635], [0.7111330121189791, -0.04218724971942045, 0.2166113878107135, -0.6675249671034156], [0.1441954378011034, -0.7435853955570495, 0.5350192159516021, 0.37422302680907493]], "orbital_energies": [-0.8342371355985295, -0.21679516414702835, 0.26191463148998484, 1.3213154571650925], "exact_energy": -1.8219278170428297, "ground_states": [["0j"], ["0j"], ["0j"], ["0j"], ["0j"], ["0j"], ["0j"], ["0j"], ["0j"], ["0j"], ["0j"], ["0j"], ["0j"], ["0j"], ["0j"], ["(0.0025913769082807937+0.017714107912869488j)"], ["0j"], ["0j"], ["0j"], ["0j"], ["0j"], ["0j"], ["0j"], ["0j"], ["0j"], ["0j"], ["0j"], ["(0.00018428252066645778+0.001259716580439534j)"], ["0j"], ["0j"], ["(0.0008904279390530426+0.006086778249283609j)"], ["0j"], ["0j"], ["0j"], ["0j"], ["0j"], ["0j"], ["0j"], ["0j"], ["(-0.00018428252066497099-0.0012597165804385706j)"], ["0j"], ["0j"], ["0j"], ["0j"], ["0j"], ["(-0.0008904279390530111-0.006086778249283535j)"], ["0j"], ["0j"], ["0j"], ["0j"], ["0j"], ["(-0.00482866590685757-0.0330077452939934j)"], ["0j"], ["0j"], ["(-0.000931991013391468-0.006370894690111801j)"], ["0j"], ["0j"], ["(0.0009319910133918503+0.006370894690112074j)"], ["0j"], ["0j"], ["(-0.008271663465248812-0.056543352985099084j)"], ["0j"], ["0j"], ["0j"], ["0j"], ["0j"], ["0j"], ["0j"], ["0j"], ["0j"], ["0j"], ["0j"], ["0j"], ["0j"], ["0j"], ["(-0.00012560979098213726-0.000858642131627614j)"], ["0j"], ["0j"], ["(0.0005071149419467253+0.0034665311623221177j)"], ["0j"], ["0j"], ["0j"], ["0j"], ["0j"], ["0j"], ["0j"], ["0j"], ["0j"], ["0j"], ["0j"], ["(-0.0021753877468268746-0.014870493434005221j)"], ["0j"], ["0j"], ["0j"], ["0j"], ["0j"], ["0j"], ["0j"], ["0j"], ["(0.002763056670355614+0.01888767468431503j)"], ["0j"], ["0j"], ["(-0.0012829903577377894-0.00877025243819733j)"], ["0j"], ["0j"], ["(0.003458378104565798+0.023640745872203276j)"], ["0j"], ["0j"], ["(-0.016394154974671202-0.11206699783177912j)"], ["0j"], ["0j"], ["0j"], ["0j"], ["0j"], ["(-0.0002815178865582477-0.0019243971056335425j)"], ["0j"], ["0j"], ["0j"], ["0j"], ["0j"], ["(0.0018043928205421268+0.012334450090294961j)"], ["0j"], ["0j"], ["0j"], ["0j"], ["0j"], ["0j"], ["0j"], ["0j"], ["0j"], ["0j"], ["0j"], ["0j"], ["0j"], ["0j"], ["(0.00012560979098288428+0.0008586421316280745j)"], ["0j"], ["0j"], ["0j"], ["0j"], ["0j"], ["(-0.0005071149419473204-0.003466531162322585j)"], ["0j"], ["0j"], ["0j"], ["0j"], ["0j"], ["(-0.002763056670355759-0.018887674684315136j)"], ["0j"], ["0j"], ["(0.003458378104563116+0.023640745872201514j)"], ["0j"], ["0j"], ["(-0.0012829903577377595-0.008770252438197217j)"], ["0j"], ["0j"], ["(0.016394154974670932+0.11206699783177912j)"], ["0j"], ["0j"], ["0j"], ["0j"], ["0j"], ["0j"], ["0j"], ["0j"], ["(-0.0021753877468264865-0.014870493434004999j)"], ["0j"], ["0j"], ["0j"], ["0j"], ["0j"], ["0j"], ["0j"], ["0j"], ["0j"], ["0j"], ["0j"], ["(0.00028151788655897186+0.0019243971056341431j)"], ["0j"], ["0j"], ["(-0.0018043928205470998-0.012334450090297464j)"], ["0j"], ["0j"], ["0j"], ["0j"], ["0j"], ["0j"], ["0j"], ["0j"], ["0j"], ["0j"], ["0j"], ["0j"], ["0j"], ["0j"], ["(-0.00499392072149747-0.034137392475110793j)"], ["0j"], ["0j"], ["(0.004922968878001896+0.033652380584997435j)"], ["0j"], ["0j"], ["(-0.004922968878003825-0.03365238058499885j)"], ["0j"], ["0j"], ["(-0.042172223479272145-0.28828045632817134j)"], ["0j"], ["0j"], ["0j"], ["0j"], ["0j"], ["(-0.0022772980828546507-0.015567131072498226j)"], ["0j"], ["0j"], ["0j"], ["0j"], ["0j"], ["(-0.0034722659971627057-0.02373568058706628j)"], ["0j"], ["0j"], ["0j"], ["0j"], ["0j"], ["0j"], ["0j"], ["0j"], ["(0.0022772980828539634+0.015567131072497591j)"], ["0j"], ["0j"], ["(0.0034722659971276313+0.023735680587043496j)"], ["0j"], ["0j"], ["0j"], ["0j"], ["0j"], ["0j"], ["0j"], ["0j"], ["0j"], ["0j"], ["0j"], ["(0.13552533976394598+0.9264227391373682j)"], ["0j"], ["0j"], ["0j"], ["0j"], ["0j"], ["0j"], ["0j"], ["0j"], ["0j"], ["0j"], ["0j"], ["0j"], ["0j"], ["0j"], ["0j"]], "hf_energy": -1.7457846930885579}