{"geometry": [["H", [0.0, 0.0, 0.0]], ["H", [0.4397, 0.0, 0.0]], ["H", [-0.502, 0.8415, 0.0]], ["H", [0.1102, 1.0498, -0.0731]]], "multiplicity": 1, "canonical_orbitals": [[0.39429801826460686, 0.424390559497713, 0.744960729855138, 1.891724769141725], [0.3211375546356274, 0.5319721901668808, -0.6487633376673505, -1.7895979461327463], [0.24126192935289417, -0.5803191356566006, 1.0163064863176214, -1.0190643177075798], [0.25333582674992705, -0.5479177924040197, -1.163469500146224, 0.7509176567543994]], "canonical_to_oao": [[0.5785802508176446, 0.5320095943801094, 0.43309392806686203, 0.4411806141739669], [0.3788691253293354, 0.4955409993258303, -0.568964997703602, -0.5358881742000675], [0.35400795424855325, -0.31342486175864115, 0.5841265715813786, -0.6597267409563732], [0.6295883159372715, -0.6108762276486506, -0.3840633140933159, 0.28800027377883397]], "orbital_energies": [-0.8904489704907029, -0.4362697988036015, 0.6195018324265769, 1.4221829618064132], "exact_energy": -1.8612967423399092, "ground_states": [["0j"], ["0j"], ["0j"], ["0j"], ["0j"], ["0j"], ["0j"], ["0j"], ["0j"], ["0j"], ["0j"], ["0j"], ["0j"], ["0j"], ["0j"], ["(-0.0014889821086175013+0.0067668764139657105j)"], ["0j"], ["0j"], ["0j"], ["0j"], ["0j"], ["0j"], ["0j"], ["0j"], ["0j"], ["0j"], ["0j"], ["(-0.00015206365603383294+0.0006910734262564537j)"], ["0j"], ["0j"], ["(-0.00010927138556319466+0.0004965982851031993j)"], ["0j"], ["0j"], ["0j"], ["0j"], ["0j"], ["0j"], ["0j"], ["0j"], ["(0.00015206365603386186-0.0006910734262564512j)"], ["0j"], ["0j"], ["0j"], ["0j"], ["0j"], ["(0.00010927138556316786-0.0004965982851031926j)"], ["0j"], ["0j"], ["0j"], ["0j"], ["0j"], ["(0.0054114970105551925-0.024593264937865386j)"], ["0j"], ["0j"], ["(-0.0017617213941842882+0.008006376222581409j)"], ["0j"], ["0j"], ["(0.001761721394184276-0.008006376222581428j)"], ["0j"], ["0j"], ["(0.009744403189622507-0.044284730978568825j)"], ["0j"], ["0j"], ["0j"], ["0j"], ["0j"], ["0j"], ["0j"], ["0j"], ["0j"], ["0j"], ["0j"], ["0j"], ["0j"], ["0j"], ["(6.34936813145869e-05-0.00028855544471424174j)"], ["0j"], ["0j"], ["(5.652537838992574e-06-2.5688706909396798e-05j)"], ["0j"], ["0j"], ["0j"], ["0j"], ["0j"], ["0j"], ["0j"], ["0j"], ["0j"], ["0j"], ["0j"], ["(-0.0022934038685784607+0.01042267765083525j)"], ["0j"], ["0j"], ["0j"], ["0j"], ["0j"], ["0j"], ["0j"], ["0j"], ["(0.0030983377344277418-0.014080806220744679j)"], ["0j"], ["0j"], ["(-0.005541912136222857+0.02518595375044226j)"], ["0j"], ["0j"], ["(0.007835316004801314-0.03560863140127749j)"], ["0j"], ["0j"], ["(-0.006782540003804087+0.03082415142055313j)"], ["0j"], ["0j"], ["0j"], ["0j"], ["0j"], ["(1.5670189137422162e-05-7.121525011142338e-05j)"], ["0j"], ["0j"], ["0j"], ["0j"], ["0j"], ["(-3.888379389177168e-05+0.00017671255164860973j)"], ["0j"], ["0j"], ["0j"], ["0j"], ["0j"], ["0j"], ["0j"], ["0j"], ["0j"], ["0j"], ["0j"], ["0j"], ["0j"], ["0j"], ["(-6.34936813146172e-05+0.0002885554447142405j)"], ["0j"], ["0j"], ["0j"], ["0j"], ["0j"], ["(-5.652537838968415e-06+2.5688706909410236e-05j)"], ["0j"], ["0j"], ["0j"], ["0j"], ["0j"], ["(-0.003098337734427739+0.01408080622074468j)"], ["0j"], ["0j"], ["(0.00783531600480132-0.0356086314012775j)"], ["0j"], ["0j"], ["(-0.005541912136222845+0.02518595375044227j)"], ["0j"], ["0j"], ["(0.006782540003804102-0.03082415142055316j)"], ["0j"], ["0j"], ["0j"], ["0j"], ["0j"], ["0j"], ["0j"], ["0j"], ["(-0.0022934038685784655+0.010422677650835257j)"], ["0j"], ["0j"], ["0j"], ["0j"], ["0j"], ["0j"], ["0j"], ["0j"], ["0j"], ["0j"], ["0j"], ["(-1.567018913746781e-05+7.121525011139126e-05j)"], ["0j"], ["0j"], ["(3.888379389210637e-05-0.00017671255164868486j)"], ["0j"], ["0j"], ["0j"], ["0j"], ["0j"], ["0j"], ["0j"], ["0j"], ["0j"], ["0j"], ["0j"], ["0j"], ["0j"], ["0j"], ["(0.007945243045391149-0.036108209397493374j)"], ["0j"], ["0j"], ["(0.0029788936417691797-0.013537976720832613j)"], ["0j"], ["0j"], ["(-0.002978893641769157+0.013537976720832607j)"], ["0j"], ["0j"], ["(0.01570140759636652-0.07135712653294708j)"], ["0j"], ["0j"], ["0j"], ["0j"], ["0j"], ["(0.0002999284823083017-0.0013630647145201908j)"], ["0j"], ["0j"], ["0j"], ["0j"], ["0j"], ["(0.0008986114157443324-0.004083858603357924j)"], ["0j"], ["0j"], ["0j"], ["0j"], ["0j"], ["0j"], ["0j"], ["0j"], ["(-0.0002999284823081739+0.0013630647145201644j)"], ["0j"], ["0j"], ["(-0.0008986114157450953+0.004083858603357799j)"], ["0j"], ["0j"], ["0j"], ["0j"], ["0j"], ["0j"], ["0j"], ["0j"], ["0j"], ["0j"], ["0j"], ["(-0.21310475338792764+0.9684827783079673j)"], ["0j"], ["0j"], ["0j"], ["0j"], ["0j"], ["0j"], ["0j"], ["0j"], ["0j"], ["0j"], ["0j"], ["0j"], ["0j"], ["0j"], ["0j"]], "hf_energy": -1.8282381132804963}