{"geometry": [["H", [0.0, 0.0, 0.0]], ["H", [0.9505, 0.0, 0.0]], ["H", [0.1426, -0.3959, 0.0]], ["H", [1.1021, 0.1987, -0.4223]]], "multiplicity": 1, "canonical_orbitals": [[0.32125555275986484, 0.4928720497703225, 1.411431739177844, 1.2685371897278508], [0.32300706150262903, -0.4990236141851937, -1.2281713360625184, 1.4186484598828586], [0.33364629753580816, 0.4938904705233913, -1.1260658835397648, -1.607792303115153], [0.2136755109089112, -0.5875286437798236, 1.1128495816030544, -1.2307051555881316]], "canonical_to_oao": [[0.5258638592482631, 0.5128305579753394, 0.5357597531709148, 0.4164534874694528], [0.4645023810878962, -0.45706620370347967, 0.45393677369061347, -0.6076754305442348], [0.5597646599552171, -0.5101233162190134, -0.4377798051758763, 0.4845477993914616], [0.4408721639720712, 0.5175611137716075, -0.5614728261935498, -0.4717101800812686]], "orbital_energies": [-0.9476605467628425, -0.4907252078469445, 0.9538031580996442, 1.2258389867468091], "exact_energy": -1.73963147193302, "ground_states": [["0j"], ["0j"], ["0j"], ["0j"], ["0j"], ["0j"], ["0j"], ["0j"], ["0j"], ["0j"], ["0j"], ["0j"], ["0j"], ["0j"], ["0j"], ["(0.00041834621731226995+0.004731153151737756j)"], ["0j"], ["0j"], ["0j"], ["0j"], ["0j"], ["0j"], ["0j"], ["0j"], ["0j"], ["0j"], ["0j"], ["(3.90965852154582e-05+0.00044215036424310404j)"], ["0j"], ["0j"], ["(-2.7835127176841795e-05-0.00031479249535901573j)"], ["0j"], ["0j"], ["0j"], ["0j"], ["0j"], ["0j"], ["0j"], ["0j"], ["(-3.9096585215461316e-05-0.000442150364243108j)"], ["0j"], ["0j"], ["0j"], ["0j"], ["0j"], ["(2.78351271768307e-05+0.0003147924953590347j)"], ["0j"], ["0j"], ["0j"], ["0j"], ["0j"], ["(-0.0024653940720166987-0.027881588147338193j)"], ["0j"], ["0j"], ["(0.00030141402955748446+0.003408745859065435j)"], ["0j"], ["0j"], ["(-0.00030141402955748077-0.003408745859065445j)"], ["0j"], ["0j"], ["(-0.0031883039401364036-0.0360571067953867j)"], ["0j"], ["0j"], ["0j"], ["0j"], ["0j"], ["0j"], ["0j"], ["0j"], ["0j"], ["0j"], ["0j"], ["0j"], ["0j"], ["0j"], ["(4.301264211791707e-05+0.00048643776111603754j)"], ["0j"], ["0j"], ["(-1.50014075684339e-05-0.0001696536355792705j)"], ["0j"], ["0j"], ["0j"], ["0j"], ["0j"], ["0j"], ["0j"], ["0j"], ["0j"], ["0j"], ["0j"], ["(0.000336773641376433+0.0038086341142436536j)"], ["0j"], ["0j"], ["0j"], ["0j"], ["0j"], ["0j"], ["0j"], ["0j"], ["(-8.477496250128605e-05-0.0009587354072500404j)"], ["0j"], ["0j"], ["(0.002622690915235911+0.029660486640400368j)"], ["0j"], ["0j"], ["(-0.0029594645566123423-0.03346912075464402j)"], ["0j"], ["0j"], ["(-4.0557776235874316e-05-0.00045867523817623126j)"], ["0j"], ["0j"], ["0j"], ["0j"], ["0j"], ["(-2.0147322504138737e-07-2.2784971972693486e-06j)"], ["0j"], ["0j"], ["0j"], ["0j"], ["0j"], ["(2.8199887933270348e-06+3.189176408297513e-05j)"], ["0j"], ["0j"], ["0j"], ["0j"], ["0j"], ["0j"], ["0j"], ["0j"], ["0j"], ["0j"], ["0j"], ["0j"], ["0j"], ["0j"], ["(-4.301264211791784e-05-0.00048643776111604025j)"], ["0j"], ["0j"], ["0j"], ["0j"], ["0j"], ["(1.5001407568426966e-05+0.00016965363557927188j)"], ["0j"], ["0j"], ["0j"], ["0j"], ["0j"], ["(8.477496250127645e-05+0.0009587354072500366j)"], ["0j"], ["0j"], ["(-0.002959464556612329-0.03346912075464402j)"], ["0j"], ["0j"], ["(0.0026226909152359075+0.02966048664040043j)"], ["0j"], ["0j"], ["(4.0557776235865426e-05+0.0004586752381762299j)"], ["0j"], ["0j"], ["0j"], ["0j"], ["0j"], ["0j"], ["0j"], ["0j"], ["(0.0003367736413764248+0.003808634114243649j)"], ["0j"], ["0j"], ["0j"], ["0j"], ["0j"], ["0j"], ["0j"], ["0j"], ["0j"], ["0j"], ["0j"], ["(2.0147322501837036e-07+2.278497197314233e-06j)"], ["0j"], ["0j"], ["(-2.819988793331461e-06-3.189176408304722e-05j)"], ["0j"], ["0j"], ["0j"], ["0j"], ["0j"], ["0j"], ["0j"], ["0j"], ["0j"], ["0j"], ["0j"], ["0j"], ["0j"], ["0j"], ["(-0.003409727566733217-0.0385612266977325j)"], ["0j"], ["0j"], ["(-0.000678438531644712-0.007672584248216814j)"], ["0j"], ["0j"], ["(0.0006784385316446858+0.0076725842482168165j)"], ["0j"], ["0j"], ["(-0.0038524976325873352-0.043568593576819664j)"], ["0j"], ["0j"], ["0j"], ["0j"], ["0j"], ["(0.0001364071381176499+0.0015426530340611124j)"], ["0j"], ["0j"], ["0j"], ["0j"], ["0j"], ["(-0.00019114097475303061-0.0021616479071787822j)"], ["0j"], ["0j"], ["0j"], ["0j"], ["0j"], ["0j"], ["0j"], ["0j"], ["(-0.00013640713811754833-0.0015426530340612035j)"], ["0j"], ["0j"], ["(0.00019114097475310504+0.0021616479071788377j)"], ["0j"], ["0j"], ["0j"], ["0j"], ["0j"], ["0j"], ["0j"], ["0j"], ["0j"], ["0j"], ["0j"], ["(0.08764970927410146+0.9912464392418193j)"], ["0j"], ["0j"], ["0j"], ["0j"], ["0j"], ["0j"], ["0j"], ["0j"], ["0j"], ["0j"], ["0j"], ["0j"], ["0j"], ["0j"], ["0j"]]}