{"geometry": [["H", [0.0, 0.0, 0.0]], ["H", [0.5112, 0.0, 0.0]], ["H", [-0.1538, 0.8211, 0.0]], ["H", [-0.1135, 0.0719, -0.5145]]], "multiplicity": 1, "canonical_orbitals": [[0.4888914041398562, 0.265821132017789, 0.0042619742864831445, 2.226545069504814], [0.2339036735951569, 0.8330936345268337, -0.6859322961201758, -1.2964447846046032], [0.08323030901684589, -0.9616880373489701, -0.7800827385213579, -0.23760943848411287], [0.30633503843970517, -0.38754486535935595, 1.2347547199323101, -1.0162107520089807]], "canonical_to_oao": [[0.6196617472458827, 0.4888976930803959, 0.3128748291878547, 0.5283064508043804], [0.14981866141178332, 0.5715044077686923, -0.7669723514689704, -0.2503806954936743], [0.002494973545273456, -0.4258818267140464, -0.5511071437486743, 0.7175648827046187], [0.7704332954902513, -0.5029775614044145, -0.10071578551551742, -0.3785530880493388]], "orbital_energies": [-1.0390650166969846, -0.13161682683804884, 0.4166169679532429, 1.1058632919029852], "exact_energy": -1.3383382503648946, "ground_states": [["0j"], ["0j"], ["0j"], ["0j"], ["0j"], ["0j"], ["0j"], ["0j"], ["0j"], ["0j"], ["0j"], ["0j"], ["0j"], ["0j"], ["0j"], ["(-0.016232369961354076+0j)"], ["0j"], ["0j"], ["0j"], ["0j"], ["0j"], ["0j"], ["0j"], ["0j"], ["0j"], ["0j"], ["0j"], ["(0.0042665128973710525+0j)"], ["0j"], ["0j"], ["(-0.0009597992824178503+0j)"], ["0j"], ["0j"], ["0j"], ["0j"], ["0j"], ["0j"], ["0j"], ["0j"], ["(-0.004266512897371158+0j)"], ["0j"], ["0j"], ["0j"], ["0j"], ["0j"], ["(0.0009597992824177141+0j)"], ["0j"], ["0j"], ["0j"], ["0j"], ["0j"], ["(0.039815633452271286+0j)"], ["0j"], ["0j"], ["(0.004967949864055262+0j)"], ["0j"], ["0j"], ["(-0.0049679498640552685+0j)"], ["0j"], ["0j"], ["(0.036978636033592596+0j)"], ["0j"], ["0j"], ["0j"], ["0j"], ["0j"], ["0j"], ["0j"], ["0j"], ["0j"], ["0j"], ["0j"], ["0j"], ["0j"], ["0j"], ["(-0.004076084817521347+0j)"], ["0j"], ["0j"], ["(-0.0031154107293265487+0j)"], ["0j"], ["0j"], ["0j"], ["0j"], ["0j"], ["0j"], ["0j"], ["0j"], ["0j"], ["0j"], ["0j"], ["(-0.012243141277633134+0j)"], ["0j"], ["0j"], ["0j"], ["0j"], ["0j"], ["0j"], ["0j"], ["0j"], ["(0.01681956341293502+0j)"], ["0j"], ["0j"], ["(-0.014147634132892101+0j)"], ["0j"], ["0j"], ["(0.026390775410525286+0j)"], ["0j"], ["0j"], ["(-0.039616841260850306+0j)"], ["0j"], ["0j"], ["0j"], ["0j"], ["0j"], ["(0.0026446978873983754+0j)"], ["0j"], ["0j"], ["0j"], ["0j"], ["0j"], ["(0.01725215409730553+0j)"], ["0j"], ["0j"], ["0j"], ["0j"], ["0j"], ["0j"], ["0j"], ["0j"], ["0j"], ["0j"], ["0j"], ["0j"], ["0j"], ["0j"], ["(0.004076084817521386+0j)"], ["0j"], ["0j"], ["0j"], ["0j"], ["0j"], ["(0.0031154107293264975+0j)"], ["0j"], ["0j"], ["0j"], ["0j"], ["0j"], ["(-0.01681956341293504+0j)"], ["0j"], ["0j"], ["(0.026390775410525157+0j)"], ["0j"], ["0j"], ["(-0.014147634132892066+0j)"], ["0j"], ["0j"], ["(0.03961684126085025+0j)"], ["0j"], ["0j"], ["0j"], ["0j"], ["0j"], ["0j"], ["0j"], ["0j"], ["(-0.012243141277633141+0j)"], ["0j"], ["0j"], ["0j"], ["0j"], ["0j"], ["0j"], ["0j"], ["0j"], ["0j"], ["0j"], ["0j"], ["(-0.0026446978873983216+0j)"], ["0j"], ["0j"], ["(-0.0172521540973056+0j)"], ["0j"], ["0j"], ["0j"], ["0j"], ["0j"], ["0j"], ["0j"], ["0j"], ["0j"], ["0j"], ["0j"], ["0j"], ["0j"], ["0j"], ["(0.021041524789998628+0j)"], ["0j"], ["0j"], ["(-0.04680520965130861+0j)"], ["0j"], ["0j"], ["(0.04680520965130864+0j)"], ["0j"], ["0j"], ["(0.3004411952213205+0j)"], ["0j"], ["0j"], ["0j"], ["0j"], ["0j"], ["(0.006215918024956711+0j)"], ["0j"], ["0j"], ["0j"], ["0j"], ["0j"], ["(-0.08371599530642035+0j)"], ["0j"], ["0j"], ["0j"], ["0j"], ["0j"], ["0j"], ["0j"], ["0j"], ["(-0.00621591802495661+0j)"], ["0j"], ["0j"], ["(0.08371599530642256+0j)"], ["0j"], ["0j"], ["0j"], ["0j"], ["0j"], ["0j"], ["0j"], ["0j"], ["0j"], ["0j"], ["0j"], ["(-0.9386444159218426+0j)"], ["0j"], ["0j"], ["0j"], ["0j"], ["0j"], ["0j"], ["0j"], ["0j"], ["0j"], ["0j"], ["0j"], ["0j"], ["0j"], ["0j"], ["0j"]], "hf_energy": -1.2782080648773009}