{"geometry": [["H", [0.0, 0.0, 0.0]], ["H", [1.4733, 0.0, 0.0]], ["H", [1.1821, 0.6257, 0.0]], ["H", [0.2002, 0.2791, -0.7089]]], "multiplicity": 1, "canonical_orbitals": [[0.30164485084770554, 0.5110897393474372, 1.103940375117808, 0.3460472013239421], [0.3349183083100287, -0.49593920835791294, 0.40756816447364685, -1.1857361411426743], [0.376489809177132, -0.4285185677072954, -0.39866434195892864, 1.255268109792711], [0.31106706663571393, 0.5033231002048099, -1.0569340325763512, -0.5139347504318319]], "canonical_to_oao": [[0.46390018075669576, 0.5054512110195496, 0.5505895958307674, 0.47556996597313383], [0.5329872837432231, -0.5127755406098713, -0.42740575125486435, 0.519913573697147], [0.6798843278330206, 0.2444868863611175, -0.23598092946617608, -0.649843415056866], [0.1961593189959847, -0.649466304459723, 0.6771177310375638, -0.2850028407876031]], "orbital_energies": [-0.7204763128539518, -0.41142082030260424, 0.5929390860552406, 0.7536023864623912], "exact_energy": -2.1437752330793454, "ground_states": [["0j"], ["0j"], ["0j"], ["0j"], ["0j"], ["0j"], ["0j"], ["0j"], ["0j"], ["0j"], ["0j"], ["0j"], ["0j"], ["0j"], ["0j"], ["(-0.014423764243932267+0j)"], ["0j"], ["0j"], ["0j"], ["0j"], ["0j"], ["0j"], ["0j"], ["0j"], ["0j"], ["0j"], ["0j"], ["(-0.00032177167806102247+0j)"], ["0j"], ["0j"], ["(0.001145397493776637+0j)"], ["0j"], ["0j"], ["0j"], ["0j"], ["0j"], ["0j"], ["0j"], ["0j"], ["(0.000321771678060794+0j)"], ["0j"], ["0j"], ["0j"], ["0j"], ["0j"], ["(-0.0011453974937766483+0j)"], ["0j"], ["0j"], ["0j"], ["0j"], ["0j"], ["(0.04902433169228874+0j)"], ["0j"], ["0j"], ["(0.004007159606446277+0j)"], ["0j"], ["0j"], ["(-0.004007159606446282+0j)"], ["0j"], ["0j"], ["(0.050049768729393186+0j)"], ["0j"], ["0j"], ["0j"], ["0j"], ["0j"], ["0j"], ["0j"], ["0j"], ["0j"], ["0j"], ["0j"], ["0j"], ["0j"], ["0j"], ["(-0.0005136135187524304+0j)"], ["0j"], ["0j"], ["(0.0006380056630811998+0j)"], ["0j"], ["0j"], ["0j"], ["0j"], ["0j"], ["0j"], ["0j"], ["0j"], ["0j"], ["0j"], ["0j"], ["(-0.0034205276611359247+0j)"], ["0j"], ["0j"], ["0j"], ["0j"], ["0j"], ["0j"], ["0j"], ["0j"], ["(-0.040027425623026205+0j)"], ["0j"], ["0j"], ["(-0.03543186396570429+0j)"], ["0j"], ["0j"], ["(0.038852391626840205+0j)"], ["0j"], ["0j"], ["(0.050079174705362356+0j)"], ["0j"], ["0j"], ["0j"], ["0j"], ["0j"], ["(-0.00036685098388459294+0j)"], ["0j"], ["0j"], ["0j"], ["0j"], ["0j"], ["(0.00032510804276300224+0j)"], ["0j"], ["0j"], ["0j"], ["0j"], ["0j"], ["0j"], ["0j"], ["0j"], ["0j"], ["0j"], ["0j"], ["0j"], ["0j"], ["0j"], ["(0.0005136135187524164+0j)"], ["0j"], ["0j"], ["0j"], ["0j"], ["0j"], ["(-0.000638005663081212+0j)"], ["0j"], ["0j"], ["0j"], ["0j"], ["0j"], ["(0.0400274256230262+0j)"], ["0j"], ["0j"], ["(0.0388523916268402+0j)"], ["0j"], ["0j"], ["(-0.035431863965704274+0j)"], ["0j"], ["0j"], ["(-0.050079174705362356+0j)"], ["0j"], ["0j"], ["0j"], ["0j"], ["0j"], ["0j"], ["0j"], ["0j"], ["(-0.0034205276611359195+0j)"], ["0j"], ["0j"], ["0j"], ["0j"], ["0j"], ["0j"], ["0j"], ["0j"], ["0j"], ["0j"], ["0j"], ["(0.00036685098388460747+0j)"], ["0j"], ["0j"], ["(-0.0003251080427630205+0j)"], ["0j"], ["0j"], ["0j"], ["0j"], ["0j"], ["0j"], ["0j"], ["0j"], ["0j"], ["0j"], ["0j"], ["0j"], ["0j"], ["0j"], ["(0.061338461259498864+0j)"], ["0j"], ["0j"], ["(-0.0062745918835076875+0j)"], ["0j"], ["0j"], ["(0.006274591883507691+0j)"], ["0j"], ["0j"], ["(0.08753055540186835+0j)"], ["0j"], ["0j"], ["0j"], ["0j"], ["0j"], ["(-0.0037257656142938725+0j)"], ["0j"], ["0j"], ["0j"], ["0j"], ["0j"], ["(0.0011154314255237628+0j)"], ["0j"], ["0j"], ["0j"], ["0j"], ["0j"], ["0j"], ["0j"], ["0j"], ["(0.0037257656142938704+0j)"], ["0j"], ["0j"], ["(-0.0011154314255237576+0j)"], ["0j"], ["0j"], ["0j"], ["0j"], ["0j"], ["0j"], ["0j"], ["0j"], ["0j"], ["0j"], ["0j"], ["(-0.9846523944966332+0j)"], ["0j"], ["0j"], ["0j"], ["0j"], ["0j"], ["0j"], ["0j"], ["0j"], ["0j"], ["0j"], ["0j"], ["0j"], ["0j"], ["0j"], ["0j"]], "hf_energy": -2.0975355023827835}