{"geometry": [["H", [0.0, 0.0, 0.0]], ["H", [1.1056, 0.0, 0.0]], ["H", [0.5245, -0.6647, 0.0]], ["H", [0.2218, 0.1299, -0.7095]]], "multiplicity": 1, "canonical_orbitals": [[0.3754390315239806, 0.5020630669162858, 0.49206747745377466, 1.2408048780894598], [0.2464694234097904, -0.6886529661956984, -0.8790750583366342, 0.5023506450884089], [0.3305326489152348, -0.5527135696249026, 0.8546295657232993, -0.8565708396369467], [0.2901282979111307, 0.6560801831925488, -0.6324085293459788, -0.9419399250238354]], "canonical_to_oao": [[0.5592670857505074, 0.4319251582350152, 0.5171703931266055, 0.48290347788462124], [0.38889195836513113, -0.5921494804959356, -0.4407292941398294, 0.5512528700644882], [0.32291383243825017, -0.617182814832565, 0.5714236977498253, -0.4339204852796302], [0.657046443057954, 0.2861555931786126, -0.4601819546768398, -0.5240586958989336]], "orbital_energies": [-0.8074795716657126, -0.21207893279093545, 0.4246502210934425, 0.7318833395046729], "exact_energy": -1.8295286770749604, "ground_states": [["0j"], ["0j"], ["0j"], ["0j"], ["0j"], ["0j"], ["0j"], ["0j"], ["0j"], ["0j"], ["0j"], ["0j"], ["0j"], ["0j"], ["0j"], ["(-0.016976233514739772+0.01985219298336849j)"], ["0j"], ["0j"], ["0j"], ["0j"], ["0j"], ["0j"], ["0j"], ["0j"], ["0j"], ["0j"], ["0j"], ["(0.00036753610096580154-0.000429800732794932j)"], ["0j"], ["0j"], ["(-0.0017549189026482281+0.0020522213419888005j)"], ["0j"], ["0j"], ["0j"], ["0j"], ["0j"], ["0j"], ["0j"], ["0j"], ["(-0.0003675361009663112+0.0004298007327949096j)"], ["0j"], ["0j"], ["0j"], ["0j"], ["0j"], ["(0.001754918902648243-0.0020522213419887623j)"], ["0j"], ["0j"], ["0j"], ["0j"], ["0j"], ["(0.03238540526841991-0.037871846818968866j)"], ["0j"], ["0j"], ["(-0.00163671752182652+0.0019139953555862925j)"], ["0j"], ["0j"], ["(0.001636717521826408-0.0019139953555862674j)"], ["0j"], ["0j"], ["(0.035663190544197525-0.04170492473912613j)"], ["0j"], ["0j"], ["0j"], ["0j"], ["0j"], ["0j"], ["0j"], ["0j"], ["0j"], ["0j"], ["0j"], ["0j"], ["0j"], ["0j"], ["(0.001140941603168094-0.0013342295786152552j)"], ["0j"], ["0j"], ["(0.00048098492585723187-0.0005624690283580934j)"], ["0j"], ["0j"], ["0j"], ["0j"], ["0j"], ["0j"], ["0j"], ["0j"], ["0j"], ["0j"], ["0j"], ["(-0.010870835230186412+0.012712473511434879j)"], ["0j"], ["0j"], ["0j"], ["0j"], ["0j"], ["0j"], ["0j"], ["0j"], ["(0.015369690762580695-0.01797348433317232j)"], ["0j"], ["0j"], ["(-0.037620779510473344+0.04399415066823909j)"], ["0j"], ["0j"], ["(0.04849161474065999-0.056706624179674106j)"], ["0j"], ["0j"], ["(-0.026026142275134865+0.03043525518248656j)"], ["0j"], ["0j"], ["0j"], ["0j"], ["0j"], ["(3.076762071262499e-05-3.5979991880118284e-05j)"], ["0j"], ["0j"], ["0j"], ["0j"], ["0j"], ["(0.001645405414952237-0.0019241550727465198j)"], ["0j"], ["0j"], ["0j"], ["0j"], ["0j"], ["0j"], ["0j"], ["0j"], ["0j"], ["0j"], ["0j"], ["0j"], ["0j"], ["0j"], ["(-0.0011409416031679085+0.0013342295786152626j)"], ["0j"], ["0j"], ["0j"], ["0j"], ["0j"], ["(-0.0004809849258579085+0.0005624690283580842j)"], ["0j"], ["0j"], ["0j"], ["0j"], ["0j"], ["(-0.015369690762580901+0.017973484333172342j)"], ["0j"], ["0j"], ["(0.04849161474065971-0.056706624179674044j)"], ["0j"], ["0j"], ["(-0.03762077951047323+0.043994150668239064j)"], ["0j"], ["0j"], ["(0.0260261422751351-0.030435255182486538j)"], ["0j"], ["0j"], ["0j"], ["0j"], ["0j"], ["0j"], ["0j"], ["0j"], ["(-0.01087083523018641+0.012712473511434863j)"], ["0j"], ["0j"], ["0j"], ["0j"], ["0j"], ["0j"], ["0j"], ["0j"], ["0j"], ["0j"], ["0j"], ["(-3.076762071155648e-05+3.5979991880155927e-05j)"], ["0j"], ["0j"], ["(-0.0016454054149525263+0.0019241550727464227j)"], ["0j"], ["0j"], ["0j"], ["0j"], ["0j"], ["0j"], ["0j"], ["0j"], ["0j"], ["0j"], ["0j"], ["0j"], ["0j"], ["0j"], ["(0.04711279524692048-0.055094217596365944j)"], ["0j"], ["0j"], ["(0.0012091707601883483-0.0014140175004224579j)"], ["0j"], ["0j"], ["(-0.0012091707601877403+0.0014140175004224418j)"], ["0j"], ["0j"], ["(0.1379169772926208-0.16128162036170784j)"], ["0j"], ["0j"], ["0j"], ["0j"], ["0j"], ["(0.007568847308964994-0.008851092753216497j)"], ["0j"], ["0j"], ["0j"], ["0j"], ["0j"], ["(-0.004316287174122806+0.005047513388526825j)"], ["0j"], ["0j"], ["0j"], ["0j"], ["0j"], ["0j"], ["0j"], ["0j"], ["(-0.007568847308964836+0.00885109275321612j)"], ["0j"], ["0j"], ["(0.004316287174130878-0.0050475133885265425j)"], ["0j"], ["0j"], ["0j"], ["0j"], ["0j"], ["0j"], ["0j"], ["0j"], ["0j"], ["0j"], ["0j"], ["(-0.6235069531275554+0.7291358444859422j)"], ["0j"], ["0j"], ["0j"], ["0j"], ["0j"], ["0j"], ["0j"], ["0j"], ["0j"], ["0j"], ["0j"], ["0j"], ["0j"], ["0j"], ["0j"]]}