{"geometry": [["H", [0.0, 0.0, 0.0]], ["H", [1.0442, 0.0, 0.0]], ["H", [-0.253, 0.4934, 0.0]], ["H", [-0.4091, -0.0558, -1.0944]]], "multiplicity": 1, "canonical_orbitals": [[0.48013602695687485, 0.17043745760467935, 0.16803598962493857, 1.6917905540128648], [0.1347587282674271, 0.7637468848828131, -0.6566411381864528, -0.5217370199821927], [0.4380845408849242, -0.1842001315337342, 0.6565191745378448, -1.4014818568742533], [0.14908713387128875, -0.7380241375240995, -0.7918064494558903, -0.10836980568169152]], "canonical_to_oao": [[0.6534110086237662, 0.29425850998145, 0.6270241588098328, 0.30546143354209454], [0.11349610076036297, 0.7185053344214894, -0.12694342988620325, -0.6743545692948064], [0.12746089215334278, -0.567951576375436, 0.46026809781211464, -0.6703267904541396], [0.7375136675973789, -0.2731172286839799, -0.6155317603616952, -0.05100217141530935]], "orbital_energies": [-0.8066749670938617, -0.17707130374330735, 0.20659138425597265, 0.9390164184675014], "exact_energy": -1.8756263345122273, "ground_states": [["0j"], ["0j"], ["0j"], ["0j"], ["0j"], ["0j"], ["0j"], ["0j"], ["0j"], ["0j"], ["0j"], ["0j"], ["0j"], ["0j"], ["0j"], ["(0.028859103699416383-0.014858837214805392j)"], ["0j"], ["0j"], ["0j"], ["0j"], ["0j"], ["0j"], ["0j"], ["0j"], ["0j"], ["0j"], ["0j"], ["(0.002506818660102608-0.0012906987959661385j)"], ["0j"], ["0j"], ["(-0.0029500543527560563+0.0015189098684072308j)"], ["0j"], ["0j"], ["0j"], ["0j"], ["0j"], ["0j"], ["0j"], ["0j"], ["(-0.0025068186601036307+0.0012906987959668932j)"], ["0j"], ["0j"], ["0j"], ["0j"], ["0j"], ["(0.002950054352755884-0.001518909868407102j)"], ["0j"], ["0j"], ["0j"], ["0j"], ["0j"], ["(-0.044918279163024766+0.023127308630380816j)"], ["0j"], ["0j"], ["(-0.014174880879604142+0.007298294836979157j)"], ["0j"], ["0j"], ["(0.014174880879603903-0.0072982948369789595j)"], ["0j"], ["0j"], ["(-0.018160244184235178+0.009350259624318106j)"], ["0j"], ["0j"], ["0j"], ["0j"], ["0j"], ["0j"], ["0j"], ["0j"], ["0j"], ["0j"], ["0j"], ["0j"], ["0j"], ["0j"], ["(0.014755862758867573-0.007597428006832288j)"], ["0j"], ["0j"], ["(0.004607053838097926-0.0023720578342675248j)"], ["0j"], ["0j"], ["0j"], ["0j"], ["0j"], ["0j"], ["0j"], ["0j"], ["0j"], ["0j"], ["0j"], ["(0.016090256099938385-0.008284474064880509j)"], ["0j"], ["0j"], ["0j"], ["0j"], ["0j"], ["0j"], ["0j"], ["0j"], ["(-0.005484158229319929+0.0028236571460585683j)"], ["0j"], ["0j"], ["(0.007587602845982877-0.0039066686447829955j)"], ["0j"], ["0j"], ["(-0.023677858945920918+0.012191142709663342j)"], ["0j"], ["0j"], ["(0.022015836947462137-0.011335408776283412j)"], ["0j"], ["0j"], ["0j"], ["0j"], ["0j"], ["(-0.00338924872132022+0.0017450401632397626j)"], ["0j"], ["0j"], ["0j"], ["0j"], ["0j"], ["(-0.05648891836179891+0.029084743972675076j)"], ["0j"], ["0j"], ["0j"], ["0j"], ["0j"], ["0j"], ["0j"], ["0j"], ["0j"], ["0j"], ["0j"], ["0j"], ["0j"], ["0j"], ["(-0.01475586275886745+0.007597428006832216j)"], ["0j"], ["0j"], ["0j"], ["0j"], ["0j"], ["(-0.0046070538380982755+0.0023720578342678084j)"], ["0j"], ["0j"], ["0j"], ["0j"], ["0j"], ["(0.005484158229319481-0.002823657146058167j)"], ["0j"], ["0j"], ["(-0.023677858945921917+0.01219114270966403j)"], ["0j"], ["0j"], ["(0.007587602845983186-0.003906668644783206j)"], ["0j"], ["0j"], ["(-0.02201583694746136+0.01133540877628274j)"], ["0j"], ["0j"], ["0j"], ["0j"], ["0j"], ["0j"], ["0j"], ["0j"], ["(0.016090256099938402-0.008284474064880499j)"], ["0j"], ["0j"], ["0j"], ["0j"], ["0j"], ["0j"], ["0j"], ["0j"], ["0j"], ["0j"], ["0j"], ["(0.0033892487213205463-0.0017450401632400836j)"], ["0j"], ["0j"], ["(0.05648891836179813-0.029084743972674566j)"], ["0j"], ["0j"], ["0j"], ["0j"], ["0j"], ["0j"], ["0j"], ["0j"], ["0j"], ["0j"], ["0j"], ["0j"], ["0j"], ["0j"], ["(0.0029212151081446113-0.0015040612561446486j)"], ["0j"], ["0j"], ["(0.055282389646270934-0.028463532241162375j)"], ["0j"], ["0j"], ["(-0.05528238964627005+0.028463532241161663j)"], ["0j"], ["0j"], ["(-0.47415701083819123+0.24413169278177832j)"], ["0j"], ["0j"], ["0j"], ["0j"], ["0j"], ["(0.01456810921303775-0.007500758359602753j)"], ["0j"], ["0j"], ["0j"], ["0j"], ["0j"], ["(-0.040362497067543704+0.02078164934560245j)"], ["0j"], ["0j"], ["0j"], ["0j"], ["0j"], ["0j"], ["0j"], ["0j"], ["(-0.014568109213037035+0.007500758359602254j)"], ["0j"], ["0j"], ["(0.04036249706756002-0.020781649345614717j)"], ["0j"], ["0j"], ["0j"], ["0j"], ["0j"], ["0j"], ["0j"], ["0j"], ["0j"], ["0j"], ["0j"], ["(0.7365774594487403-0.37924547761561356j)"], ["0j"], ["0j"], ["0j"], ["0j"], ["0j"], ["0j"], ["0j"], ["0j"], ["0j"], ["0j"], ["0j"], ["0j"], ["0j"], ["0j"], ["0j"]]}