{"geometry": [["H", [0.0, 0.0, 0.0]], ["H", [0.4552, 0.0, 0.0]], ["H", [1.2333, 0.5674, 0.0]], ["H", [0.1676, 0.7703, 0.8472]]], "multiplicity": 1, "canonical_orbitals": [[0.3999296578629956, 0.5671231248973021, 0.20271721580545288, 1.8207010875114706], [0.48087488618754515, 0.2760916572385848, -0.2561739210759283, -2.045209257653446], [0.15205568056221763, -0.7184212730892169, -0.7387213406337543, 0.6588682962946419], [0.15469424238603235, -0.6683688641616381, 0.8708706039658626, -0.155774967122423]], "canonical_to_oao": [[0.6105909831328715, 0.6497889976639921, 0.3252162019845819, 0.31494020352819807], [0.43064663495284117, 0.20710649474900683, -0.6480540151180656, -0.5930230763856704], [0.13968805371006443, -0.17020340280584506, -0.637326329813103, 0.7384667891320263], [0.6497764036738485, -0.7112748835864517, 0.2609129448360784, -0.06166928266752692]], "orbital_energies": [-0.8042060084220549, -0.21312313670436045, 0.18751626293053208, 1.3611997144282562], "exact_energy": -1.7594346787374247, "ground_states": [["0j"], ["0j"], ["0j"], ["0j"], ["0j"], ["0j"], ["0j"], ["0j"], ["0j"], ["0j"], ["0j"], ["0j"], ["0j"], ["0j"], ["0j"], ["(0.01726298596345725+0.022357265232790254j)"], ["0j"], ["0j"], ["0j"], ["0j"], ["0j"], ["0j"], ["0j"], ["0j"], ["0j"], ["0j"], ["0j"], ["(-0.002316283994568461-0.002999815659391914j)"], ["0j"], ["0j"], ["(-0.00367119253415443-0.004754555520144166j)"], ["0j"], ["0j"], ["0j"], ["0j"], ["0j"], ["0j"], ["0j"], ["0j"], ["(0.0023162839945874594+0.002999815659415683j)"], ["0j"], ["0j"], ["0j"], ["0j"], ["0j"], ["(0.0036711925341473962+0.004754555520135314j)"], ["0j"], ["0j"], ["0j"], ["0j"], ["0j"], ["(-0.020585778430130274-0.026660608388382443j)"], ["0j"], ["0j"], ["(0.005705309015599707+0.0073889364891337106j)"], ["0j"], ["0j"], ["(-0.005705309015597317-0.007388936489130677j)"], ["0j"], ["0j"], ["(-0.009898788462334532-0.012819904946002538j)"], ["0j"], ["0j"], ["0j"], ["0j"], ["0j"], ["0j"], ["0j"], ["0j"], ["0j"], ["0j"], ["0j"], ["0j"], ["0j"], ["0j"], ["(-0.0003491984258528014-0.000452246317189021j)"], ["0j"], ["0j"], ["(0.0001917716052363413+0.0002483630961328335j)"], ["0j"], ["0j"], ["0j"], ["0j"], ["0j"], ["0j"], ["0j"], ["0j"], ["0j"], ["0j"], ["0j"], ["(0.009201529755638265+0.011916886321387087j)"], ["0j"], ["0j"], ["0j"], ["0j"], ["0j"], ["0j"], ["0j"], ["0j"], ["(-0.012146354595628045-0.01573072421427098j)"], ["0j"], ["0j"], ["(0.011229897202048401+0.014543821724389793j)"], ["0j"], ["0j"], ["(-0.020431426957680725-0.026460708045769363j)"], ["0j"], ["0j"], ["(0.05756362013931914+0.07455055144797199j)"], ["0j"], ["0j"], ["0j"], ["0j"], ["0j"], ["(0.00042748366735420926+0.0005536334069878004j)"], ["0j"], ["0j"], ["0j"], ["0j"], ["0j"], ["(0.003636778795949049+0.0047099863433892756j)"], ["0j"], ["0j"], ["0j"], ["0j"], ["0j"], ["0j"], ["0j"], ["0j"], ["0j"], ["0j"], ["0j"], ["0j"], ["0j"], ["0j"], ["(0.0003491984258417756+0.0004522463171752256j)"], ["0j"], ["0j"], ["0j"], ["0j"], ["0j"], ["(-0.0001917716052243876-0.0002483630961179902j)"], ["0j"], ["0j"], ["0j"], ["0j"], ["0j"], ["(0.012146354595625604+0.01573072421426796j)"], ["0j"], ["0j"], ["(-0.020431426957693972-0.02646070804578581j)"], ["0j"], ["0j"], ["(0.011229897202044491+0.014543821724384856j)"], ["0j"], ["0j"], ["(-0.057563620139308706-0.07455055144795916j)"], ["0j"], ["0j"], ["0j"], ["0j"], ["0j"], ["0j"], ["0j"], ["0j"], ["(0.009201529755643579+0.01191688632139368j)"], ["0j"], ["0j"], ["0j"], ["0j"], ["0j"], ["0j"], ["0j"], ["0j"], ["0j"], ["0j"], ["0j"], ["(-0.00042748366736736806-0.0005536334070040922j)"], ["0j"], ["0j"], ["(-0.0036367787959044255-0.0047099863433330965j)"], ["0j"], ["0j"], ["0j"], ["0j"], ["0j"], ["0j"], ["0j"], ["0j"], ["0j"], ["0j"], ["0j"], ["0j"], ["0j"], ["0j"], ["(-0.009213662501373438-0.011932599420788061j)"], ["0j"], ["0j"], ["(-0.005275148758020393-0.0068318366344699245j)"], ["0j"], ["0j"], ["(0.005275148758017859+0.006831836634466624j)"], ["0j"], ["0j"], ["(-0.3322352362844113-0.43027731778342665j)"], ["0j"], ["0j"], ["0j"], ["0j"], ["0j"], ["(0.010288264800254123+0.013324315122040076j)"], ["0j"], ["(1.5427062594122035e-12-1.2495470003416223e-12j)"], ["0j"], ["0j"], ["0j"], ["(0.046629308839143346+0.06038954254758732j)"], ["0j"], ["0j"], ["0j"], ["0j"], ["0j"], ["0j"], ["0j"], ["0j"], ["(-0.01028826480024651-0.013324315122030509j)"], ["0j"], ["0j"], ["(-0.04662930883957588-0.06038954254812751j)"], ["0j"], ["0j"], ["0j"], ["(1.3675159543688807e-12-5.910434081233986e-13j)"], ["0j"], ["0j"], ["0j"], ["0j"], ["0j"], ["0j"], ["0j"], ["(0.49930353056398297+0.6466471958048208j)"], ["0j"], ["0j"], ["0j"], ["0j"], ["0j"], ["0j"], ["0j"], ["0j"], ["0j"], ["0j"], ["0j"], ["0j"], ["0j"], ["0j"], ["0j"]]}