{"geometry": [["H", [0.0, 0.0, 0.0]], ["H", [0.8014, 0.0, 0.0]], ["H", [-0.493, 0.3626, 0.0]], ["H", [-0.4682, 0.8604, -0.8072]]], "multiplicity": 1, "canonical_orbitals": [[0.44419045521308886, 0.36081943283064194, 0.39447312235365833, 1.752327272726196], [0.2000612948729304, 0.6499056678533854, -0.7120951170717015, -0.8897832081265653], [0.39436223485159144, -0.41561167596946846, 0.6846264955375103, -1.4661545004181697], [0.1878711839909354, -0.6431927791929081, -0.884627498222426, 0.4090153420509044]], "canonical_to_oao": [[0.6217386461617955, 0.38031514811226785, 0.5883283145505992, 0.3502445406902063], [0.26952628937114476, 0.646699706524852, -0.324594442653845, -0.6354317561443806], [0.263269213345279, -0.530283061374209, 0.4589499732837507, -0.6624606540369027], [0.6866483499661802, -0.39489207704968177, -0.5812685817409516, 0.186282384709278]], "orbital_energies": [-0.8138947534749336, -0.2920349778933302, 0.3420514958064225, 1.2213589622741787], "exact_energy": -1.9597455519971905, "ground_states": [["0j"], ["0j"], ["0j"], ["0j"], ["0j"], ["0j"], ["0j"], ["0j"], ["0j"], ["0j"], ["0j"], ["0j"], ["0j"], ["0j"], ["0j"], ["(0.009380758902700626-0.010718433882966946j)"], ["0j"], ["0j"], ["0j"], ["0j"], ["0j"], ["0j"], ["0j"], ["0j"], ["0j"], ["0j"], ["0j"], ["(0.00036506732839401826-0.00041712510286306097j)"], ["0j"], ["0j"], ["(-0.00031128684963968974+0.0003556756496043695j)"], ["0j"], ["0j"], ["0j"], ["0j"], ["0j"], ["0j"], ["0j"], ["0j"], ["(-0.00036506732839394513+0.0004171251028629884j)"], ["0j"], ["0j"], ["0j"], ["0j"], ["0j"], ["(0.0003112868496396795-0.00035567564960436554j)"], ["0j"], ["0j"], ["0j"], ["0j"], ["0j"], ["(-0.024371790719387058+0.027847152895066226j)"], ["0j"], ["0j"], ["(-0.0015884724156689223+0.0018149849856350748j)"], ["0j"], ["0j"], ["(0.001588472415668971-0.001814984985635108j)"], ["0j"], ["0j"], ["(-0.029083746947931147+0.0332310234133189j)"], ["0j"], ["0j"], ["0j"], ["0j"], ["0j"], ["0j"], ["0j"], ["0j"], ["0j"], ["0j"], ["0j"], ["0j"], ["0j"], ["0j"], ["(0.0004702208685943331-0.0005372732998146349j)"], ["0j"], ["0j"], ["(-0.0001407590067327777+0.0001608309223961864j)"], ["0j"], ["0j"], ["0j"], ["0j"], ["0j"], ["0j"], ["0j"], ["0j"], ["0j"], ["0j"], ["0j"], ["(0.018270372620681-0.02087568638988913j)"], ["0j"], ["0j"], ["0j"], ["0j"], ["0j"], ["0j"], ["0j"], ["0j"], ["(-0.004582465174073949+0.005235914332599498j)"], ["0j"], ["0j"], ["(0.016734355572724586-0.01912063678863664j)"], ["0j"], ["0j"], ["(-0.035004728193405624+0.039996323178525854j)"], ["0j"], ["0j"], ["(0.01718157114587197-0.01963162428996052j)"], ["0j"], ["0j"], ["0j"], ["0j"], ["0j"], ["(-0.0002797510762404049+0.00031964294631948683j)"], ["0j"], ["0j"], ["0j"], ["0j"], ["0j"], ["(-0.011027383548042998+0.012599863474562378j)"], ["0j"], ["0j"], ["0j"], ["0j"], ["0j"], ["0j"], ["0j"], ["0j"], ["0j"], ["0j"], ["0j"], ["0j"], ["0j"], ["0j"], ["(-0.00047022086859434953+0.0005372732998146573j)"], ["0j"], ["0j"], ["0j"], ["0j"], ["0j"], ["(0.00014075900673283828-0.00016083092239625602j)"], ["0j"], ["0j"], ["0j"], ["0j"], ["0j"], ["(0.004582465174073995-0.005235914332599534j)"], ["0j"], ["0j"], ["(-0.03500472819340556+0.03999632317852587j)"], ["0j"], ["0j"], ["(0.016734355572724607-0.019120636788636666j)"], ["0j"], ["0j"], ["(-0.017181571145872068+0.01963162428996062j)"], ["0j"], ["0j"], ["0j"], ["0j"], ["0j"], ["0j"], ["0j"], ["0j"], ["(0.01827037262068099-0.020875686389889132j)"], ["0j"], ["0j"], ["0j"], ["0j"], ["0j"], ["0j"], ["0j"], ["0j"], ["0j"], ["0j"], ["0j"], ["(0.0002797510762403065-0.00031964294631936567j)"], ["0j"], ["0j"], ["(0.011027383548042974-0.012599863474562453j)"], ["0j"], ["0j"], ["0j"], ["0j"], ["0j"], ["0j"], ["0j"], ["0j"], ["0j"], ["0j"], ["0j"], ["0j"], ["0j"], ["0j"], ["(-0.014859657796948119+0.016978611354594223j)"], ["0j"], ["0j"], ["(0.008950609186139942-0.010226945790739775j)"], ["0j"], ["0j"], ["(-0.008950609186140135+0.010226945790739942j)"], ["0j"], ["0j"], ["(-0.16242490321002773+0.18558632665666172j)"], ["0j"], ["0j"], ["0j"], ["0j"], ["0j"], ["(0.004006545663757749-0.004577870004068867j)"], ["0j"], ["0j"], ["0j"], ["0j"], ["0j"], ["(-0.005633676415563469+0.006437025917046291j)"], ["0j"], ["0j"], ["0j"], ["0j"], ["0j"], ["0j"], ["0j"], ["0j"], ["(-0.004006545663757708+0.00457787000406875j)"], ["0j"], ["0j"], ["(0.005633676415561829-0.00643702591704458j)"], ["0j"], ["0j"], ["0j"], ["0j"], ["0j"], ["0j"], ["0j"], ["0j"], ["0j"], ["0j"], ["0j"], ["(0.6330824564658574-0.7233585813768333j)"], ["0j"], ["0j"], ["0j"], ["0j"], ["0j"], ["0j"], ["0j"], ["0j"], ["0j"], ["0j"], ["0j"], ["0j"], ["0j"], ["0j"], ["0j"]], "hf_energy": -1.8948922004179123}