{"geometry": [["H", [0.0, 0.0, 0.0]], ["H", [1.1216, 0.0, 0.0]], ["H", [0.0493, 0.9676, 0.0]], ["H", [-0.8856, 0.3668, 0.1661]]], "multiplicity": 1, "canonical_orbitals": [[0.4173776125990408, 0.22814267594492846, 0.4334612697717321, 1.1987647529147738], [0.15705450923333747, 0.7908697646619699, 0.1973780943701392, -0.7580814714857831], [0.40236463411558415, -0.11769746595546396, -1.119774179763161, -0.1362360166145966], [0.3301102027983679, -0.6612064758047668, 0.5854085001580853, -0.7585871397058701]], "canonical_to_oao": [[0.5926387449604422, 0.29321036805248296, 0.5615268810631182, 0.4974882509987182], [0.18248974700618734, 0.7893477531101183, -0.09183942464135053, -0.5789586660368523], [0.31703669248510524, 0.16206875910584595, -0.8185674012896026, 0.4507425678654952], [0.7176103022026893, -0.5144817995307773, -0.0787431995226026, -0.4627563512833545]], "orbital_energies": [-0.731632465089032, -0.20520903599169782, 0.2798340276280583, 0.5896259651285284], "exact_energy": -1.9425714348671483, "ground_states": [["0j"], ["0j"], ["0j"], ["0j"], ["0j"], ["0j"], ["0j"], ["0j"], ["0j"], ["0j"], ["0j"], ["0j"], ["0j"], ["0j"], ["0j"], ["(-0.014800114155910458+0.021312444949765398j)"], ["0j"], ["0j"], ["0j"], ["0j"], ["0j"], ["0j"], ["0j"], ["0j"], ["0j"], ["0j"], ["0j"], ["(-0.0005018918893914379+0.0007227338350710259j)"], ["0j"], ["0j"], ["(-0.004761294552964061+0.006856354415965141j)"], ["0j"], ["0j"], ["0j"], ["0j"], ["0j"], ["0j"], ["0j"], ["0j"], ["(0.000501891889391481-0.0007227338350710065j)"], ["0j"], ["0j"], ["0j"], ["0j"], ["0j"], ["(0.004761294552964055-0.006856354415965134j)"], ["0j"], ["0j"], ["0j"], ["0j"], ["0j"], ["(0.023143680001523625-0.03332733793613877j)"], ["0j"], ["0j"], ["(-0.014746753413265486+0.021235604468798814j)"], ["0j"], ["0j"], ["(0.014746753413265465-0.021235604468798793j)"], ["0j"], ["0j"], ["(0.056988602909633125-0.0820646685208543j)"], ["0j"], ["0j"], ["0j"], ["0j"], ["0j"], ["0j"], ["0j"], ["0j"], ["0j"], ["0j"], ["0j"], ["0j"], ["0j"], ["0j"], ["(0.006951657236247568-0.010010518202523334j)"], ["0j"], ["0j"], ["(-0.008582739621148446+0.01235930775715313j)"], ["0j"], ["0j"], ["0j"], ["0j"], ["0j"], ["0j"], ["0j"], ["0j"], ["0j"], ["0j"], ["0j"], ["(0.005925433167388334-0.008532736089271633j)"], ["0j"], ["0j"], ["0j"], ["0j"], ["0j"], ["0j"], ["0j"], ["0j"], ["(0.007890816846546378-0.01136292584497j)"], ["0j"], ["0j"], ["(-0.021849671199986112+0.03146394073144432j)"], ["0j"], ["0j"], ["(0.01592423803259772-0.022931204642172787j)"], ["0j"], ["0j"], ["(-0.02557961575052993+0.036835131592658j)"], ["0j"], ["0j"], ["0j"], ["0j"], ["0j"], ["(0.012317308240488828-0.01773715736509189j)"], ["0j"], ["0j"], ["0j"], ["0j"], ["0j"], ["(-0.018371061513905586+0.02645467683960459j)"], ["0j"], ["0j"], ["0j"], ["0j"], ["0j"], ["0j"], ["0j"], ["0j"], ["0j"], ["0j"], ["0j"], ["0j"], ["0j"], ["0j"], ["(-0.006951657236247621+0.010010518202523312j)"], ["0j"], ["0j"], ["0j"], ["0j"], ["0j"], ["(0.008582739621148435-0.012359307757153128j)"], ["0j"], ["0j"], ["0j"], ["0j"], ["0j"], ["(-0.007890816846546314+0.011362925844969996j)"], ["0j"], ["0j"], ["(0.015924238032597796-0.022931204642172763j)"], ["0j"], ["0j"], ["(-0.021849671199986005+0.031463940731444394j)"], ["0j"], ["0j"], ["(0.025579615750529857-0.03683513159265801j)"], ["0j"], ["0j"], ["0j"], ["0j"], ["0j"], ["0j"], ["0j"], ["0j"], ["(0.005925433167388288-0.008532736089271657j)"], ["0j"], ["0j"], ["0j"], ["0j"], ["0j"], ["0j"], ["0j"], ["0j"], ["0j"], ["0j"], ["0j"], ["(-0.01231730824048878+0.01773715736509199j)"], ["0j"], ["0j"], ["(0.018371061513905884-0.026454676839604608j)"], ["0j"], ["0j"], ["0j"], ["0j"], ["0j"], ["0j"], ["0j"], ["0j"], ["0j"], ["0j"], ["0j"], ["0j"], ["0j"], ["0j"], ["(0.08102906649541279-0.11668339181861738j)"], ["0j"], ["0j"], ["(0.06257741400830856-0.09011266244984643j)"], ["0j"], ["0j"], ["(-0.06257741400830856+0.09011266244984628j)"], ["0j"], ["0j"], ["(0.04216122874596827-0.06071296864315589j)"], ["0j"], ["0j"], ["0j"], ["0j"], ["0j"], ["(0.01585685539715262-0.022834172369761714j)"], ["0j"], ["0j"], ["0j"], ["0j"], ["0j"], ["(-0.006184829733477189+0.008906272061810206j)"], ["0j"], ["0j"], ["0j"], ["0j"], ["0j"], ["0j"], ["0j"], ["0j"], ["(-0.015856855397152668+0.02283417236976167j)"], ["0j"], ["0j"], ["(0.006184829733476517-0.00890627206181035j)"], ["0j"], ["0j"], ["0j"], ["0j"], ["0j"], ["0j"], ["0j"], ["0j"], ["0j"], ["0j"], ["0j"], ["(-0.5476496644486197+0.7886258985818395j)"], ["0j"], ["0j"], ["0j"], ["0j"], ["0j"], ["0j"], ["0j"], ["0j"], ["0j"], ["0j"], ["0j"], ["0j"], ["0j"], ["0j"], ["0j"]]}