{"geometry": [["H", [0.0, 0.0, 0.0]], ["H", [0.9818, 0.0, 0.0]], ["H", [-0.0338, 0.8726, 0.0]], ["H", [-0.6058, 0.9839, -0.0548]]], "multiplicity": 1, "canonical_orbitals": [[0.29241568081223906, 0.48406576975958315, 1.1702394609416438, 0.33881526504230514], [0.14774749624464975, 0.6639121235912643, -0.9327340751329456, 0.21857492238872], [0.4483914631615285, -0.2726121009171225, -0.20789534730140616, -1.6415629991844525], [0.34658545135045504, -0.5359982754021457, -0.2965788913180623, 1.3933590485020462]], "canonical_to_oao": [[0.4806253380725637, 0.28427044352188763, 0.6256049298277689, 0.5448009463259896], [0.44959805839673794, 0.7053896965815207, -0.23471592221867763, -0.49517208897468085], [0.7372253754564139, -0.6391920780472209, -0.11223731205805854, -0.1879761126494699], [0.1528385294082139, 0.11423299986507696, -0.735479227044659, 0.6501242283255937]], "orbital_energies": [-0.810535639015131, -0.3530568230282437, 0.5113847972122731, 0.9302533547641949], "exact_energy": -2.030149765432692, "ground_states": [["0j"], ["0j"], ["0j"], ["0j"], ["0j"], ["0j"], ["0j"], ["0j"], ["0j"], ["0j"], ["0j"], ["0j"], ["0j"], ["0j"], ["0j"], ["(0.0077577763057404435-0.009900194733409787j)"], ["0j"], ["0j"], ["0j"], ["0j"], ["0j"], ["0j"], ["0j"], ["0j"], ["0j"], ["0j"], ["0j"], ["(0.0013332484820942842-0.0017014436973375319j)"], ["0j"], ["0j"], ["(0.0014248231438241266-0.0018183079826741323j)"], ["0j"], ["0j"], ["0j"], ["0j"], ["0j"], ["0j"], ["0j"], ["0j"], ["(-0.001333248482094397+0.0017014436973376294j)"], ["0j"], ["0j"], ["0j"], ["0j"], ["0j"], ["(-0.0014248231438241316+0.0018183079826741269j)"], ["0j"], ["0j"], ["0j"], ["0j"], ["0j"], ["(-0.030571860023145325+0.03901470674885569j)"], ["0j"], ["0j"], ["(0.0035444452135618134-0.004523293332162514j)"], ["0j"], ["0j"], ["(-0.0035444452135618473+0.004523293332162479j)"], ["0j"], ["0j"], ["(-0.02252948162120296+0.028751313069911653j)"], ["0j"], ["0j"], ["0j"], ["0j"], ["0j"], ["0j"], ["0j"], ["0j"], ["0j"], ["0j"], ["0j"], ["0j"], ["0j"], ["0j"], ["(-0.0005354448948160353+0.0006833154912918128j)"], ["0j"], ["0j"], ["(-0.0006438842528950585+0.000821701894745356j)"], ["0j"], ["0j"], ["0j"], ["0j"], ["0j"], ["0j"], ["0j"], ["0j"], ["0j"], ["0j"], ["0j"], ["(0.0037532728492266324-0.004789791640095133j)"], ["0j"], ["0j"], ["0j"], ["0j"], ["0j"], ["0j"], ["0j"], ["0j"], ["(0.02045509144705658-0.026104051036598755j)"], ["0j"], ["0j"], ["(0.0036294741454905694-0.004631804192864459j)"], ["0j"], ["0j"], ["(-0.007382746994717356+0.009421595832959451j)"], ["0j"], ["0j"], ["(-0.03338948560343083+0.04261045904065897j)"], ["0j"], ["0j"], ["0j"], ["0j"], ["0j"], ["(0.000984003025764218-0.0012557492236691208j)"], ["0j"], ["0j"], ["0j"], ["0j"], ["0j"], ["(-0.00214967120809538+0.0027433329776728084j)"], ["0j"], ["0j"], ["0j"], ["0j"], ["0j"], ["0j"], ["0j"], ["0j"], ["0j"], ["0j"], ["0j"], ["0j"], ["0j"], ["0j"], ["(0.0005354448948159826-0.0006833154912917385j)"], ["0j"], ["0j"], ["0j"], ["0j"], ["0j"], ["(0.0006438842528951126-0.0008217018947453142j)"], ["0j"], ["0j"], ["0j"], ["0j"], ["0j"], ["(-0.020455091447056557+0.026104051036598745j)"], ["0j"], ["0j"], ["(-0.00738274699471713+0.009421595832959402j)"], ["0j"], ["0j"], ["(0.0036294741454905633-0.0046318041928644724j)"], ["0j"], ["0j"], ["(0.03338948560343071-0.042610459040658855j)"], ["0j"], ["0j"], ["0j"], ["0j"], ["0j"], ["0j"], ["0j"], ["0j"], ["(0.0037532728492265795-0.0047897916400951035j)"], ["0j"], ["0j"], ["0j"], ["0j"], ["0j"], ["0j"], ["0j"], ["0j"], ["0j"], ["0j"], ["0j"], ["(-0.0009840030257644713+0.0012557492236689512j)"], ["0j"], ["0j"], ["(0.002149671208095605-0.0027433329776730946j)"], ["0j"], ["0j"], ["0j"], ["0j"], ["0j"], ["0j"], ["0j"], ["0j"], ["0j"], ["0j"], ["0j"], ["0j"], ["0j"], ["0j"], ["(-0.021312447153937805+0.027198177512976197j)"], ["0j"], ["0j"], ["(-0.015619246573684752+0.019932719966957606j)"], ["0j"], ["0j"], ["(0.01561924657368496-0.019932719966957575j)"], ["0j"], ["0j"], ["(-0.08788165079364212+0.11215139777964118j)"], ["0j"], ["0j"], ["0j"], ["0j"], ["0j"], ["(-0.003032214283713315+0.0038696026669365305j)"], ["0j"], ["0j"], ["0j"], ["0j"], ["0j"], ["(-0.009241330132013314+0.011793452697902744j)"], ["0j"], ["0j"], ["0j"], ["0j"], ["0j"], ["0j"], ["0j"], ["0j"], ["(0.0030322142837134014-0.0038696026669363683j)"], ["0j"], ["0j"], ["(0.009241330132015094-0.0117934526979045j)"], ["0j"], ["0j"], ["0j"], ["0j"], ["0j"], ["0j"], ["0j"], ["0j"], ["0j"], ["0j"], ["0j"], ["(0.6056394403667339-0.7728952423424771j)"], ["0j"], ["0j"], ["0j"], ["0j"], ["0j"], ["0j"], ["0j"], ["0j"], ["0j"], ["0j"], ["0j"], ["0j"], ["0j"], ["0j"], ["0j"]], "hf_energy": -1.9830854841057077}