{"geometry": [["H", [0.0, 0.0, 0.0]], ["H", [1.1236, 0.0, 0.0]], ["H", [0.3156, 0.3831, 0.0]], ["H", [-0.6886, 0.5395, -0.0111]]], "multiplicity": 1, "canonical_orbitals": [[0.427542914198887, 0.20224364256276645, 0.7519583244565322, 1.6221632788567901], [0.13406859689241035, -0.7400514160092224, -0.8560079030289489, 0.4579626709883138], [0.4344400060083514, -0.2353334999384049, 0.4565166810585799, -1.786419445841428], [0.17167489051030194, 0.7179941420246491, -0.9814445494455225, -0.16328095364003647]], "canonical_to_oao": [[0.6157329705903678, 0.32130159349040494, 0.6175812267596245, 0.3690956831264288], [0.1389464908490908, -0.7148149695711329, -0.16430757134906993, 0.6653844407221399], [0.4204295875677537, -0.5797811332452458, 0.2676766772479284, -0.6445479003828776], [0.6517712355622096, 0.22284228241159149, -0.7210725669507577, -0.07476581340656141]], "orbital_energies": [-0.9168868106320803, -0.26972954395133464, 0.48490145890700076, 0.9692105694216422], "exact_energy": -1.837955537371549, "ground_states": [["0j"], ["0j"], ["0j"], ["0j"], ["0j"], ["0j"], ["0j"], ["0j"], ["0j"], ["0j"], ["0j"], ["0j"], ["0j"], ["0j"], ["0j"], ["(0.012326425799504865+0j)"], ["0j"], ["0j"], ["0j"], ["0j"], ["0j"], ["0j"], ["0j"], ["0j"], ["0j"], ["0j"], ["0j"], ["(-0.000548253409484098+0j)"], ["0j"], ["0j"], ["(-0.00021086090061861462+0j)"], ["0j"], ["0j"], ["0j"], ["0j"], ["0j"], ["0j"], ["0j"], ["0j"], ["(0.0005482534094840596+0j)"], ["0j"], ["0j"], ["0j"], ["0j"], ["0j"], ["(0.00021086090061866073+0j)"], ["0j"], ["0j"], ["0j"], ["0j"], ["0j"], ["(-0.049917480165346854+0j)"], ["0j"], ["0j"], ["(0.005286039992591648+0j)"], ["0j"], ["0j"], ["(-0.0052860399925916445+0j)"], ["0j"], ["0j"], ["(-0.030973432163596677+0j)"], ["0j"], ["0j"], ["0j"], ["0j"], ["0j"], ["0j"], ["0j"], ["0j"], ["0j"], ["0j"], ["0j"], ["0j"], ["0j"], ["0j"], ["(0.006403934234309602+0j)"], ["0j"], ["0j"], ["(-0.0010262683878671148+0j)"], ["0j"], ["0j"], ["0j"], ["0j"], ["0j"], ["0j"], ["0j"], ["0j"], ["0j"], ["0j"], ["0j"], ["(0.012839460401129807+0j)"], ["0j"], ["0j"], ["0j"], ["0j"], ["0j"], ["0j"], ["0j"], ["0j"], ["(0.004486919345203292+0j)"], ["0j"], ["0j"], ["(0.012814807404734514+0j)"], ["0j"], ["0j"], ["(-0.025654267805864314+0j)"], ["0j"], ["0j"], ["(-0.011575444841288168+0j)"], ["0j"], ["0j"], ["0j"], ["0j"], ["0j"], ["(0.0015140789923559046+0j)"], ["0j"], ["0j"], ["0j"], ["0j"], ["0j"], ["(-0.023290953595867178+0j)"], ["0j"], ["0j"], ["0j"], ["0j"], ["0j"], ["0j"], ["0j"], ["0j"], ["0j"], ["0j"], ["0j"], ["0j"], ["0j"], ["0j"], ["(-0.006403934234309601+0j)"], ["0j"], ["0j"], ["0j"], ["0j"], ["0j"], ["(0.0010262683878671144+0j)"], ["0j"], ["0j"], ["0j"], ["0j"], ["0j"], ["(-0.004486919345203291+0j)"], ["0j"], ["0j"], ["(-0.025654267805864325+0j)"], ["0j"], ["0j"], ["(0.012814807404734495+0j)"], ["0j"], ["0j"], ["(0.01157544484128817+0j)"], ["0j"], ["0j"], ["0j"], ["0j"], ["0j"], ["0j"], ["0j"], ["0j"], ["(0.012839460401129805+0j)"], ["0j"], ["0j"], ["0j"], ["0j"], ["0j"], ["0j"], ["0j"], ["0j"], ["0j"], ["0j"], ["0j"], ["(-0.0015140789923559056+0j)"], ["0j"], ["0j"], ["(0.023290953595867147+0j)"], ["0j"], ["0j"], ["0j"], ["0j"], ["0j"], ["0j"], ["0j"], ["0j"], ["0j"], ["0j"], ["0j"], ["0j"], ["0j"], ["0j"], ["(-0.005639597786885792+0j)"], ["0j"], ["0j"], ["(-0.021711923111026217+0j)"], ["0j"], ["0j"], ["(0.021711923111026203+0j)"], ["0j"], ["0j"], ["(-0.21805895512761064+0j)"], ["0j"], ["0j"], ["0j"], ["0j"], ["0j"], ["(0.005432593400045228+0j)"], ["0j"], ["0j"], ["0j"], ["0j"], ["0j"], ["(0.007903723156187446+0j)"], ["0j"], ["0j"], ["0j"], ["0j"], ["0j"], ["0j"], ["0j"], ["0j"], ["(-0.005432593400045229+0j)"], ["0j"], ["0j"], ["(-0.00790372315618749+0j)"], ["0j"], ["0j"], ["0j"], ["0j"], ["0j"], ["0j"], ["0j"], ["0j"], ["0j"], ["0j"], ["0j"], ["(0.9716870707917151+0j)"], ["0j"], ["0j"], ["0j"], ["0j"], ["0j"], ["0j"], ["0j"], ["0j"], ["0j"], ["0j"], ["0j"], ["0j"], ["0j"], ["0j"], ["0j"]], "hf_energy": -1.7784552481862086}