{"geometry": [["H", [0.0, 0.0, 0.0]], ["H", [0.5266, 0.0, 0.0]], ["H", [-0.7261, 0.6709, 0.0]], ["H", [-1.0838, 0.8981, 0.4433]]], "multiplicity": 1, "canonical_orbitals": [[0.400004759569838, 0.38073983639506703, 0.7471133420161805, 1.6699240555069625], [0.3095712505715588, 0.46860004940218597, -0.973878326508044, -1.2812833305971485], [0.32763722642811, -0.45061497349756524, 1.004307251422264, -1.2916012905849317], [0.2420284803390646, -0.5177929247221609, -1.130779583668001, 0.8448462522343343]], "canonical_to_oao": [[0.5814556970879144, 0.49175970407788216, 0.5119041096926628, 0.3975372287585179], [0.378426310262079, 0.5252115768062383, -0.4659706784197877, -0.6031729885722137], [0.36354207146602696, -0.48776363774194587, 0.5207621962222441, -0.5989411748717239], [0.6217233808532762, -0.49438024508537937, -0.49963210897474397, 0.3455661537985777]], "orbital_energies": [-0.8047527387723846, -0.5242197996291577, 0.7465568629983913, 1.3061285514703194], "exact_energy": -2.1063981550327493, "ground_states": [["0j"], ["0j"], ["0j"], ["0j"], ["0j"], ["0j"], ["0j"], ["0j"], ["0j"], ["0j"], ["0j"], ["0j"], ["0j"], ["0j"], ["0j"], ["(0.0012671778526967717+0.00565456482047382j)"], ["0j"], ["0j"], ["0j"], ["0j"], ["0j"], ["0j"], ["0j"], ["0j"], ["0j"], ["0j"], ["0j"], ["(-3.5067090127417877e-06-1.5648090263584045e-05j)"], ["0j"], ["0j"], ["(0.00013331559567149572+0.0005948980845114427j)"], ["0j"], ["0j"], ["0j"], ["0j"], ["0j"], ["0j"], ["0j"], ["0j"], ["(3.5067090127307043e-06+1.5648090263597544e-05j)"], ["0j"], ["0j"], ["0j"], ["0j"], ["0j"], ["(-0.00013331559567150662-0.0005948980845114201j)"], ["0j"], ["0j"], ["0j"], ["0j"], ["0j"], ["(-0.006285414343529586-0.028047588389731645j)"], ["0j"], ["0j"], ["(0.0010578796785774313+0.0047206074522591224j)"], ["0j"], ["0j"], ["(-0.001057879678577466-0.004720607452259148j)"], ["0j"], ["0j"], ["(-0.008997491466486391-0.04014976951390944j)"], ["0j"], ["0j"], ["0j"], ["0j"], ["0j"], ["0j"], ["0j"], ["0j"], ["0j"], ["0j"], ["0j"], ["0j"], ["0j"], ["0j"], ["(-0.00021656855434419665-0.0009664001986851444j)"], ["0j"], ["0j"], ["(-3.0227269825887145e-05-0.00013488403085065747j)"], ["0j"], ["0j"], ["0j"], ["0j"], ["0j"], ["0j"], ["0j"], ["0j"], ["0j"], ["0j"], ["0j"], ["(0.002305771621148007+0.010289112191506968j)"], ["0j"], ["0j"], ["0j"], ["0j"], ["0j"], ["0j"], ["0j"], ["0j"], ["(-0.001524596474481585-0.006803251470719043j)"], ["0j"], ["0j"], ["(0.006017184049849135+0.026850656499545118j)"], ["0j"], ["0j"], ["(-0.008322955670997105-0.03713976869105206j)"], ["0j"], ["0j"], ["(0.0024376403673776336+0.010877553957406895j)"], ["0j"], ["0j"], ["0j"], ["0j"], ["0j"], ["(-1.8997235719134156e-06-8.477192097154912e-06j)"], ["0j"], ["0j"], ["0j"], ["0j"], ["0j"], ["(-9.112307992025064e-05-0.0004066211865633889j)"], ["0j"], ["0j"], ["0j"], ["0j"], ["0j"], ["0j"], ["0j"], ["0j"], ["0j"], ["0j"], ["0j"], ["0j"], ["0j"], ["0j"], ["(0.00021656855434420177+0.0009664001986851344j)"], ["0j"], ["0j"], ["0j"], ["0j"], ["0j"], ["(3.0227269825880186e-05+0.00013488403085069154j)"], ["0j"], ["0j"], ["0j"], ["0j"], ["0j"], ["(0.0015245964744815916+0.006803251470719037j)"], ["0j"], ["0j"], ["(-0.008322955670997088-0.03713976869105206j)"], ["0j"], ["0j"], ["(0.006017184049849111+0.0268506564995451j)"], ["0j"], ["0j"], ["(-0.0024376403673776192-0.01087755395740688j)"], ["0j"], ["0j"], ["0j"], ["0j"], ["0j"], ["0j"], ["0j"], ["0j"], ["(0.002305771621147969+0.010289112191506957j)"], ["0j"], ["0j"], ["0j"], ["0j"], ["0j"], ["0j"], ["0j"], ["0j"], ["0j"], ["0j"], ["0j"], ["(1.8997235719437292e-06+8.477192096947893e-06j)"], ["0j"], ["0j"], ["(9.112307992025238e-05+0.0004066211865634766j)"], ["0j"], ["0j"], ["0j"], ["0j"], ["0j"], ["0j"], ["0j"], ["0j"], ["0j"], ["0j"], ["0j"], ["0j"], ["0j"], ["0j"], ["(-0.007042579562946927-0.031426308909421816j)"], ["0j"], ["0j"], ["(-0.0012167457099682849-0.005429519993903515j)"], ["0j"], ["0j"], ["(0.0012167457099682916+0.0054295199939034785j)"], ["0j"], ["0j"], ["(-0.014426431833248448-0.06437548900940984j)"], ["0j"], ["0j"], ["0j"], ["0j"], ["0j"], ["(-0.00026117380529737107-0.0011654435155417802j)"], ["0j"], ["0j"], ["0j"], ["0j"], ["0j"], ["(0.00011103431890734437+0.0004954716910664401j)"], ["0j"], ["0j"], ["0j"], ["0j"], ["0j"], ["0j"], ["0j"], ["0j"], ["(0.0002611738052973488+0.001165443515541769j)"], ["0j"], ["0j"], ["(-0.00011103431890713001-0.0004954716910670012j)"], ["0j"], ["0j"], ["0j"], ["0j"], ["0j"], ["0j"], ["0j"], ["0j"], ["0j"], ["0j"], ["0j"], ["(0.21724442893046195+0.9694161736332372j)"], ["0j"], ["0j"], ["0j"], ["0j"], ["0j"], ["0j"], ["0j"], ["0j"], ["0j"], ["0j"], ["0j"], ["0j"], ["0j"], ["0j"], ["0j"]]}