{"geometry": [["H", [0.0, 0.0, 0.0]], ["H", [0.9526, 0.0, 0.0]], ["H", [-0.258, -0.8008, 0.0]], ["H", [-0.1685, -0.1532, 0.7192]]], "multiplicity": 1, "canonical_orbitals": [[0.41729874819318064, 0.33281779592590227, 0.012328607463084035, 1.4932495070773644], [0.11164713856142022, 0.8674803022176879, 0.21852572503445097, -0.7563229276023895], [0.3096033618892468, -0.6120732585651741, 0.9612019945513299, -0.47395773840956834], [0.37846696795554, -0.34177321155436746, -1.0427657433366442, -0.6816589958246041]], "canonical_to_oao": [[0.596465292659564, 0.2860358514666133, 0.49926517655872293, 0.5595953268247471], [0.2330150300854727, 0.8148168021220967, -0.4711755863993487, -0.24448137253176452], [0.0071629740104831585, 0.17998165356509616, 0.6823873016707708, -0.7084510333832424], [0.7680376567656889, -0.4710240705476343, -0.25114820480246525, -0.3538065318491238]], "orbital_energies": [-0.8354595243068433, -0.15480815517193572, 0.3255422931284793, 0.7167594092749409], "exact_energy": -1.7974538242312073, "ground_states": [["0j"], ["0j"], ["0j"], ["0j"], ["0j"], ["0j"], ["0j"], ["0j"], ["0j"], ["0j"], ["0j"], ["0j"], ["0j"], ["0j"], ["0j"], ["(-0.0113905948876845+0.019098758716614917j)"], ["0j"], ["0j"], ["0j"], ["0j"], ["0j"], ["0j"], ["0j"], ["0j"], ["0j"], ["0j"], ["0j"], ["(0.0021464871887417864-0.003599043009635367j)"], ["0j"], ["0j"], ["(-0.004108898564348186+0.0068894437073151555j)"], ["0j"], ["0j"], ["0j"], ["0j"], ["0j"], ["0j"], ["0j"], ["0j"], ["(-0.0021464871887420856+0.0035990430096322964j)"], ["0j"], ["0j"], ["0j"], ["0j"], ["0j"], ["(0.004108898564348316-0.006889443707314688j)"], ["0j"], ["0j"], ["0j"], ["0j"], ["0j"], ["(0.023295394281272638-0.03905969082154595j)"], ["0j"], ["0j"], ["(-0.007468289637585262+0.012522178448137779j)"], ["0j"], ["0j"], ["(0.007468289637585083-0.012522178448139062j)"], ["0j"], ["0j"], ["(0.03894932611645963-0.06530684209279501j)"], ["0j"], ["0j"], ["0j"], ["0j"], ["0j"], ["0j"], ["0j"], ["0j"], ["0j"], ["0j"], ["0j"], ["0j"], ["0j"], ["0j"], ["(0.003047963404447522-0.005110559914789632j)"], ["0j"], ["0j"], ["(0.0018694926923235157-0.0031346027319224612j)"], ["0j"], ["0j"], ["0j"], ["0j"], ["0j"], ["0j"], ["0j"], ["0j"], ["0j"], ["0j"], ["0j"], ["(0.007144674276251902-0.01197956835937374j)"], ["0j"], ["0j"], ["0j"], ["0j"], ["0j"], ["0j"], ["0j"], ["0j"], ["(0.014926126028047057-0.02502682980075707j)"], ["0j"], ["0j"], ["(-0.003772204386814779+0.006324904197182723j)"], ["0j"], ["0j"], ["(-0.003372469889437009+0.005654664162192319j)"], ["0j"], ["0j"], ["(-0.048128589099483615+0.08069783182052882j)"], ["0j"], ["0j"], ["0j"], ["0j"], ["0j"], ["(0.00047217650887613496-0.0007917044986329361j)"], ["0j"], ["0j"], ["0j"], ["0j"], ["0j"], ["(-0.009524465343620779+0.01596979501915396j)"], ["0j"], ["0j"], ["0j"], ["0j"], ["0j"], ["0j"], ["0j"], ["0j"], ["0j"], ["0j"], ["0j"], ["0j"], ["0j"], ["0j"], ["(-0.003047963404447407+0.0051105599147909095j)"], ["0j"], ["0j"], ["0j"], ["0j"], ["0j"], ["(-0.0018694926923235199+0.0031346027319226442j)"], ["0j"], ["0j"], ["0j"], ["0j"], ["0j"], ["(-0.014926126028047083+0.02502682980075735j)"], ["0j"], ["0j"], ["(-0.003372469889437553+0.005654664162187065j)"], ["0j"], ["0j"], ["(-0.003772204386814484+0.006324904197184653j)"], ["0j"], ["0j"], ["(0.0481285890994838-0.08069783182052846j)"], ["0j"], ["0j"], ["0j"], ["0j"], ["0j"], ["0j"], ["0j"], ["0j"], ["(0.007144674276251907-0.011979568359372984j)"], ["0j"], ["0j"], ["0j"], ["0j"], ["0j"], ["0j"], ["0j"], ["0j"], ["0j"], ["0j"], ["0j"], ["(-0.0004721765088762649+0.0007917044986324554j)"], ["0j"], ["0j"], ["(0.009524465343620005-0.015969795019159724j)"], ["0j"], ["0j"], ["0j"], ["0j"], ["0j"], ["0j"], ["0j"], ["0j"], ["0j"], ["0j"], ["0j"], ["0j"], ["0j"], ["0j"], ["(0.0423978060983323-0.07108895336637464j)"], ["0j"], ["0j"], ["(0.04141840406475801-0.06944677722805502j)"], ["0j"], ["0j"], ["(-0.04141840406475724+0.06944677722806332j)"], ["0j"], ["0j"], ["(0.08781806849479333-0.14724569855035785j)"], ["0j"], ["0j"], ["0j"], ["0j"], ["0j"], ["(0.017324075290162104-0.029047502542033563j)"], ["0j"], ["0j"], ["0j"], ["0j"], ["0j"], ["(-0.02952968767882196+0.04951281171143905j)"], ["0j"], ["0j"], ["0j"], ["0j"], ["0j"], ["0j"], ["0j"], ["0j"], ["(-0.017324075290162704+0.029047502542030496j)"], ["0j"], ["0j"], ["(0.029529687678826848-0.04951281171139237j)"], ["0j"], ["0j"], ["0j"], ["0j"], ["0j"], ["0j"], ["0j"], ["0j"], ["0j"], ["0j"], ["0j"], ["(-0.48918833690141067+0.8202284521209439j)"], ["0j"], ["0j"], ["0j"], ["0j"], ["0j"], ["0j"], ["0j"], ["0j"], ["0j"], ["0j"], ["0j"], ["0j"], ["0j"], ["0j"], ["0j"]], "hf_energy": -1.7358599999859308}