{"geometry": [["H", [0.0, 0.0, 0.0]], ["H", [0.8141, 0.0, 0.0]], ["H", [0.0298, 0.4829, 0.0]], ["H", [0.4552, 0.0287, -0.6745]]], "multiplicity": 1, "canonical_orbitals": [[0.3896290706706781, 0.524858161815007, 0.012353767780443111, 1.8103331629716939], [0.23339266304415152, -0.696256385194918, 1.1821644055682174, -0.17668296921349957], [0.30537095374500983, 0.6920362094419888, -0.007030879838649796, -1.6091660440518716], [0.23448192996191666, -0.6935791694138066, -1.1873577613518516, -0.15328838142923795]], "canonical_to_oao": [[0.5732516817471798, 0.4438746214487231, 0.5258739029244689, 0.44476338431885926], [0.37028964470557646, -0.5466151747847022, 0.5178331259452456, -0.5440094515655808], [0.006492169003279327, 0.705821893201354, -0.0037462793389735523, -0.7083496821559274], [0.7309076139564299, -0.07747661715961227, -0.6747528860908072, -0.0669326255733873]], "orbital_energies": [-0.9645980854873744, -0.23246069536624098, 0.5382450431260278, 0.9660063829567798], "exact_energy": -1.5430764844892344, "ground_states": [["0j"], ["0j"], ["0j"], ["0j"], ["0j"], ["0j"], ["0j"], ["0j"], ["0j"], ["0j"], ["0j"], ["0j"], ["0j"], ["0j"], ["0j"], ["(0.014292541594223664+0j)"], ["0j"], ["0j"], ["0j"], ["0j"], ["0j"], ["0j"], ["0j"], ["0j"], ["0j"], ["0j"], ["0j"], ["(4.090042182780529e-05+0j)"], ["0j"], ["0j"], ["(0.0015117862134643861+0j)"], ["0j"], ["0j"], ["0j"], ["0j"], ["0j"], ["0j"], ["0j"], ["0j"], ["(-4.090042182771001e-05+0j)"], ["0j"], ["0j"], ["0j"], ["0j"], ["0j"], ["(-0.0015117862134643794+0j)"], ["0j"], ["0j"], ["0j"], ["0j"], ["0j"], ["(-0.042687697885146064+0j)"], ["0j"], ["0j"], ["(0.00015271680631980092+0j)"], ["0j"], ["0j"], ["(-0.00015271680631980135+0j)"], ["0j"], ["0j"], ["(-0.042317984594986785+0j)"], ["0j"], ["0j"], ["0j"], ["0j"], ["0j"], ["0j"], ["0j"], ["0j"], ["0j"], ["0j"], ["0j"], ["0j"], ["0j"], ["0j"], ["(3.918821746514729e-07+0j)"], ["0j"], ["0j"], ["(-0.0008268940501912822+0j)"], ["0j"], ["0j"], ["0j"], ["0j"], ["0j"], ["0j"], ["0j"], ["0j"], ["0j"], ["0j"], ["0j"], ["(0.00014768435407110024+0j)"], ["0j"], ["0j"], ["0j"], ["0j"], ["0j"], ["0j"], ["0j"], ["0j"], ["(-0.03803358215377571+0j)"], ["0j"], ["0j"], ["(0.0006852644865401429+0j)"], ["0j"], ["0j"], ["(-0.0008329488406112477+0j)"], ["0j"], ["0j"], ["(0.07053781268139775+0j)"], ["0j"], ["0j"], ["0j"], ["0j"], ["0j"], ["(5.253201474462794e-05+0j)"], ["0j"], ["0j"], ["0j"], ["0j"], ["0j"], ["(1.5538444266168822e-05+0j)"], ["0j"], ["0j"], ["0j"], ["0j"], ["0j"], ["0j"], ["0j"], ["0j"], ["0j"], ["0j"], ["0j"], ["0j"], ["0j"], ["0j"], ["(-3.9188217465425496e-07+0j)"], ["0j"], ["0j"], ["0j"], ["0j"], ["0j"], ["(0.0008268940501912842+0j)"], ["0j"], ["0j"], ["0j"], ["0j"], ["0j"], ["(0.038033582153775704+0j)"], ["0j"], ["0j"], ["(-0.0008329488406112488+0j)"], ["0j"], ["0j"], ["(0.0006852644865401425+0j)"], ["0j"], ["0j"], ["(-0.07053781268139774+0j)"], ["0j"], ["0j"], ["0j"], ["0j"], ["0j"], ["0j"], ["0j"], ["0j"], ["(0.00014768435407109818+0j)"], ["0j"], ["0j"], ["0j"], ["0j"], ["0j"], ["0j"], ["0j"], ["0j"], ["0j"], ["0j"], ["0j"], ["(-5.253201474462754e-05+0j)"], ["0j"], ["0j"], ["(-1.5538444266165234e-05+0j)"], ["0j"], ["0j"], ["0j"], ["0j"], ["0j"], ["0j"], ["0j"], ["0j"], ["0j"], ["0j"], ["0j"], ["0j"], ["0j"], ["0j"], ["(-0.04732134949484895+0j)"], ["0j"], ["0j"], ["(-0.00041934337956640893+0j)"], ["0j"], ["0j"], ["(0.0004193433795664082+0j)"], ["0j"], ["0j"], ["(-0.15287214726650217+0j)"], ["0j"], ["0j"], ["0j"], ["0j"], ["0j"], ["(-0.006392890517610731+0j)"], ["0j"], ["0j"], ["0j"], ["0j"], ["0j"], ["(-0.00044394214096469826+0j)"], ["0j"], ["0j"], ["0j"], ["0j"], ["0j"], ["0j"], ["0j"], ["0j"], ["(0.006392890517610726+0j)"], ["0j"], ["0j"], ["(0.00044394214096463494+0j)"], ["0j"], ["0j"], ["0j"], ["0j"], ["0j"], ["0j"], ["0j"], ["0j"], ["0j"], ["0j"], ["0j"], ["(0.9785899788535969+0j)"], ["0j"], ["0j"], ["0j"], ["0j"], ["0j"], ["0j"], ["0j"], ["0j"], ["0j"], ["0j"], ["0j"], ["0j"], ["0j"], ["0j"], ["0j"]], "hf_energy": -1.4933176075090158}