{"geometry": [["H", [0.0, 0.0, 0.0]], ["H", [0.9346, 0.0, 0.0]], ["H", [-0.0096, 0.7907, 0.0]], ["H", [-0.3518, -0.2702, 0.4569]]], "multiplicity": 3, "canonical_orbitals": [[0.5077478162268005, 0.13685344120057716, 0.05419754877848504, 1.833454829155568], [0.13309316017661788, -0.8398060655571282, 0.6802941386809253, -0.5037229428566384], [0.20043549173052355, -0.3569664376121276, -1.0412445383506659, -0.6535077057665959], [0.3509504816515332, 0.729230406941918, 0.33730002196549574, -1.2017544518890682]], "canonical_to_oao": [[0.652271632451327, 0.3196572411007706, 0.4091913412244724, 0.5521987069688293], [0.06891280886484177, -0.7453925040438975, -0.3149516935585522, 0.5834779091055011], [0.02942372300879692, 0.538164302559047, -0.8044300878269912, 0.24981125229680062], [0.754272488427054, -0.2293217097837594, -0.29370071635966216, -0.5405778906260714]], "orbital_energies": [-0.8146883930420092, -0.02291405398741359, 0.09821365957253902, 1.069932168971342], "exact_energy": -1.8027261119645221, "ground_states": [["0j", "0j", "0j"], ["0j", "0j", "0j"], ["0j", "0j", "0j"], ["0j", "0j", "0j"], ["0j", "0j", "0j"], ["0j", "0j", "0j"], ["0j", "0j", "0j"], ["0j", "0j", "0j"], ["0j", "0j", "0j"], ["0j", "0j", "0j"], ["0j", "0j", "0j"], ["0j", "0j", "0j"], ["0j", "0j", "0j"], ["0j", "0j", "0j"], ["0j", "0j", "0j"], ["0j", "(0.004909217757786909+0.022730670675564557j)", "0j"], ["0j", "0j", "0j"], ["0j", "0j", "0j"], ["0j", "0j", "0j"], ["0j", "0j", "0j"], ["0j", "0j", "0j"], ["0j", "0j", "0j"], ["0j", "0j", "0j"], ["(0.027469247940528237-0.02487234413675397j)", "0j", "(0.03655169848886715-0.027716573247654818j)"], ["0j", "0j", "0j"], ["0j", "0j", "0j"], ["0j", "0j", "0j"], ["(0.018483743443695924+0.01735562665843j)", "(0.0028660300530466464+0.013270298547807152j)", "(-0.01277639553509269-0.011827362315783647j)"], ["0j", "0j", "0j"], ["(0.0004269115693555017-0.0003865519540964768j)", "0j", "(0.0005680658967539211-0.00043075535988210036j)"], ["(0.00028726392284876193+0.00026973136759666843j)", "(0.002432477322407701+0.011262861757094681j)", "(-0.0001985635384121779-0.00018381419900954175j)"], ["0j", "0j", "0j"], ["0j", "0j", "0j"], ["0j", "0j", "0j"], ["0j", "0j", "0j"], ["0j", "0j", "0j"], ["0j", "0j", "0j"], ["0j", "0j", "0j"], ["0j", "0j", "0j"], ["(0.018483743443696944+0.017355626658434244j)", "(-0.002866030053041144-0.013270298547800851j)", "(-0.012776395535092537-0.011827362315782262j)"], ["0j", "0j", "0j"], ["0j", "0j", "0j"], ["0j", "0j", "0j"], ["(-0.012190548626531376-0.0021587119018817375j)", "0j", "(-0.009852357768231016-0.0021554771913121387j)"], ["0j", "0j", "0j"], ["(0.0002872639228496181+0.0002697313676002066j)", "(-0.0024324773224075977-0.011262861757094613j)", "(-0.000198563538412179-0.00018381419900841118j)"], ["(-0.00018945863595264137-3.3549483692253405e-05j)", "0j", "(-0.00015311979147713192-3.349921164368485e-05j)"], ["0j", "0j", "0j"], ["0j", "0j", "0j"], ["0j", "0j", "0j"], ["0j", "0j", "0j"], ["0j", "(-0.008821175685100914-0.040843826728052236j)", "0j"], ["0j", "0j", "0j"], ["(-0.004678283872389214+0.004236005539555132j)", "0j", "(-0.006225114787238441+0.00472040581173277j)"], ["(-0.0031479638263576847-0.0029558344104351013j)", "(0.001738751261419314+0.00805076984971008j)", "(0.002175946182017664+0.002014316463800378j)"], ["0j", "0j", "0j"], ["0j", "0j", "0j"], ["(-0.0031479638263570992-0.002955834410432563j)", "(-0.0017387512614202572-0.00805076984971116j)", "(0.0021759461820177128+0.002014316463801172j)"], ["(0.002076170674878023+0.0003676499297531771j)", "0j", "(0.0016779537085221524+0.0003670990266369865j)"], ["0j", "0j", "0j"], ["0j", "(-0.0037685871639375566-0.017449320433942105j)", "0j"], ["0j", "0j", "0j"], ["0j", "0j", "0j"], ["0j", "0j", "0j"], ["0j", "0j", "0j"], ["0j", "0j", "0j"], ["0j", "0j", "0j"], ["0j", "0j", "0j"], ["0j", "0j", "0j"], ["0j", "0j", "0j"], ["0j", "0j", "0j"], ["(-0.008824424279087268+0.007990175703149003j)", "0j", "(-0.0117421378366587+0.008903876889139248j)"], ["0j", "0j", "0j"], ["0j", "0j", "0j"], ["0j", "0j", "0j"], ["(-0.0059378543877903756-0.005575449811913017j)", "(-0.0015885116176519562-0.0073551299263238945j)", "(0.004104383753176949+0.0037995093059311072j)"], ["0j", "0j", "0j"], ["(-0.005992903869089315+0.00542634322327237j)", "0j", "(-0.007974401620676684+0.006046862273528035j)"], ["(-0.0040325566189072385-0.003786437924218683j)", "(-0.00032007457129351445-0.0014820099719848486j)", "(0.0027873973980301102+0.0025803489610213047j)"], ["0j", "0j", "0j"], ["0j", "0j", "0j"], ["0j", "0j", "0j"], ["0j", "0j", "0j"], ["(0.002717904101709404-0.0024609572964927424j)", "0j", "(0.0036165537353778365-0.0027423753383501513j)"], ["0j", "0j", "0j"], ["0j", "0j", "0j"], ["(0.025899368841946543-0.023450879185199464j)", "0j", "(0.03446275351303206-0.0261325594035187j)"], ["0j", "0j", "0j"], ["0j", "0j", "0j"], ["(-0.02047871208980997+0.018542683646746525j)", "0j", "(-0.027249807179564885+0.02066309659746512j)"], ["(0.003647498064736365+0.0034248806169469145j)", "(-0.0016745647057905492-0.007753573121070151j)", "(-0.0025212359244493605-0.002333958015006732j)"], ["0j", "0j", "0j"], ["(0.00039788827288173354-0.0003602724789743609j)", "0j", "(0.0005294463180834487-0.0004014707458896617j)"], ["0j", "0j", "0j"], ["0j", "0j", "0j"], ["0j", "0j", "0j"], ["0j", "0j", "0j"], ["0j", "0j", "0j"], ["0j", "0j", "0j"], ["(0.0018288466516941113+0.0017172268052228232j)", "(-0.004809249079942943-0.022267795487285698j)", "(-0.0012641415558617042-0.0011702408678983442j)"], ["0j", "0j", "0j"], ["(-0.027662592603671928+0.025047410269220596j)", "0j", "(-0.03680897076100809+0.02791165873123514j)"], ["(-0.001186453146300626-0.001114040449523532j)", "(-0.002126109445116504-0.009844316549309512j)", "(0.0008201041486629371+0.0007591866482434394j)"], ["0j", "0j", "0j"], ["0j", "0j", "0j"], ["(-0.03239373451088529-0.030416650390971953j)", "(0.0038006741509026124+0.017597889670374556j)", "(0.02239130651377804+0.020728075781216337j)"], ["(0.009870725297371182+0.0017479157692104022j)", "0j", "(0.007977484856586137+0.0017452966139593273j)"], ["0j", "0j", "0j"], ["(0.0002677344778803265+0.0002513938616203093j)", "(0.016304061189025512+0.07549109936591342j)", "(-0.00018506432954112882-0.000171317714080265j)"], ["0j", "0j", "0j"], ["0j", "0j", "0j"], ["0j", "0j", "0j"], ["0j", "0j", "0j"], ["(0.00703580643929042-0.006370651261239278j)", "0j", "(0.009362130195619307-0.007099154842284448j)"], ["(0.004734313856167911+0.0044453648700432365j)", "(-0.0006642454912586394-0.003075590909690612j)", "(-0.003272468404353312-0.0030293887958405554j)"], ["0j", "0j", "0j"], ["(-0.0023940179083229737+0.0021676908452055127j)", "0j", "(-0.00318557759394877+0.0024155729656630373j)"], ["0j", "0j", "0j"], ["0j", "0j", "0j"], ["0j", "0j", "0j"], ["(-0.0016109073285484688-0.001512588954771119j)", "(0.013127575098532782+0.060783326602322045j)", "(0.0011134968012610456+0.0010307860358401597j)"], ["0j", "0j", "0j"], ["0j", "0j", "0j"], ["0j", "0j", "0j"], ["0j", "0j", "0j"], ["0j", "0j", "0j"], ["0j", "0j", "0j"], ["0j", "0j", "0j"], ["0j", "0j", "0j"], ["0j", "0j", "0j"], ["0j", "0j", "0j"], ["0j", "0j", "0j"], ["0j", "0j", "0j"], ["0j", "0j", "0j"], ["0j", "0j", "0j"], ["(-0.005937854387790894-0.005575449811915328j)", "(0.0015885116176501696+0.007355129926321878j)", "(0.004104383753176916+0.0037995093059303925j)"], ["0j", "0j", "0j"], ["0j", "0j", "0j"], ["0j", "0j", "0j"], ["(0.003916181961306694+0.0006934805699727189j)", "0j", "(0.0031650442445480234+0.0006924414276362516j)"], ["0j", "0j", "0j"], ["(-0.004032556618907365-0.0037864379242191397j)", "(0.0003200745712923131+0.001482009971983451j)", "(0.0027873973980300946+0.002580348961021156j)"], ["(0.0026595844993074088+0.00047096130687830705j)", "0j", "(0.002149466673303773+0.0004702555973689168j)"], ["0j", "0j", "0j"], ["0j", "0j", "0j"], ["0j", "0j", "0j"], ["0j", "0j", "0j"], ["(0.0018288466516924362+0.0017172268052157342j)", "(0.004809249079943498+0.022267795487286305j)", 