{"geometry": [["H", [0.0, 0.0, 0.0]], ["H", [0.8355, 0.0, 0.0]], ["H", [-0.5043, 0.3784, 0.0]], ["H", [-1.0081, 0.3251, -0.0935]]], "multiplicity": 1, "canonical_orbitals": [[0.2976204697889546, 0.49089758283234275, 0.9549180781791848, 1.5131705159744677], [0.10961135805089234, 0.6516023843173088, -0.9756792884790875, -0.5253325434378605], [0.48024651831928655, -0.3004047477445321, 0.49011012850871005, -2.2360512285274896], [0.28519311485063925, -0.5269898873951459, -0.9904971299224563, 1.3532758769763689]], "canonical_to_oao": [[0.5172419210763414, 0.25021232499370927, 0.6369099624343781, 0.5140041704639511], [0.4220360663246416, 0.7235361919072939, -0.2254493115379942, -0.49754753104458205], [0.5399266298150034, -0.6093662728446553, 0.23087501675934535, -0.5327745363400914], [0.5126651813992155, -0.20630539726567843, -0.7001535790919413, 0.4521033737152437]], "orbital_energies": [-0.912414585170085, -0.3910176578877681, 0.6210393272886333, 1.522694379112422], "exact_energy": -1.9383006921176982, "ground_states": [["0j"], ["0j"], ["0j"], ["0j"], ["0j"], ["0j"], ["0j"], ["0j"], ["0j"], ["0j"], ["0j"], ["0j"], ["0j"], ["0j"], ["0j"], ["(-0.0037206567996611955+0.004925666488620023j)"], ["0j"], ["0j"], ["0j"], ["0j"], ["0j"], ["0j"], ["0j"], ["0j"], ["0j"], ["0j"], ["0j"], ["(-0.0002512647520430849+0.00033264190586533836j)"], ["0j"], ["0j"], ["(-9.771811795382413e-05+0.0001293660998187125j)"], ["0j"], ["0j"], ["0j"], ["0j"], ["0j"], ["0j"], ["0j"], ["0j"], ["(0.0002512647520430986-0.0003326419058653556j)"], ["0j"], ["0j"], ["0j"], ["0j"], ["0j"], ["(9.771811795383747e-05-0.0001293660998187142j)"], ["0j"], ["0j"], ["0j"], ["0j"], ["0j"], ["(0.018168275962066573-0.02405243828737473j)"], ["0j"], ["0j"], ["(0.003916396323357664-0.005184800201909013j)"], ["0j"], ["0j"], ["(-0.003916396323357673+0.005184800201909011j)"], ["0j"], ["0j"], ["(0.02172480364792539-0.028760819140905506j)"], ["0j"], ["0j"], ["0j"], ["0j"], ["0j"], ["0j"], ["0j"], ["0j"], ["0j"], ["0j"], ["0j"], ["0j"], ["0j"], ["0j"], ["(0.00028267832744399273-0.00037422940075442293j)"], ["0j"], ["0j"], ["(-0.00018007412561287355+0.00023839476032292531j)"], ["0j"], ["0j"], ["0j"], ["0j"], ["0j"], ["0j"], ["0j"], ["0j"], ["0j"], ["0j"], ["0j"], ["(-0.00976171305055838+0.012923240555011255j)"], ["0j"], ["0j"], ["0j"], ["0j"], ["0j"], ["0j"], ["0j"], ["0j"], ["(-0.0036359314813986018+0.004813501168523355j)"], ["0j"], ["0j"], ["(-0.00995359627103132+0.01317726902355967j)"], ["0j"], ["0j"], ["(0.019715309321589682-0.026100509578570952j)"], ["0j"], ["0j"], ["(0.0046786961121002245-0.006193986140271734j)"], ["0j"], ["0j"], ["0j"], ["0j"], ["0j"], ["(0.0001204474570579862-0.00015945679346826978j)"], ["0j"], ["0j"], ["0j"], ["0j"], ["0j"], ["(0.0031811458671775817-0.00421142406759895j)"], ["0j"], ["0j"], ["0j"], ["0j"], ["0j"], ["0j"], ["0j"], ["0j"], ["0j"], ["0j"], ["0j"], ["0j"], ["0j"], ["0j"], ["(-0.00028267832744399734+0.00037422940075436216j)"], ["0j"], ["0j"], ["0j"], ["0j"], ["0j"], ["(0.00018007412561288523-0.0002383947603229001j)"], ["0j"], ["0j"], ["0j"], ["0j"], ["0j"], ["(0.003635931481398619-0.004813501168523387j)"], ["0j"], ["0j"], ["(0.019715309321589634-0.02610050957857095j)"], ["0j"], ["0j"], ["(-0.009953596271031286+0.013177269023559675j)"], ["0j"], ["0j"], ["(-0.004678696112100256+0.00619398614027168j)"], ["0j"], ["0j"], ["0j"], ["0j"], ["0j"], ["0j"], ["0j"], ["0j"], ["(-0.009761713050558335+0.012923240555011307j)"], ["0j"], ["0j"], ["0j"], ["0j"], ["0j"], ["0j"], ["0j"], ["0j"], ["0j"], ["0j"], ["0j"], ["(-0.00012044745705795566+0.00015945679346829637j)"], ["0j"], ["0j"], ["(-0.0031811458671778953+0.004211424067599435j)"], ["0j"], ["0j"], ["0j"], ["0j"], ["0j"], ["0j"], ["0j"], ["0j"], ["0j"], ["0j"], ["0j"], ["0j"], ["0j"], ["0j"], ["(0.011217434634199445-0.014850426911451033j)"], ["0j"], ["0j"], ["(-0.006013573429729769+0.007961190379712782j)"], ["0j"], ["0j"], ["(0.0060135734297297495-0.00796119037971276j)"], ["0j"], ["0j"], ["(0.0740240821636325-0.09799827301928585j)"], ["0j"], ["0j"], ["0j"], ["0j"], ["0j"], ["(-0.0008169480998594974+0.0010815332063913888j)"], ["0j"], ["0j"], ["0j"], ["0j"], ["0j"], ["(0.0040023168645748055-0.005298547842002438j)"], ["0j"], ["0j"], ["0j"], ["0j"], ["0j"], ["0j"], ["0j"], ["0j"], ["(0.000816948099859408-0.001081533206391251j)"], ["0j"], ["0j"], ["(-0.004002316864574869+0.00529854784200269j)"], ["0j"], ["0j"], ["0j"], ["0j"], ["0j"], ["0j"], ["0j"], ["0j"], ["0j"], ["0j"], ["0j"], ["(-0.5962164008973573+0.7893130981963123j)"], ["0j"], ["0j"], ["0j"], ["0j"], ["0j"], ["0j"], ["0j"], ["0j"], ["0j"], ["0j"], ["0j"], ["0j"], ["0j"], ["0j"], ["0j"]], "hf_energy": -1.9024103357534086}