{"geometry": [["H", [0.0, 0.0, 0.0]], ["H", [0.8717, 0.0, 0.0]], ["H", [0.0364, 0.5075, 0.0]], ["H", [-0.5155, -0.1296, 1.1647]]], "multiplicity": 1, "canonical_orbitals": [[0.457931654238501, 0.14236840482611107, 0.24712692019681853, 1.7619796262786136], [0.2238822107533514, -0.7042039836614912, -0.9395753829659396, -0.2864859758714929], [0.42540304243917115, 0.07224738713242237, 0.7104272764842883, -1.4941124738229776], [0.04297188315350964, 0.8372196035001099, -0.6178200301006316, -0.23787837489277236]], "canonical_to_oao": [[0.6370273123834491, 0.42575042488484394, 0.6191897811565868, 0.17186271817689658], [0.09674248522189006, -0.5660218458480275, 0.06310180188019866, 0.8162587360484151], [0.1663850628259557, -0.6928059037380203, 0.45374399727923137, -0.5352124583258613], [0.7464268924007313, -0.13555746190789497, -0.6377605839527835, -0.1331634573683069]], "orbital_energies": [-0.9015374985181652, -0.15104758613285457, 0.2655653167773011, 0.8757124833995047], "exact_energy": -1.767426701258774, "ground_states": [["0j"], ["0j"], ["0j"], ["0j"], ["0j"], ["0j"], ["0j"], ["0j"], ["0j"], ["0j"], ["0j"], ["0j"], ["0j"], ["0j"], ["0j"], ["(0.01711234567600107-0.021296623708440727j)"], ["0j"], ["0j"], ["0j"], ["0j"], ["0j"], ["0j"], ["0j"], ["0j"], ["0j"], ["0j"], ["0j"], ["(0.005629241201189225-0.00700569249217488j)"], ["0j"], ["0j"], ["(-0.00014951137132553178+0.00018606960585813707j)"], ["0j"], ["0j"], ["0j"], ["0j"], ["0j"], ["0j"], ["0j"], ["0j"], ["(-0.0056292412011956635+0.007005692492173125j)"], ["0j"], ["0j"], ["0j"], ["0j"], ["0j"], ["(0.00014951137132461433-0.0001860696058582685j)"], ["0j"], ["0j"], ["0j"], ["0j"], ["0j"], ["(-0.03189048964612879+0.03968829117471645j)"], ["0j"], ["0j"], ["(-0.0066874797008683925+0.008322689445606345j)"], ["0j"], ["0j"], ["(0.006687479700867787-0.008322689445606591j)"], ["0j"], ["0j"], ["(-0.015960419666015108+0.019863030953880874j)"], ["0j"], ["0j"], ["0j"], ["0j"], ["0j"], ["0j"], ["0j"], ["0j"], ["0j"], ["0j"], ["0j"], ["0j"], ["0j"], ["0j"], ["(0.010293888823251194-0.012810930828305039j)"], ["0j"], ["0j"], ["(0.0030623637258580523-0.003811167046457934j)"], ["0j"], ["0j"], ["0j"], ["0j"], ["0j"], ["0j"], ["0j"], ["0j"], ["0j"], ["0j"], ["0j"], ["(0.0006480773067531163-0.0008065439301672327j)"], ["0j"], ["0j"], ["0j"], ["0j"], ["0j"], ["0j"], ["0j"], ["0j"], ["(-0.0067756253212976104+0.008432388264536956j)"], ["0j"], ["0j"], ["(-0.005752940223513259+0.007159638162821107j)"], ["0j"], ["0j"], ["(0.005104862916761273-0.00635309423265349j)"], ["0j"], ["0j"], ["(0.020475244666175348-0.025481812327181393j)"], ["0j"], ["0j"], ["0j"], ["0j"], ["0j"], ["(-0.002394488264124491+0.002979983954324081j)"], ["0j"], ["0j"], ["0j"], ["0j"], ["0j"], ["(-0.029595520389247624+0.03683216042492472j)"], ["0j"], ["0j"], ["0j"], ["0j"], ["0j"], ["0j"], ["0j"], ["0j"], ["0j"], ["0j"], ["0j"], ["0j"], ["0j"], ["0j"], ["(-0.010293888823250389+0.012810930828305235j)"], ["0j"], ["0j"], ["0j"], ["0j"], ["0j"], ["(-0.0030623637258577895+0.00381116704645815j)"], ["0j"], ["0j"], ["0j"], ["0j"], ["0j"], ["(0.0067756253212939285-0.00843238826453791j)"], ["0j"], ["0j"], ["(0.005104862916756645-0.006353094232654979j)"], ["0j"], ["0j"], ["(-0.005752940223510919+0.007159638162821705j)"], ["0j"], ["0j"], ["(-0.0204752446661688+0.025481812327182943j)"], ["0j"], ["0j"], ["0j"], ["0j"], ["0j"], ["0j"], ["0j"], ["0j"], ["(0.0006480773067531261-0.0008065439301671684j)"], ["0j"], ["0j"], ["0j"], ["0j"], ["0j"], ["0j"], ["0j"], ["0j"], ["0j"], ["0j"], ["0j"], ["(0.0023944882641239963-0.002979983954324221j)"], ["0j"], ["0j"], ["(0.02959552038924318-0.03683216042492579j)"], ["0j"], ["0j"], ["0j"], ["0j"], ["0j"], ["0j"], ["0j"], ["0j"], ["0j"], ["0j"], ["0j"], ["0j"], ["0j"], ["0j"], ["(0.00281008623685715-0.003497203148399613j)"], ["0j"], ["0j"], ["(0.032457118664586254-0.04039347123692433j)"], ["0j"], ["0j"], ["(-0.03245711866458269+0.040393471236925625j)"], ["0j"], ["0j"], ["(-0.2855666051490094+0.35539280521222655j)"], ["0j"], ["0j"], ["0j"], ["0j"], ["0j"], ["(0.0036848328361499877-0.004585841112945371j)"], ["0j"], ["0j"], ["0j"], ["0j"], ["0j"], ["(-0.08718288255830685+0.10850067423934402j)"], ["0j"], ["0j"], ["0j"], ["0j"], ["0j"], ["0j"], ["0j"], ["0j"], ["(-0.0036848328361456634+0.004585841112945765j)"], ["0j"], ["0j"], ["(0.0871828825584138-0.10850067423931492j)"], ["0j"], ["0j"], ["0j"], ["0j"], ["0j"], ["0j"], ["0j"], ["0j"], ["0j"], ["0j"], ["0j"], ["(0.5372939671343582-0.668672060249646j)"], ["0j"], ["0j"], ["0j"], ["0j"], ["0j"], ["0j"], ["0j"], ["0j"], ["0j"], ["0j"], ["0j"], ["0j"], ["0j"], ["0j"], ["0j"]], "hf_energy": -1.646766549732111}