{"geometry": [["H", [0.0, 0.0, 0.0]], ["H", [0.6944, 0.0, 0.0]], ["H", [0.5766, 0.6031, 0.0]], ["H", [0.3898, 0.1894, -0.4344]]], "multiplicity": 1, "canonical_orbitals": [[0.16756370572083135, 1.0977582188747799, 0.13698538822953168, 1.0737686857150732], [0.3519460937090498, -0.3735198606706754, -1.7067377465327525, -0.08464544558134512], [0.2176153997463552, -1.0116542857533912, 0.8782477259902313, 0.8618023447520287], [0.3770793914974339, 0.3306112559898614, 0.7587892252378541, -1.6496887550741506]], "canonical_to_oao": [[0.42524333080108423, 0.5432185312735626, 0.4642061443797595, 0.5555127292963372], [0.7214723404472784, -0.21043093836748678, -0.6337765214446963, 0.18309506550632001], [0.07312651517676506, -0.8119700279580158, 0.4559747420161283, 0.35699330682701463], [0.5415702026116523, -0.036566667289089944, 0.4182427656623135, -0.7283114604739375]], "orbital_energies": [-1.1080028013892305, -0.07060524456626056, 0.6398781775930905, 0.730890902509598], "exact_energy": -1.0175253413833478, "ground_states": [["0j"], ["0j"], ["0j"], ["0j"], ["0j"], ["0j"], ["0j"], ["0j"], ["0j"], ["0j"], ["0j"], ["0j"], ["0j"], ["0j"], ["0j"], ["(-0.009717604562346473+0.00799090916558266j)"], ["0j"], ["0j"], ["0j"], ["0j"], ["0j"], ["0j"], ["0j"], ["0j"], ["0j"], ["0j"], ["0j"], ["(-0.0017037986466473187+0.0014010551812897911j)"], ["0j"], ["0j"], ["(0.001722107652888007-0.001416110908742356j)"], ["0j"], ["0j"], ["0j"], ["0j"], ["0j"], ["0j"], ["0j"], ["0j"], ["(0.0017037986466473603-0.0014010551812899438j)"], ["0j"], ["0j"], ["0j"], ["0j"], ["0j"], ["(-0.001722107652888+0.0014161109087423148j)"], ["0j"], ["0j"], ["0j"], ["0j"], ["0j"], ["(0.030405139362259397-0.02500253074220887j)"], ["0j"], ["0j"], ["(0.004950846228375926-0.004071143484991386j)"], ["0j"], ["0j"], ["(-0.004950846228375903+0.0040711434849913745j)"], ["0j"], ["0j"], ["(0.03919392459602633-0.032229660023737096j)"], ["0j"], ["0j"], ["0j"], ["0j"], ["0j"], ["0j"], ["0j"], ["0j"], ["0j"], ["0j"], ["0j"], ["0j"], ["0j"], ["0j"], ["(0.0024785607878554214-0.0020381518912460173j)"], ["0j"], ["0j"], ["(0.0032800337621897986-0.0026972132571912964j)"], ["0j"], ["0j"], ["0j"], ["0j"], ["0j"], ["0j"], ["0j"], ["0j"], ["0j"], ["0j"], ["0j"], ["(-0.0033337255742303855+0.002741364713468293j)"], ["0j"], ["0j"], ["0j"], ["0j"], ["0j"], ["0j"], ["0j"], ["0j"], ["(0.016599653975439138-0.0136501054603326j)"], ["0j"], ["0j"], ["(0.016614489049542335-0.01366230452944085j)"], ["0j"], ["0j"], ["(-0.013280763475311973+0.010920939815972442j)"], ["0j"], ["0j"], ["(-0.025415615424872806+0.020899582087800097j)"], ["0j"], ["0j"], ["0j"], ["0j"], ["0j"], ["(-0.006206584046210882+0.005103752578490367j)"], ["0j"], ["0j"], ["0j"], ["0j"], ["0j"], ["(-0.004497777571400289+0.0036985793967495495j)"], ["0j"], ["0j"], ["0j"], ["0j"], ["0j"], ["0j"], ["0j"], ["0j"], ["0j"], ["0j"], ["0j"], ["0j"], ["0j"], ["0j"], ["(-0.0024785607878554648+0.002038151891246106j)"], ["0j"], ["0j"], ["0j"], ["0j"], ["0j"], ["(-0.003280033762189758+0.0026972132571912995j)"], ["0j"], ["0j"], ["0j"], ["0j"], ["0j"], ["(-0.016599653975439155+0.013650105460332514j)"], ["0j"], ["0j"], ["(-0.013280763475312013+0.010920939815972617j)"], ["0j"], ["0j"], ["(0.01661448904954223-0.013662304529440717j)"], ["0j"], ["0j"], ["(0.025415615424872758-0.02089958208779992j)"], ["0j"], ["0j"], ["0j"], ["0j"], ["0j"], ["0j"], ["0j"], ["0j"], ["(-0.0033337255742303556+0.002741364713468228j)"], ["0j"], ["0j"], ["0j"], ["0j"], ["0j"], ["0j"], ["0j"], ["0j"], ["0j"], ["0j"], ["0j"], ["(0.00620658404621087-0.005103752578490432j)"], ["0j"], ["0j"], ["(0.004497777571400416-0.003698579396749846j)"], ["0j"], ["0j"], ["0j"], ["0j"], ["0j"], ["0j"], ["0j"], ["0j"], ["0j"], ["0j"], ["0j"], ["0j"], ["0j"], ["0j"], ["(0.095938280785033-0.07889126197066106j)"], ["0j"], ["0j"], ["(-0.044432486397349376+0.036537395664150464j)"], ["0j"], ["0j"], ["(0.044432486397348925-0.03653739566415026j)"], ["0j"], ["0j"], ["(0.05442430607389052-0.04475379538713336j)"], ["0j"], ["0j"], ["0j"], ["0j"], ["0j"], ["(-0.015401438586246803+0.012664797787602869j)"], ["0j"], ["0j"], ["0j"], ["0j"], ["0j"], ["(0.018761287292557594-0.015427643883053307j)"], ["0j"], ["0j"], ["0j"], ["0j"], ["0j"], ["0j"], ["0j"], ["0j"], ["(0.015401438586246522-0.012664797787602176j)"], ["0j"], ["0j"], ["(-0.018761287292558188+0.015427643883056303j)"], ["0j"], ["0j"], ["0j"], ["0j"], ["0j"], ["0j"], ["0j"], ["0j"], ["0j"], ["0j"], ["0j"], ["(-0.7574681253081459+0.6228756219012088j)"], ["0j"], ["0j"], ["0j"], ["0j"], ["0j"], ["0j"], ["0j"], ["0j"], ["0j"], ["0j"], ["0j"], ["0j"], ["0j"], ["0j"], ["0j"]], "hf_energy": -0.9797390588013111}