{"geometry": [["H", [0.0, 0.0, 0.0]], ["H", [1.1104, 0.0, 0.0]], ["H", [0.3208, -0.9057, 0.0]], ["H", [0.8141, -0.8451, 0.2942]]], "multiplicity": 1, "canonical_orbitals": [[0.20908613164344855, 0.6931036982940852, 0.808715406444029, 0.6055258151474426], [0.21631465722658022, 0.6818603980247733, -0.8179273360777811, -0.6244186020079998], [0.39612192361430437, -0.5121603290397596, 0.4000532752053897, -1.5289976187163468], [0.4014065394239121, -0.5105166664627105, -0.38171814019836325, 1.5441061847065172]], "canonical_to_oao": [[0.3878115877932919, 0.3965678911442816, 0.5864959161023138, 0.590219129207054], [0.5951306872508546, 0.5815945182169451, -0.3939464576691104, -0.3903504450647961], [0.6480626055064774, -0.6519624081432076, 0.28528088632837445, -0.27124655501584355], [0.27465705308571353, -0.28182750479945234, -0.647644613025512, 0.6524516962563751]], "orbital_energies": [-0.8066569767368116, -0.20954396750008472, 0.2667916189384104, 1.1138482863051284], "exact_energy": -1.8022148110049672, "ground_states": [["0j"], ["0j"], ["0j"], ["0j"], ["0j"], ["0j"], ["0j"], ["0j"], ["0j"], ["0j"], ["0j"], ["0j"], ["0j"], ["0j"], ["0j"], ["(-0.004465522707167049-0.028395561359186288j)"], ["0j"], ["0j"], ["0j"], ["0j"], ["0j"], ["0j"], ["0j"], ["0j"], ["0j"], ["0j"], ["0j"], ["(5.0087122655279674e-05+0.0003184961891201333j)"], ["0j"], ["0j"], ["(-3.4256003472907106e-06-2.1782857513502605e-05j)"], ["0j"], ["0j"], ["0j"], ["0j"], ["0j"], ["0j"], ["0j"], ["0j"], ["(-5.00871226551766e-05-0.00031849618911994045j)"], ["0j"], ["0j"], ["0j"], ["0j"], ["0j"], ["(3.4256003473154316e-06+2.1782857513646363e-05j)"], ["0j"], ["0j"], ["0j"], ["0j"], ["0j"], ["(0.00574870526021621+0.03655511877486456j)"], ["0j"], ["0j"], ["(0.0016236155836725497+0.010324317880168925j)"], ["0j"], ["0j"], ["(-0.0016236155836725499-0.010324317880168915j)"], ["0j"], ["0j"], ["(0.0053494396997110965+0.03401625144277479j)"], ["0j"], ["0j"], ["0j"], ["0j"], ["0j"], ["0j"], ["0j"], ["0j"], ["0j"], ["0j"], ["0j"], ["0j"], ["0j"], ["0j"], ["(-1.3616937262105023e-05-8.658797702016372e-05j)"], ["0j"], ["0j"], ["(2.6927551088756926e-05+0.0001712280911623752j)"], ["0j"], ["0j"], ["0j"], ["0j"], ["0j"], ["0j"], ["0j"], ["0j"], ["0j"], ["0j"], ["0j"], ["(-0.003961412475843403-0.025190003142592475j)"], ["0j"], ["0j"], ["0j"], ["0j"], ["0j"], ["0j"], ["0j"], ["0j"], ["(-0.003650733422391912-0.023214443571226883j)"], ["0j"], ["0j"], ["(-0.005728248468593069-0.036425037232380414j)"], ["0j"], ["0j"], ["(0.009689660944436454+0.061615040374972854j)"], ["0j"], ["0j"], ["(0.011932487441077732+0.07587682372704865j)"], ["0j"], ["0j"], ["0j"], ["0j"], ["0j"], ["(-1.2799656324665382e-05-8.139101520142017e-05j)"], ["0j"], ["0j"], ["0j"], ["0j"], ["0j"], ["(8.32794773649226e-06+5.295611879291229e-05j)"], ["0j"], ["0j"], ["0j"], ["0j"], ["0j"], ["0j"], ["0j"], ["0j"], ["0j"], ["0j"], ["0j"], ["0j"], ["0j"], ["0j"], ["(1.361693726218213e-05+8.65879770203344e-05j)"], ["0j"], ["0j"], ["0j"], ["0j"], ["0j"], ["(-2.6927551088584666e-05-0.0001712280911621984j)"], ["0j"], ["0j"], ["0j"], ["0j"], ["0j"], ["(0.003650733422391888+0.023214443571226876j)"], ["0j"], ["0j"], ["(0.00968966094443645+0.06161504037497286j)"], ["0j"], ["0j"], ["(-0.005728248468593062-0.03642503723238038j)"], ["0j"], ["0j"], ["(-0.011932487441077746-0.07587682372704874j)"], ["0j"], ["0j"], ["0j"], ["0j"], ["0j"], ["0j"], ["0j"], ["0j"], ["(-0.0039614124758433926-0.02519000314259247j)"], ["0j"], ["0j"], ["0j"], ["0j"], ["0j"], ["0j"], ["0j"], ["0j"], ["0j"], ["0j"], ["0j"], ["(1.2799656324450097e-05+8.13910152012576e-05j)"], ["0j"], ["0j"], ["(-8.327947737026504e-06-5.295611879353233e-05j)"], ["0j"], ["0j"], ["0j"], ["0j"], ["0j"], ["0j"], ["0j"], ["0j"], ["0j"], ["0j"], ["0j"], ["0j"], ["0j"], ["0j"], ["(0.004585860436210847+0.0291607701808561j)"], ["0j"], ["0j"], ["(-0.002128090759500604-0.013532196721860875j)"], ["0j"], ["0j"], ["(0.002128090759500628+0.01353219672186078j)"], ["0j"], ["0j"], ["(0.06885845613333945+0.4378601665365849j)"], ["0j"], ["0j"], ["0j"], ["0j"], ["0j"], ["(5.275210226465917e-05+0.0003354423781741752j)"], ["0j"], ["0j"], ["0j"], ["0j"], ["0j"], ["(-0.0009531269760837217-0.006060785557988626j)"], ["0j"], ["0j"], ["0j"], ["0j"], ["0j"], ["0j"], ["0j"], ["0j"], ["(-5.275210226472447e-05-0.0003354423781746327j)"], ["0j"], ["0j"], ["(0.0009531269760817302+0.006060785557984062j)"], ["0j"], ["0j"], ["0j"], ["0j"], ["0j"], ["0j"], ["0j"], ["0j"], ["0j"], ["0j"], ["0j"], ["(-0.13666657000435958-0.8690413706954976j)"], ["0j"], ["0j"], ["0j"], ["0j"], ["0j"], ["0j"], ["0j"], ["0j"], ["0j"], ["0j"], ["0j"], ["0j"], ["0j"], ["0j"], ["0j"]]}