{"geometry": [["H", [0.0, 0.0, 0.0]], ["H", [1.3925, 0.0, 0.0]], ["H", [0.0872, -0.572, 0.0]], ["H", [0.2353, -0.7294, 0.3955]]], "multiplicity": 1, "canonical_orbitals": [[0.2514118338080157, 0.5125783037890119, 1.0699763948839986, 1.0437649986456445], [-0.007910831604015775, 0.9078533630304713, -0.5252619411739106, -0.1491705581621158], [0.5259898014649346, -0.28247562706628027, 0.029494841130641103, -2.3297409880287447], [0.3103526338425152, -0.4764346850801563, -0.8438701065077162, 1.6213207235839235]], "canonical_to_oao": [[0.4948667444885023, 0.1141349413077737, 0.6558907367398407, 0.5584688548441085], [0.35065643477048225, 0.8693858615941545, -0.1472285778538348, -0.3154869795687004], [0.7034603888865437, -0.4751935209126561, 0.001947923623923542, -0.5285175536761118], [0.3705272611036847, -0.07302435563217496, -0.7403561932715651, 0.5561022382151926]], "orbital_energies": [-1.0291257083865375, -0.12209148837555443, 0.27495791495614413, 1.222559517917366], "exact_energy": -1.5132264055252203, "ground_states": [["0j"], ["0j"], ["0j"], ["0j"], ["0j"], ["0j"], ["0j"], ["0j"], ["0j"], ["0j"], ["0j"], ["0j"], ["0j"], ["0j"], ["0j"], ["(0.005383795058733682-0.020476070404546444j)"], ["0j"], ["0j"], ["0j"], ["0j"], ["0j"], ["0j"], ["0j"], ["0j"], ["0j"], ["0j"], ["0j"], ["(0.003369712145183419-0.012815952757266838j)"], ["0j"], ["0j"], ["(-0.00016824742669537972+0.0006398917709261079j)"], ["0j"], ["0j"], ["0j"], ["0j"], ["0j"], ["0j"], ["0j"], ["0j"], ["(-0.00336971214515936+0.012815952757284468j)"], ["0j"], ["0j"], ["0j"], ["0j"], ["0j"], ["(0.00016824742669848894-0.0006398917709238191j)"], ["0j"], ["0j"], ["0j"], ["0j"], ["0j"], ["(-0.00789397822809395+0.030022995341956064j)"], ["0j"], ["0j"], ["(-0.0013547495976262856+0.00515248961725827j)"], ["0j"], ["0j"], ["(0.0013547495976299658-0.005152489617255579j)"], ["0j"], ["0j"], ["(-0.0038205414104499065+0.014530581875873931j)"], ["0j"], ["0j"], ["0j"], ["0j"], ["0j"], ["0j"], ["0j"], ["0j"], ["0j"], ["0j"], ["0j"], ["0j"], ["0j"], ["0j"], ["(-5.377062554765273e-05+0.00020450464820630525j)"], ["0j"], ["0j"], ["(0.0008799293167308759-0.0033466159918194532j)"], ["0j"], ["0j"], ["0j"], ["0j"], ["0j"], ["0j"], ["0j"], ["0j"], ["0j"], ["0j"], ["0j"], ["(0.005584571215403616-0.02123967798516946j)"], ["0j"], ["0j"], ["0j"], ["0j"], ["0j"], ["0j"], ["0j"], ["0j"], ["(0.0026174960718677856-0.009955065760586648j)"], ["0j"], ["0j"], ["(0.004635164129371101-0.017628818707678566j)"], ["0j"], ["0j"], ["(-0.010219735344757435+0.03886849669286072j)"], ["0j"], ["0j"], ["(-0.005899997703830483+0.022439332673800765j)"], ["0j"], ["0j"], ["0j"], ["0j"], ["0j"], ["(-0.0008176767128361704+0.0031098520202477178j)"], ["0j"], ["0j"], ["0j"], ["0j"], ["0j"], ["(0.0003487967149458604-0.0013265709437717571j)"], ["0j"], ["0j"], ["0j"], ["0j"], ["0j"], ["0j"], ["0j"], ["0j"], ["0j"], ["0j"], ["0j"], ["0j"], ["0j"], ["0j"], ["(5.377062555510384e-05-0.00020450464820083623j)"], ["0j"], ["0j"], ["0j"], ["0j"], ["0j"], ["(-0.0008799293167169991+0.003346615991829618j)"], ["0j"], ["0j"], ["0j"], ["0j"], ["0j"], ["(-0.00261749607187+0.009955065760585005j)"], ["0j"], ["0j"], ["(-0.010219735344785735+0.03886849669284001j)"], ["0j"], ["0j"], ["(0.004635164129377755-0.017628818707673688j)"], ["0j"], ["0j"], ["(0.005899997703846381-0.02243933267378913j)"], ["0j"], ["0j"], ["0j"], ["0j"], ["0j"], ["0j"], ["0j"], ["0j"], ["(0.005584571215390687-0.021239677985178913j)"], ["0j"], ["0j"], ["0j"], ["0j"], ["0j"], ["0j"], ["0j"], ["0j"], ["0j"], ["0j"], ["0j"], ["(0.0008176767128206784-0.0031098520202590078j)"], ["0j"], ["0j"], ["(-0.00034879671494849305+0.0013265709437697852j)"], ["0j"], ["0j"], ["0j"], ["0j"], ["0j"], ["0j"], ["0j"], ["0j"], ["0j"], ["0j"], ["0j"], ["0j"], ["0j"], ["0j"], ["(-0.0013927774004152504+0.005297119930763363j)"], ["0j"], ["0j"], ["(0.0021002426597127415-0.007987807131959093j)"], ["0j"], ["0j"], ["(-0.0021002426597331522+0.007987807131944148j)"], ["0j"], ["0j"], ["(-0.12172347874434233+0.4629482536881162j)"], ["0j"], ["0j"], ["0j"], ["0j"], ["0j"], ["(0.0020503773041969198-0.007798155312129096j)"], ["0j"], ["0j"], ["0j"], ["0j"], ["0j"], ["(-0.07834240578758156+0.2979579644211728j)"], ["0j"], ["0j"], ["0j"], ["0j"], ["0j"], ["0j"], ["0j"], ["0j"], ["(-0.0020503773042015922+0.007798155312125608j)"], ["0j"], ["0j"], ["(0.07834240578700623-0.2979579644215936j)"], ["0j"], ["0j"], ["0j"], ["0j"], ["0j"], ["0j"], ["0j"], ["0j"], ["0j"], ["0j"], ["0j"], ["(0.19240216097168286-0.7317589453283663j)"], ["0j"], ["0j"], ["0j"], ["0j"], ["0j"], ["0j"], ["0j"], ["0j"], ["0j"], ["0j"], ["0j"], ["0j"], ["0j"], ["0j"], ["0j"]], "hf_energy": -1.4090735550510334}