{"geometry": [["H", [0.0, 0.0, 0.0]], ["H", [0.4742, 0.0, 0.0]], ["H", [-0.1908, -0.3547, 0.0]], ["H", [-1.0962, 0.5133, 0.0901]]], "multiplicity": 1, "canonical_orbitals": [[0.5517396308679986, 0.006879169296754417, 0.061982224920477114, 2.9314927128390353], [0.2318257309634173, -0.7026206693833534, 0.9716222899991371, -1.4614784741849647], [0.2848255432614921, 0.34198806860729036, -1.2357845780691639, -1.6649512872891588], [-0.016736955750978944, 0.8590283398092544, 0.6338586802823934, -0.29276784055380534]], "canonical_to_oao": [[0.6460405640738595, 0.5125457483380752, 0.5504334408974101, 0.13019782092463844], [0.0020017728395261697, -0.4686519231943511, 0.23245603519146418, 0.8522473581624056], [0.004444999458380894, 0.5723957364756488, -0.6549168126175484, 0.4933835540380166], [0.7632875110051535, -0.4359189736766388, -0.46267827633872355, -0.11530670638124428]], "orbital_energies": [-1.110383571561031, -0.1785395175107464, 0.41380599130087103, 1.5053961072522368], "exact_energy": -1.3444317517670927, "ground_states": [["0j"], ["0j"], ["0j"], ["0j"], ["0j"], ["0j"], ["0j"], ["0j"], ["0j"], ["0j"], ["0j"], ["0j"], ["0j"], ["0j"], ["0j"], ["(0.00812045912971232+0.004562022892601831j)"], ["0j"], ["0j"], ["0j"], ["0j"], ["0j"], ["0j"], ["0j"], ["0j"], ["0j"], ["0j"], ["0j"], ["(-0.0028892293814516043-0.0016231509043537254j)"], ["0j"], ["0j"], ["(0.000176195355762564+9.898544327596925e-05j)"], ["0j"], ["0j"], ["0j"], ["0j"], ["0j"], ["0j"], ["0j"], ["0j"], ["(0.0028892293814515814+0.0016231509043537029j)"], ["0j"], ["0j"], ["0j"], ["0j"], ["0j"], ["(-0.00017619535576256478-9.898544327596497e-05j)"], ["0j"], ["0j"], ["0j"], ["0j"], ["0j"], ["(-0.02874462294746078-0.016148548478707635j)"], ["0j"], ["0j"], ["(0.003938862864133965+0.0022128283967651472j)"], ["0j"], ["0j"], ["(-0.003938862864133971-0.0022128283967651607j)"], ["0j"], ["0j"], ["(-0.03348765296005062-0.01881315292435544j)"], ["0j"], ["0j"], ["0j"], ["0j"], ["0j"], ["0j"], ["0j"], ["0j"], ["0j"], ["0j"], ["0j"], ["0j"], ["0j"], ["0j"], ["(-0.00257339608173063-0.0014457177419477728j)"], ["0j"], ["0j"], ["(0.002269332811521172+0.0012748969081331795j)"], ["0j"], ["0j"], ["0j"], ["0j"], ["0j"], ["0j"], ["0j"], ["0j"], ["0j"], ["0j"], ["0j"], ["(0.007251738949004015+0.004073981355990245j)"], ["0j"], ["0j"], ["0j"], ["0j"], ["0j"], ["0j"], ["0j"], ["0j"], ["(0.002837732213470427+0.001594220119101131j)"], ["0j"], ["0j"], ["(0.011048914581150739+0.006207210756492931j)"], ["0j"], ["0j"], ["(-0.018300653530154774-0.010281192112483161j)"], ["0j"], ["0j"], ["(0.001944341787320379+0.0010923189936812641j)"], ["0j"], ["0j"], ["0j"], ["0j"], ["0j"], ["(-0.0011088588910676362-0.0006229499545421255j)"], ["0j"], ["0j"], ["0j"], ["0j"], ["0j"], ["(0.01267485519535787+0.007120653972638712j)"], ["0j"], ["0j"], ["0j"], ["0j"], ["0j"], ["0j"], ["0j"], ["0j"], ["0j"], ["0j"], ["0j"], ["0j"], ["0j"], ["0j"], ["(0.0025733960817306196+0.0014457177419477697j)"], ["0j"], ["0j"], ["0j"], ["0j"], ["0j"], ["(-0.002269332811521217-0.001274896908133192j)"], ["0j"], ["0j"], ["0j"], ["0j"], ["0j"], ["(-0.002837732213470436-0.0015942201191011375j)"], ["0j"], ["0j"], ["(-0.018300653530154757-0.010281192112483186j)"], ["0j"], ["0j"], ["(0.011048914581150706+0.006207210756492969j)"], ["0j"], ["0j"], ["(-0.0019443417873202535-0.0010923189936813153j)"], ["0j"], ["0j"], ["0j"], ["0j"], ["0j"], ["0j"], ["0j"], ["0j"], ["(0.007251738949004049+0.004073981355990233j)"], ["0j"], ["0j"], ["0j"], ["0j"], ["0j"], ["0j"], ["0j"], ["0j"], ["0j"], ["0j"], ["0j"], ["(0.0011088588910676616+0.0006229499545421872j)"], ["0j"], ["0j"], ["(-0.012674855195357746-0.007120653972638435j)"], ["0j"], ["0j"], ["0j"], ["0j"], ["0j"], ["0j"], ["0j"], ["0j"], ["0j"], ["0j"], ["0j"], ["0j"], ["0j"], ["0j"], ["(-0.007510377673998428-0.004219282965848763j)"], ["0j"], ["0j"], ["(-0.029694436760034085-0.016682147907933792j)"], ["0j"], ["0j"], ["(0.029694436760034103+0.01668214790793382j)"], ["0j"], ["0j"], ["(-0.20437742523116667-0.11481795274654975j)"], ["0j"], ["0j"], ["0j"], ["0j"], ["0j"], ["(7.630159775876242e-05+4.2865757977202404e-05j)"], ["0j"], ["0j"], ["0j"], ["0j"], ["0j"], ["(0.06851730189315693+0.03849258949314694j)"], ["0j"], ["0j"], ["0j"], ["0j"], ["0j"], ["0j"], ["0j"], ["0j"], ["(-7.630159775877293e-05-4.286575797719609e-05j)"], ["0j"], ["0j"], ["(-0.06851730189315648-0.03849258949314609j)"], ["0j"], ["0j"], ["0j"], ["0j"], ["0j"], ["0j"], ["0j"], ["0j"], ["0j"], ["0j"], ["0j"], ["(0.838851340593776+0.4712614099954348j)"], ["0j"], ["0j"], ["0j"], ["0j"], ["0j"], ["0j"], ["0j"], ["0j"], ["0j"], ["0j"], ["0j"], ["0j"], ["0j"], ["0j"], ["0j"]]}