{"geometry": [["H", [0.0, 0.0, 0.0]], ["H", [1.3077, 0.0, 0.0]], ["H", [0.7667, -0.7684, 0.0]], ["H", [0.4259, -0.6099, 0.148]]], "multiplicity": 1, "canonical_orbitals": [[0.15269108695156902, 0.7484363653875888, 0.7532839261412059, 0.9089747985834873], [0.11996877779428508, -0.7762968035703371, 0.8176164415776891, -0.4020864421713069], [0.38388797666985675, -0.4541047379865748, -0.6678350807546019, 2.119998736089032], [0.48148389783004686, 0.3902069840972432, -0.38079729540897594, -2.4366750376381026]], "canonical_to_oao": [[0.36901711642768886, 0.30721447627618537, 0.6018123111062219, 0.6381751918953973], [0.6489866279595752, -0.6824225322279489, -0.2667700979159465, 0.2048159151413085], [0.5831265631970821, 0.646494346529483, -0.4251750134228632, -0.24745641870892046], [0.32032192526739917, -0.1482019331161365, 0.6211939029158042, -0.6996772014249547]], "orbital_energies": [-0.9413919184990076, -0.191130746649001, 0.2750406753187917, 1.5792265950853912], "exact_energy": -1.5404053732632932, "ground_states": [["0j"], ["0j"], ["0j"], ["0j"], ["0j"], ["0j"], ["0j"], ["0j"], ["0j"], ["0j"], ["0j"], ["0j"], ["0j"], ["0j"], ["0j"], ["(-0.01091214216993732-0.014219226889907493j)"], ["0j"], ["0j"], ["0j"], ["0j"], ["0j"], ["0j"], ["0j"], ["0j"], ["0j"], ["0j"], ["0j"], ["(-5.908293141384829e-05-7.698888027796073e-05j)"], ["0j"], ["0j"], ["(-0.00296484457228106-0.0038633842017489883j)"], ["0j"], ["0j"], ["0j"], ["0j"], ["0j"], ["0j"], ["0j"], ["0j"], ["(5.908293141498483e-05+7.698888027905446e-05j)"], ["0j"], ["0j"], ["0j"], ["0j"], ["0j"], ["(0.002964844572281054+0.003863384201749j)"], ["0j"], ["0j"], ["0j"], ["0j"], ["0j"], ["(0.017524524043220753+0.022835588065805615j)"], ["0j"], ["0j"], ["(0.0011976606394778233+0.0015606292609314813j)"], ["0j"], ["0j"], ["(-0.0011976606394784562-0.0015606292609320455j)"], ["0j"], ["0j"], ["(0.012908328102448088+0.016820386244943156j)"], ["0j"], ["0j"], ["0j"], ["0j"], ["0j"], ["0j"], ["0j"], ["0j"], ["0j"], ["0j"], ["0j"], ["0j"], ["0j"], ["0j"], ["(0.0038280790024163257+0.004988234485966316j)"], ["0j"], ["0j"], ["(-8.611704631550711e-05-0.00011221608017762041j)"], ["0j"], ["0j"], ["0j"], ["0j"], ["0j"], ["0j"], ["0j"], ["0j"], ["0j"], ["0j"], ["0j"], ["(-0.015981582131580987-0.020825034979355162j)"], ["0j"], ["0j"], ["0j"], ["0j"], ["0j"], ["0j"], ["0j"], ["0j"], ["(0.001757088085078503+0.002289599398376287j)"], ["0j"], ["0j"], ["(-0.011434539367092744-0.01489994421903729j)"], ["0j"], ["0j"], ["(0.0274161214986741+0.03572497919839276j)"], ["0j"], ["0j"], ["(-0.008553978355727356-0.011146386947426984j)"], ["0j"], ["0j"], ["0j"], ["0j"], ["0j"], ["(-4.286332686330916e-05-5.5853686694311896e-05j)"], ["0j"], ["0j"], ["0j"], ["0j"], ["0j"], ["(-0.02426822882248277-0.03162307148029539j)"], ["0j"], ["0j"], ["0j"], ["0j"], ["0j"], ["0j"], ["0j"], ["0j"], ["0j"], ["0j"], ["0j"], ["0j"], ["0j"], ["0j"], ["(-0.003828079002416432-0.004988234485966449j)"], ["0j"], ["0j"], ["0j"], ["0j"], ["0j"], ["(8.61170463167702e-05+0.00011221608017879313j)"], ["0j"], ["0j"], ["0j"], ["0j"], ["0j"], ["(-0.0017570880850791358-0.0022895993983769146j)"], ["0j"], ["0j"], ["(0.027416121498673344+0.03572497919839201j)"], ["0j"], ["0j"], ["(-0.011434539367092636-0.014899944219037103j)"], ["0j"], ["0j"], ["(0.008553978355729486+0.01114638694742894j)"], ["0j"], ["0j"], ["0j"], ["0j"], ["0j"], ["0j"], ["0j"], ["0j"], ["(-0.015981582131581042-0.020825034979355207j)"], ["0j"], ["0j"], ["0j"], ["0j"], ["0j"], ["0j"], ["0j"], ["0j"], ["0j"], ["0j"], ["0j"], ["(4.286332686208127e-05+5.585368669311158e-05j)"], ["0j"], ["0j"], ["(0.02426822882248292+0.031623071480295965j)"], ["0j"], ["0j"], ["0j"], ["0j"], ["0j"], ["0j"], ["0j"], ["0j"], ["0j"], ["0j"], ["0j"], ["0j"], ["0j"], ["0j"], ["(0.0021454373905887914+0.0027956436563774368j)"], ["0j"], ["0j"], ["(-0.007910669964970203-0.010308114514213406j)"], ["0j"], ["0j"], ["(0.007910669964972217+0.010308114514215384j)"], ["0j"], ["0j"], ["(0.3104075992938515+0.40448117463778455j)"], ["0j"], ["0j"], ["0j"], ["0j"], ["0j"], ["(0.01063273035215126+0.013855135222941607j)"], ["0j"], ["0j"], ["0j"], ["0j"], ["0j"], ["(0.001316981266026878+0.001716111753297671j)"], ["0j"], ["0j"], ["0j"], ["0j"], ["0j"], ["0j"], ["0j"], ["0j"], ["(-0.010632730352151586-0.013855135222941812j)"], ["0j"], ["0j"], ["(-0.0013169812660612065-0.0017161117533305704j)"], ["0j"], ["0j"], ["0j"], ["0j"], ["0j"], ["0j"], ["0j"], ["0j"], ["0j"], ["0j"], ["0j"], ["(-0.5193141484709562-0.6766999173261351j)"], ["0j"], ["0j"], ["0j"], ["0j"], ["0j"], ["0j"], ["0j"], ["0j"], ["0j"], ["0j"], ["0j"], ["0j"], ["0j"], ["0j"], ["0j"]]}