{"geometry": [["H", [0.0, 0.0, 0.0]], ["H", [0.4432, 0.0, 0.0]], ["H", [0.6987, 0.637, 0.0]], ["H", [0.5532, 0.4014, 0.4418]]], "multiplicity": 1, "canonical_orbitals": [[0.17863738231496806, 0.8077987228256566, 0.03890649349840631, 1.7299140450872024], [0.4105167148583263, 0.49692602677966585, -0.419659183337347, -2.2139487220445373], [0.2213862818725898, -0.7385318573258228, -1.4232432044996233, 0.6491381607362303], [0.3066109968189541, -0.5734383686619641, 1.7441802076612545, 0.11490261045095981]], "canonical_to_oao": [[0.4447852518088151, 0.5655378294241578, 0.46387730297064567, 0.5168664150941367], [0.6348152105478329, 0.3365170325698213, -0.561312582280208, -0.41072389779685115], [0.007698230440990578, -0.16660020496167322, -0.6400033197065756, 0.7500539045424458], [0.6317566505218294, -0.7342803429122557, 0.2452382179171275, 0.03967529466723445]], "orbital_energies": [-1.1049345943481548, -0.2975657273016444, 0.8155237414383127, 1.1636020610875217], "exact_energy": -1.269837069331732, "ground_states": [["0j"], ["0j"], ["0j"], ["0j"], ["0j"], ["0j"], ["0j"], ["0j"], ["0j"], ["0j"], ["0j"], ["0j"], ["0j"], ["0j"], ["0j"], ["(0.0019174700644715964+0.005603520349613962j)"], ["0j"], ["0j"], ["0j"], ["0j"], ["0j"], ["0j"], ["0j"], ["0j"], ["0j"], ["0j"], ["0j"], ["(-0.0001699771710397429-0.0004967329370816416j)"], ["0j"], ["0j"], ["(-0.00031059854048617777-0.0009076779212479251j)"], ["0j"], ["0j"], ["0j"], ["0j"], ["0j"], ["0j"], ["0j"], ["0j"], ["(0.00016997717103975558+0.000496732937081648j)"], ["0j"], ["0j"], ["0j"], ["0j"], ["0j"], ["(0.00031059854048617734+0.0009076779212479039j)"], ["0j"], ["0j"], ["0j"], ["0j"], ["0j"], ["(-0.010432696053822216-0.03048799859884128j)"], ["0j"], ["0j"], ["(0.000779271253753536+0.002277304042021867j)"], ["0j"], ["0j"], ["(-0.000779271253753525-0.0022773040420218608j)"], ["0j"], ["0j"], ["(-0.01301385149331163-0.038031040494872895j)"], ["0j"], ["0j"], ["0j"], ["0j"], ["0j"], ["0j"], ["0j"], ["0j"], ["0j"], ["0j"], ["0j"], ["0j"], ["0j"], ["0j"], ["(7.322025609667367e-05+0.00021397528057616352j)"], ["0j"], ["0j"], ["(0.00010844043835598663+0.0003169010115504537j)"], ["0j"], ["0j"], ["0j"], ["0j"], ["0j"], ["0j"], ["0j"], ["0j"], ["0j"], ["0j"], ["0j"], ["(-0.00015296898900673278-0.00044702906117870765j)"], ["0j"], ["0j"], ["0j"], ["0j"], ["0j"], ["0j"], ["0j"], ["0j"], ["(-0.007922244978671195-0.023151579664866584j)"], ["0j"], ["0j"], ["(0.002946203154266356+0.008609839410232344j)"], ["0j"], ["0j"], ["(-0.0027932341652596054-0.008162810349053614j)"], ["0j"], ["0j"], ["(0.012518244029785647+0.03658270158270663j)"], ["0j"], ["0j"], ["0j"], ["0j"], ["0j"], ["(0.0002667329001872315+0.0007794871282761427j)"], ["0j"], ["0j"], ["0j"], ["0j"], ["0j"], ["(-0.0003148286075888285-0.000920039661610412j)"], ["0j"], ["0j"], ["0j"], ["0j"], ["0j"], ["0j"], ["0j"], ["0j"], ["0j"], ["0j"], ["0j"], ["0j"], ["0j"], ["0j"], ["(-7.322025609668884e-05-0.00021397528057616686j)"], ["0j"], ["0j"], ["0j"], ["0j"], ["0j"], ["(-0.00010844043835598679-0.0003169010115504778j)"], ["0j"], ["0j"], ["0j"], ["0j"], ["0j"], ["(0.007922244978671182+0.023151579664866608j)"], ["0j"], ["0j"], ["(-0.0027932341652596037-0.008162810349053624j)"], ["0j"], ["0j"], ["(0.0029462031542663325+0.008609839410232361j)"], ["0j"], ["0j"], ["(-0.012518244029785687-0.03658270158270663j)"], ["0j"], ["0j"], ["0j"], ["0j"], ["0j"], ["0j"], ["0j"], ["0j"], ["(-0.00015296898900670755-0.00044702906117871535j)"], ["0j"], ["0j"], ["0j"], ["0j"], ["0j"], ["0j"], ["0j"], ["0j"], ["0j"], ["0j"], ["0j"], ["(-0.0002667329001872001-0.0007794871282761138j)"], ["0j"], ["0j"], ["(0.00031482860758887967+0.0009200396616104619j)"], ["0j"], ["0j"], ["0j"], ["0j"], ["0j"], ["0j"], ["0j"], ["0j"], ["0j"], ["0j"], ["0j"], ["0j"], ["0j"], ["0j"], ["(-0.01507026703310336-0.04404060827796144j)"], ["0j"], ["0j"], ["(-0.003083041149035478-0.009009728046042737j)"], ["0j"], ["0j"], ["(0.0030830411490353946+0.009009728046042753j)"], ["0j"], ["0j"], ["(-0.0186619992791613-0.054536910204164936j)"], ["0j"], ["0j"], ["0j"], ["0j"], ["0j"], ["(0.0014250451020787302+0.0041644818224668536j)"], ["0j"], ["0j"], ["0j"], ["0j"], ["0j"], ["(0.0014444818213136348+0.004221282736224157j)"], ["0j"], ["0j"], ["0j"], ["0j"], ["0j"], ["0j"], ["0j"], ["0j"], ["(-0.0014250451020788378-0.004164481822466616j)"], ["0j"], ["0j"], ["(-0.0014444818213138109-0.004221282736224231j)"], ["0j"], ["0j"], ["0j"], ["0j"], ["0j"], ["0j"], ["0j"], ["0j"], ["0j"], ["0j"], ["0j"], ["(0.3216551387896776+0.9399891811414315j)"], ["0j"], ["0j"], ["0j"], ["0j"], ["0j"], ["0j"], ["0j"], ["0j"], ["0j"], ["0j"], ["0j"], ["0j"], ["0j"], ["0j"], ["0j"]], "hf_energy": -1.2427045089989637}