{"geometry": [["H", [0.0, 0.0, 0.0]], ["H", [0.8465, 0.0, 0.0]], ["H", [0.4014, 0.2847, 0.0]], ["H", [-0.1421, -0.2498, 0.4075]]], "multiplicity": 1, "canonical_orbitals": [[0.4079074611794209, 0.49636208839622575, 0.8657044187434806, 2.3805377916486203], [0.1697030619771312, -0.7214187409048092, -1.1894980872738583, 0.9589841444654408], [0.37259844659312613, -0.5119067719294292, 1.0244527759181006, -2.158551617800652], [0.16582422723622425, 0.7256033026740554, -1.0818528859861947, -1.2443982170511583]], "canonical_to_oao": [[0.5773131813833382, 0.4138172287085503, 0.5649478452760719, 0.41987941595528055], [0.3260792277809737, -0.6207260188289678, -0.3430792118146558, 0.6250345599877963], [0.3760352879044574, -0.5987544654518564, 0.4560206130380502, -0.5404958397957138], [0.6472860959895784, 0.2914577171292193, -0.595966263326172, -0.37536292044025554]], "orbital_energies": [-1.0810219341681906, -0.33157657158162623, 0.7151775097249188, 1.6897714324189244], "exact_energy": -1.4125040747362871, "ground_states": [["0j"], ["0j"], ["0j"], ["0j"], ["0j"], ["0j"], ["0j"], ["0j"], ["0j"], ["0j"], ["0j"], ["0j"], ["0j"], ["0j"], ["0j"], ["(-0.003840981890916759+0.0029902458975902073j)"], ["0j"], ["0j"], ["0j"], ["0j"], ["0j"], ["0j"], ["0j"], ["0j"], ["0j"], ["0j"], ["0j"], ["(-3.995308405749392e-05+3.110390756632477e-05j)"], ["0j"], ["0j"], ["(1.3510337784301124e-05-1.0517943922140601e-05j)"], ["0j"], ["0j"], ["0j"], ["0j"], ["0j"], ["0j"], ["0j"], ["0j"], ["(3.9953084057497245e-05-3.110390756631203e-05j)"], ["0j"], ["0j"], ["0j"], ["0j"], ["0j"], ["(-1.3510337784308612e-05+1.0517943922132232e-05j)"], ["0j"], ["0j"], ["0j"], ["0j"], ["0j"], ["(0.019056732465242775-0.01483587210093951j)"], ["0j"], ["0j"], ["(-0.0001928274040970832+0.0001501182172734859j)"], ["0j"], ["0j"], ["(0.00019282740409707572-0.00015011821727349133j)"], ["0j"], ["0j"], ["(0.03174650078036217-0.024714993826399974j)"], ["0j"], ["0j"], ["0j"], ["0j"], ["0j"], ["0j"], ["0j"], ["0j"], ["0j"], ["0j"], ["0j"], ["0j"], ["0j"], ["0j"], ["(0.0003204368919846371-0.00024946358220526344j)"], ["0j"], ["0j"], ["(5.950322239675893e-05-4.632390147063769e-05j)"], ["0j"], ["0j"], ["0j"], ["0j"], ["0j"], ["0j"], ["0j"], ["0j"], ["0j"], ["0j"], ["0j"], ["(-0.0106237871316503+0.008270733054590505j)"], ["0j"], ["0j"], ["0j"], ["0j"], ["0j"], ["0j"], ["0j"], ["0j"], ["(0.0017461983375600832-0.0013594342706003835j)"], ["0j"], ["0j"], ["(-0.015477225820749695+0.012049187507501492j)"], ["0j"], ["0j"], ["(0.02610101295239997-0.020319920562092j)"], ["0j"], ["0j"], ["(-0.0047155085347241835+0.00367107433762073j)"], ["0j"], ["0j"], ["0j"], ["0j"], ["0j"], ["(3.817288759040677e-05-2.9718005384597766e-05j)"], ["0j"], ["0j"], ["0j"], ["0j"], ["0j"], ["(0.0023477338708824368-0.0018277361818970998j)"], ["0j"], ["0j"], ["0j"], ["0j"], ["0j"], ["0j"], ["0j"], ["0j"], ["0j"], ["0j"], ["0j"], ["0j"], ["0j"], ["0j"], ["(-0.0003204368919846285+0.00024946358220525396j)"], ["0j"], ["0j"], ["0j"], ["0j"], ["0j"], ["(-5.950322239676746e-05+4.632390147062405e-05j)"], ["0j"], ["0j"], ["0j"], ["0j"], ["0j"], ["(-0.0017461983375600676+0.0013594342706004245j)"], ["0j"], ["0j"], ["(0.026101012952399992-0.020319920562092003j)"], ["0j"], ["0j"], ["(-0.015477225820749698+0.012049187507501505j)"], ["0j"], ["0j"], ["(0.004715508534724214-0.0036710743376207914j)"], ["0j"], ["0j"], ["0j"], ["0j"], ["0j"], ["0j"], ["0j"], ["0j"], ["(-0.010623787131650287+0.00827073305459047j)"], ["0j"], ["0j"], ["0j"], ["0j"], ["0j"], ["0j"], ["0j"], ["0j"], ["0j"], ["0j"], ["0j"], ["(-3.817288759038524e-05+2.971800538456983e-05j)"], ["0j"], ["0j"], ["(-0.0023477338708825382+0.0018277361818969944j)"], ["0j"], ["0j"], ["0j"], ["0j"], ["0j"], ["0j"], ["0j"], ["0j"], ["0j"], ["0j"], ["0j"], ["0j"], ["0j"], ["0j"], ["(0.018603450677988704-0.014482987332595777j)"], ["0j"], ["0j"], ["(-0.0012759695267639715+0.0009933560613443267j)"], ["0j"], ["0j"], ["(0.0012759695267639403-0.0009933560613443507j)"], ["0j"], ["0j"], ["(0.07261368731299996-0.05653054004500143j)"], ["0j"], ["0j"], ["0j"], ["0j"], ["0j"], ["(0.0007424889856296957-0.000578035696688881j)"], ["0j"], ["0j"], ["0j"], ["0j"], ["0j"], ["(9.652643779220253e-05-7.514687463128739e-05j)"], ["0j"], ["0j"], ["0j"], ["0j"], ["0j"], ["0j"], ["0j"], ["0j"], ["(-0.0007424889856297378+0.0005780356966888648j)"], ["0j"], ["0j"], ["(-9.652643779219372e-05+7.514687463095505e-05j)"], ["0j"], ["0j"], ["0j"], ["0j"], ["0j"], ["0j"], ["0j"], ["0j"], ["0j"], ["0j"], ["0j"], ["(-0.7832599524937122+0.6097763348558747j)"], ["0j"], ["0j"], ["0j"], ["0j"], ["0j"], ["0j"], ["0j"], ["0j"], ["0j"], ["0j"], ["0j"], ["0j"], ["0j"], ["0j"], ["0j"]], "hf_energy": -1.3842542667596704}