{"geometry": [["H", [0.0, 0.0, 0.0]], ["H", [1.0, 0.0, 0.0]], ["H", [0.0, 1.0, 0.0]], ["H", [0.0, 0.0, 1.0]]], "multiplicity": 3, "canonical_orbitals": [[0.4739054078006845, -1.7208456881689926e-15, 2.914335439641036e-16, 1.286636513008468], [0.28210076856521205, 0.10475382372323098, 0.9632567415740861, -0.5631139023443312], [0.28210076856521343, -0.8865817204313942, -0.3909088982991698, -0.5631139023443321], [0.2821007685652106, 0.7818278967081675, -0.572347843274917, -0.5631139023443288]], "canonical_to_oao": [[0.6323932833896526, 0.4472429373855089, 0.44724293738550996, 0.4472429373855075], [-6.38378239159465e-16, 0.08827326218228296, -0.7470988444339146, 0.6588255822516361], [1.8041124150158794e-16, 0.8117108462071729, -0.32940853557880667, -0.48230231062836676], [0.7746474908780475, -0.36511243239872754, -0.3651124323987284, -0.3651124323987257]], "orbital_energies": [-0.6817296310215442, 0.04253286338690104, 0.04253286338690172, 0.5690518828095081], "exact_energy": -1.891747928552766, "ground_states": [["0j", "0j", "0j"], ["0j", "0j", "0j"], ["0j", "0j", "0j"], ["0j", "0j", "0j"], ["0j", "0j", "0j"], ["0j", "0j", "0j"], ["0j", "0j", "0j"], ["0j", "0j", "0j"], ["0j", "0j", "0j"], ["0j", "0j", "0j"], ["0j", "0j", "0j"], ["0j", "0j", "0j"], ["0j", "0j", "0j"], ["0j", "0j", "0j"], ["0j", "0j", "0j"], ["0j", "0j", "0j"], ["0j", "0j", "0j"], ["0j", "0j", "0j"], ["0j", "0j", "0j"], ["0j", "0j", "0j"], ["0j", "0j", "0j"], ["0j", "0j", "0j"], ["0j", "0j", "0j"], ["(0.0037829897006196257-0.02098419832193474j)", "(0.0036422234395751653-0.013300494544250412j)", "(-0.02533298863342364-0.08197564427337213j)"], ["0j", "0j", "0j"], ["0j", "0j", "0j"], ["0j", "0j", "0j"], ["(0.004784996174929781+0.03332749758331903j)", "(-0.0077909233397864585-0.04833763571668771j)", "(2.1250223775968765e-05-0.0017601235272440843j)"], ["0j", "0j", "0j"], ["0j", "0j", "0j"], ["0j", "0j", "0j"], ["0j", "0j", "0j"], ["0j", "0j", "0j"], ["0j", "0j", "0j"], ["0j", "0j", "0j"], ["0j", "0j", "0j"], ["0j", "0j", "0j"], ["0j", "0j", "0j"], ["0j", "0j", "0j"], ["(0.004784996174930079+0.03332749758331892j)", "(-0.007790923339786422-0.048337635716687706j)", "(2.125022377596869e-05-0.0017601235272440795j)"], ["0j", "0j", "0j"], ["0j", "0j", "0j"], ["0j", "0j", "0j"], ["(-0.03673193953032834-0.062259015941524345j)", "(-0.029261432892265116-0.04589611287605091j)", "(0.020951720797296153+0.011847635239428382j)"], ["0j", "0j", "0j"], ["0j", "0j", "0j"], ["0j", "0j", "0j"], ["0j", "0j", "0j"], ["0j", "0j", "0j"], ["0j", "0j", "0j"], ["0j", "0j", "0j"], ["0j", "0j", "0j"], ["0j", "0j", "0j"], ["0j", "0j", "0j"], ["0j", "0j", "0j"], ["0j", "0j", "0j"], ["0j", "0j", "0j"], ["0j", "0j", "0j"], ["0j", "0j", "0j"], ["0j", "0j", "0j"], ["0j", "0j", "0j"], ["0j", "0j", "0j"], ["0j", "0j", "0j"], ["0j", "0j", "0j"], ["0j", "0j", "0j"], ["0j", "0j", "0j"], ["0j", "0j", "0j"], ["0j", "0j", "0j"], ["0j", "0j", "0j"], ["0j", "0j", "0j"], ["0j", "0j", "0j"], ["0j", "0j", "0j"], ["0j", "0j", "0j"], ["0j", "0j", "0j"], ["0j", "0j", "0j"], ["0j", "0j", "0j"], ["0j", "0j", "0j"], ["0j", "0j", "0j"], ["0j", "0j", "0j"], ["0j", "0j", "0j"], ["0j", "0j", "0j"], ["0j", "0j", "0j"], ["0j", "0j", "0j"], ["0j", "0j", "0j"], ["0j", "0j", "0j"], ["0j", "0j", "0j"], ["(0.0043514644935543755-0.02413752115387641j)", "(0.0041895451029927274-0.015299177194836115j)", "(-0.029139809853541084-0.09429423118265376j)"], ["0j", "0j", "0j"], ["0j", "0j", "0j"], ["(-0.003834637178066427+0.021270686257493773j)", "(-0.0036919490978081027+0.013482080286313971j)", "(0.025678848670761888+0.08309482131953261j)"], ["(0.0006537201852027136+0.00455316098404838j)", "(-0.001064386190164588-0.006603827258741612j)", "(2.9031789616301085e-06-0.0002404658721018837j)"], ["0j", "0j", "0j"], ["0j", "0j", "0j"], ["0j", "0j", "0j"], ["0j", "0j", "0j"], ["0j", "0j", "0j"], ["0j", "0j", "0j"], ["0j", "0j", "0j"], ["0j", "0j", "0j"], ["0j", "0j", "0j"], ["0j", "0j", "0j"], ["(-0.0038346371780664354+0.02127068625749379j)", "(-0.003691949097808081+0.013482080286313904j)", "(0.025678848670761294+0.08309482131953376j)"], ["(0.0006537201852028191+0.004553160984048389j)", "(-0.0010643861901645313-0.006603827258741566j)", "(2.903178959939065e-06-0.0002404658721022171j)"], ["0j", "0j", "0j"], ["0j", "0j", "0j"], ["(-0.009700647203076763-0.06756500619813041j)", "(0.015794578708642704+0.09799513595751155j)", "(-4.3080687277678935e-05+0.0035683074233346193j)"], ["(0.03221515279975474+0.05460326183055339j)", "(0.02566326591564178+0.04025244264588816j)", "(-0.018375367474004492-0.010390776649264686j)"], ["0j", "0j", "0j"], ["0j", "0j", "0j"], ["0j", "0j", "0j"], ["0j", "0j", "0j"], ["0j", "0j", "0j"], ["0j", "0j", "0j"], ["0j", "0j", "0j"], ["0j", "0j", "0j"], ["0j", "0j", "0j"], ["0j", "0j", "0j"], ["0j", "0j", "0j"], ["0j", "0j", "0j"], ["0j", "0j", "0j"], ["0j", "0j", "0j"], ["0j", "0j", "0j"], ["0j", "0j", "0j"], ["0j", "0j", "0j"], ["0j", "0j", "0j"], ["0j", "0j", "0j"], ["0j", "0j", "0j"], ["0j", "0j", "0j"], ["0j", "0j", "0j"], ["0j", "0j", "0j"], ["0j", "0j", "0j"], ["0j", "0j", "0j"], ["0j", "0j", "0j"], ["0j", "0j", "0j"], ["0j", "0j", "0j"], ["0j", "0j", "0j"], ["0j", "0j", "0j"], ["0j", "0j", "0j"], ["0j", "0j", "0j"], ["0j", "0j", "0j"], ["0j", "0j", "0j"], ["0j", "0j", "0j"], ["0j", "0j", "0j"], ["0j", "0j", "0j"], ["0j", "0j", "0j"], ["0j", "0j", "0j"], ["0j", "0j", "0j"], ["0j", "0j", "0j"], ["0j", "0j", "0j"], ["(0.0033178098625784866-0.018403851361111116j)", "(0.003194353092623453-0.011664983377791755j)", "(-0.02221788748798208-0.0718954114564127j)"], ["(0.009700647203076807+0.06756500619813041j)", "(-0.015794578708642638-0.09799513595751143j)", "(4.308068727767477e-05-0.0035683074233346062j)"], ["0j", "0j", "0j"], ["0j", "0j", "0j"], ["(-0.0006537201852027433-0.004553160984048407j)", "(0.0010643861901645292+0.006603827258741662j)", "(-2.9031789598989586e-06+0.00024046587210213726j)"], ["(-0.037233424379245504-0.06310901062196823j)", "(-0.029660926233501892-0.04652271211164336j)", "(0.02123776533164318+0.01200938573896743j)"], ["0j", "0j", "0j"], ["0j", "0j", "0j"], ["0j", "0j", "0j"], ["0j", "0j", "0j"], ["0j", "0j", "0j"], ["0j", "0j", "0j"], ["0j", "0j", "0j"], ["0j", "0j", "0j"], ["0j", "0j", "0j"], ["0j", "0j", "0j"], ["(-0.0006537201852027594-0.004553160984048375j)", "(0.0010643861901646235+0.006603827258741618j)", "(-2.90317896163557e-06+0.00024046587210196647j)"], ["(-0.037233424379245414-0.06310901062196822j)", "(-0.029660926233501826-0.046522712111643355j)", "(0.0212377653316416+0.012009385738967437j)"], ["0j", "0j", "0j"], ["0j", "0j", "0j"], ["(0.04225169595873628+0.07161475941338316j)", "(0.03365858655136197+0.05279298157739864j)", "(-0.024100163189280304-0.013627994828670196j)"], ["0j", "0j", "0j"], ["0j", "0j", "0j"], ["0j", "0j", "0j"], ["0j", "0j", "0j"], ["0j", "0j", "0j"], ["0j", "0j", "0j"], ["0j", "0j", "0j"], ["0j", "0j", "0j"], ["0j", "0j", "0j"], ["0j", "0j", "0j"], ["0j", "0j", "0j"], ["0j", "0j", "0j"], ["0j", "0j", "0j"], ["0j", "0j", "0j"], ["0j", "0j", "0j"], ["0j", "0j", "0j"], ["0j", "0j", "0j"], ["0j", "0j", "0j"], ["0j", "0j", "0j"], ["0j", "0j", "0j"], ["0j", "0j", "0j"], ["0j", "0j", "0j"], ["0j", "0j", "0j"], ["0j", "0j", "0j"], ["0j", "0j", "0j"], ["0j", "0j", "0j"], ["0j", "0j", "0j"], ["0j", "0j", "0j"], ["0j", "0j", "0j"], ["0j", "0j", "0j"], ["0j", "0j", "0j"], ["0j", "0j", "0j"], ["0j", "0j", "0j"], ["0j", "0j", "0j"], ["0j", "0j", "0j"], ["0j", "0j", "0j"], ["0j", "0j", "0j"], ["0j", "0j", "0j"], ["0j", "0j", "0j"], ["0j", "0j", "0j"], ["0j", "0j", "0j"], ["0j", "0j", "0j"], ["(-0.04155808833768221+0.2305222156474734j)", "(-0.040011698531098205+0.1461127761236793j)", "(0.2782959148191396+0.9005446315894591j)"], ["0j", "0j", "0j"], ["0j", "0j", "0j"], ["0j", "0j", "0j"], ["(-0.052565645024260234-0.36611970907946395j)", "(0.08558730158158338+0.5310137996991597j)", "(-0.0002334446421392441+0.019335862589967216j)"], ["0j", "0j", "0j"], ["0j", "0j", "0j"], ["0j", "0j", "0j"], ["0j", "0j", "0j"], ["0j", "0j", 