{"geometry": [["H", [0.0, 0.0, 0.0]], ["H", [0.6337, 0.0, 0.0]], ["H", [0.3882, -0.8902, 0.0]], ["H", [0.6565, -0.441, -0.3138]]], "multiplicity": 1, "canonical_orbitals": [[0.2185943718310262, 0.7344283437559462, 1.0280843145418155, 0.7884424571473158], [0.35454422226465726, 0.5744528716886005, -0.8256765559274817, -1.6592019959211781], [0.18692829629269359, -0.8056843308229846, 0.7986558851876602, -1.0418726470061783], [0.38223322862648423, -0.5242577575480512, -0.7351166902194268, 1.8296258515689934]], "canonical_to_oao": [[0.4413859807793228, 0.5556253436852144, 0.41875849990296954, 0.5666570498857086], [0.5712429583593523, 0.37729189262248675, -0.6461284786153987, -0.33741710005325265], [0.6224185275413169, -0.456914387188442, 0.49291918372214805, -0.40106744778428416], [0.30241540150863155, -0.5832328420075805, -0.4052036354721592, 0.6357628415803154]], "orbital_energies": [-1.0154891294419552, -0.21994430185137623, 0.4953712377172014, 1.2649969924804674], "exact_energy": -1.4639670146851202, "ground_states": [["0j"], ["0j"], ["0j"], ["0j"], ["0j"], ["0j"], ["0j"], ["0j"], ["0j"], ["0j"], ["0j"], ["0j"], ["0j"], ["0j"], ["0j"], ["(-0.010912850806073494+0j)"], ["0j"], ["0j"], ["0j"], ["0j"], ["0j"], ["0j"], ["0j"], ["0j"], ["0j"], ["0j"], ["0j"], ["(-0.0007918378554440109+0j)"], ["0j"], ["0j"], ["(0.00047926527953101594+0j)"], ["0j"], ["0j"], ["0j"], ["0j"], ["0j"], ["0j"], ["0j"], ["0j"], ["(0.0007918378554439859+0j)"], ["0j"], ["0j"], ["0j"], ["0j"], ["0j"], ["(-0.0004792652795309868+0j)"], ["0j"], ["0j"], ["0j"], ["0j"], ["0j"], ["(0.030537225895119844+0j)"], ["0j"], ["0j"], ["(-0.000692846358859111+0j)"], ["0j"], ["0j"], ["(0.0006928463588591108+0j)"], ["0j"], ["0j"], ["(0.04801300196043413+0j)"], ["0j"], ["0j"], ["0j"], ["0j"], ["0j"], ["0j"], ["0j"], ["0j"], ["0j"], ["0j"], ["0j"], ["0j"], ["0j"], ["0j"], ["(-0.00048102002125595996+0j)"], ["0j"], ["0j"], ["(0.0002757465613454391+0j)"], ["0j"], ["0j"], ["0j"], ["0j"], ["0j"], ["0j"], ["0j"], ["0j"], ["0j"], ["0j"], ["0j"], ["(-0.017836512548066074+0j)"], ["0j"], ["0j"], ["0j"], ["0j"], ["0j"], ["0j"], ["0j"], ["0j"], ["(-0.003879705848982772+0j)"], ["0j"], ["0j"], ["(-0.03228996889802003+0j)"], ["0j"], ["0j"], ["(0.050126481446086106+0j)"], ["0j"], ["0j"], ["(0.014888915879516672+0j)"], ["0j"], ["0j"], ["0j"], ["0j"], ["0j"], ["(0.0002544311189901049+0j)"], ["0j"], ["0j"], ["0j"], ["0j"], ["0j"], ["(-0.0047416734965864136+0j)"], ["0j"], ["0j"], ["0j"], ["0j"], ["0j"], ["0j"], ["0j"], ["0j"], ["0j"], ["0j"], ["0j"], ["0j"], ["0j"], ["0j"], ["(0.00048102002125595823+0j)"], ["0j"], ["0j"], ["0j"], ["0j"], ["0j"], ["(-0.00027574656134544116+0j)"], ["0j"], ["0j"], ["0j"], ["0j"], ["0j"], ["(0.0038797058489827723+0j)"], ["0j"], ["0j"], ["(0.05012648144608607+0j)"], ["0j"], ["0j"], ["(-0.03228996889802002+0j)"], ["0j"], ["0j"], ["(-0.014888915879516683+0j)"], ["0j"], ["0j"], ["0j"], ["0j"], ["0j"], ["0j"], ["0j"], ["0j"], ["(-0.017836512548066067+0j)"], ["0j"], ["0j"], ["0j"], ["0j"], ["0j"], ["0j"], ["0j"], ["0j"], ["0j"], ["0j"], ["0j"], ["(-0.00025443111899010087+0j)"], ["0j"], ["0j"], ["(0.0047416734965864404+0j)"], ["0j"], ["0j"], ["0j"], ["0j"], ["0j"], ["0j"], ["0j"], ["0j"], ["0j"], ["0j"], ["0j"], ["0j"], ["0j"], ["0j"], ["(0.03500352475569862+0j)"], ["0j"], ["0j"], ["(0.005999788758734225+0j)"], ["0j"], ["0j"], ["(-0.005999788758734229+0j)"], ["0j"], ["0j"], ["(0.17206140919195978+0j)"], ["0j"], ["0j"], ["0j"], ["0j"], ["0j"], ["(-0.002681488656786371+0j)"], ["0j"], ["0j"], ["0j"], ["0j"], ["0j"], ["(0.011074183138637991+0j)"], ["0j"], ["0j"], ["0j"], ["0j"], ["0j"], ["0j"], ["0j"], ["0j"], ["(0.0026814886567863606+0j)"], ["0j"], ["0j"], ["(-0.011074183138637965+0j)"], ["0j"], ["0j"], ["0j"], ["0j"], ["0j"], ["0j"], ["0j"], ["0j"], ["0j"], ["0j"], ["0j"], ["(-0.9783723062921303+0j)"], ["0j"], ["0j"], ["0j"], ["0j"], ["0j"], ["0j"], ["0j"], ["0j"], ["0j"], ["0j"], ["0j"], ["0j"], ["0j"], ["0j"], ["0j"]], "hf_energy": -1.4196760631409016}