{"geometry": [["H", [0.0, 0.0, 0.0]], ["H", [0.4698, 0.0, 0.0]], ["H", [0.2239, -0.72, 0.0]], ["H", [0.1444, 0.3023, -0.476]]], "multiplicity": 1, "canonical_orbitals": [[0.43121941253815355, 0.040212739074142356, 0.4045937437990822, 2.035807403755158], [0.38587645293762357, -0.1161991120346488, -1.7731565416611021, -0.6867895643425119], [0.07909560446371, -0.9666449388412143, 0.7744076814236287, -0.6333253068021972], [0.20117237655777254, 0.88232360832908, 0.883701981914564, -1.02745857773973]], "canonical_to_oao": [[0.5902056740742236, 0.5708703117143693, 0.3324580296791303, 0.46393534893948], [0.024612221488882896, -0.07142509053599763, -0.7828682740376427, 0.6175839704045354], [0.16341258854043245, -0.7741204022005324, 0.42369177619364895, 0.4410433171348043], [0.7901568368055092, -0.26408927759745493, -0.31156733267957565, -0.4569844897964259]], "orbital_energies": [-1.1137061851959493, -0.1913890703020448, 0.7180798311771599, 0.8765690804031299], "exact_energy": -1.3024475945750276, "ground_states": [["0j"], ["0j"], ["0j"], ["0j"], ["0j"], ["0j"], ["0j"], ["0j"], ["0j"], ["0j"], ["0j"], ["0j"], ["0j"], ["0j"], ["0j"], ["(-0.004144409565803648-0.006001076828551869j)"], ["0j"], ["0j"], ["0j"], ["0j"], ["0j"], ["0j"], ["0j"], ["0j"], ["0j"], ["0j"], ["0j"], ["(-0.0005131640239745675-0.0007430580121545492j)"], ["0j"], ["0j"], ["(0.00022549781900709875+0.0003265193063200764j)"], ["0j"], ["0j"], ["0j"], ["0j"], ["0j"], ["0j"], ["0j"], ["0j"], ["(0.0005131640239745558+0.0007430580121544991j)"], ["0j"], ["0j"], ["0j"], ["0j"], ["0j"], ["(-0.0002254978190071349-0.000326519306320101j)"], ["0j"], ["0j"], ["0j"], ["0j"], ["0j"], ["(0.02398127719879691+0.03472472607539524j)"], ["0j"], ["0j"], ["(-0.005703844160943771-0.008259127502827548j)"], ["0j"], ["0j"], ["(0.005703844160943784+0.008259127502827557j)"], ["0j"], ["0j"], ["(0.0241174782520382+0.03492194427298235j)"], ["0j"], ["0j"], ["0j"], ["0j"], ["0j"], ["0j"], ["0j"], ["0j"], ["0j"], ["0j"], ["0j"], ["0j"], ["0j"], ["0j"], ["(0.002342143278529524+0.0033914075177091116j)"], ["0j"], ["0j"], ["(-0.002465333070473894-0.0035697854975428214j)"], ["0j"], ["0j"], ["0j"], ["0j"], ["0j"], ["0j"], ["0j"], ["0j"], ["0j"], ["0j"], ["0j"], ["(0.0008897785267186656+0.0012883932474465583j)"], ["0j"], ["0j"], ["0j"], ["0j"], ["0j"], ["0j"], ["0j"], ["0j"], ["(0.004757945613711783+0.006889472847845602j)"], ["0j"], ["0j"], ["(0.002956869017650033+0.004281526201776748j)"], ["0j"], ["0j"], ["(-0.0038466475443686837-0.0055699194492233135j)"], ["0j"], ["0j"], ["(-0.0009472377543565226-0.0013715938177785332j)"], ["0j"], ["0j"], ["0j"], ["0j"], ["0j"], ["(0.003712390326597526+0.005375515912159746j)"], ["0j"], ["0j"], ["0j"], ["0j"], ["0j"], ["(-0.005264716132043704-0.007623273107368216j)"], ["0j"], ["0j"], ["0j"], ["0j"], ["0j"], ["0j"], ["0j"], ["0j"], ["0j"], ["0j"], ["0j"], ["0j"], ["0j"], ["0j"], ["(-0.002342143278529525-0.0033914075177091142j)"], ["0j"], ["0j"], ["0j"], ["0j"], ["0j"], ["(0.0024653330704738994+0.003569785497542812j)"], ["0j"], ["0j"], ["0j"], ["0j"], ["0j"], ["(-0.004757945613711795-0.006889472847845598j)"], ["0j"], ["0j"], ["(-0.003846647544368688-0.005569919449223304j)"], ["0j"], ["0j"], ["(0.002956869017650024+0.004281526201776738j)"], ["0j"], ["0j"], ["(0.0009472377543565355+0.0013715938177785226j)"], ["0j"], ["0j"], ["0j"], ["0j"], ["0j"], ["0j"], ["0j"], ["0j"], ["(0.0008897785267186721+0.0012883932474465631j)"], ["0j"], ["0j"], ["0j"], ["0j"], ["0j"], ["0j"], ["0j"], ["0j"], ["0j"], ["0j"], ["0j"], ["(-0.0037123903265975145-0.005375515912159727j)"], ["0j"], ["0j"], ["(0.005264716132043621+0.007623273107368254j)"], ["0j"], ["0j"], ["0j"], ["0j"], ["0j"], ["0j"], ["0j"], ["0j"], ["0j"], ["0j"], ["0j"], ["0j"], ["0j"], ["0j"], ["(0.027913659133345696+0.040418788337762517j)"], ["0j"], ["0j"], ["(0.03505641553930845+0.050761450972627305j)"], ["0j"], ["0j"], ["(-0.03505641553930845-0.05076145097262726j)"], ["0j"], ["0j"], ["(0.047423972415014996+0.06866958910766902j)"], ["0j"], ["0j"], ["0j"], ["0j"], ["0j"], ["(-0.0022059871331177273-0.0031942543463532327j)"], ["0j"], ["0j"], ["0j"], ["0j"], ["0j"], ["(0.005466638786443566+0.007915655735879788j)"], ["0j"], ["0j"], ["0j"], ["0j"], ["0j"], ["0j"], ["0j"], ["0j"], ["(0.0022059871331178518+0.00319425434635327j)"], ["0j"], ["0j"], ["(-0.005466638786443534-0.007915655735879826j)"], ["0j"], ["0j"], ["0j"], ["0j"], ["0j"], ["0j"], ["0j"], ["0j"], ["0j"], ["0j"], ["0j"], ["(-0.5620755700015181-0.8138815977221405j)"], ["0j"], ["0j"], ["0j"], ["0j"], ["0j"], ["0j"], ["0j"], ["0j"], ["0j"], ["0j"], ["0j"], ["0j"], ["0j"], ["0j"], ["0j"]], "hf_energy": -1.2703340635749134}