{"geometry": [["H", [0.0, 0.0, 0.0]], ["H", [0.4253, 0.0, 0.0]], ["H", [-0.6681, 0.0871, 0.0]], ["H", [-0.2323, -0.3529, 0.1775]]], "multiplicity": 1, "canonical_orbitals": [[0.5715624069906121, 0.30602571109357846, 0.4182312032737299, 3.1410191768987055], [0.10180388023766151, 0.8654183264174768, 0.39471350200679683, -1.9975278133509735], [0.10532977642236192, -0.8417321823544059, 1.1001895134288562, -0.8426529788787182], [0.2971568467370228, -0.40667926258218223, -1.7224816249532287, -0.8512365260875636]], "canonical_to_oao": [[0.6143287051528594, 0.43547928192641927, 0.3868923361279033, 0.5322333673150894], [0.18591179333623903, 0.6648819713792004, -0.6707626914853916, -0.2710095587699559], [0.14599885182770375, 0.22569298517817454, 0.5760686087367486, -0.7719403926045478], [0.7528089946252676, -0.5633404260206499, -0.26179512979594394, -0.21769127689756793]], "orbital_energies": [-1.1480266524362301, -0.2691366673200137, 0.6987640568780666, 1.7751250484679149], "exact_energy": -1.1860517266221235, "ground_states": [["0j"], ["0j"], ["0j"], ["0j"], ["0j"], ["0j"], ["0j"], ["0j"], ["0j"], ["0j"], ["0j"], ["0j"], ["0j"], ["0j"], ["0j"], ["(0.004532344778852184+0j)"], ["0j"], ["0j"], ["0j"], ["0j"], ["0j"], ["0j"], ["0j"], ["0j"], ["0j"], ["0j"], ["0j"], ["(0.00034818040583018935+0j)"], ["0j"], ["0j"], ["(0.0006762898243813376+0j)"], ["0j"], ["0j"], ["0j"], ["0j"], ["0j"], ["0j"], ["0j"], ["0j"], ["(-0.00034818040583026806+0j)"], ["0j"], ["0j"], ["0j"], ["0j"], ["0j"], ["(-0.000676289824381401+0j)"], ["0j"], ["0j"], ["0j"], ["0j"], ["0j"], ["(-0.026067089719500513+0j)"], ["0j"], ["0j"], ["(0.006320214731913715+0j)"], ["0j"], ["0j"], ["(-0.00632021473191372+0j)"], ["0j"], ["0j"], ["(-0.04086117323303276+0j)"], ["0j"], ["0j"], ["0j"], ["0j"], ["0j"], ["0j"], ["0j"], ["0j"], ["0j"], ["0j"], ["0j"], ["0j"], ["0j"], ["0j"], ["(-0.0007757083542757979+0j)"], ["0j"], ["0j"], ["(0.0012337020506261198+0j)"], ["0j"], ["0j"], ["0j"], ["0j"], ["0j"], ["0j"], ["0j"], ["0j"], ["0j"], ["0j"], ["0j"], ["(-0.0036140858749041226+0j)"], ["0j"], ["0j"], ["0j"], ["0j"], ["0j"], ["0j"], ["0j"], ["0j"], ["(-0.010864363662533605+0j)"], ["0j"], ["0j"], ["(0.001205917909350755+0j)"], ["0j"], ["0j"], ["(0.002408167965553369+0j)"], ["0j"], ["0j"], ["(0.03159078851105452+0j)"], ["0j"], ["0j"], ["0j"], ["0j"], ["0j"], ["(-0.0017188403761111632+0j)"], ["0j"], ["0j"], ["0j"], ["0j"], ["0j"], ["(0.005348407293528119+0j)"], ["0j"], ["0j"], ["0j"], ["0j"], ["0j"], ["0j"], ["0j"], ["0j"], ["0j"], ["0j"], ["0j"], ["0j"], ["0j"], ["0j"], ["(0.0007757083542757988+0j)"], ["0j"], ["0j"], ["0j"], ["0j"], ["0j"], ["(-0.0012337020506261156+0j)"], ["0j"], ["0j"], ["0j"], ["0j"], ["0j"], ["(0.010864363662533605+0j)"], ["0j"], ["0j"], ["(0.0024081679655533605+0j)"], ["0j"], ["0j"], ["(0.0012059179093507556+0j)"], ["0j"], ["0j"], ["(-0.0315907885110545+0j)"], ["0j"], ["0j"], ["0j"], ["0j"], ["0j"], ["0j"], ["0j"], ["0j"], ["(-0.0036140858749041326+0j)"], ["0j"], ["0j"], ["0j"], ["0j"], ["0j"], ["0j"], ["0j"], ["0j"], ["0j"], ["0j"], ["0j"], ["(0.0017188403761111584+0j)"], ["0j"], ["0j"], ["(-0.005348407293528115+0j)"], ["0j"], ["0j"], ["0j"], ["0j"], ["0j"], ["0j"], ["0j"], ["0j"], ["0j"], ["0j"], ["0j"], ["0j"], ["0j"], ["0j"], ["(-0.031735885446020545+0j)"], ["0j"], ["0j"], ["(-0.028416516773949924+0j)"], ["0j"], ["0j"], ["(0.028416516773949935+0j)"], ["0j"], ["0j"], ["(-0.07895208681262515+0j)"], ["0j"], ["0j"], ["0j"], ["0j"], ["0j"], ["(-0.0018427436942139196+0j)"], ["0j"], ["0j"], ["0j"], ["0j"], ["0j"], ["(-0.005258052170007145+0j)"], ["0j"], ["0j"], ["0j"], ["0j"], ["0j"], ["0j"], ["0j"], ["0j"], ["(0.0018427436942139142+0j)"], ["0j"], ["0j"], ["(0.0052580521700071724+0j)"], ["0j"], ["0j"], ["0j"], ["0j"], ["0j"], ["0j"], ["0j"], ["0j"], ["0j"], ["0j"], ["0j"], ["(0.9931221368684949+0j)"], ["0j"], ["0j"], ["0j"], ["0j"], ["0j"], ["0j"], ["0j"], ["0j"], ["0j"], ["0j"], ["0j"], ["0j"], ["0j"], ["0j"], ["0j"]], "hf_energy": -1.1593979079503693}