{"geometry": [["H", [0.0, 0.0, 0.0]], ["H", [0.4575, 0.0, 0.0]], ["H", [0.0739, -0.4269, 0.0]], ["H", [0.997, -0.6714, 0.1066]]], "multiplicity": 1, "canonical_orbitals": [[0.3969072035995481, 0.7786254033738649, 0.2611044547148005, 2.3547124443930714], [0.3278677242576826, -0.3266719010621575, 1.3878941701979537, -1.569335120795839], [0.33943284985202593, 0.05617246592954428, -1.5354190238518082, -1.3951955505353293], [-0.00024070737922145952, -0.9665211787240129, -0.19790214706593182, 0.9246432599291917]], "canonical_to_oao": [[0.5990571555713619, 0.5413222370734574, 0.5539558294847879, 0.20306082583391874], [0.4032461578459716, -0.17272049074901907, 0.06134702406113862, -0.8965471046725451], [0.10464841723785301, 0.6718061786174336, -0.721370963620704, -0.13171598227242876], [0.6837921974626656, -0.47519924883847076, -0.4110880860151494, 0.37097235763454717]], "orbital_energies": [-1.183109511912574, -0.20714084444571976, 0.56508533341223, 1.4295994570328117], "exact_energy": -1.1776195759858412, "ground_states": [["0j"], ["0j"], ["0j"], ["0j"], ["0j"], ["0j"], ["0j"], ["0j"], ["0j"], ["0j"], ["0j"], ["0j"], ["0j"], ["0j"], ["0j"], ["(0.0037569096283004456+0j)"], ["0j"], ["0j"], ["0j"], ["0j"], ["0j"], ["0j"], ["0j"], ["0j"], ["0j"], ["0j"], ["0j"], ["(-0.0009088586457409887+0j)"], ["0j"], ["0j"], ["(0.00102852812319143+0j)"], ["0j"], ["0j"], ["0j"], ["0j"], ["0j"], ["0j"], ["0j"], ["0j"], ["(0.00090885864574098+0j)"], ["0j"], ["0j"], ["0j"], ["0j"], ["0j"], ["(-0.0010285281231913496+0j)"], ["0j"], ["0j"], ["0j"], ["0j"], ["0j"], ["(-0.023634244812018926+0j)"], ["0j"], ["0j"], ["(0.003082214201380727+0j)"], ["0j"], ["0j"], ["(-0.003082214201380728+0j)"], ["0j"], ["0j"], ["(-0.057825378352919114+0j)"], ["0j"], ["0j"], ["0j"], ["0j"], ["0j"], ["0j"], ["0j"], ["0j"], ["0j"], ["0j"], ["0j"], ["0j"], ["0j"], ["0j"], ["(-0.0014197457623052214+0j)"], ["0j"], ["0j"], ["(-0.002982728649709956+0j)"], ["0j"], ["0j"], ["0j"], ["0j"], ["0j"], ["0j"], ["0j"], ["0j"], ["0j"], ["0j"], ["0j"], ["(0.003406092953919941+0j)"], ["0j"], ["0j"], ["0j"], ["0j"], ["0j"], ["0j"], ["0j"], ["0j"], ["(-0.012128805794028662+0j)"], ["0j"], ["0j"], ["(0.007532507195968556+0j)"], ["0j"], ["0j"], ["(-0.010938600149888494+0j)"], ["0j"], ["0j"], ["(0.0015250978161415324+0j)"], ["0j"], ["0j"], ["0j"], ["0j"], ["0j"], ["(0.004301404427887938+0j)"], ["0j"], ["0j"], ["0j"], ["0j"], ["0j"], ["(0.0005458669745548981+0j)"], ["0j"], ["0j"], ["0j"], ["0j"], ["0j"], ["0j"], ["0j"], ["0j"], ["0j"], ["0j"], ["0j"], ["0j"], ["0j"], ["0j"], ["(0.0014197457623052235+0j)"], ["0j"], ["0j"], ["0j"], ["0j"], ["0j"], ["(0.002982728649709966+0j)"], ["0j"], ["0j"], ["0j"], ["0j"], ["0j"], ["(0.012128805794028669+0j)"], ["0j"], ["0j"], ["(-0.010938600149888499+0j)"], ["0j"], ["0j"], ["(0.007532507195968557+0j)"], ["0j"], ["0j"], ["(-0.0015250978161415328+0j)"], ["0j"], ["0j"], ["0j"], ["0j"], ["0j"], ["0j"], ["0j"], ["0j"], ["(0.0034060929539199416+0j)"], ["0j"], ["0j"], ["0j"], ["0j"], ["0j"], ["0j"], ["0j"], ["0j"], ["0j"], ["0j"], ["0j"], ["(-0.004301404427887942+0j)"], ["0j"], ["0j"], ["(-0.0005458669745549016+0j)"], ["0j"], ["0j"], ["0j"], ["0j"], ["0j"], ["0j"], ["0j"], ["0j"], ["0j"], ["0j"], ["0j"], ["0j"], ["0j"], ["0j"], ["(-0.050778432251138275+0j)"], ["0j"], ["0j"], ["(-0.0134346906830337+0j)"], ["0j"], ["0j"], ["(0.013434690683033698+0j)"], ["0j"], ["0j"], ["(-0.016532065298034648+0j)"], ["0j"], ["0j"], ["0j"], ["0j"], ["0j"], ["(-0.0054864592203456+0j)"], ["0j"], ["0j"], ["0j"], ["0j"], ["0j"], ["(0.0132423737273351+0j)"], ["0j"], ["0j"], ["0j"], ["0j"], ["0j"], ["0j"], ["0j"], ["0j"], ["(0.005486459220345556+0j)"], ["0j"], ["0j"], ["(-0.013242373727335107+0j)"], ["0j"], ["0j"], ["0j"], ["0j"], ["0j"], ["0j"], ["0j"], ["0j"], ["0j"], ["0j"], ["0j"], ["(0.995842770490769+0j)"], ["0j"], ["0j"], ["0j"], ["0j"], ["0j"], ["0j"], ["0j"], ["0j"], ["0j"], ["0j"], ["0j"], ["0j"], ["0j"], ["0j"], ["0j"]], "hf_energy": -1.1569269275032408}