{"geometry": [["H", [0.0, 0.0, 0.0]], ["H", [0.4815, 0.0, 0.0]], ["H", [-0.6385, 0.0634, 0.0]], ["H", [0.1381, -1.0481, -0.521]]], "multiplicity": 3, "canonical_orbitals": [[0.5505277250563845, 0.1677961191908425, 0.13552981646040907, 2.533169581677117], [0.33561032881344544, -0.20954903225408156, 0.8325632353052553, -1.7560549735380007], [0.19001065927099156, 0.5865909384771025, -0.840872217051661, -1.2327213193212891], [0.043894361978965124, -0.9404893641349148, -0.5585835660946721, -0.028022984242173976]], "canonical_to_oao": [[0.6660894866788972, 0.5724451633839992, 0.43202414198713557, 0.20490600624283428], [0.10716252519068342, -0.17513377710557995, 0.47316836795317285, -0.8567123489713575], [0.07168644497045806, 0.5820884242498876, -0.6574125339220787, -0.47312036545041375], [0.7346441604873056, -0.5502797119550038, -0.39657987411234386, -0.014649215735271687]], "orbital_energies": [-0.8791826408713821, -0.023732934352637132, 0.06085418124675381, 1.7151240474736034], "exact_energy": -1.6836823245934183, "ground_states": [["0j", "0j", "0j"], ["0j", "0j", "0j"], ["0j", "0j", "0j"], ["0j", "0j", "0j"], ["0j", "0j", "0j"], ["0j", "0j", "0j"], ["0j", "0j", "0j"], ["0j", "0j", "0j"], ["0j", "0j", "0j"], ["0j", "0j", "0j"], ["0j", "0j", "0j"], ["0j", "0j", "0j"], ["0j", "0j", "0j"], ["0j", "0j", "0j"], ["0j", "0j", "0j"], ["0j", "0j", "0j"], ["0j", "0j", "0j"], ["0j", "0j", "0j"], ["0j", "0j", "0j"], ["0j", "0j", "0j"], ["0j", "0j", "0j"], ["0j", "0j", "0j"], ["0j", "0j", "0j"], ["(0.007102887519282695+0.013947661303273923j)", "(-0.015740875037683743-0.02803290759041969j)", "(0.013470095374738849+0.019301929401907638j)"], ["0j", "0j", "0j"], ["0j", "0j", "0j"], ["0j", "0j", "0j"], ["(0.014655615906645512-0.00614399821936421j)", "(0.007457611802999392-0.002379055714697759j)", "(0.007598010826825071+0.0016199887506162516j)"], ["0j", "0j", "0j"], ["(0.0007321749196426994+0.0014377431384355514j)", "(-0.0016225899515561807-0.002889668716651672j)", "(0.001388515018970037+0.0019896680850463493j)"], ["(0.001510720023322754-0.000633331358595485j)", "(0.0007687403619666585-0.0002452361693758924j)", "(0.0007832128766611616+0.00016699055561359604j)"], ["0j", "0j", "0j"], ["0j", "0j", "0j"], ["0j", "0j", "0j"], ["0j", "0j", "0j"], ["0j", "0j", "0j"], ["0j", "0j", "0j"], ["0j", "0j", "0j"], ["0j", "0j", "0j"], ["(0.014655615906594215-0.006143998219382512j)", "(0.0074576118030101795-0.0023790557146933767j)", "(0.007598010826819413+0.0016199887506136838j)"], ["0j", "0j", "0j"], ["0j", "0j", "0j"], ["0j", "0j", "0j"], ["(0.012252844976696691-0.0161890243626899j)", "(-0.0017506531961512066-0.0017438374038760641j)", "(-0.015777711087015145+0.01544746551657768j)"], ["0j", "0j", "0j"], ["(0.001510720023309837-0.0006333313586000977j)", "(0.0007687403619693795-0.00024523616937478223j)", "(0.0007832128766597287+0.0001669905556129483j)"], ["(0.0012630392585905891-0.0016687857691210304j)", "(-0.0001804596172661373-0.00017975703649913144j)", "(-0.0016263870596176548+0.0015923449150192736j)"], ["0j", "0j", "0j"], ["0j", "0j", "0j"], ["0j", "0j", "0j"], ["0j", "0j", "0j"], ["0j", "0j", "0j"], ["0j", "0j", "0j"], ["(0.0018258635738913932+0.0035853766014858866j)", "(-0.004046338939545181-0.007206120708044085j)", "(0.003462613819353049+0.004961741222156585j)"], ["(0.003767362944188742-0.0015793721238491192j)", "(0.0019170487639503498-0.0006115584905339242j)", "(0.0019531396442743205+0.0004164332381491417j)"], ["0j", "0j", "0j"], ["0j", "0j", "0j"], ["(0.0037673629441758094-0.0015793721238537436j)", "(0.0019170487639530807-0.0006115584905328123j)", "(0.0019531396442728755+0.0004164332381484849j)"], ["(0.0031497082360876145-0.004161539909006025j)", "(-0.0004500217542078961-0.0004482696911478389j)", "(-0.004055807990054255+0.003970915281861447j)"], ["0j", "0j", "0j"], ["0j", "0j", "0j"], ["0j", "0j", "0j"], ["0j", "0j", "0j"], ["0j", "0j", "0j"], ["0j", "0j", "0j"], ["0j", "0j", "0j"], ["0j", "0j", "0j"], ["0j", "0j", "0j"], ["0j", "0j", "0j"], ["0j", "0j", "0j"], ["0j", "0j", "0j"], ["(-0.0012998071711822685-0.002552380300828412j)", "(0.002880533050695348+0.005129938242186526j)", "(-0.0024649871643135377-0.0035321953481796584j)"], ["0j", "0j", "0j"], ["0j", "0j", "0j"], ["0j", "0j", "0j"], ["(-0.0026819338757541064+0.0011243332973456975j)", "(-0.001364720654114091+0.0004353600799982405j)", "(-0.0013904132555423838-0.0002964530959519541j)"], ["0j", "0j", "0j"], ["(0.004823972904575303+0.009472646163483318j)", "(-0.01069051909803584-0.019038734076180976j)", "(0.009148304113416045+0.013109032655810812j)"], ["(0.009953458201533004-0.004172736912356253j)", "(0.005064886241388008-0.0016157513792817513j)", "(0.005160239164389705+0.001100226044332921j)"], ["0j", "0j", "0j"], ["0j", "0j", "0j"], ["0j", "0j", "0j"], ["0j", "0j", "0j"], ["(0.0020726506041424+0.004069982601881854j)", "(-0.00459324944510458-0.008180113044929516j)", "(0.00393062697959323+0.005632379159513682j)"], ["0j", "0j", "0j"], ["0j", "0j", "0j"], ["(0.005693167399426972+0.011179449261230523j)", "(-0.01261676133258621-0.022469176820224247j)", "(0.01079666651716596+0.015471048206614343j)"], ["0j", "0j", "0j"], ["0j", "0j", "0j"], ["(-0.009040332556653183-0.017752146042978947j)", "(0.02003449226628784+0.03567940594009494j)", "(-0.017144315100990456-0.024566890620831464j)"], ["(-0.006906313353194799+0.002895298103763739j)", "(-0.0035143254507832523+0.0011211063632557377j)", "(-0.003580487095531563-0.0007634035997969937j)"], ["0j", "0j", "0j"], ["(0.0007564896824519796+0.0014854890833646507j)", "(-0.001676474465693891-0.002985631590492208j)", "(0.001434626149572539+0.0020557428798247245j)"], ["0j", "0j", "0j"], ["0j", "0j", "0j"], ["0j", "0j", "0j"], ["0j", "0j", "0j"], ["0j", "0j", "0j"], ["0j", "0j", "0j"], ["(0.00427656654853469-0.0017928429229170468j)", "(0.0021761605497747126-0.0006942178446397987j)", "(0.0022171295389016164+0.0004727191094541376j)"], ["0j", "0j", "0j"], ["(-0.0020429333023030427-0.004011627903207933j)", "(0.004527392237955967+0.008062828014857217j)", "(-0.0038742703374572444-0.005551623092271866j)"], ["(0.007531645228954274-0.003157452758789375j)", "(0.0038325299130250834-0.0012226168956130726j)", "(0.003904682161312302+0.0008325259492543056j)"], ["0j", "0j", "0j"], ["0j", "0j", "0j"], ["(-0.022868458352778863+0.009587025771931363j)", "(-0.01163677364470934+0.0037122518000748356j)", "(-0.011855850703564725-0.0025278122401360984j)"], ["(-0.009298196072294424+0.01228520584645672j)", "(0.0013285009892283223+0.0013233287559157405j)", "(0.011973076582466583-0.01172246637138707j)"], ["0j", "0j", "0j"], ["(0.0015608894541685365-0.0006543636302087911j)", "(0.0007942694248587829-0.00025338020589935913j)", "(0.0008092225566021828+0.00017253613719549698j)"], ["0j", "0j", "0j"], ["0j", "0j", "0j"], ["0j", "0j", "0j"], ["0j", "0j", "0j"], ["(-0.005331373808037202-0.010469009392838865j)", "(0.011814982098994087+0.021041289037023035j)", "(-0.01011055200827649-0.014487882650337363j)"], ["(-0.011000394779318735+0.004611638730652833j)", "(-0.005597627180370182+0.0017857012786357393j)", "(-0.005703009628877495-0.0012159513396342856j)"], ["0j", "0j", "0j"], ["(0.0016127224888796783+0.0031668398225373805j)", "(-0.003573991999591955-0.006364918545735862j)", "(0.003058407679865817+0.004382535347873657j)"], ["0j", "0j", "0j"], ["0j", "0j", "0j"], ["0j", "0j", "0j"], ["(0.0033275820991379612-0.0013950050698382584j)", "(0.0016932632306668435-0.000540168578342643j)", "(0.001725141063819937+0.0003678211548154986j)"], ["0j", "0j", "0j"], ["0j", "0j", "0j"], ["0j", "0j", "0j"], ["0j", "0j", "0j"], ["0j", "0j", "0j"], ["0j", "0j", "0j"], ["0j", "0j", "0j"], ["0j", "0j", "0j"], ["0j", "0j", "0j"], ["0j", "0j", "0j"], ["0j", "0j", "0j"], ["0j", "0j", "0j"], ["0j", "0j", "0j"], ["0j", "0j", "0j"], ["(-0.0026819338757209294+0.001124333297357515j)", "(-0.0013647206541210948+0.00043536007999541066j)", "(-0.0013904132555387107-0.0002964530959502866j)"], ["0j", "0j", "0j"], ["0j", "0j", "0j"], ["0j", "0j", "0j"], 