{"geometry": [["H", [0.0, 0.0, 0.0]], ["H", [0.4163, 0.0, 0.0]], ["H", [-0.5825, 0.5499, 0.0]], ["H", [-0.2441, 0.9786, -0.7679]]], "multiplicity": 1, "canonical_orbitals": [[0.4909205107753831, 0.3237967672558146, 0.28177358441232603, 2.3312426340622823], [0.3348258205945901, 0.5080364252280867, -0.5781346013316389, -1.922489114281611], [0.22414663200416549, -0.5716548258259868, 0.987683880844843, -0.9225311026710721], [0.12497533176027051, -0.6665413806776975, -0.9369128663101858, 0.27420608169286037]], "canonical_to_oao": [[0.6440635296380524, 0.5694402888811069, 0.4304224510260233, 0.27505715922681173], [0.2509505833829893, 0.4416041106375213, -0.5217297013033972, -0.6854252205351443], [0.12815450621137192, -0.32355041378958044, 0.6610769081373273, -0.6647321820116001], [0.711183799750549, -0.6132199414595341, -0.32482603645368546, 0.11254755621746529]], "orbital_energies": [-0.8807122366478892, -0.3534809568355305, 0.43990910093681174, 1.50531115442207], "exact_energy": -1.7968690965855165, "ground_states": [["0j"], ["0j"], ["0j"], ["0j"], ["0j"], ["0j"], ["0j"], ["0j"], ["0j"], ["0j"], ["0j"], ["0j"], ["0j"], ["0j"], ["0j"], ["(0.00895933247581601-0.003529769114820068j)"], ["0j"], ["0j"], ["0j"], ["0j"], ["0j"], ["0j"], ["0j"], ["0j"], ["0j"], ["0j"], ["0j"], ["(-0.0003192854326328468+0.00012579105217509784j)"], ["0j"], ["0j"], ["(0.0010953793226649094-0.0004315540373785744j)"], ["0j"], ["0j"], ["0j"], ["0j"], ["0j"], ["0j"], ["0j"], ["0j"], ["(0.000319285432632848-0.00012579105217507688j)"], ["0j"], ["0j"], ["0j"], ["0j"], ["0j"], ["(-0.0010953793226649111+0.0004315540373785392j)"], ["0j"], ["0j"], ["0j"], ["0j"], ["0j"], ["(-0.02964241147527168+0.01167842233744907j)"], ["0j"], ["0j"], ["(0.00911413571888942-0.003590758000738699j)"], ["0j"], ["0j"], ["(-0.009114135718889384+0.0035907580007386924j)"], ["0j"], ["0j"], ["(-0.033420488432937434+0.013166896997205125j)"], ["0j"], ["0j"], ["0j"], ["0j"], ["0j"], ["0j"], ["0j"], ["0j"], ["0j"], ["0j"], ["0j"], ["0j"], ["0j"], ["0j"], ["(-0.001098263305243947+0.00043269025959850817j)"], ["0j"], ["0j"], ["(-0.001260216180320249+0.0004964959346355484j)"], ["0j"], ["0j"], ["0j"], ["0j"], ["0j"], ["0j"], ["0j"], ["0j"], ["0j"], ["0j"], ["0j"], ["(0.013703588155399389-0.005398895773062369j)"], ["0j"], ["0j"], ["0j"], ["0j"], ["0j"], ["0j"], ["0j"], ["0j"], ["(-0.015460122425488903+0.0060909295191501275j)"], ["0j"], ["0j"], ["(0.014336513707474931-0.0056482537550020815j)"], ["0j"], ["0j"], ["(-0.028040101862874325+0.011047149528064409j)"], ["0j"], ["0j"], ["(0.045605196567256416-0.017967389284070382j)"], ["0j"], ["0j"], ["0j"], ["0j"], ["0j"], ["(0.00043062909337261544-0.00016965787103365862j)"], ["0j"], ["0j"], ["0j"], ["0j"], ["0j"], ["(-0.0006655312407643369+0.0002622038667434176j)"], ["0j"], ["0j"], ["0j"], ["0j"], ["0j"], ["0j"], ["0j"], ["0j"], ["0j"], ["0j"], ["0j"], ["0j"], ["0j"], ["0j"], ["(0.0010982633052439514-0.00043269025959852525j)"], ["0j"], ["0j"], ["0j"], ["0j"], ["0j"], ["(0.00126021618032025-0.0004964959346355704j)"], ["0j"], ["0j"], ["0j"], ["0j"], ["0j"], ["(0.015460122425488896-0.0060909295191501345j)"], ["0j"], ["0j"], ["(-0.028040101862874377+0.011047149528064421j)"], ["0j"], ["0j"], ["(0.014336513707474907-0.005648253755002061j)"], ["0j"], ["0j"], ["(-0.04560519656725637+0.017967389284070427j)"], ["0j"], ["0j"], ["0j"], ["0j"], ["0j"], ["0j"], ["0j"], ["0j"], ["(0.013703588155399382-0.005398895773062329j)"], ["0j"], ["0j"], ["0j"], ["0j"], ["0j"], ["0j"], ["0j"], ["0j"], ["0j"], ["0j"], ["0j"], ["(-0.0004306290933725947+0.00016965787103367662j)"], ["0j"], ["0j"], ["(0.0006655312407644645-0.00026220386674323764j)"], ["0j"], ["0j"], ["0j"], ["0j"], ["0j"], ["0j"], ["0j"], ["0j"], ["0j"], ["0j"], ["0j"], ["0j"], ["0j"], ["0j"], ["(-0.019920207579682412+0.007848099583910542j)"], ["0j"], ["0j"], ["(-0.012366849483945607+0.004872251752448062j)"], ["0j"], ["0j"], ["(0.012366849483945569-0.004872251752448136j)"], ["0j"], ["0j"], ["(-0.15904455314709523+0.06265986367782928j)"], ["0j"], ["0j"], ["0j"], ["0j"], ["0j"], ["(-0.0025166822935348216+0.0009915144298431385j)"], ["0j"], ["0j"], ["0j"], ["0j"], ["0j"], ["(0.0099318498851734-0.003912918409082924j)"], ["0j"], ["0j"], ["0j"], ["0j"], ["0j"], ["0j"], ["0j"], ["0j"], ["(0.0025166822935347955-0.0009915144298430975j)"], ["0j"], ["0j"], ["(-0.009931849885173424+0.003912918409082701j)"], ["0j"], ["0j"], ["0j"], ["0j"], ["0j"], ["0j"], ["0j"], ["0j"], ["0j"], ["0j"], ["0j"], ["(0.911143009666289-0.3589692048359177j)"], ["0j"], ["0j"], ["0j"], ["0j"], ["0j"], ["0j"], ["0j"], ["0j"], ["0j"], ["0j"], ["0j"], ["0j"], ["0j"], ["0j"], ["0j"]]}