{"geometry": [["H", [0.0, 0.0, 0.0]], ["H", [0.7335, 0.0, 0.0]], ["H", [-0.421, 0.4757, 0.0]], ["H", [0.2705, 0.1357, 0.8507]]], "multiplicity": 1, "canonical_orbitals": [[0.4428576115571126, 0.35648319051128896, 0.2947299559953258, 1.8004619530292008], [0.28277581174377325, -0.6443078319993836, 0.8345719989080098, -0.9029664970139386], [0.22110689350844595, 0.7900588801341918, -0.18796300758934364, -1.2490389528802175], [0.2617580297630825, -0.5663861049059311, -1.0683350547802895, -0.041257444097017044]], "canonical_to_oao": [[0.6070159276815081, 0.4855612390610313, 0.44086939832959693, 0.4487717908681136], [0.24910037835263332, -0.5095863073683407, 0.6844761139363614, -0.45799917718032424], [0.19213800265548273, 0.5957667560629575, -0.13974243151502536, -0.7672137988462213], [0.7297695889670239, -0.3867997554735977, -0.5635589373804172, -0.014953938716046052]], "orbital_energies": [-0.857311430961421, -0.20902465184930388, 0.326566674291151, 1.1055263867014564], "exact_energy": -1.759063281332312, "ground_states": [["0j"], ["0j"], ["0j"], ["0j"], ["0j"], ["0j"], ["0j"], ["0j"], ["0j"], ["0j"], ["0j"], ["0j"], ["0j"], ["0j"], ["0j"], ["(0.01797797800673245+0.005184250612892835j)"], ["0j"], ["0j"], ["0j"], ["0j"], ["0j"], ["0j"], ["0j"], ["0j"], ["0j"], ["0j"], ["0j"], ["(0.004023070602900316+0.0011601196881535112j)"], ["0j"], ["0j"], ["(0.005792536763691309+0.0016703748472783986j)"], ["0j"], ["0j"], ["0j"], ["0j"], ["0j"], ["0j"], ["0j"], ["0j"], ["(-0.004023070602901066-0.001160119688153528j)"], ["0j"], ["0j"], ["0j"], ["0j"], ["0j"], ["(-0.005792536763691258-0.0016703748472784374j)"], ["0j"], ["0j"], ["0j"], ["0j"], ["0j"], ["(-0.0340931459733892-0.009831328798032574j)"], ["0j"], ["0j"], ["(0.0014465665099624753+0.0004171416447974582j)"], ["0j"], ["0j"], ["(-0.0014465665099626698-0.0004171416447975137j)"], ["0j"], ["0j"], ["(-0.05617560895327538-0.016199176294273834j)"], ["0j"], ["0j"], ["0j"], ["0j"], ["0j"], ["0j"], ["0j"], ["0j"], ["0j"], ["0j"], ["0j"], ["0j"], ["0j"], ["0j"], ["(-0.0008536377911939385-0.0002461607328994131j)"], ["0j"], ["0j"], ["(-0.0034771316580028025-0.0010026890633840027j)"], ["0j"], ["0j"], ["0j"], ["0j"], ["0j"], ["0j"], ["0j"], ["0j"], ["0j"], ["0j"], ["0j"], ["(0.012012741835149872+0.003464075003211204j)"], ["0j"], ["0j"], ["0j"], ["0j"], ["0j"], ["0j"], ["0j"], ["0j"], ["(-0.023529012244749944-0.006784984168126503j)"], ["0j"], ["0j"], ["(0.020774445533376953+0.005990658790915377j)"], ["0j"], ["0j"], ["(-0.03278718736852651-0.009454733794126655j)"], ["0j"], ["0j"], ["(0.0968277268044571+0.027921894322211205j)"], ["0j"], ["0j"], ["0j"], ["0j"], ["0j"], ["(0.000967072821078096+0.00027887162079680354j)"], ["0j"], ["0j"], ["0j"], ["0j"], ["0j"], ["(-0.0007617786317329135-0.00021967160806240713j)"], ["0j"], ["0j"], ["0j"], ["0j"], ["0j"], ["0j"], ["0j"], ["0j"], ["0j"], ["0j"], ["0j"], ["0j"], ["0j"], ["0j"], ["(0.0008536377911944246+0.0002461607328993927j)"], ["0j"], ["0j"], ["0j"], ["0j"], ["0j"], ["(0.003477131658002262+0.001002689063384j)"], ["0j"], ["0j"], ["0j"], ["0j"], ["0j"], ["(0.02352901224474962+0.006784984168126482j)"], ["0j"], ["0j"], ["(-0.03278718736852761-0.009454733794126684j)"], ["0j"], ["0j"], ["(0.020774445533376738+0.005990658790915509j)"], ["0j"], ["0j"], ["(-0.09682772680445616-0.02792189432221122j)"], ["0j"], ["0j"], ["0j"], ["0j"], ["0j"], ["0j"], ["0j"], ["0j"], ["(0.012012741835150305+0.0034640750032112785j)"], ["0j"], ["0j"], ["0j"], ["0j"], ["0j"], ["0j"], ["0j"], ["0j"], ["0j"], ["0j"], ["0j"], ["(-0.0009670728210774645-0.0002788716207966887j)"], ["0j"], ["0j"], ["(0.0007617786317309775+0.00021967160806275136j)"], ["0j"], ["0j"], ["0j"], ["0j"], ["0j"], ["0j"], ["0j"], ["0j"], ["0j"], ["0j"], ["0j"], ["0j"], ["0j"], ["0j"], ["(-0.047582629653923805-0.013721247008647006j)"], ["0j"], ["0j"], ["(0.003999139535103349+0.0011532187645436032j)"], ["0j"], ["0j"], ["(-0.003999139535102369-0.0011532187645433584j)"], ["0j"], ["0j"], ["(-0.22645257660205295-0.06530138754206598j)"], ["0j"], ["0j"], ["0j"], ["0j"], ["0j"], ["(-0.01754450159916137-0.005059250441528432j)"], ["0j"], ["0j"], ["0j"], ["0j"], ["0j"], ["(-0.06067867608156341-0.017497711007748544j)"], ["0j"], ["0j"], ["0j"], ["0j"], ["0j"], ["0j"], ["0j"], ["0j"], ["(0.017544501599161707+0.005059250441529014j)"], ["0j"], ["0j"], ["(0.06067867608157992+0.017497711007749172j)"], ["0j"], ["0j"], ["0j"], ["0j"], ["0j"], ["0j"], ["0j"], ["0j"], ["0j"], ["0j"], ["0j"], ["(0.9130928262356122+0.26330558654967945j)"], ["0j"], ["0j"], ["0j"], ["0j"], ["0j"], ["0j"], ["0j"], ["0j"], ["0j"], ["0j"], ["0j"], ["0j"], ["0j"], ["0j"], ["0j"]], "hf_energy": -1.6937273322056383}