{"geometry": [["H", [0.0, 0.0, 0.0]], ["H", [1.1102, 0.0, 0.0]], ["H", [0.5352, 0.8043, 0.0]], ["H", [0.278, -0.1884, 0.535]]], "multiplicity": 1, "canonical_orbitals": [[0.38368602759157955, 0.5100183940916374, 0.38674023145329345, 1.3741000286994074], [0.2451030831303854, -0.651839463070886, -0.9262492016348551, 0.446863809182093], [0.24394120098882655, -0.6672846135802011, 0.8827702944041468, -0.5385329961186118], [0.3625663516865416, 0.5694182108017407, -0.3597805617250919, -1.3257903725938964]], "canonical_to_oao": [[0.5710439064255457, 0.4273627375873692, 0.42779736889576625, 0.5552110937489797], [0.3997495591034046, -0.5555303700185347, -0.5694937133549685, 0.45526169225278934], [0.2606966382629051, -0.6749767373354054, 0.6450707688983139, -0.24561630639558263], [0.6679419209252422, 0.23055043388584107, -0.2766767513326093, -0.6512680423433796]], "orbital_energies": [-0.8069775790267709, -0.22071918780683306, 0.3655629164057821, 0.8650276611230118], "exact_energy": -1.8234531467379043, "ground_states": [["0j"], ["0j"], ["0j"], ["0j"], ["0j"], ["0j"], ["0j"], ["0j"], ["0j"], ["0j"], ["0j"], ["0j"], ["0j"], ["0j"], ["0j"], ["(0.02682170169050742+0j)"], ["0j"], ["0j"], ["0j"], ["0j"], ["0j"], ["0j"], ["0j"], ["0j"], ["0j"], ["0j"], ["0j"], ["(0.0009646851303866554+0j)"], ["0j"], ["0j"], ["(0.0009742819231879085+0j)"], ["0j"], ["0j"], ["0j"], ["0j"], ["0j"], ["0j"], ["0j"], ["0j"], ["(-0.0009646851303867026+0j)"], ["0j"], ["0j"], ["0j"], ["0j"], ["0j"], ["(-0.0009742819231878283+0j)"], ["0j"], ["0j"], ["0j"], ["0j"], ["0j"], ["(-0.04659591726049952+0j)"], ["0j"], ["0j"], ["(0.008321291210603621+0j)"], ["0j"], ["0j"], ["(-0.00832129121060362+0j)"], ["0j"], ["0j"], ["(-0.049414158661631534+0j)"], ["0j"], ["0j"], ["0j"], ["0j"], ["0j"], ["0j"], ["0j"], ["0j"], ["0j"], ["0j"], ["0j"], ["0j"], ["0j"], ["0j"], ["(-8.621471061135964e-05+0j)"], ["0j"], ["0j"], ["(-0.00045191156466092494+0j)"], ["0j"], ["0j"], ["0j"], ["0j"], ["0j"], ["0j"], ["0j"], ["0j"], ["0j"], ["0j"], ["0j"], ["(0.015102862119558165+0j)"], ["0j"], ["0j"], ["0j"], ["0j"], ["0j"], ["0j"], ["0j"], ["0j"], ["(-0.03510307738299415+0j)"], ["0j"], ["0j"], ["(0.039864409351795235+0j)"], ["0j"], ["0j"], ["(-0.0549672714713534+0j)"], ["0j"], ["0j"], ["(0.0776924189566816+0j)"], ["0j"], ["0j"], ["0j"], ["0j"], ["0j"], ["(7.960754648247148e-05+0j)"], ["0j"], ["0j"], ["0j"], ["0j"], ["0j"], ["(-0.0003260468038727667+0j)"], ["0j"], ["0j"], ["0j"], ["0j"], ["0j"], ["0j"], ["0j"], ["0j"], ["0j"], ["0j"], ["0j"], ["0j"], ["0j"], ["0j"], ["(8.62147106113764e-05+0j)"], ["0j"], ["0j"], ["0j"], ["0j"], ["0j"], ["(0.00045191156466092397+0j)"], ["0j"], ["0j"], ["0j"], ["0j"], ["0j"], ["(0.03510307738299415+0j)"], ["0j"], ["0j"], ["(-0.054967271471353385+0j)"], ["0j"], ["0j"], ["(0.039864409351795214+0j)"], ["0j"], ["0j"], ["(-0.07769241895668161+0j)"], ["0j"], ["0j"], ["0j"], ["0j"], ["0j"], ["0j"], ["0j"], ["0j"], ["(0.015102862119558174+0j)"], ["0j"], ["0j"], ["0j"], ["0j"], ["0j"], ["0j"], ["0j"], ["0j"], ["0j"], ["0j"], ["0j"], ["(-7.960754648246899e-05+0j)"], ["0j"], ["0j"], ["(0.00032604680387271896+0j)"], ["0j"], ["0j"], ["0j"], ["0j"], ["0j"], ["0j"], ["0j"], ["0j"], ["0j"], ["0j"], ["0j"], ["0j"], ["0j"], ["0j"], ["(-0.055472000381077156+0j)"], ["0j"], ["0j"], ["(-0.01654490518873612+0j)"], ["0j"], ["0j"], ["(0.016544905188736116+0j)"], ["0j"], ["0j"], ["(-0.26508149033259104+0j)"], ["0j"], ["0j"], ["0j"], ["0j"], ["0j"], ["(-0.0033988923436954564+0j)"], ["0j"], ["0j"], ["0j"], ["0j"], ["0j"], ["(-0.010500943581554142+0j)"], ["0j"], ["0j"], ["0j"], ["0j"], ["0j"], ["0j"], ["0j"], ["0j"], ["(0.003398892343695431+0j)"], ["0j"], ["0j"], ["(0.010500943581554312+0j)"], ["0j"], ["0j"], ["0j"], ["0j"], ["0j"], ["0j"], ["0j"], ["0j"], ["0j"], ["0j"], ["0j"], ["(0.9466648282022179+0j)"], ["0j"], ["0j"], ["0j"], ["0j"], ["0j"], ["0j"], ["0j"], ["0j"], ["0j"], ["0j"], ["0j"], ["0j"], ["0j"], ["0j"], ["0j"]], "hf_energy": -1.7427557622222234}