{"geometry": [["H", [0.0, 0.0, 0.0]], ["H", [0.9731, 0.0, 0.0]], ["H", [0.4033, 0.1161, 0.0]], ["H", [-0.7629, 0.9306, 0.0641]]], "multiplicity": 1, "canonical_orbitals": [[0.291203422509139, 0.47808077124635784, 0.8638544545404698, 2.031198672761704], [0.21490373248112615, -0.6129457439544833, -0.9052444429537623, 1.3238265397906344], [0.5622311189483888, -0.19359801268392202, 0.20698349608887356, -2.8691872793598274], [0.03455915429688991, 0.7480575231999756, -0.7760799899273714, -0.15038153568849505]], "canonical_to_oao": [[0.5581885803682668, 0.4733324604105956, 0.6641129436752827, 0.1527608873732474], [0.3334967027393375, -0.5213790885370365, -0.08823225712810007, 0.7804862997518665], [0.5207259057755742, -0.5912001787036456, 0.12253173089919034, -0.6035833452621385], [0.5532178495517417, 0.3931953416035351, -0.7322260865114566, -0.05650126114295116]], "orbital_energies": [-0.9808862040702075, -0.25101315388099404, 0.3667110305809364, 1.805830092872294], "exact_energy": -1.6480805968901786, "ground_states": [["0j"], ["0j"], ["0j"], ["0j"], ["0j"], ["0j"], ["0j"], ["0j"], ["0j"], ["0j"], ["0j"], ["0j"], ["0j"], ["0j"], ["0j"], ["(0.007447859741295614-0.005735566017684885j)"], ["0j"], ["0j"], ["0j"], ["0j"], ["0j"], ["0j"], ["0j"], ["0j"], ["0j"], ["0j"], ["0j"], ["(0.0012602292181194946-0.0009704973145321509j)"], ["0j"], ["0j"], ["(-0.0008816507256009318+0.000678955581451945j)"], ["0j"], ["0j"], ["0j"], ["0j"], ["0j"], ["0j"], ["0j"], ["0j"], ["(-0.0012602292181193807+0.0009704973145321161j)"], ["0j"], ["0j"], ["0j"], ["0j"], ["0j"], ["(0.0008816507256009417-0.000678955581451952j)"], ["0j"], ["0j"], ["0j"], ["0j"], ["0j"], ["(-0.022292275594628857+0.017167189340111997j)"], ["0j"], ["0j"], ["(-0.0006545089913219219+0.0005040346702665113j)"], ["0j"], ["0j"], ["(0.0006545089913219354-0.0005040346702665162j)"], ["0j"], ["0j"], ["(-0.025037652752129384+0.0192813929472209j)"], ["0j"], ["0j"], ["0j"], ["0j"], ["0j"], ["0j"], ["0j"], ["0j"], ["0j"], ["0j"], ["0j"], ["0j"], ["0j"], ["0j"], ["(0.0014573284053940364-0.0011222825843832129j)"], ["0j"], ["0j"], ["(0.0009233498557946379-0.0007110679093439089j)"], ["0j"], ["0j"], ["0j"], ["0j"], ["0j"], ["0j"], ["0j"], ["0j"], ["0j"], ["0j"], ["0j"], ["(0.015499755309514873-0.011936297530251253j)"], ["0j"], ["0j"], ["0j"], ["0j"], ["0j"], ["0j"], ["0j"], ["0j"], ["(0.001291501147127841-0.0009945796978688426j)"], ["0j"], ["0j"], ["(0.008762320423186766-0.006747826758423019j)"], ["0j"], ["0j"], ["(-0.02426207573270152+0.018684124288674286j)"], ["0j"], ["0j"], ["(0.001318028377374259-0.001015008208290764j)"], ["0j"], ["0j"], ["0j"], ["0j"], ["0j"], ["(-0.0010041466087269925+0.0007732891549842845j)"], ["0j"], ["0j"], ["0j"], ["0j"], ["0j"], ["(-0.014710524717267123+0.011328514311682634j)"], ["0j"], ["0j"], ["0j"], ["0j"], ["0j"], ["0j"], ["0j"], ["0j"], ["0j"], ["0j"], ["0j"], ["0j"], ["0j"], ["0j"], ["(-0.0014573284053940525+0.0011222825843832085j)"], ["0j"], ["0j"], ["0j"], ["0j"], ["0j"], ["(-0.0009233498557945364+0.0007110679093439075j)"], ["0j"], ["0j"], ["0j"], ["0j"], ["0j"], ["(-0.001291501147127791+0.0009945796978688547j)"], ["0j"], ["0j"], ["(-0.02426207573270173+0.018684124288674275j)"], ["0j"], ["0j"], ["(0.008762320423186754-0.006747826758423049j)"], ["0j"], ["0j"], ["(-0.001318028377374437+0.0010150082082906662j)"], ["0j"], ["0j"], ["0j"], ["0j"], ["0j"], ["0j"], ["0j"], ["0j"], ["(0.01549975530951485-0.011936297530251227j)"], ["0j"], ["0j"], ["0j"], ["0j"], ["0j"], ["0j"], ["0j"], ["0j"], ["0j"], ["0j"], ["0j"], ["(0.001004146608726895-0.000773289154984267j)"], ["0j"], ["0j"], ["(0.014710524717267316-0.01132851431168252j)"], ["0j"], ["0j"], ["0j"], ["0j"], ["0j"], ["0j"], ["0j"], ["0j"], ["0j"], ["0j"], ["0j"], ["0j"], ["0j"], ["0j"], ["(-0.005493513977765206+0.004230532419111559j)"], ["0j"], ["0j"], ["(-0.0025694449464706824+0.0019787189382174807j)"], ["0j"], ["0j"], ["(0.0025694449464705713-0.001978718938217489j)"], ["0j"], ["0j"], ["(-0.2193717895460861+0.16893730884630978j)"], ["0j"], ["0j"], ["0j"], ["0j"], ["0j"], ["(0.00480363371033965-0.0036992584752458106j)"], ["0j"], ["0j"], ["0j"], ["0j"], ["0j"], ["(-0.03281260722527078+0.025268853266583777j)"], ["0j"], ["0j"], ["0j"], ["0j"], ["0j"], ["0j"], ["0j"], ["0j"], ["(-0.004803633710339679+0.003699258475245868j)"], ["0j"], ["0j"], ["(0.032812607225267514-0.02526885326658355j)"], ["0j"], ["0j"], ["0j"], ["0j"], ["0j"], ["0j"], ["0j"], ["0j"], ["0j"], ["0j"], ["0j"], ["(0.7575730731727985-0.5834038939147831j)"], ["0j"], ["0j"], ["0j"], ["0j"], ["0j"], ["0j"], ["0j"], ["0j"], ["0j"], ["0j"], ["0j"], ["0j"], ["0j"], ["0j"], ["0j"]]}