{"geometry": [["H", [0.0, 0.0, 0.0]], ["H", [0.9172, 0.0, 0.0]], ["H", [0.7964, 0.7191, 0.0]], ["H", [0.3725, -0.0542, 0.5611]]], "multiplicity": 1, "canonical_orbitals": [[0.2926933159890742, 0.6333610059501118, 0.9697359796398258, 0.8028908596056008], [0.3416010634026568, -0.5223503722739642, -0.8883017630466143, 1.0923245172103573], [0.22079931950867937, -0.7407286930855371, 0.8127957880771465, -0.7626184794353553], [0.3444254811697303, 0.5555468265475325, -0.7265157979175352, -1.1947933881333157]], "canonical_to_oao": [[0.4950287892855546, 0.5328919661963252, 0.42500417231557003, 0.5388358782191961], [0.5099336690377398, -0.39837791372234055, -0.6330688511290903, 0.42483705202117056], [0.5679671575559995, -0.5071751710467227, 0.4989753661141004, -0.4137755887226622], [0.4151234261011365, 0.5478088499608051, -0.41184811187590925, -0.5982968642329018]], "orbital_energies": [-0.8928542012706088, -0.23762268920259028, 0.5707159753994794, 0.7641534988760174], "exact_energy": -1.7524060423835148, "ground_states": [["0j"], ["0j"], ["0j"], ["0j"], ["0j"], ["0j"], ["0j"], ["0j"], ["0j"], ["0j"], ["0j"], ["0j"], ["0j"], ["0j"], ["0j"], ["(-0.01640226384569306+0j)"], ["0j"], ["0j"], ["0j"], ["0j"], ["0j"], ["0j"], ["0j"], ["0j"], ["0j"], ["0j"], ["0j"], ["(-0.001524783792414241+0j)"], ["0j"], ["0j"], ["(0.001994102891765437+0j)"], ["0j"], ["0j"], ["0j"], ["0j"], ["0j"], ["0j"], ["0j"], ["0j"], ["(0.001524783792414233+0j)"], ["0j"], ["0j"], ["0j"], ["0j"], ["0j"], ["(-0.0019941028917654885+0j)"], ["0j"], ["0j"], ["0j"], ["0j"], ["0j"], ["(0.0452109374895279+0j)"], ["0j"], ["0j"], ["(-0.003115707346114668+0j)"], ["0j"], ["0j"], ["(0.003115707346114666+0j)"], ["0j"], ["0j"], ["(0.05080327800113358+0j)"], ["0j"], ["0j"], ["0j"], ["0j"], ["0j"], ["0j"], ["0j"], ["0j"], ["0j"], ["0j"], ["0j"], ["0j"], ["0j"], ["0j"], ["(-0.001539568764968181+0j)"], ["0j"], ["0j"], ["(0.000763447366977804+0j)"], ["0j"], ["0j"], ["0j"], ["0j"], ["0j"], ["0j"], ["0j"], ["0j"], ["0j"], ["0j"], ["0j"], ["(-0.007969936395184276+0j)"], ["0j"], ["0j"], ["0j"], ["0j"], ["0j"], ["0j"], ["0j"], ["0j"], ["(0.003149247808441265+0j)"], ["0j"], ["0j"], ["(-0.05380134588147769+0j)"], ["0j"], ["0j"], ["(0.061771282276661996+0j)"], ["0j"], ["0j"], ["(-0.00030911996318816535+0j)"], ["0j"], ["0j"], ["0j"], ["0j"], ["0j"], ["(6.343926445355655e-05+0j)"], ["0j"], ["0j"], ["0j"], ["0j"], ["0j"], ["(-0.0011367754454018363+0j)"], ["0j"], ["0j"], ["0j"], ["0j"], ["0j"], ["0j"], ["0j"], ["0j"], ["0j"], ["0j"], ["0j"], ["0j"], ["0j"], ["0j"], ["(0.0015395687649681804+0j)"], ["0j"], ["0j"], ["0j"], ["0j"], ["0j"], ["(-0.000763447366977798+0j)"], ["0j"], ["0j"], ["0j"], ["0j"], ["0j"], ["(-0.0031492478084412675+0j)"], ["0j"], ["0j"], ["(0.061771282276661975+0j)"], ["0j"], ["0j"], ["(-0.053801345881477704+0j)"], ["0j"], ["0j"], ["(0.0003091199631881682+0j)"], ["0j"], ["0j"], ["0j"], ["0j"], ["0j"], ["0j"], ["0j"], ["0j"], ["(-0.007969936395184278+0j)"], ["0j"], ["0j"], ["0j"], ["0j"], ["0j"], ["0j"], ["0j"], ["0j"], ["0j"], ["0j"], ["0j"], ["(-6.343926445356277e-05+0j)"], ["0j"], ["0j"], ["(0.001136775445401852+0j)"], ["0j"], ["0j"], ["0j"], ["0j"], ["0j"], ["0j"], ["0j"], ["0j"], ["0j"], ["0j"], ["0j"], ["0j"], ["0j"], ["0j"], ["(0.07255460683150944+0j)"], ["0j"], ["0j"], ["(0.009533929712957025+0j)"], ["0j"], ["0j"], ["(-0.009533929712957018+0j)"], ["0j"], ["0j"], ["(0.12350555519527867+0j)"], ["0j"], ["0j"], ["0j"], ["0j"], ["0j"], ["(-0.01115655063452779+0j)"], ["0j"], ["0j"], ["0j"], ["0j"], ["0j"], ["(0.012428712597888764+0j)"], ["0j"], ["0j"], ["0j"], ["0j"], ["0j"], ["0j"], ["0j"], ["0j"], ["(0.01115655063452781+0j)"], ["0j"], ["0j"], ["(-0.012428712597888837+0j)"], ["0j"], ["0j"], ["0j"], ["0j"], ["0j"], ["0j"], ["0j"], ["0j"], ["0j"], ["0j"], ["0j"], ["(-0.9799185478583237+0j)"], ["0j"], ["0j"], ["0j"], ["0j"], ["0j"], ["0j"], ["0j"], ["0j"], ["0j"], ["0j"], ["0j"], ["0j"], ["0j"], ["0j"], ["0j"]], "hf_energy": -1.7022737777684516}