{"geometry": [["H", [0.0, 0.0, 0.0]], ["H", [0.7569, 0.0, 0.0]], ["H", [1.4258, 0.1801, 0.0]], ["H", [0.6306, 0.3562, 0.2387]]], "multiplicity": 1, "canonical_orbitals": [[0.1357385851369231, 0.8181419030515847, 0.9770727412281751, 0.6248207615961702], [0.463979033105135, -0.13008772307523797, 0.2368006062106272, -2.1925062994712725], [0.12215396255349864, -0.8273400338825241, 0.7590979136913296, 0.9222169001487621], [0.38949959646174803, 0.13002206888511653, -1.5647842123452964, 1.0743228917905052]], "canonical_to_oao": [[0.38266518451414533, 0.6109058038716754, 0.37157803217113106, 0.5850565967190566], [0.6917211569987864, -0.08115590383513069, -0.7125542655126602, 0.08486447391385302], [0.5445813102138656, 0.07709295785530373, 0.43496777444158186, -0.7129452346514447], [0.2802149069674197, -0.7837502752265694, 0.4062009599999489, 0.3771152238913655]], "orbital_energies": [-1.0536605725578003, -0.26386772435405476, 0.6828490945610471, 1.0676056747871527], "exact_energy": -1.5700457038151008, "ground_states": [["0j"], ["0j"], ["0j"], ["0j"], ["0j"], ["0j"], ["0j"], ["0j"], ["0j"], ["0j"], ["0j"], ["0j"], ["0j"], ["0j"], ["0j"], ["(-0.001820185635967199+0.0070659604397309075j)"], ["0j"], ["0j"], ["0j"], ["0j"], ["0j"], ["0j"], ["0j"], ["0j"], ["0j"], ["0j"], ["0j"], ["(2.828721066361232e-06-1.0981094870369238e-05j)"], ["0j"], ["0j"], ["(-6.396921306885748e-05+0.00024832847813635177j)"], ["0j"], ["0j"], ["0j"], ["0j"], ["0j"], ["0j"], ["0j"], ["0j"], ["(-2.828721066419306e-06+1.0981094870370119e-05j)"], ["0j"], ["0j"], ["0j"], ["0j"], ["0j"], ["(6.396921306887034e-05-0.00024832847813631496j)"], ["0j"], ["0j"], ["0j"], ["0j"], ["0j"], ["(0.00962506527229646-0.037364502334255624j)"], ["0j"], ["0j"], ["(0.003006349191438703-0.011670647232327589j)"], ["0j"], ["0j"], ["(-0.0030063491914387114+0.011670647232327584j)"], ["0j"], ["0j"], ["(0.009862939116660394-0.03828792857205754j)"], ["0j"], ["0j"], ["0j"], ["0j"], ["0j"], ["0j"], ["0j"], ["0j"], ["0j"], ["0j"], ["0j"], ["0j"], ["0j"], ["0j"], ["(0.0009986471108838707-0.003876747975218194j)"], ["0j"], ["0j"], ["(0.0008980549471849185-0.003486249206741712j)"], ["0j"], ["0j"], ["0j"], ["0j"], ["0j"], ["0j"], ["0j"], ["0j"], ["0j"], ["0j"], ["0j"], ["(0.0008809654786817797-0.0034199078918817254j)"], ["0j"], ["0j"], ["0j"], ["0j"], ["0j"], ["0j"], ["0j"], ["0j"], ["(-0.001643725621656734+0.006380942683479102j)"], ["0j"], ["0j"], ["(0.00023534278328206902-0.0009136006589590539j)"], ["0j"], ["0j"], ["(-0.0011163082619638995+0.004333508550840737j)"], ["0j"], ["0j"], ["(0.0029829339845056026-0.01157974940157451j)"], ["0j"], ["0j"], ["0j"], ["0j"], ["0j"], ["(-0.0013221819221332317+0.005132710077099744j)"], ["0j"], ["0j"], ["0j"], ["0j"], ["0j"], ["(-0.003024213744717658+0.01173999742620264j)"], ["0j"], ["0j"], ["0j"], ["0j"], ["0j"], ["0j"], ["0j"], ["0j"], ["0j"], ["0j"], ["0j"], ["0j"], ["0j"], ["0j"], ["(-0.0009986471108838833+0.003876747975218201j)"], ["0j"], ["0j"], ["0j"], ["0j"], ["0j"], ["(-0.0008980549471849195+0.0034862492067416935j)"], ["0j"], ["0j"], ["0j"], ["0j"], ["0j"], ["(0.0016437256216567163-0.006380942683479131j)"], ["0j"], ["0j"], ["(-0.0011163082619637798+0.004333508550840783j)"], ["0j"], ["0j"], ["(0.0002353427832820914-0.000913600658959012j)"], ["0j"], ["0j"], ["(-0.0029829339845055536+0.011579749401574564j)"], ["0j"], ["0j"], ["0j"], ["0j"], ["0j"], ["0j"], ["0j"], ["0j"], ["(0.0008809654786817466-0.0034199078918817284j)"], ["0j"], ["0j"], ["0j"], ["0j"], ["0j"], ["0j"], ["0j"], ["0j"], ["0j"], ["0j"], ["0j"], ["(0.0013221819221332573-0.005132710077099678j)"], ["0j"], ["0j"], ["(0.003024213744717731-0.011739997426202716j)"], ["0j"], ["0j"], ["0j"], ["0j"], ["0j"], ["0j"], ["0j"], ["0j"], ["0j"], ["0j"], ["0j"], ["0j"], ["0j"], ["0j"], ["(0.009074184521618633-0.03522598332038021j)"], ["0j"], ["0j"], ["(-0.01441849078415443+0.055972579646978715j)"], ["0j"], ["0j"], ["(0.014418490784154478-0.05597257964697869j)"], ["0j"], ["0j"], ["(0.026227978908653336-0.10181701125455021j)"], ["0j"], ["0j"], ["0j"], ["0j"], ["0j"], ["(0.00010193854000808253-0.00039572540116262453j)"], ["0j"], ["0j"], ["0j"], ["0j"], ["0j"], ["(0.0002768408306611761-0.0010746960743427258j)"], ["0j"], ["0j"], ["0j"], ["0j"], ["0j"], ["0j"], ["0j"], ["0j"], ["(-0.00010193854000850658+0.0003957254011620116j)"], ["0j"], ["0j"], ["(-0.00027684083066019773+0.0010746960743429233j)"], ["0j"], ["0j"], ["0j"], ["0j"], ["0j"], ["0j"], ["0j"], ["0j"], ["0j"], ["0j"], ["0j"], ["(-0.246531491419839+0.9570352227259542j)"], ["0j"], ["0j"], ["0j"], ["0j"], ["0j"], ["0j"], ["0j"], ["0j"], ["0j"], ["0j"], ["0j"], ["0j"], ["0j"], ["0j"], ["0j"]]}