{"geometry": [["H", [0.0, 0.0, 0.0]], ["H", [1.375, 0.0, 0.0]], ["H", [0.4708, -0.029, 0.0]], ["H", [0.3647, -0.6544, 0.6677]]], "multiplicity": 3, "canonical_orbitals": [[0.41014176602864655, 0.5024646248048648, 0.44274637834101305, 1.754617118206806], [0.08299852526151025, -1.0341957678437732, 0.022448771046414753, 0.7430719382004587], [0.5231645445669958, 0.011698532800725137, 0.3240351457626832, -2.151891341190372], [0.11021794903854704, 0.11896975830429583, -1.1813730592554288, 0.11095498430538153]], "canonical_to_oao": [[0.6206765224623642, 0.27174796150669744, 0.6604941353866054, 0.32351382814476265], [0.3742485758786034, -0.921857699611391, -0.020624018630573893, 0.09844305448103992], [0.2837874841832372, 0.01059895247912617, 0.1893507772536984, -0.939946067165939], [0.6278242761615794, 0.27607804927319546, -0.726270218395912, 0.04635902115930799]], "orbital_energies": [-0.8588091888526745, -0.042184885316760824, 0.09907136706043611, 1.380074258401324], "exact_energy": -1.6971898259273681, "ground_states": [["0j", "0j", "0j"], ["0j", "0j", "0j"], ["0j", "0j", "0j"], ["0j", "0j", "0j"], ["0j", "0j", "0j"], ["0j", "0j", "0j"], ["0j", "0j", "0j"], ["0j", "0j", "0j"], ["0j", "0j", "0j"], ["0j", "0j", "0j"], ["0j", "0j", "0j"], ["0j", "0j", "0j"], ["0j", "0j", "0j"], ["0j", "0j", "0j"], ["0j", "0j", "0j"], ["0j", "0j", "0j"], ["0j", "0j", "0j"], ["0j", "0j", "0j"], ["0j", "0j", "0j"], ["0j", "0j", "0j"], ["0j", "0j", "0j"], ["0j", "0j", "0j"], ["0j", "0j", "0j"], ["(-0.0008643088821312745+0j)", "(0.0001402189007159061+0j)", "(-0.043705064316763846+0j)"], ["0j", "0j", "0j"], ["0j", "0j", "0j"], ["0j", "0j", "0j"], ["(-0.0003400083210825908+0j)", "(0.030908297451259614+0j)", "(0.00010588703565302448+0j)"], ["0j", "0j", "0j"], ["(-3.8100171074818914e-05+0j)", "(6.181082036275892e-06+0j)", "(-0.0019265918258284385+0j)"], ["(-1.4988131520915992e-05+0j)", "(0.0013624890879527624+0j)", "(4.66767640184717e-06+0j)"], ["0j", "0j", "0j"], ["0j", "0j", "0j"], ["0j", "0j", "0j"], ["0j", "0j", "0j"], ["0j", "0j", "0j"], ["0j", "0j", "0j"], ["0j", "0j", "0j"], ["0j", "0j", "0j"], ["(-0.0003400083210825559+0j)", "(0.030908297451255982+0j)", "(0.00010588703565300416+0j)"], ["0j", "0j", "0j"], ["0j", "0j", "0j"], ["0j", "0j", "0j"], ["(-0.04370264404994008+0j)", "(-0.000483708698837976+0j)", "(0.000862709137085231+0j)"], ["0j", "0j", "0j"], ["(-1.4988131520924066e-05+0j)", "(0.0013624890879529615+0j)", "(4.6676764018050435e-06+0j)"], ["(-0.0019264851364469862+0j)", "(-2.132268284760208e-05+0j)", "(3.802965165610985e-05+0j)"], ["0j", "0j", "0j"], ["0j", "0j", "0j"], ["0j", "0j", "0j"], ["0j", "0j", "0j"], ["0j", "0j", "0j"], ["0j", "0j", "0j"], ["(-0.0003432078179572183+0j)", "(5.5679426586937615e-05+0j)", "(-0.01735481384947254+0j)"], ["(-0.0001350136697407548+0j)", "(0.012273354519808443+0j)", "(4.204660996513375e-05+0j)"], ["0j", "0j", "0j"], ["0j", "0j", "0j"], ["(-0.00013501366974056332+0j)", "(0.012273354519810022+0j)", "(4.204660996532159e-05+0j)"], ["(-0.017353852787388574+0j)", "(-0.00019207555364435542+0j)", "(0.00034257257629999847+0j)"], ["0j", "0j", "0j"], ["0j", "0j", "0j"], ["0j", "0j", "0j"], ["0j", "0j", "0j"], ["0j", "0j", "0j"], ["0j", "0j", "0j"], ["0j", "0j", "0j"], ["0j", "0j", "0j"], ["0j", "0j", "0j"], ["0j", "0j", "0j"], ["0j", "0j", "0j"], ["0j", "0j", "0j"], ["(0.00019084347580163025+0j)", "(-3.096099431458408e-05+0j)", "(0.009650284240719068+0j)"], ["0j", "0j", "0j"], ["0j", "0j", "0j"], ["0j", "0j", "0j"], ["(7.507544020238974e-05+0j)", "(-0.00682469778878571+0j)", "(-2.3380356657388772e-05+0j)"], ["0j", "0j", "0j"], ["(-0.00020660350623443314+0j)", "(3.35177818106145e-05+0j)", "(-0.010447213623189828+0j)"], ["(-8.127523936961446e-05+0j)", "(0.007388287633260207+0j)", "(2.5311128096696477e-05+0j)"], ["0j", "0j", "0j"], ["0j", "0j", "0j"], ["0j", "0j", "0j"], ["0j", "0j", "0j"], ["(-0.00039163433564212333+0j)", "(6.353577657438269e-05+0j)", "(-0.01980357275246755+0j)"], ["0j", "0j", "0j"], ["0j", "0j", "0j"], ["(0.0004685281956062496+0j)", "(-7.601045170370059e-05+0j)", "(0.023691825164047896+0j)"], ["0j", "0j", "0j"], ["0j", "0j", "0j"], ["(-5.688452424551589e-05+0j)", "(9.228512656013788e-06+0j)", "(-0.0028764505863328833+0j)"], ["(0.00016193547986974224+0j)", "(-0.014720669081835133+0j)", "(-5.0430730271114864e-05+0j)"], ["0j", "0j", "0j"], ["(7.759826309252746e-05+0j)", "(-1.258895213651374e-05+0j)", "(0.003923871603596929+0j)"], ["0j", "0j", "0j"], ["0j", "0j", "0j"], ["0j", "0j", "0j"], ["0j", "0j", "0j"], ["0j", "0j", "0j"], ["0j", "0j", "0j"], ["(-0.00015406405706668884+0j)", "(0.014005121072343857+0j)", "(4.797937371511972e-05+0j)"], ["0j", "0j", "0j"], ["(-0.0008479921926496855+0j)", "(0.0001375718050887193+0j)", "(-0.04287998664143784+0j)"], ["(-0.00014927639784035097+0j)", "(0.013569901148925098+0j)", "(4.648837772550131e-05+0j)"], ["0j", "0j", "0j"], ["0j", "0j", "0j"], ["(-0.00035596720068384877+0j)", "(0.03235903193954016+0j)", "(0.00011085702711633374+0j)"], ["(-0.022063390185906348+0j)", "(-0.000244201557841331+0j)", "(0.00043554088596337113+0j)"], ["0j", "0j", "0j"], ["(3.052618768415996e-05+0j)", "(-0.0027749688183827913+0j)", "(-9.506612995159814e-06+0j)"], ["0j", "0j", "0j"], ["0j", "0j", "0j"], ["0j", "0j", "0j"], ["0j", "0j", "0j"], ["(0.0002437894910249237+0j)", "(-3.955055321578651e-05+0j)", "(0.012327578259662872+0j)"], ["(9.590374142217251e-05+0j)", "(-0.008718084772550197+0j)", "(-2.9866806950197233e-05+0j)"], ["0j", "0j", "0j"], ["(0.0002314522139129682+0j)", "(-3.7549047191432086e-05+0j)", "(0.011703725490330419+0j)"], ["0j", "0j", "0j"], ["0j", "0j", "0j"], ["0j", "0j", "0j"], ["(9.105041066947426e-05+0j)", "(-0.008276895009720802+0j)", "(-2.835535921618384e-05+0j)"], ["0j", "0j", "0j"], ["0j", "0j", "0j"], ["0j", "0j", "0j"], ["0j", "0j", "0j"], ["0j", "0j", "0j"], ["0j", "0j", "0j"], ["0j", "0j", "0j"], ["0j", "0j", "0j"], ["0j", "0j", "0j"], ["0j", "0j", "0j"], ["0j", "0j", "0j"], ["0j", "0j", "0j"], ["0j", "0j", "0j"], ["0j", "0j", "0j"], ["(7.50754402024479e-05+0j)", "(-0.006824697788784516+0j)", "(-2.3380356657330348e-05+0j)"], ["0j", "0j", "0j"], ["0j", "0j", "0j"], ["0j", "0j", "0j"], ["(0.009649749834394414+0j)", "(0.00010680516106013069+0j)", "(-0.00019049024455372154+0j)"], ["0j", "0j", "0j"], ["(-8.127523936967866e-05+0j)", "(0.007388287633260047+0j)", "(2.5311128096619536e-05+0j)"], ["(-0.010446635085097565+0j)", "(-0.00011562522987108195+0j)", "(0.00020622110482399755+0j)"], ["0j", "0j", "0j"], ["0j", "0j", "0j"], ["0j", "0j", "0j"], ["0j", "0j", "0j"], ["(-0.00015406405706673134+0j)", "(0.014005121072345647+0j)", "(4.797937371511548e-05+0j)"], ["0j", "0j", "0j"], ["(0.0004363485212889357+0j)", "(-7.078986604103504e-05+0j)", "(0.02206461206372285+0j)"], ["(0.00035596720068331296+0j)", "(-0.03235903193953684+0j)", "(-0.00011085702711677916+0j)"], ["0j", "0j", "0j"], ["0j", "0j", "0j"], ["(0.00014927639784051568+0j)", "(-0.01356990114892676+0j)", "(-4.648837772537304e-05+0j)"], ["(0.04287761206515726+0j)", "(0.00047457709692847627+0j)", "(-0.0008464226480836894+0j)"], ["0j", "0j", "0j"], ["(3.05261876842036e-05+0j)", "(-0.0027749688183864693+0j)", "(-9.506612995172214e-06+0j)"], ["0j", "0j", "0j"], ["0j", "0j", "0j"], ["0j", "0j", "0j"], ["0j", "0j", "0j"], ["0j", "0j", "0j"], ["0j", "0j", "0j"], ["(-0.019802476084818776+0j)", "(-0.0002191773552605448+0j)", "(0.0003909094615822782+0j)"], ["0j", "0j", "0j"], ["(-0.00016193547986983195+0j)", "(0.014720669081833499+0j)", "(5.043073027098282e-05+0j)"], ["(0.002876291296373391+0j)", "(3.1835307695755454e-05+0j)", "(-5.677923696022966e-05+0j)"], ["0j", "0j", "0j"], ["0j", "0j", "0j"], ["(-0.023690513175624258+0j)", "(-0.0002622108467828945+0j)", "(0.0004676609990803965+0j)"], ["0j", "0j", "0j"], ["0j", "0j", "0j"], ["(0.003923654310328539+0j)", "(4.3427709293065575e-05+0j)", "(-7.745463685022638e-05+0j)"], ["0j", "0j", "0j"], ["0j", "0j", "0j"], ["0j", "0j", "0j"], ["0j", "0j", "0j"], ["(9.590374142241158e-05+0j)", "(-0.00871808477255081+0j)", 