{"geometry": [["H", [0.0, 0.0, 0.0]], ["H", [1.3719, 0.0, 0.0]], ["H", [0.0706, 0.4937, 0.0]], ["H", [0.0828, 0.1424, 1.0547]]], "multiplicity": 3, "canonical_orbitals": [[0.4962888484056226, 0.17562326549396573, 0.2914593642022874, 1.6673314332020777], [0.040100585712263215, -1.0559334989236389, 0.011226375792075576, -0.01626644458248088], [0.4894458148316907, 0.1879142527585156, 0.34663450738753926, -1.6282863352466377], [0.0935138066040109, 0.06085585699953573, -1.126802378434176, -0.0695779935135698]], "canonical_to_oao": [[0.6687482920031784, 0.17081266683011678, 0.6662575839289718, 0.2823111521891041], [0.11103313064309248, -0.9852678514275225, 0.12172805907296244, 0.0458386788347593], [0.17944021227125667, 0.003440640687697314, 0.22482215829675795, -0.9577287556247294], [0.7129155462342447, -0.007645638327428631, -0.7005270220557129, -0.03090080131406532]], "orbital_energies": [-0.7872554829496848, -0.029631282040492625, 0.05315908588835167, 0.9526412309641838], "exact_energy": -1.8199295820599013, "ground_states": [["0j", "0j", "0j"], ["0j", "0j", "0j"], ["0j", "0j", "0j"], ["0j", "0j", "0j"], ["0j", "0j", "0j"], ["0j", "0j", "0j"], ["0j", "0j", "0j"], ["0j", "0j", "0j"], ["0j", "0j", "0j"], ["0j", "0j", "0j"], ["0j", "0j", "0j"], ["0j", "0j", "0j"], ["0j", "0j", "0j"], ["0j", "0j", "0j"], ["0j", "0j", "0j"], ["0j", "0j", "0j"], ["0j", "0j", "0j"], ["0j", "0j", "0j"], ["0j", "0j", "0j"], ["0j", "0j", "0j"], ["0j", "0j", "0j"], ["0j", "0j", "0j"], ["0j", "0j", "0j"], ["(0.03583847332917673+0j)", "(0.047552201088056044+0j)", "(-0.029431221903068804+0j)"], ["0j", "0j", "0j"], ["0j", "0j", "0j"], ["0j", "0j", "0j"], ["(0.0011223276334631695+0j)", "(-0.025319385865578366+0j)", "(-0.03954202183587378+0j)"], ["0j", "0j", "0j"], ["(0.0013197046303886077+0j)", "(0.0017510472442470249+0j)", "(-0.001083766026156345+0j)"], ["(4.132823854109656e-05+0j)", "(-0.0009323530737063756+0j)", "(-0.0014560829316701501+0j)"], ["0j", "0j", "0j"], ["0j", "0j", "0j"], ["0j", "0j", "0j"], ["0j", "0j", "0j"], ["0j", "0j", "0j"], ["0j", "0j", "0j"], ["0j", "0j", "0j"], ["0j", "0j", "0j"], ["(0.0011223276334635316+0j)", "(-0.025319385865587216+0j)", "(-0.03954202183588756+0j)"], ["0j", "0j", "0j"], ["0j", "0j", "0j"], ["0j", "0j", "0j"], ["(0.05590071030311647+0j)", "(-0.029469482385227924+0j)", "(0.020456417505186786+0j)"], ["0j", "0j", "0j"], ["(4.132823854103272e-05+0j)", "(-0.0009323530737065665+0j)", "(-0.0014560829316706014+0j)"], ["(0.002058470112591835+0j)", "(-0.001085174918075485+0j)", "(0.0007532806616730933+0j)"], ["0j", "0j", "0j"], ["0j", "0j", "0j"], ["0j", "0j", "0j"], ["0j", "0j", "0j"], ["0j", "0j", "0j"], ["0j", "0j", "0j"], ["(-0.00020631155266508732+0j)", "(-0.00027374403895515326+0j)", "(0.00016942689025504178+0j)"], ["(-6.460910165885105e-06+0j)", "(0.00014575625927136016+0j)", "(0.0002276317923909791+0j)"], ["0j", "0j", "0j"], ["0j", "0j", "0j"], ["(-6.460910165736297e-06+0j)", "(0.00014575625927108448+0j)", "(0.00022763179239086639+0j)"], ["(-0.00032180395162982156+0j)", "(0.00016964714460028743+0j)", "(-0.00011776158037463211+0j)"], ["0j", "0j", "0j"], ["0j", "0j", "0j"], ["0j", "0j", "0j"], ["0j", "0j", "0j"], ["0j", "0j", "0j"], ["0j", "0j", "0j"], ["0j", "0j", "0j"], ["0j", "0j", "0j"], ["0j", "0j", "0j"], ["0j", "0j", "0j"], ["0j", "0j", "0j"], ["0j", "0j", "0j"], ["(-0.009195185263065609+0j)", "(-0.012200611746350487+0j)", "(0.007551257427497314+0j)"], ["0j", "0j", "0j"], ["0j", "0j", "0j"], ["0j", "0j", "0j"], ["(-0.0002879589881176145+0j)", "(0.0064962712457814+0j)", "(0.010145415880788424+0j)"], ["0j", "0j", "0j"], ["(-0.0005288092523044084+0j)", "(-0.000701649416587532+0j)", "(0.00043426800874067525+0j)"], ["(-1.6560338138322576e-05+0j)", "(0.0003735964248645452+0j)", "(0.0005834564103658923+0j)"], ["0j", "0j", "0j"], ["0j", "0j", "0j"], ["0j", "0j", "0j"], ["0j", "0j", "0j"], ["(0.014628546323528143+0j)", "(0.01940985515797727+0j)", "(-0.012013234743918919+0j)"], ["0j", "0j", "0j"], ["0j", "0j", "0j"], ["(0.0023710747054659087+0j)", "(0.003146055362166521+0j)", "(-0.0019471707169096634+0j)"], ["0j", "0j", "0j"], ["0j", "0j", "0j"], ["(-0.003860543347116251+0j)", "(-0.005122353618835+0j)", "(0.0031703501115069575+0j)"], ["(-4.6644615699721366e-05+0j)", "(0.0010522890003219387+0j)", "(0.0016433903590429395+0j)"], ["0j", "0j", "0j"], ["(-0.0025748826524844616+0j)", "(-0.003416477497366118+0j)", "(0.0021145415995702348+0j)"], ["0j", "0j", "0j"], ["0j", "0j", "0j"], ["0j", "0j", "0j"], ["0j", "0j", "0j"], ["0j", "0j", "0j"], ["0j", "0j", "0j"], ["(0.00045811163956396747+0j)", "(-0.01033486570747668+0j)", "(-0.016140260575255017+0j)"], ["0j", "0j", "0j"], ["(-0.0005123302167921347+0j)", "(-0.0006797842438382413+0j)", "(0.0004207351178036791+0j)"], ["(5.820896119171485e-05+0j)", "(-0.0013131772802374253+0j)", "(-0.002050827179031688+0j)"], ["0j", "0j", "0j"], ["0j", "0j", "0j"], ["(-0.0001369421290169523+0j)", "(0.003089374708823717+0j)", "(0.00482476640010382+0j)"], ["(-0.003122398017434318+0j)", "(0.001646051595328679+0j)", "(-0.0011426165627531114+0j)"], ["0j", "0j", "0j"], ["(-8.063574380703397e-05+0j)", "(0.0018191189908698196+0j)", "(0.0028409710741373103+0j)"], ["0j", "0j", "0j"], ["0j", "0j", "0j"], ["0j", "0j", "0j"], ["0j", "0j", "0j"], ["(0.0005604143021412419+0j)", "(0.0007435845088397654+0j)", "(-0.00046022266441088984+0j)"], ["(1.7550090700078998e-05+0j)", "(-0.0003959249555687552+0j)", "(-0.0006183275266463538+0j)"], ["0j", "0j", "0j"], ["(0.0018026400408017403+0j)", "(0.002391829052600856+0j)", "(-0.0014803615813902664+0j)"], ["0j", "0j", "0j"], ["0j", "0j", "0j"], ["0j", "0j", "0j"], ["(5.6451978643112036e-05+0j)", "(-0.0012735402635742877+0j)", "(-0.0019889248964596214+0j)"], ["0j", "0j", "0j"], ["0j", "0j", "0j"], ["0j", "0j", "0j"], ["0j", "0j", "0j"], ["0j", "0j", "0j"], ["0j", "0j", "0j"], ["0j", "0j", "0j"], ["0j", "0j", "0j"], ["0j", "0j", "0j"], ["0j", "0j", "0j"], ["0j", "0j", "0j"], ["0j", "0j", "0j"], ["0j", "0j", "0j"], ["0j", "0j", "0j"], ["(-0.000287958988117792+0j)", "(0.006496271245783828+0j)", "(0.010145415880792099+0j)"], ["0j", "0j", "0j"], ["0j", "0j", "0j"], ["0j", "0j", "0j"], ["(-0.014342613951572618+0j)", "(0.0075610740348755374+0j)", "(-0.0052485647770513484+0j)"], ["0j", "0j", "0j"], ["(-1.6560338138365043e-05+0j)", "(0.0003735964248647006+0j)", "(0.0005834564103659776+0j)"], ["(-0.0008248346001561037+0j)", "(0.000434832555583317+0j)", "(-0.00030184161993692055+0j)"], ["0j", "0j", "0j"], ["0j", "0j", "0j"], ["0j", "0j", "0j"], ["0j", "0j", "0j"], ["(0.0004581116395638285+0j)", "(-0.010334865707473148+0j)", "(-0.01614026057524952+0j)"], ["0j", "0j", "0j"], ["(0.002001798858442332+0j)", "(0.002656082500506374+0j)", "(-0.0016439145124008934+0j)"], ["(0.00013694212901705808+0j)", "(-0.003089374708822981+0j)", "(-0.004824766400102533+0j)"], ["0j", "0j", "0j"], ["0j", "0j", "0j"], ["(-5.820896119176457e-05+0j)", "(0.0013131772802370345+0j)", "(0.0020508271790309774+0j)"], ["(0.0007991306651197945+0j)", "(-0.00042128207193693545+0j)", "(0.00029243547064511843+0j)"], ["0j", "0j", "0j"], ["(-8.06357438069303e-05+0j)", "(0.0018191189908676431+0j)", "(0.002840971074133957+0j)"], ["0j", "0j", "0j"], ["0j", "0j", "0j"], ["0j", "0j", "0j"], ["0j", "0j", "0j"], ["0j", "0j", "0j"], ["0j", "0j", "0j"], ["(0.02281754924871544+0j)", "(-0.012028851905690406+0j)", "(0.008349899515514124+0j)"], ["0j", "0j", "0j"], ["(4.6644615699697595e-05+0j)", "(-0.0010522890003223026+0j)", "(-0.0016433903590435135+0j)"], ["(0.006021660389313405+0j)", "(-0.003174471555199592+0j)", "(0.0022035784219967985+0j)"], ["0j", "0j", "0j"], ["0j", "0j", "0j"], ["(-0.0036983930369988804+0j)", "(0.001949702031807849+0j)", "(-0.0013533973298888054+0j)"], ["0j", "0j", "0j"], ["0j", "0j", "0j"], ["(-0.00401629187434925+0j)", "(0.0021172904960112967+0j)", "(-0.0014697298649494555+0j)"], ["0j", "0j", "0j"], ["0j", "0j", "0j"], ["0j", "0j", "0j"], ["0j", "0j", "0j"], ["(1.7550090700180252e-05+0j)", "(-0.0003959249555687501+0j)", 