{"geometry": [["H", [0.0, 0.0, 0.0]], ["H", [0.5939, 0.0, 0.0]], ["H", [1.1499, 0.1185, 0.0]], ["H", [-0.0813, -0.6062, -0.0779]]], "multiplicity": 1, "canonical_orbitals": [[0.35835941930293724, 0.44539691359423844, 1.1721251061683116, 1.5300872050233587], [0.42349958866609283, -0.4326474311882367, 0.4327631797666314, -2.2887161842753287], [0.14815891603717657, -0.6764954474952045, -0.6750978141985475, 1.4337043745897629], [0.22943366217524735, 0.602907976031856, -1.3068719483941356, -0.3060993253363067]], "canonical_to_oao": [[0.5650813847998952, 0.5855773415378813, 0.37351341856726716, 0.44527511920188234], [0.34688677684708513, -0.3234794006469382, -0.6817194639178398, 0.5570360975029456], [0.5723298242680364, 0.21715545084447097, -0.3789240086580314, -0.69404515565227], [0.48248436747172685, -0.7108472160760416, 0.5021582363441771, -0.09870246305971854]], "orbital_energies": [-0.9654269602631299, -0.37841202780288796, 0.6860528055280875, 1.5802684972023622], "exact_energy": -1.817453697733891, "ground_states": [["0j"], ["0j"], ["0j"], ["0j"], ["0j"], ["0j"], ["0j"], ["0j"], ["0j"], ["0j"], ["0j"], ["0j"], ["0j"], ["0j"], ["0j"], ["(-0.005260138273284601+0j)"], ["0j"], ["0j"], ["0j"], ["0j"], ["0j"], ["0j"], ["0j"], ["0j"], ["0j"], ["0j"], ["0j"], ["(0.0003581186778827683+0j)"], ["0j"], ["0j"], ["(-0.0005730999528294825+0j)"], ["0j"], ["0j"], ["0j"], ["0j"], ["0j"], ["0j"], ["0j"], ["0j"], ["(-0.00035811867788277014+0j)"], ["0j"], ["0j"], ["0j"], ["0j"], ["0j"], ["(0.0005730999528294646+0j)"], ["0j"], ["0j"], ["0j"], ["0j"], ["0j"], ["(0.02584061250359111+0j)"], ["0j"], ["0j"], ["(-0.00253966474355544+0j)"], ["0j"], ["0j"], ["(0.0025396647435554412+0j)"], ["0j"], ["0j"], ["(0.04286669979744997+0j)"], ["0j"], ["0j"], ["0j"], ["0j"], ["0j"], ["0j"], ["0j"], ["0j"], ["0j"], ["0j"], ["0j"], ["0j"], ["0j"], ["0j"], ["(0.0004940636515211527+0j)"], ["0j"], ["0j"], ["(-0.00044123790742743444+0j)"], ["0j"], ["0j"], ["0j"], ["0j"], ["0j"], ["0j"], ["0j"], ["0j"], ["0j"], ["0j"], ["0j"], ["(-0.012292271732598788+0j)"], ["0j"], ["0j"], ["0j"], ["0j"], ["0j"], ["0j"], ["0j"], ["0j"], ["(-0.009620179962017004+0j)"], ["0j"], ["0j"], ["(-0.014595393690701145+0j)"], ["0j"], ["0j"], ["(0.02688766542329995+0j)"], ["0j"], ["0j"], ["(0.030301985731002488+0j)"], ["0j"], ["0j"], ["0j"], ["0j"], ["0j"], ["(-0.00029155339166518+0j)"], ["0j"], ["0j"], ["0j"], ["0j"], ["0j"], ["(0.003246983642678654+0j)"], ["0j"], ["0j"], ["0j"], ["0j"], ["0j"], ["0j"], ["0j"], ["0j"], ["0j"], ["0j"], ["0j"], ["0j"], ["0j"], ["0j"], ["(-0.000494063651521156+0j)"], ["0j"], ["0j"], ["0j"], ["0j"], ["0j"], ["(0.0004412379074274321+0j)"], ["0j"], ["0j"], ["0j"], ["0j"], ["0j"], ["(0.009620179962016999+0j)"], ["0j"], ["0j"], ["(0.02688766542329993+0j)"], ["0j"], ["0j"], ["(-0.01459539369070115+0j)"], ["0j"], ["0j"], ["(-0.03030198573100249+0j)"], ["0j"], ["0j"], ["0j"], ["0j"], ["0j"], ["0j"], ["0j"], ["0j"], ["(-0.01229227173259879+0j)"], ["0j"], ["0j"], ["0j"], ["0j"], ["0j"], ["0j"], ["0j"], ["0j"], ["0j"], ["0j"], ["0j"], ["(0.00029155339166518857+0j)"], ["0j"], ["0j"], ["(-0.003246983642678655+0j)"], ["0j"], ["0j"], ["0j"], ["0j"], ["0j"], ["0j"], ["0j"], ["0j"], ["0j"], ["0j"], ["0j"], ["0j"], ["0j"], ["0j"], ["(0.030976288107140478+0j)"], ["0j"], ["0j"], ["(0.01607471135917703+0j)"], ["0j"], ["0j"], ["(-0.016074711359177023+0j)"], ["0j"], ["0j"], ["(0.08370972253542046+0j)"], ["0j"], ["0j"], ["0j"], ["0j"], ["0j"], ["(0.001320128148087463+0j)"], ["0j"], ["0j"], ["0j"], ["0j"], ["0j"], ["(-0.003490971560629948+0j)"], ["0j"], ["0j"], ["0j"], ["0j"], ["0j"], ["0j"], ["0j"], ["0j"], ["(-0.0013201281480874644+0j)"], ["0j"], ["0j"], ["(0.0034909715606299936+0j)"], ["0j"], ["0j"], ["0j"], ["0j"], ["0j"], ["0j"], ["0j"], ["0j"], ["0j"], ["0j"], ["0j"], ["(-0.992332571638332+0j)"], ["0j"], ["0j"], ["0j"], ["0j"], ["0j"], ["0j"], ["0j"], ["0j"], ["0j"], ["0j"], ["0j"], ["0j"], ["0j"], ["0j"], ["0j"]], "hf_energy": -1.787622750632034}