{"geometry": [["H", [0.0, 0.0, 0.0]], ["H", [1.0677, 0.0, 0.0]], ["H", [1.0902, -0.6149, 0.0]], ["H", [0.603, -0.1394, 0.0241]]], "multiplicity": 1, "canonical_orbitals": [[0.06326157155922851, 0.8151750878038653, 0.4154959578484195, 1.3651042488708558], [0.34333655667895047, -0.4337424485916858, -1.358205401000247, 1.401521196726478], [0.23406638025070542, -0.6548056044539602, 1.3586523308174694, 0.3216330220126252], [0.46443582019900703, 0.4404036102271965, -0.15063132161042575, -2.5639229107892634]], "canonical_to_oao": [[0.3129834261199991, 0.5669615779989587, 0.47741876217856694, 0.593857954031942], [0.772150717069167, -0.28363691189229334, -0.5018743840991718, 0.26731156901049447], [0.25573886407438473, -0.6477091316000472, 0.7121531904119254, -0.08892889086213937], [0.490328745338984, 0.4225843727908648, 0.11415455089954513, -0.7536371194919822]], "orbital_energies": [-1.0626267930384405, -0.2805191662772376, 0.6297764959631894, 1.5526514644534963], "exact_energy": -1.5365851383504505, "ground_states": [["0j"], ["0j"], ["0j"], ["0j"], ["0j"], ["0j"], ["0j"], ["0j"], ["0j"], ["0j"], ["0j"], ["0j"], ["0j"], ["0j"], ["0j"], ["(0.005335434968264538+0.0002234703814252868j)"], ["0j"], ["0j"], ["0j"], ["0j"], ["0j"], ["0j"], ["0j"], ["0j"], ["0j"], ["0j"], ["0j"], ["(-0.0004817263818841618-2.0176720162968445e-05j)"], ["0j"], ["0j"], ["(-0.0010667389561166577-4.467949901414433e-05j)"], ["0j"], ["0j"], ["0j"], ["0j"], ["0j"], ["0j"], ["0j"], ["0j"], ["(0.0004817263818841828+2.01767201629397e-05j)"], ["0j"], ["0j"], ["0j"], ["0j"], ["0j"], ["(0.001066738956116647+4.467949901412866e-05j)"], ["0j"], ["0j"], ["0j"], ["0j"], ["0j"], ["(-0.027110438072706276-0.0011354987873997138j)"], ["0j"], ["0j"], ["(-0.004522731555223454-0.00018943095581552184j)"], ["0j"], ["0j"], ["(0.004522731555223451+0.00018943095581554423j)"], ["0j"], ["0j"], ["(-0.049038837875621334-0.0020539520901109456j)"], ["0j"], ["0j"], ["0j"], ["0j"], ["0j"], ["0j"], ["0j"], ["0j"], ["0j"], ["0j"], ["0j"], ["0j"], ["0j"], ["0j"], ["(-0.00011755537496869293-4.923711869621356e-06j)"], ["0j"], ["0j"], ["(0.0006671368806901971+2.794248905242262e-05j)"], ["0j"], ["0j"], ["0j"], ["0j"], ["0j"], ["0j"], ["0j"], ["0j"], ["0j"], ["0j"], ["0j"], ["(0.008092107489513166+0.0003389313819720698j)"], ["0j"], ["0j"], ["0j"], ["0j"], ["0j"], ["0j"], ["0j"], ["0j"], ["(-0.010354726808355053-0.00043369936344111375j)"], ["0j"], ["0j"], ["(0.004903602975079576+0.0002053834474072446j)"], ["0j"], ["0j"], ["(-0.012995710464592726-0.0005443148293792976j)"], ["0j"], ["0j"], ["(0.04087682881305652+0.0017120929372476047j)"], ["0j"], ["0j"], ["0j"], ["0j"], ["0j"], ["(0.0007067344457973063+2.9601001063307354e-05j)"], ["0j"], ["0j"], ["0j"], ["0j"], ["0j"], ["(0.0036775815246319083+0.00015403252985384338j)"], ["0j"], ["0j"], ["0j"], ["0j"], ["0j"], ["0j"], ["0j"], ["0j"], ["0j"], ["0j"], ["0j"], ["0j"], ["0j"], ["0j"], ["(0.00011755537496867381+4.9237118696231364e-06j)"], ["0j"], ["0j"], ["0j"], ["0j"], ["0j"], ["(-0.0006671368806901877-2.7942489052447388e-05j)"], ["0j"], ["0j"], ["0j"], ["0j"], ["0j"], ["(0.01035472680835506+0.00043369936344111163j)"], ["0j"], ["0j"], ["(-0.01299571046459276-0.000544314829379248j)"], ["0j"], ["0j"], ["(0.0049036029750795735+0.0002053834474072065j)"], ["0j"], ["0j"], ["(-0.04087682881305654-0.0017120929372476678j)"], ["0j"], ["0j"], ["0j"], ["0j"], ["0j"], ["0j"], ["0j"], ["0j"], ["(0.008092107489513188+0.0003389313819720557j)"], ["0j"], ["0j"], ["0j"], ["0j"], ["0j"], ["0j"], ["0j"], ["0j"], ["0j"], ["0j"], ["0j"], ["(-0.0007067344457973264-2.960100106326529e-05j)"], ["0j"], ["0j"], ["(-0.0036775815246317773-0.00015403252985363662j)"], ["0j"], ["0j"], ["0j"], ["0j"], ["0j"], ["0j"], ["0j"], ["0j"], ["0j"], ["0j"], ["0j"], ["0j"], ["0j"], ["0j"], ["(-0.0377917363323285-0.0015828763321346186j)"], ["0j"], ["0j"], ["(0.024960255149725392+0.0010454401134975494j)"], ["0j"], ["0j"], ["(-0.02496025514972537-0.0010454401134976532j)"], ["0j"], ["0j"], ["(-0.07638031461886544-0.0031991277454952536j)"], ["0j"], ["0j"], ["0j"], ["0j"], ["0j"], ["(0.0036271520514592794+0.00015192033212831118j)"], ["0j"], ["0j"], ["0j"], ["0j"], ["0j"], ["(0.007573760951482469+0.0003172208561667725j)"], ["0j"], ["0j"], ["0j"], ["0j"], ["0j"], ["0j"], ["0j"], ["0j"], ["(-0.0036271520514591254-0.00015192033212806121j)"], ["0j"], ["0j"], ["(-0.007573760951482939-0.00031722085616570577j)"], ["0j"], ["0j"], ["0j"], ["0j"], ["0j"], ["0j"], ["0j"], ["0j"], ["0j"], ["0j"], ["0j"], ["(0.9911032158471887+0.041511557163490725j)"], ["0j"], ["0j"], ["0j"], ["0j"], ["0j"], ["0j"], ["0j"], ["0j"], ["0j"], ["0j"], ["0j"], ["0j"], ["0j"], ["0j"], ["0j"]]}