{"geometry": [["H", [0.0, 0.0, 0.0]], ["H", [0.8517, 0.0, 0.0]], ["H", [1.0649, 0.3524, 0.0]], ["H", [0.1598, 0.4768, -0.5778]]], "multiplicity": 1, "canonical_orbitals": [[0.22540702416976438, 0.6144336325164198, 1.024455354282347, 0.8618942233490943], [0.43131463517128155, -0.4203336957032052, 0.48366533775012405, -2.1609079865600727], [0.32086643280280647, -0.5692058539763887, -0.5081129722479202, 1.9205422442182134], [0.20337609555222153, 0.6253270167248256, -1.099254253808161, -0.4368752450493456]], "canonical_to_oao": [[0.4277160037578296, 0.6031570553413268, 0.5466636914730068, 0.39296233298691347], [0.5563504298635211, -0.3355985917054344, -0.4854881857802592, 0.584935044174818], [0.6378615177985711, 0.2295887486013271, -0.25739354786165525, -0.6886002121307915], [0.31727890480114107, -0.6861954228592482, 0.6318295588306141, -0.1710594832305865]], "orbital_energies": [-0.9175565858410117, -0.3614086059500569, 0.5234138909870755, 1.4082882469386795], "exact_energy": -1.7185560466078549, "ground_states": [["0j"], ["0j"], ["0j"], ["0j"], ["0j"], ["0j"], ["0j"], ["0j"], ["0j"], ["0j"], ["0j"], ["0j"], ["0j"], ["0j"], ["0j"], ["(0.008684606704373836-0.0011138713787763603j)"], ["0j"], ["0j"], ["0j"], ["0j"], ["0j"], ["0j"], ["0j"], ["0j"], ["0j"], ["0j"], ["0j"], ["(-0.00044446169126259155+5.700582348887974e-05j)"], ["0j"], ["0j"], ["(0.0009918012337271124-0.0001272065673540619j)"], ["0j"], ["0j"], ["0j"], ["0j"], ["0j"], ["0j"], ["0j"], ["0j"], ["(0.000444461691262606-5.70058234889098e-05j)"], ["0j"], ["0j"], ["0j"], ["0j"], ["0j"], ["(-0.0009918012337271156+0.00012720656735406901j)"], ["0j"], ["0j"], ["0j"], ["0j"], ["0j"], ["(-0.029639671431345032+0.0038015287056215067j)"], ["0j"], ["0j"], ["(-0.008586382303231496+0.0011012733011829244j)"], ["0j"], ["0j"], ["(0.0085863823032315-0.0011012733011829697j)"], ["0j"], ["0j"], ["(-0.041973402931465204+0.0053834299913270624j)"], ["0j"], ["0j"], ["0j"], ["0j"], ["0j"], ["0j"], ["0j"], ["0j"], ["0j"], ["0j"], ["0j"], ["0j"], ["0j"], ["0j"], ["(-0.0005587167605302385+7.165996453054991e-05j)"], ["0j"], ["0j"], ["(0.0004917424771825822-6.306996847498473e-05j)"], ["0j"], ["0j"], ["0j"], ["0j"], ["0j"], ["0j"], ["0j"], ["0j"], ["0j"], ["0j"], ["0j"], ["(0.010789565687340238-0.0013838494727116662j)"], ["0j"], ["0j"], ["0j"], ["0j"], ["0j"], ["0j"], ["0j"], ["0j"], ["(0.019027150571726065-0.002440386670687098j)"], ["0j"], ["0j"], ["(0.020284509964296173-0.0026016532297719183j)"], ["0j"], ["0j"], ["(-0.031074075651636404+0.00398550270248357j)"], ["0j"], ["0j"], ["(-0.04943719673541659+0.006340722195604169j)"], ["0j"], ["0j"], ["0j"], ["0j"], ["0j"], ["(-9.610039861412839e-05+1.2325657010027774e-05j)"], ["0j"], ["0j"], ["0j"], ["0j"], ["0j"], ["(0.00018084492541333718-2.3194831184872532e-05j)"], ["0j"], ["0j"], ["0j"], ["0j"], ["0j"], ["0j"], ["0j"], ["0j"], ["0j"], ["0j"], ["0j"], ["0j"], ["0j"], ["0j"], ["(0.0005587167605302537-7.165996453057633e-05j)"], ["0j"], ["0j"], ["0j"], ["0j"], ["0j"], ["(-0.0004917424771826091+6.306996847492806e-05j)"], ["0j"], ["0j"], ["0j"], ["0j"], ["0j"], ["(-0.019027150571726065+0.002440386670687078j)"], ["0j"], ["0j"], ["(-0.031074075651636373+0.003985502702483597j)"], ["0j"], ["0j"], ["(0.020284509964296153-0.0026016532297719443j)"], ["0j"], ["0j"], ["(0.04943719673541669-0.006340722195604246j)"], ["0j"], ["0j"], ["0j"], ["0j"], ["0j"], ["0j"], ["0j"], ["0j"], ["(0.010789565687340248-0.00138384947271163j)"], ["0j"], ["0j"], ["0j"], ["0j"], ["0j"], ["0j"], ["0j"], ["0j"], ["0j"], ["0j"], ["0j"], ["(9.610039861410451e-05-1.2325657010095095e-05j)"], ["0j"], ["0j"], ["(-0.00018084492541354442+2.3194831184777793e-05j)"], ["0j"], ["0j"], ["0j"], ["0j"], ["0j"], ["0j"], ["0j"], ["0j"], ["0j"], ["0j"], ["0j"], ["0j"], ["0j"], ["0j"], ["(-0.03109684258607346+0.003988422746823496j)"], ["0j"], ["0j"], ["(0.014921092968245607-0.0019137514182442908j)"], ["0j"], ["0j"], ["(-0.014921092968245621+0.001913751418244328j)"], ["0j"], ["0j"], ["(-0.11739101412061649+0.015056351450968154j)"], ["0j"], ["0j"], ["0j"], ["0j"], ["0j"], ["(-0.002740385051286393+0.00035147665051045207j)"], ["0j"], ["0j"], ["0j"], ["0j"], ["0j"], ["(0.0020544624724901117-0.00026350150614432954j)"], ["0j"], ["0j"], ["0j"], ["0j"], ["0j"], ["0j"], ["0j"], ["0j"], ["(0.00274038505128628-0.00035147665051056683j)"], ["0j"], ["0j"], ["(-0.0020544624724902084+0.0002635015061450104j)"], ["0j"], ["0j"], ["0j"], ["0j"], ["0j"], ["0j"], ["0j"], ["0j"], ["0j"], ["0j"], ["0j"], ["(0.9783321964498528-0.1254790538772546j)"], ["0j"], ["0j"], ["0j"], ["0j"], ["0j"], ["0j"], ["0j"], ["0j"], ["0j"], ["0j"], ["0j"], ["0j"], ["0j"], ["0j"], ["0j"]], "hf_energy": -1.6780547018504026}