{"geometry": [["H", [0.0, 0.0, 0.0]], ["H", [0.4761, 0.0, 0.0]], ["H", [-0.6229, -0.297, 0.0]], ["H", [-0.068, 0.663, -0.8649]]], "multiplicity": 3, "canonical_orbitals": [[0.5457113977277018, 0.1477331456697885, 0.1322086102775351, 2.4224403308493816], [0.3539571131027942, -0.11281704305016207, 0.812272562629453, -1.7218830059540102], [0.16844188186961967, 0.600660244525498, -0.8598580067910677, -1.0630222418293134], [0.05611103261818884, -0.9773304892447764, -0.5146634197686758, -0.15227464224471385]], "canonical_to_oao": [[0.6645850559486999, 0.5854455091353259, 0.4031016673618648, 0.23041116512232582], [0.09325071619332567, -0.09767712306834038, 0.48272235269164276, -0.8652991469834977], [0.06717136807393381, 0.5715210564336106, -0.688507484980286, -0.4413718755088601], [0.7383217555037731, -0.5666360538435419, -0.36117256139974363, -0.057956438178983306]], "orbital_energies": [-0.8760975035093633, -0.0006846397252811961, 0.04523461593283033, 1.5766322726316062], "exact_energy": -1.6881548845761578, "ground_states": [["0j", "0j", "0j"], ["0j", "0j", "0j"], ["0j", "0j", "0j"], ["0j", "0j", "0j"], ["0j", "0j", "0j"], ["0j", "0j", "0j"], ["0j", "0j", "0j"], ["0j", "0j", "0j"], ["0j", "0j", "0j"], ["0j", "0j", "0j"], ["0j", "0j", "0j"], ["0j", "0j", "0j"], ["0j", "0j", "0j"], ["0j", "0j", "0j"], ["0j", "0j", "0j"], ["0j", "0j", "0j"], ["0j", "0j", "0j"], ["0j", "0j", "0j"], ["0j", "0j", "0j"], ["0j", "0j", "0j"], ["0j", "0j", "0j"], ["0j", "0j", "0j"], ["0j", "0j", "0j"], ["(0.014322078334698706+0.004437660930256262j)", "(0.0017396257936231957+0.0006270762108657302j)", "(0.034882101224982386-0.0041273956788117246j)"], ["0j", "0j", "0j"], ["0j", "0j", "0j"], ["0j", "0j", "0j"], ["(-0.004413608873136655+0.015141719597556705j)", "(0.005442755507239653-0.02029994589540648j)", "(-0.0006593533749860973-0.003915234299836472j)"], ["0j", "0j", "0j"], ["(0.0025389832321516246+0.0007866977423658993j)", "(0.0003083966318999045+0.00011116654632531543j)", "(0.006183814111522852-0.0007316946728024069j)"], ["(-0.0007824338521469518+0.002684287242794712j)", "(0.0009648784657253536-0.0035987250619312315j)", "(-0.00011688856351921161-0.000694083219273144j)"], ["0j", "0j", "0j"], ["0j", "0j", "0j"], ["0j", "0j", "0j"], ["0j", "0j", "0j"], ["0j", "0j", "0j"], ["0j", "0j", "0j"], ["0j", "0j", "0j"], ["0j", "0j", "0j"], ["(-0.004413608873137238+0.015141719597556096j)", "(0.005442755507239635-0.02029994589540596j)", "(-0.0006593533749861461-0.003915234299836364j)"], ["0j", "0j", "0j"], ["0j", "0j", "0j"], ["0j", "0j", "0j"], ["(0.020072585359388533-0.017450643107551327j)", "(0.01721452512759088-0.015702529795094063j)", "(-0.005198575193029127+0.011721878840780625j)"], ["0j", "0j", "0j"], ["(-0.0007824338521471483+0.002684287242794575j)", "(0.0009648784657253583-0.0035987250619311114j)", "(-0.0001168885635192119-0.0006940832192731315j)"], ["(0.0035584191387884848-0.003093607589967631j)", "(0.0030517491684509393-0.002783706311360811j)", "(-0.0009215907731912176+0.0020780261866010226j)"], ["0j", "0j", "0j"], ["0j", "0j", "0j"], ["0j", "0j", "0j"], ["0j", "0j", "0j"], ["0j", "0j", "0j"], ["0j", "0j", "0j"], ["(0.002549552077545758+0.0007899724732525345j)", "(0.00030968037268296907+0.0001116292914219565j)", "(0.006209555035867347-0.0007347404463130891j)"], ["(-0.0007856908340402009+0.0026954609348866544j)", "(0.0009688948968696127-0.0036137052194659216j)", "(-0.00011737512725089112-0.0006969724302542285j)"], ["0j", "0j", "0j"], ["0j", "0j", "0j"], ["(-0.0007856908340404884+0.002695460934886422j)", "(0.0009688948968695962-0.003613705219465735j)", "(-0.00011737512725091709-0.0006969724302542024j)"], ["(0.003573231517716046-0.0031064851308330076j)", "(0.00306445246823432-0.002795293848157024j)", "(-0.0009254270137284614+0.002086676238800259j)"], ["0j", "0j", "0j"], ["0j", "0j", "0j"], ["0j", "0j", "0j"], ["0j", "0j", "0j"], ["0j", "0j", "0j"], ["0j", "0j", "0j"], ["0j", "0j", "0j"], ["0j", "0j", "0j"], ["0j", "0j", "0j"], ["0j", "0j", "0j"], ["0j", "0j", "0j"], ["0j", "0j", "0j"], ["(-0.0024223296673897264-0.0007505529207400429j)", "(-0.00029422735105703233-0.00010605900022304388j)", "(-0.0058996988204885244+0.0006980769667778908j)"], ["0j", "0j", "0j"], ["0j", "0j", "0j"], ["0j", "0j", "0j"], ["(0.0007464849349237946-0.0025609576863993328j)", "(-0.000920547132157024+0.0034333816670809015j)", "(0.00011151811938163507+0.0006621935711871442j)"], ["0j", "0j", "0j"], ["(0.007050157309676273+0.002184473992822155j)", "(0.0008563446741734478+0.00030868326708199885j)", "(0.017170992587881972-0.0020317434477649665j)"], ["(-0.002172634175838246+0.007453632259722284j)", "(0.0026792398161361707-0.009992810302803084j)", "(-0.00032457195860016274-0.001927305316520428j)"], ["0j", "0j", "0j"], ["0j", "0j", "0j"], ["0j", "0j", "0j"], ["0j", "0j", "0j"], ["(0.004420409275280687+0.0013696529985547197j)", "(0.000536923330116092+0.0001935426852193232j)", "(0.010766116494602674-0.0012738917994304067j)"], ["0j", "0j", "0j"], ["0j", "0j", "0j"], ["(0.011166356698819517+0.003459868302465838j)", "(0.0013563172662588378+0.0004889064620535158j)", "(0.02719619147304966-0.0032179667859460357j)"], ["0j", "0j", "0j"], ["0j", "0j", "0j"], ["(-0.017380975301261772-0.005385452671159475j)", "(-0.0021111735493826683-0.0007610065996259734j)", "(-0.04233218990142367+0.005008921238627635j)"], ["(0.0019151477296729137-0.006570276330353772j)", "(-0.0023617137704022+0.008808527536434633j)", "(0.0002861058048986958+0.0016988936482587817j)"], ["0j", "0j", "0j"], ["(0.001942667198517891+0.0006019306783474518j)", "(0.000235965331845716+8.505751451364734e-05j)", "(0.004731458122316051-0.0005598458556888646j)"], ["0j", "0j", "0j"], ["0j", "0j", "0j"], ["0j", "0j", "0j"], ["0j", "0j", "0j"], ["0j", "0j", "0j"], ["0j", "0j", "0j"], ["(-0.0013622294994021726+0.004673385816538717j)", "(0.0016798684077155219-0.006265436274450963j)", "(-0.0002035048061017041-0.0012084096741716273j)"], ["0j", "0j", "0j"], ["(-0.00408043308319765-0.0012643122072556678j)", "(-0.0004956282513471783-0.00017865720719483148j)", "(-0.00993808835028001+0.0011759160564334724j)"], ["(-0.0021836562133942467+0.007491445443186893j)", "(0.0026928319257525047-0.010043505045465678j)", "(-0.0003262185516424076-0.0019370827709193996j)"], ["0j", "0j", "0j"], ["0j", "0j", "0j"], ["(0.006613723250360112-0.022689627883044003j)", "(-0.00815588324179433+0.03041914859439291j)", "(0.0009880306279268398+0.005866916816538809j)"], ["(-0.014428653363713871+0.012543938703689313j)", "(-0.012374211465030599+0.011287353138136214j)", "(0.003736859906306762-0.00842596623887159j)"], ["0j", "0j", "0j"], ["(-0.0005986682229046787+0.002053844512221057j)", "(0.0007382631449408437-0.002753513708073052j)", "(-8.943563523984234e-05-0.0005310679826667046j)"], ["0j", "0j", "0j"], ["0j", "0j", "0j"], ["0j", "0j", "0j"], ["0j", "0j", "0j"], ["(-0.007433832701041098-0.0023033548741000763j)", "(-0.0009029476595501861-0.00032548206576168585j)", "(-0.018105452205149856+0.0021423126064707234j)"], ["(0.0022908707244841736-0.007859265091547746j)", "(-0.0028250462626967037+0.010536627303666415j)", "(0.0003422354330124163+0.0020321908657521793j)"], ["0j", "0j", "0j"], ["(0.0028082907388306+0.0008701420143973307j)", "(0.0003411079656942618+0.00012295787485324313j)", "(0.00683972532001452-0.0008093048222068532j)"], ["0j", "0j", "0j"], ["0j", "0j", "0j"], ["0j", "0j", "0j"], ["(-0.0008654258574475233+0.0029690070059719387j)", "(0.0010672221955152375-0.00398043836408326j)", "(-0.0001292868209010707-0.0007677039580174705j)"], ["0j", "0j", "0j"], ["0j", "0j", "0j"], ["0j", "0j", "0j"], ["0j", "0j", "0j"], ["0j", "0j", "0j"], ["0j", "0j", "0j"], ["0j", "0j", "0j"], ["0j", "0j", "0j"], ["0j", "0j", "0j"], ["0j", "0j", "0j"], ["0j", "0j", "0j"], ["0j", "0j", "0j"], ["0j", "0j", "0j"], ["0j", "0j", "0j"], ["(0.0007464849349242369-0.002560957686398945j)", "(-0.0009205471321570471+0.0034333816670805684j)", "(0.00011151811938166243+0.0006621935711870687j)"], ["0j", "0j", "0j"], ["0j", "0j", "0j"], ["0j", "0j", "0j"], 