{"geometry": [["H", [0.0, 0.0, 0.0]], ["H", [1.0482, 0.0, 0.0]], ["H", [0.4539, 0.8193, 0.0]], ["H", [0.3252, -0.4304, 0.04]]], "multiplicity": 1, "canonical_orbitals": [[0.3824135248764759, 0.41504320313341925, 0.6240301515565662, 1.64301430150861], [0.2503796756467856, -0.5759848880268948, -0.9523612218828325, 0.7433922298287519], [0.1688507153989554, -0.7830498708015887, 0.6678515752899779, -0.7864241361205462], [0.3964672700681862, 0.6121668262715965, -0.3060315265920598, -1.6938914824814435]], "canonical_to_oao": [[0.5773771115928482, 0.4429609701323846, 0.35300873540058014, 0.588052789024049], [0.3179461603083004, -0.4637687000655317, -0.6920724779430538, 0.45261961651976435], [0.41814546977010514, -0.7064701127475994, 0.5350055948191698, -0.1995579099342327], [0.6250602181107416, 0.299339525578063, -0.3319480855748858, -0.6399265900439063]], "orbital_energies": [-0.8627752877554664, -0.2240307968761269, 0.29963641425382026, 1.2960258785048246], "exact_energy": -1.7415386356634492, "ground_states": [["0j"], ["0j"], ["0j"], ["0j"], ["0j"], ["0j"], ["0j"], ["0j"], ["0j"], ["0j"], ["0j"], ["0j"], ["0j"], ["0j"], ["0j"], ["(-0.019748506348283103+0j)"], ["0j"], ["0j"], ["0j"], ["0j"], ["0j"], ["0j"], ["0j"], ["0j"], ["0j"], ["0j"], ["0j"], ["(-0.005826968402701392+0j)"], ["0j"], ["0j"], ["(-0.0020245828304084057+0j)"], ["0j"], ["0j"], ["0j"], ["0j"], ["0j"], ["0j"], ["0j"], ["0j"], ["(0.005826968402701277+0j)"], ["0j"], ["0j"], ["0j"], ["0j"], ["0j"], ["(0.0020245828304085+0j)"], ["0j"], ["0j"], ["0j"], ["0j"], ["0j"], ["(0.02946200125806955+0j)"], ["0j"], ["0j"], ["(-0.012429664571475672+0j)"], ["0j"], ["0j"], ["(0.012429664571475705+0j)"], ["0j"], ["0j"], ["(0.04367462700973356+0j)"], ["0j"], ["0j"], ["0j"], ["0j"], ["0j"], ["0j"], ["0j"], ["0j"], ["0j"], ["0j"], ["0j"], ["0j"], ["0j"], ["0j"], ["(-0.0011783264236008744+0j)"], ["0j"], ["0j"], ["(-0.002759231592128293+0j)"], ["0j"], ["0j"], ["0j"], ["0j"], ["0j"], ["0j"], ["0j"], ["0j"], ["0j"], ["0j"], ["0j"], ["(-0.0234320754639005+0j)"], ["0j"], ["0j"], ["0j"], ["0j"], ["0j"], ["0j"], ["0j"], ["0j"], ["(0.018615643748577538+0j)"], ["0j"], ["0j"], ["(-0.0336867720745705+0j)"], ["0j"], ["0j"], ["(0.05711884753847098+0j)"], ["0j"], ["0j"], ["(-0.06051524728507481+0j)"], ["0j"], ["0j"], ["0j"], ["0j"], ["0j"], ["(0.0023707435637871648+0j)"], ["0j"], ["0j"], ["0j"], ["0j"], ["0j"], ["(0.003215246562433926+0j)"], ["0j"], ["0j"], ["0j"], ["0j"], ["0j"], ["0j"], ["0j"], ["0j"], ["0j"], ["0j"], ["0j"], ["0j"], ["0j"], ["0j"], ["(0.001178326423600968+0j)"], ["0j"], ["0j"], ["0j"], ["0j"], ["0j"], ["(0.0027592315921280744+0j)"], ["0j"], ["0j"], ["0j"], ["0j"], ["0j"], ["(-0.018615643748577566+0j)"], ["0j"], ["0j"], ["(0.05711884753847098+0j)"], ["0j"], ["0j"], ["(-0.033686772074570576+0j)"], ["0j"], ["0j"], ["(0.06051524728507496+0j)"], ["0j"], ["0j"], ["0j"], ["0j"], ["0j"], ["0j"], ["0j"], ["0j"], ["(-0.02343207546390038+0j)"], ["0j"], ["0j"], ["0j"], ["0j"], ["0j"], ["0j"], ["0j"], ["0j"], ["0j"], ["0j"], ["0j"], ["(-0.0023707435637869163+0j)"], ["0j"], ["0j"], ["(-0.0032152465624341662+0j)"], ["0j"], ["0j"], ["0j"], ["0j"], ["0j"], ["0j"], ["0j"], ["0j"], ["0j"], ["0j"], ["0j"], ["0j"], ["0j"], ["0j"], ["(0.03274526952423242+0j)"], ["0j"], ["0j"], ["(0.02532206445426382+0j)"], ["0j"], ["0j"], ["(-0.025322064454263944+0j)"], ["0j"], ["0j"], ["(0.3336053404050011+0j)"], ["0j"], ["0j"], ["0j"], ["0j"], ["0j"], ["(0.008148693169702197+0j)"], ["0j"], ["0j"], ["0j"], ["0j"], ["0j"], ["(0.11850949420433213+0j)"], ["0j"], ["0j"], ["0j"], ["0j"], ["0j"], ["0j"], ["0j"], ["0j"], ["(-0.0081486931697023+0j)"], ["0j"], ["0j"], ["(-0.11850949420432803+0j)"], ["0j"], ["0j"], ["0j"], ["0j"], ["0j"], ["0j"], ["0j"], ["0j"], ["0j"], ["0j"], ["0j"], ["(-0.9146695476745182+0j)"], ["0j"], ["0j"], ["0j"], ["0j"], ["0j"], ["0j"], ["0j"], ["0j"], ["0j"], ["0j"], ["0j"], ["0j"], ["0j"], ["0j"], ["0j"]], "hf_energy": -1.6620795789242764}