{"geometry": [["H", [0.0, 0.0, 0.0]], ["H", [1.0134, 0.0, 0.0]], ["H", [0.3396, 0.4599, 0.0]], ["H", [0.2062, -0.5518, 0.1883]]], "multiplicity": 1, "canonical_orbitals": [[0.41821445769795973, 0.5106251157685615, 0.5271086322119352, 1.98411015377984], [0.19329946912530654, -0.7402487078381745, -0.8651773836894556, 0.7179152756871416], [0.3219862096938582, -0.605122418951775, 0.7592903054447313, -1.54365931684783], [0.23754766127450744, 0.7271931617630096, -0.6793979648178924, -1.2800620365786743]], "canonical_to_oao": [[0.5925694750483911, 0.3920970894460156, 0.5334458019002681, 0.45886475798847204], [0.3286419624906842, -0.6091559147716124, -0.42137206117209264, 0.5859770627359175], [0.33122173691562357, -0.6339183525036194, 0.5095075335570087, -0.4783740760141042], [0.6566186402515131, 0.27080706472656924, -0.5275255782871732, -0.46608181601648024]], "orbital_energies": [-0.9334907954136619, -0.202694185780024, 0.33674906978142427, 1.4956665462443242], "exact_energy": -1.5999334525697524, "ground_states": [["0j"], ["0j"], ["0j"], ["0j"], ["0j"], ["0j"], ["0j"], ["0j"], ["0j"], ["0j"], ["0j"], ["0j"], ["0j"], ["0j"], ["0j"], ["(0.01591121047552392+0j)"], ["0j"], ["0j"], ["0j"], ["0j"], ["0j"], ["0j"], ["0j"], ["0j"], ["0j"], ["0j"], ["0j"], ["(0.0005099541021927889+0j)"], ["0j"], ["0j"], ["(-0.0009302862601195949+0j)"], ["0j"], ["0j"], ["0j"], ["0j"], ["0j"], ["0j"], ["0j"], ["0j"], ["(-0.0005099541021927558+0j)"], ["0j"], ["0j"], ["0j"], ["0j"], ["0j"], ["(0.0009302862601197014+0j)"], ["0j"], ["0j"], ["0j"], ["0j"], ["0j"], ["(-0.025384040056882436+0j)"], ["0j"], ["0j"], ["(0.0023430718028297237+0j)"], ["0j"], ["0j"], ["(-0.002343071802829718+0j)"], ["0j"], ["0j"], ["(-0.040074880081072295+0j)"], ["0j"], ["0j"], ["0j"], ["0j"], ["0j"], ["0j"], ["0j"], ["0j"], ["0j"], ["0j"], ["0j"], ["0j"], ["0j"], ["0j"], ["(0.0008859947273832161+0j)"], ["0j"], ["0j"], ["(-0.0007210998933891394+0j)"], ["0j"], ["0j"], ["0j"], ["0j"], ["0j"], ["0j"], ["0j"], ["0j"], ["0j"], ["0j"], ["0j"], ["(0.028544731889449188+0j)"], ["0j"], ["0j"], ["0j"], ["0j"], ["0j"], ["0j"], ["0j"], ["0j"], ["(-0.007642575636860277+0j)"], ["0j"], ["0j"], ["(0.03305598366000678+0j)"], ["0j"], ["0j"], ["(-0.06160071554945602+0j)"], ["0j"], ["0j"], ["(0.032362833135906266+0j)"], ["0j"], ["0j"], ["0j"], ["0j"], ["0j"], ["(-3.6644607520998606e-05+0j)"], ["0j"], ["0j"], ["0j"], ["0j"], ["0j"], ["(-0.012601666676808424+0j)"], ["0j"], ["0j"], ["0j"], ["0j"], ["0j"], ["0j"], ["0j"], ["0j"], ["0j"], ["0j"], ["0j"], ["0j"], ["0j"], ["0j"], ["(-0.000885994727383222+0j)"], ["0j"], ["0j"], ["0j"], ["0j"], ["0j"], ["(0.0007210998933891533+0j)"], ["0j"], ["0j"], ["0j"], ["0j"], ["0j"], ["(0.0076425756368602845+0j)"], ["0j"], ["0j"], ["(-0.061600715549455995+0j)"], ["0j"], ["0j"], ["(0.03305598366000676+0j)"], ["0j"], ["0j"], ["(-0.03236283313590626+0j)"], ["0j"], ["0j"], ["0j"], ["0j"], ["0j"], ["0j"], ["0j"], ["0j"], ["(0.02854473188944919+0j)"], ["0j"], ["0j"], ["0j"], ["0j"], ["0j"], ["0j"], ["0j"], ["0j"], ["0j"], ["0j"], ["0j"], ["(3.66446075209892e-05+0j)"], ["0j"], ["0j"], ["(0.012601666676808442+0j)"], ["0j"], ["0j"], ["0j"], ["0j"], ["0j"], ["0j"], ["0j"], ["0j"], ["0j"], ["0j"], ["0j"], ["0j"], ["0j"], ["0j"], ["(-0.023721333216145366+0j)"], ["0j"], ["0j"], ["(0.0020191610869360684+0j)"], ["0j"], ["0j"], ["(-0.0020191610869360875+0j)"], ["0j"], ["0j"], ["(-0.3672499739152697+0j)"], ["0j"], ["0j"], ["0j"], ["0j"], ["0j"], ["(0.0035743868663646525+0j)"], ["0j"], ["0j"], ["0j"], ["0j"], ["0j"], ["(-0.008989268200177654+0j)"], ["0j"], ["0j"], ["0j"], ["0j"], ["0j"], ["0j"], ["0j"], ["0j"], ["(-0.0035743868663646056+0j)"], ["0j"], ["0j"], ["(0.008989268200177399+0j)"], ["0j"], ["0j"], ["0j"], ["0j"], ["0j"], ["0j"], ["0j"], ["0j"], ["0j"], ["0j"], ["0j"], ["(0.9208239002087846+0j)"], ["0j"], ["0j"], ["0j"], ["0j"], ["0j"], ["0j"], ["0j"], ["0j"], ["0j"], ["0j"], ["0j"], ["0j"], ["0j"], ["0j"], ["0j"]], "hf_energy": -1.5266706231781169}