{"geometry": [["H", [0.0, 0.0, 0.0]], ["H", [0.4132, 0.0, 0.0]], ["H", [0.3077, -0.7389, 0.0]], ["H", [-0.5695, -1.0829, 0.6991]]], "multiplicity": 1, "canonical_orbitals": [[0.40331597432835486, 0.27226177071974933, 0.749206495497924, 1.8496069228989098], [0.44707092917187685, 0.47261587454172915, 0.023663862970041707, -2.0327595190818233], [0.23238388588396403, -0.5595976171952685, -1.213757881169448, 0.41397734997498087], [0.028850599229208185, -0.7962479433799836, 0.6739651409752725, -0.38451101097232043]], "canonical_to_oao": [[0.6109271231716902, 0.6311794347944566, 0.45524257974001187, 0.14537800678704893], [0.20634932449091195, 0.30446191168557774, -0.4369035802647486, -0.8208764597469905], [0.3967194599505419, 0.04235101613058394, -0.7565616618039912, 0.5181066622015621], [0.6533006019833885, -0.7121248885258983, 0.17170878554078614, -0.19129181780261437]], "orbital_energies": [-0.9851259513232933, -0.2480774793142139, 0.43399766709914145, 1.0995008098170582], "exact_energy": -1.6379188508435591, "ground_states": [["0j"], ["0j"], ["0j"], ["0j"], ["0j"], ["0j"], ["0j"], ["0j"], ["0j"], ["0j"], ["0j"], ["0j"], ["0j"], ["0j"], ["0j"], ["(0.007910117566108212-0.009084274911266522j)"], ["0j"], ["0j"], ["0j"], ["0j"], ["0j"], ["0j"], ["0j"], ["0j"], ["0j"], ["0j"], ["0j"], ["(0.00264098004720831-0.0030330002788837994j)"], ["0j"], ["0j"], ["(0.00020160781202845578-0.00023153395299364694j)"], ["0j"], ["0j"], ["0j"], ["0j"], ["0j"], ["0j"], ["0j"], ["0j"], ["(-0.0026409800472083148+0.0030330002788837886j)"], ["0j"], ["0j"], ["0j"], ["0j"], ["0j"], ["(-0.00020160781202845996+0.00023153395299364222j)"], ["0j"], ["0j"], ["0j"], ["0j"], ["0j"], ["(-0.027412907175640277+0.0314820080509966j)"], ["0j"], ["0j"], ["(0.007406990070444681-0.008506464474464981j)"], ["0j"], ["0j"], ["(-0.007406990070444681+0.008506464474465028j)"], ["0j"], ["0j"], ["(-0.02371825401098174+0.027238930148672576j)"], ["0j"], ["0j"], ["0j"], ["0j"], ["0j"], ["0j"], ["0j"], ["0j"], ["0j"], ["0j"], ["0j"], ["0j"], ["0j"], ["0j"], ["(0.0022630499718699253-0.0025989712429160513j)"], ["0j"], ["0j"], ["(0.0022222177857097116-0.0025520780328964258j)"], ["0j"], ["0j"], ["0j"], ["0j"], ["0j"], ["0j"], ["0j"], ["0j"], ["0j"], ["0j"], ["0j"], ["(0.004457257570129947-0.005118881328752001j)"], ["0j"], ["0j"], ["0j"], ["0j"], ["0j"], ["0j"], ["0j"], ["0j"], ["(-0.014385830231238602+0.01652122557663556j)"], ["0j"], ["0j"], ["(0.005363783065495304-0.006159969118553651j)"], ["0j"], ["0j"], ["(-0.00982104063562529+0.011278850447305639j)"], ["0j"], ["0j"], ["(0.023263490862782395-0.026716663137692054j)"], ["0j"], ["0j"], ["0j"], ["0j"], ["0j"], ["(-0.0016111825516193024+0.0018503423127182311j)"], ["0j"], ["0j"], ["0j"], ["0j"], ["0j"], ["(-0.00021413252823653084+0.00024591780560626736j)"], ["0j"], ["0j"], ["0j"], ["0j"], ["0j"], ["0j"], ["0j"], ["0j"], ["0j"], ["0j"], ["0j"], ["0j"], ["0j"], ["0j"], ["(-0.0022630499718699145+0.0025989712429160543j)"], ["0j"], ["0j"], ["0j"], ["0j"], ["0j"], ["(-0.002222217785709711+0.002552078032896443j)"], ["0j"], ["0j"], ["0j"], ["0j"], ["0j"], ["(0.014385830231238591-0.016521225576635542j)"], ["0j"], ["0j"], ["(-0.009821040635625276+0.01127885044730569j)"], ["0j"], ["0j"], ["(0.0053637830654953205-0.006159969118553666j)"], ["0j"], ["0j"], ["(-0.023263490862782427+0.026716663137691977j)"], ["0j"], ["0j"], ["0j"], ["0j"], ["0j"], ["0j"], ["0j"], ["0j"], ["(0.00445725757012994-0.005118881328751977j)"], ["0j"], ["0j"], ["0j"], ["0j"], ["0j"], ["0j"], ["0j"], ["0j"], ["0j"], ["0j"], ["0j"], ["(0.001611182551619344-0.0018503423127182073j)"], ["0j"], ["0j"], ["(0.0002141325282366253-0.00024591780560636765j)"], ["0j"], ["0j"], ["0j"], ["0j"], ["0j"], ["0j"], ["0j"], ["0j"], ["0j"], ["0j"], ["0j"], ["0j"], ["0j"], ["0j"], ["(-0.015354073775629385+0.017633192682660816j)"], ["0j"], ["0j"], ["(-0.026296054826520476+0.030199373034524853j)"], ["0j"], ["0j"], ["(0.026296054826520476-0.030199373034524975j)"], ["0j"], ["0j"], ["(-0.12604389455507148+0.14475352350398923j)"], ["0j"], ["0j"], ["0j"], ["0j"], ["0j"], ["(-0.000491488697349551+0.0005644440054386325j)"], ["0j"], ["0j"], ["0j"], ["0j"], ["0j"], ["(-0.04090843092458845+0.04698077235915981j)"], ["0j"], ["0j"], ["0j"], ["0j"], ["0j"], ["0j"], ["0j"], ["0j"], ["(0.0004914886973496205-0.0005644440054383919j)"], ["0j"], ["0j"], ["(0.04090843092458871-0.04698077235915941j)"], ["0j"], ["0j"], ["0j"], ["0j"], ["0j"], ["0j"], ["0j"], ["0j"], ["0j"], ["0j"], ["0j"], ["(0.6380218616554606-0.7327281727783362j)"], ["0j"], ["0j"], ["0j"], ["0j"], ["0j"], ["0j"], ["0j"], ["0j"], ["0j"], ["0j"], ["0j"], ["0j"], ["0j"], ["0j"], ["0j"]]}