{"geometry": [["H", [0.0, 0.0, 0.0]], ["H", [1.3203, 0.0, 0.0]], ["H", [0.4818, 0.4069, 0.0]], ["H", [0.841, 0.24, -0.1279]]], "multiplicity": 1, "canonical_orbitals": [[0.13931851460237207, 0.7136099730388116, 1.1778973309487515, 0.5664548639225827], [0.12705477417288197, -0.7164796073238676, 0.9494459774344338, -1.3406031392259523], [0.3672100168231751, 0.4597745867589963, -1.0526543440520575, -2.378788126836451], [0.4730384282316844, -0.4303111665703946, -0.5707361317133663, 2.928041556280428]], "canonical_to_oao": [[0.37415704894560137, 0.38937723739223296, 0.5808850684360742, 0.6090684747983033], [0.6468837547152118, -0.6573936523488321, 0.29085681308544886, -0.2545138660638936], [0.6459683736747455, 0.5236715373054134, -0.48691084526567946, -0.26722801123918893], [0.15579721057154064, -0.3768117220422454, -0.5838601547566455, 0.7020309644148405]], "orbital_energies": [-1.059977005430869, -0.32651374643493214, 0.6582701560180215, 1.9734583161938595], "exact_energy": -1.49020012856955, "ground_states": [["0j"], ["0j"], ["0j"], ["0j"], ["0j"], ["0j"], ["0j"], ["0j"], ["0j"], ["0j"], ["0j"], ["0j"], ["0j"], ["0j"], ["0j"], ["(-0.004674520273467107+0j)"], ["0j"], ["0j"], ["0j"], ["0j"], ["0j"], ["0j"], ["0j"], ["0j"], ["0j"], ["0j"], ["0j"], ["(-0.00011028668012534894+0j)"], ["0j"], ["0j"], ["(-0.0004507291648478129+0j)"], ["0j"], ["0j"], ["0j"], ["0j"], ["0j"], ["0j"], ["0j"], ["0j"], ["(0.00011028668012533953+0j)"], ["0j"], ["0j"], ["0j"], ["0j"], ["0j"], ["(0.00045072916484775315+0j)"], ["0j"], ["0j"], ["0j"], ["0j"], ["0j"], ["(0.02311083606617472+0j)"], ["0j"], ["0j"], ["(-0.0006299069582921778+0j)"], ["0j"], ["0j"], ["(0.0006299069582921777+0j)"], ["0j"], ["0j"], ["(0.03766321785894514+0j)"], ["0j"], ["0j"], ["0j"], ["0j"], ["0j"], ["0j"], ["0j"], ["0j"], ["0j"], ["0j"], ["0j"], ["0j"], ["0j"], ["0j"], ["(0.00022853275008884234+0j)"], ["0j"], ["0j"], ["(8.066231976264261e-06+0j)"], ["0j"], ["0j"], ["0j"], ["0j"], ["0j"], ["0j"], ["0j"], ["0j"], ["0j"], ["0j"], ["0j"], ["(-0.015412982427438897+0j)"], ["0j"], ["0j"], ["0j"], ["0j"], ["0j"], ["0j"], ["0j"], ["0j"], ["(-0.0037062126220460496+0j)"], ["0j"], ["0j"], ["(-0.012259734286585654+0j)"], ["0j"], ["0j"], ["(0.02767271671402455+0j)"], ["0j"], ["0j"], ["(0.013818775164798222+0j)"], ["0j"], ["0j"], ["0j"], ["0j"], ["0j"], ["(0.00019402676333664934+0j)"], ["0j"], ["0j"], ["0j"], ["0j"], ["0j"], ["(-0.0064745438282387035+0j)"], ["0j"], ["0j"], ["0j"], ["0j"], ["0j"], ["0j"], ["0j"], ["0j"], ["0j"], ["0j"], ["0j"], ["0j"], ["0j"], ["0j"], ["(-0.00022853275008884215+0j)"], ["0j"], ["0j"], ["0j"], ["0j"], ["0j"], ["(-8.066231976263353e-06+0j)"], ["0j"], ["0j"], ["0j"], ["0j"], ["0j"], ["(0.00370621262204605+0j)"], ["0j"], ["0j"], ["(0.027672716714024555+0j)"], ["0j"], ["0j"], ["(-0.012259734286585654+0j)"], ["0j"], ["0j"], ["(-0.01381877516479823+0j)"], ["0j"], ["0j"], ["0j"], ["0j"], ["0j"], ["0j"], ["0j"], ["0j"], ["(-0.015412982427438904+0j)"], ["0j"], ["0j"], ["0j"], ["0j"], ["0j"], ["0j"], ["0j"], ["0j"], ["0j"], ["0j"], ["0j"], ["(-0.00019402676333665016+0j)"], ["0j"], ["0j"], ["(0.006474543828238713+0j)"], ["0j"], ["0j"], ["0j"], ["0j"], ["0j"], ["0j"], ["0j"], ["0j"], ["0j"], ["0j"], ["0j"], ["0j"], ["0j"], ["0j"], ["(0.016869904261150044+0j)"], ["0j"], ["0j"], ["(0.008671799991663679+0j)"], ["0j"], ["0j"], ["(-0.00867179999166368+0j)"], ["0j"], ["0j"], ["(0.12077122999027773+0j)"], ["0j"], ["0j"], ["0j"], ["0j"], ["0j"], ["(0.0012703618606243845+0j)"], ["0j"], ["0j"], ["0j"], ["0j"], ["0j"], ["(0.001196926942118149+0j)"], ["0j"], ["0j"], ["0j"], ["0j"], ["0j"], ["0j"], ["0j"], ["0j"], ["(-0.0012703618606243776+0j)"], ["0j"], ["0j"], ["(-0.0011969269421181444+0j)"], ["0j"], ["0j"], ["0j"], ["0j"], ["0j"], ["0j"], ["0j"], ["0j"], ["0j"], ["0j"], ["0j"], ["(-0.9900489028203188+0j)"], ["0j"], ["0j"], ["0j"], ["0j"], ["0j"], ["0j"], ["0j"], ["0j"], ["0j"], ["0j"], ["0j"], ["0j"], ["0j"], ["0j"], ["0j"]], "hf_energy": -1.4576598344202738}