{"geometry": [["H", [0.0, 0.0, 0.0]], ["H", [0.4999, 0.0, 0.0]], ["H", [0.9489, 0.9327, 0.0]], ["H", [-0.2937, 0.1664, -0.2591]]], "multiplicity": 1, "canonical_orbitals": [[0.5576578961374086, 0.31726227012488084, 0.32841085290520466, 2.9032683274658893], [0.23897560992580225, -0.5517381594377271, 1.0078121568668004, -1.6618563413996386], [0.029648064720253164, -0.7885941044587144, -0.7555651936695904, 0.3766586702094984], [0.2614192438950348, 0.5316572434086044, -1.0063709225370174, -1.779396942389]], "canonical_to_oao": [[0.6548897061724894, 0.5040057187883293, 0.1663880922860077, 0.5379709201466116], [0.17136787898399983, -0.3963140416706153, -0.8028957228727766, 0.4110069204038193], [0.12975546831306312, 0.6063145306932115, -0.5553047751457751, -0.5542407554605023], [0.7245108979475019, -0.4704212002808035, 0.13896066939363522, -0.48422906298914714]], "orbital_energies": [-1.0371030170420041, -0.262184802020029, 0.44747652104396135, 1.7863682802343588], "exact_energy": -1.5247555575469272, "ground_states": [["0j"], ["0j"], ["0j"], ["0j"], ["0j"], ["0j"], ["0j"], ["0j"], ["0j"], ["0j"], ["0j"], ["0j"], ["0j"], ["0j"], ["0j"], ["(0.00748439629084834+0j)"], ["0j"], ["0j"], ["0j"], ["0j"], ["0j"], ["0j"], ["0j"], ["0j"], ["0j"], ["0j"], ["0j"], ["(-0.0016185349411789833+0j)"], ["0j"], ["0j"], ["(-0.00040108398601146344+0j)"], ["0j"], ["0j"], ["0j"], ["0j"], ["0j"], ["0j"], ["0j"], ["0j"], ["(0.0016185349411789555+0j)"], ["0j"], ["0j"], ["0j"], ["0j"], ["0j"], ["(0.0004010839860113005+0j)"], ["0j"], ["0j"], ["0j"], ["0j"], ["0j"], ["(-0.026504951289009412+0j)"], ["0j"], ["0j"], ["(0.0074775036095224056+0j)"], ["0j"], ["0j"], ["(-0.007477503609522408+0j)"], ["0j"], ["0j"], ["(-0.037921855045390716+0j)"], ["0j"], ["0j"], ["0j"], ["0j"], ["0j"], ["0j"], ["0j"], ["0j"], ["0j"], ["0j"], ["0j"], ["0j"], ["0j"], ["0j"], ["(-0.0006820367857704483+0j)"], ["0j"], ["0j"], ["(-0.002359375750846698+0j)"], ["0j"], ["0j"], ["0j"], ["0j"], ["0j"], ["0j"], ["0j"], ["0j"], ["0j"], ["0j"], ["0j"], ["(0.01863170800695693+0j)"], ["0j"], ["0j"], ["0j"], ["0j"], ["0j"], ["0j"], ["0j"], ["0j"], ["(-0.006697897295300105+0j)"], ["0j"], ["0j"], ["(0.011478400467021255+0j)"], ["0j"], ["0j"], ["(-0.0301101084739782+0j)"], ["0j"], ["0j"], ["(0.00926471641504127+0j)"], ["0j"], ["0j"], ["0j"], ["0j"], ["0j"], ["(0.001505126193474387+0j)"], ["0j"], ["0j"], ["0j"], ["0j"], ["0j"], ["(-0.005784300340745203+0j)"], ["0j"], ["0j"], ["0j"], ["0j"], ["0j"], ["0j"], ["0j"], ["0j"], ["0j"], ["0j"], ["0j"], ["0j"], ["0j"], ["0j"], ["(0.0006820367857704379+0j)"], ["0j"], ["0j"], ["0j"], ["0j"], ["0j"], ["(0.0023593757508467055+0j)"], ["0j"], ["0j"], ["0j"], ["0j"], ["0j"], ["(0.006697897295300107+0j)"], ["0j"], ["0j"], ["(-0.030110108473978204+0j)"], ["0j"], ["0j"], ["(0.011478400467021265+0j)"], ["0j"], ["0j"], ["(-0.009264716415041285+0j)"], ["0j"], ["0j"], ["0j"], ["0j"], ["0j"], ["0j"], ["0j"], ["0j"], ["(0.01863170800695694+0j)"], ["0j"], ["0j"], ["0j"], ["0j"], ["0j"], ["0j"], ["0j"], ["0j"], ["0j"], ["0j"], ["0j"], ["(-0.0015051261934743896+0j)"], ["0j"], ["0j"], ["(0.005784300340745229+0j)"], ["0j"], ["0j"], ["0j"], ["0j"], ["0j"], ["0j"], ["0j"], ["0j"], ["0j"], ["0j"], ["0j"], ["0j"], ["0j"], ["0j"], ["(-0.012509715496289228+0j)"], ["0j"], ["0j"], ["(-0.016183437324136206+0j)"], ["0j"], ["0j"], ["(0.016183437324136202+0j)"], ["0j"], ["0j"], ["(-0.1990756625485508+0j)"], ["0j"], ["0j"], ["0j"], ["0j"], ["0j"], ["(0.0015408113076594073+0j)"], ["0j"], ["0j"], ["0j"], ["0j"], ["0j"], ["(0.04290800943209311+0j)"], ["0j"], ["0j"], ["0j"], ["0j"], ["0j"], ["0j"], ["0j"], ["0j"], ["(-0.0015408113076593758+0j)"], ["0j"], ["0j"], ["(-0.0429080094320933+0j)"], ["0j"], ["0j"], ["0j"], ["0j"], ["0j"], ["0j"], ["0j"], ["0j"], ["0j"], ["0j"], ["0j"], ["(0.9749726789238591+0j)"], ["0j"], ["0j"], ["0j"], ["0j"], ["0j"], ["0j"], ["0j"], ["0j"], ["0j"], ["0j"], ["0j"], ["0j"], ["0j"], ["0j"], ["0j"]], "hf_energy": -1.4778366456652965}