{"geometry": [["H", [0.0, 0.0, 0.0]], ["H", [1.0188, 0.0, 0.0]], ["H", [-0.3674, -0.527, 0.0]], ["H", [0.3986, -0.5251, -0.3592]]], "multiplicity": 1, "canonical_orbitals": [[0.4005176196984164, 0.23413159655915255, 0.9775147983844564, 1.2577361973848358], [0.13925341009942427, -0.8026448434407096, 0.5441706598238853, -0.8170323119655551], [0.30375064637570043, 0.7035730155371276, -0.11359197874648885, -1.3302990604297389], [0.3437390151736486, -0.36178135088967167, -1.3062865785675943, 0.5301443889261253]], "canonical_to_oao": [[0.5831030615552901, 0.32746103316913466, 0.5157500071360908, 0.5355016540588553], [0.18006859394061622, -0.7547609958818837, 0.5656081207246034, -0.27928228433257285], [0.5424992341470642, 0.3635429020632776, -0.0603459073521278, -0.7549102667040013], [0.5772873652098646, -0.43696872795498753, -0.6406619665434758, 0.25563621297285216]], "orbital_energies": [-0.9136280496019773, -0.2619160784524079, 0.5308675887879534, 0.8743344968417565], "exact_energy": -1.8293159304794533, "ground_states": [["0j"], ["0j"], ["0j"], ["0j"], ["0j"], ["0j"], ["0j"], ["0j"], ["0j"], ["0j"], ["0j"], ["0j"], ["0j"], ["0j"], ["0j"], ["(0.011024079302402491+0j)"], ["0j"], ["0j"], ["0j"], ["0j"], ["0j"], ["0j"], ["0j"], ["0j"], ["0j"], ["0j"], ["0j"], ["(0.0035415750669530177+0j)"], ["0j"], ["0j"], ["(-3.6092770158591136e-05+0j)"], ["0j"], ["0j"], ["0j"], ["0j"], ["0j"], ["0j"], ["0j"], ["0j"], ["(-0.0035415750669530286+0j)"], ["0j"], ["0j"], ["0j"], ["0j"], ["0j"], ["(3.609277015853313e-05+0j)"], ["0j"], ["0j"], ["0j"], ["0j"], ["0j"], ["(-0.033357097289848266+0j)"], ["0j"], ["0j"], ["(0.011376615314131738+0j)"], ["0j"], ["0j"], ["(-0.011376615314131738+0j)"], ["0j"], ["0j"], ["(-0.06099094477942284+0j)"], ["0j"], ["0j"], ["0j"], ["0j"], ["0j"], ["0j"], ["0j"], ["0j"], ["0j"], ["0j"], ["0j"], ["0j"], ["0j"], ["0j"], ["(0.0007970484518216982+0j)"], ["0j"], ["0j"], ["(0.0048943298186169505+0j)"], ["0j"], ["0j"], ["0j"], ["0j"], ["0j"], ["0j"], ["0j"], ["0j"], ["0j"], ["0j"], ["0j"], ["(-0.00036966401976785984+0j)"], ["0j"], ["0j"], ["0j"], ["0j"], ["0j"], ["0j"], ["0j"], ["0j"], ["(-0.021284130045673314+0j)"], ["0j"], ["0j"], ["(0.026283371688665652+0j)"], ["0j"], ["0j"], ["(-0.025913707668897768+0j)"], ["0j"], ["0j"], ["(0.025014816563623074+0j)"], ["0j"], ["0j"], ["0j"], ["0j"], ["0j"], ["(-0.008407333734332924+0j)"], ["0j"], ["0j"], ["0j"], ["0j"], ["0j"], ["(0.0031570448196583866+0j)"], ["0j"], ["0j"], ["0j"], ["0j"], ["0j"], ["0j"], ["0j"], ["0j"], ["0j"], ["0j"], ["0j"], ["0j"], ["0j"], ["0j"], ["(-0.0007970484518216971+0j)"], ["0j"], ["0j"], ["0j"], ["0j"], ["0j"], ["(-0.004894329818616963+0j)"], ["0j"], ["0j"], ["0j"], ["0j"], ["0j"], ["(0.02128413004567332+0j)"], ["0j"], ["0j"], ["(-0.025913707668897744+0j)"], ["0j"], ["0j"], ["(0.02628337168866562+0j)"], ["0j"], ["0j"], ["(-0.02501481656362304+0j)"], ["0j"], ["0j"], ["0j"], ["0j"], ["0j"], ["0j"], ["0j"], ["0j"], ["(-0.00036966401976784694+0j)"], ["0j"], ["0j"], ["0j"], ["0j"], ["0j"], ["0j"], ["0j"], ["0j"], ["0j"], ["0j"], ["0j"], ["(0.008407333734332929+0j)"], ["0j"], ["0j"], ["(-0.0031570448196583984+0j)"], ["0j"], ["0j"], ["0j"], ["0j"], ["0j"], ["0j"], ["0j"], ["0j"], ["0j"], ["0j"], ["0j"], ["0j"], ["0j"], ["0j"], ["(-0.09042989893674575+0j)"], ["0j"], ["0j"], ["(-0.04145986424576629+0j)"], ["0j"], ["0j"], ["(0.04145986424576627+0j)"], ["0j"], ["0j"], ["(-0.055191155174068494+0j)"], ["0j"], ["0j"], ["0j"], ["0j"], ["0j"], ["(0.002906205763088919+0j)"], ["0j"], ["0j"], ["0j"], ["0j"], ["0j"], ["(-0.026660514561477798+0j)"], ["0j"], ["0j"], ["0j"], ["0j"], ["0j"], ["0j"], ["0j"], ["0j"], ["(-0.0029062057630889586+0j)"], ["0j"], ["0j"], ["(0.02666051456147795+0j)"], ["0j"], ["0j"], ["0j"], ["0j"], ["0j"], ["0j"], ["0j"], ["0j"], ["0j"], ["0j"], ["0j"], ["(0.9866960378239089+0j)"], ["0j"], ["0j"], ["0j"], ["0j"], ["0j"], ["0j"], ["0j"], ["0j"], ["0j"], ["0j"], ["0j"], ["0j"], ["0j"], ["0j"], ["0j"]], "hf_energy": -1.7902454243001864}