{"geometry": [["H", [0.0, 0.0, 0.0]], ["H", [0.7319, 0.0, 0.0]], ["H", [-0.2297, -0.7189, 0.0]], ["H", [-0.2157, -0.6088, 0.8486]]], "multiplicity": 1, "canonical_orbitals": [[0.4068963699041101, 0.3996994326437282, 0.3432284320820663, 1.496754435791873], [0.22797007813597014, 0.6886049749653869, -0.5687429809384513, -0.9778579673409272], [0.35856610522188204, -0.4606297600470084, 0.9420072252719245, -0.9487684947207364], [0.23846419581051453, -0.6488347041489317, -1.0108228832013058, 0.21374271029664638]], "canonical_to_oao": [[0.5865329071224094, 0.421903879923244, 0.5471126010379644, 0.42266306528216663], [0.31370152743814594, 0.6416690696573003, -0.3742019331013453, -0.5914601169912689], [0.21285252097933455, -0.383671068696894, 0.5907699682162117, -0.6771123688218526], [0.715726417605393, -0.5128883233178824, -0.4600343027454622, 0.1142352977122959]], "orbital_energies": [-0.8277635021609233, -0.27427437236709684, 0.4672946920648366, 0.8511717357654441], "exact_energy": -1.9173985400425873, "ground_states": [["0j"], ["0j"], ["0j"], ["0j"], ["0j"], ["0j"], ["0j"], ["0j"], ["0j"], ["0j"], ["0j"], ["0j"], ["0j"], ["0j"], ["0j"], ["(-0.016152045031520325+0j)"], ["0j"], ["0j"], ["0j"], ["0j"], ["0j"], ["0j"], ["0j"], ["0j"], ["0j"], ["0j"], ["0j"], ["(-0.0003391798245273997+0j)"], ["0j"], ["0j"], ["(-0.002864731234770712+0j)"], ["0j"], ["0j"], ["0j"], ["0j"], ["0j"], ["0j"], ["0j"], ["0j"], ["(0.00033917982452747033+0j)"], ["0j"], ["0j"], ["0j"], ["0j"], ["0j"], ["(0.0028647312347707967+0j)"], ["0j"], ["0j"], ["0j"], ["0j"], ["0j"], ["(0.04577599792747165+0j)"], ["0j"], ["0j"], ["(0.0033511484153172693+0j)"], ["0j"], ["0j"], ["(-0.0033511484153172654+0j)"], ["0j"], ["0j"], ["(0.051633051703589165+0j)"], ["0j"], ["0j"], ["0j"], ["0j"], ["0j"], ["0j"], ["0j"], ["0j"], ["0j"], ["0j"], ["0j"], ["0j"], ["0j"], ["0j"], ["(0.0006938076426342097+0j)"], ["0j"], ["0j"], ["(0.0013108514347275706+0j)"], ["0j"], ["0j"], ["0j"], ["0j"], ["0j"], ["0j"], ["0j"], ["0j"], ["0j"], ["0j"], ["0j"], ["(-0.015331038444105096+0j)"], ["0j"], ["0j"], ["0j"], ["0j"], ["0j"], ["0j"], ["0j"], ["0j"], ["(0.024738367402059938+0j)"], ["0j"], ["0j"], ["(-0.03361562987959771+0j)"], ["0j"], ["0j"], ["(0.04894666832370276+0j)"], ["0j"], ["0j"], ["(-0.049285392091052295+0j)"], ["0j"], ["0j"], ["0j"], ["0j"], ["0j"], ["(0.0003490615719643026+0j)"], ["0j"], ["0j"], ["0j"], ["0j"], ["0j"], ["(0.005615839532516001+0j)"], ["0j"], ["0j"], ["0j"], ["0j"], ["0j"], ["0j"], ["0j"], ["0j"], ["0j"], ["0j"], ["0j"], ["0j"], ["0j"], ["0j"], ["(-0.000693807642634203+0j)"], ["0j"], ["0j"], ["0j"], ["0j"], ["0j"], ["(-0.0013108514347275491+0j)"], ["0j"], ["0j"], ["0j"], ["0j"], ["0j"], ["(-0.024738367402059914+0j)"], ["0j"], ["0j"], ["(0.04894666832370277+0j)"], ["0j"], ["0j"], ["(-0.033615629879597715+0j)"], ["0j"], ["0j"], ["(0.04928539209105227+0j)"], ["0j"], ["0j"], ["0j"], ["0j"], ["0j"], ["0j"], ["0j"], ["0j"], ["(-0.015331038444105096+0j)"], ["0j"], ["0j"], ["0j"], ["0j"], ["0j"], ["0j"], ["0j"], ["0j"], ["0j"], ["0j"], ["0j"], ["(-0.0003490615719643276+0j)"], ["0j"], ["0j"], ["(-0.005615839532515986+0j)"], ["0j"], ["0j"], ["0j"], ["0j"], ["0j"], ["0j"], ["0j"], ["0j"], ["0j"], ["0j"], ["0j"], ["0j"], ["0j"], ["0j"], ["(0.050306944365671374+0j)"], ["0j"], ["0j"], ["(-0.019672030051036415+0j)"], ["0j"], ["0j"], ["(0.01967203005103641+0j)"], ["0j"], ["0j"], ["(0.15869453839938397+0j)"], ["0j"], ["0j"], ["0j"], ["0j"], ["0j"], ["(0.009695870301207303+0j)"], ["0j"], ["0j"], ["0j"], ["0j"], ["0j"], ["(0.002635560210033286+0j)"], ["0j"], ["0j"], ["0j"], ["0j"], ["0j"], ["0j"], ["0j"], ["0j"], ["(-0.009695870301207315+0j)"], ["0j"], ["0j"], ["(-0.002635560210033312+0j)"], ["0j"], ["0j"], ["0j"], ["0j"], ["0j"], ["0j"], ["0j"], ["0j"], ["0j"], ["0j"], ["0j"], ["(-0.9760002621053305+0j)"], ["0j"], ["0j"], ["0j"], ["0j"], ["0j"], ["0j"], ["0j"], ["0j"], ["0j"], ["0j"], ["0j"], ["0j"], ["0j"], ["0j"], ["0j"]], "hf_energy": -1.8642277017127542}