{"geometry": [["H", [0.0, 0.0, 0.0]], ["H", [0.8383, 0.0, 0.0]], ["H", [0.4013, -0.2007, 0.0]], ["H", [1.1186, 0.9934, 0.0191]]], "multiplicity": 1, "canonical_orbitals": [[0.2637934113746224, 0.49553662090211364, 1.0960745673436876, 1.6124146708133689], [0.24567087208422556, -0.5600019600562982, -0.949562200803121, 1.8055266183482486], [0.5509025910909268, 0.35344648752252406, -0.4136860737380216, -2.8434272577752964], [0.027260488766285354, -0.789932660781946, 0.7073796942699979, -0.5192871601494276]], "canonical_to_oao": [[0.5337280680072324, 0.5122354201837696, 0.6543665315393518, 0.15669609481917926], [0.38981341184845014, -0.3890596684562443, 0.18168648255475373, -0.8146582721489233], [0.6062391372239901, -0.5720926457136908, -0.17232790058149522, 0.524868753022501], [0.44232788953699387, 0.508878623455713, -0.713510728117814, -0.1905020356540944]], "orbital_energies": [-1.043121901366356, -0.2611561365680183, 0.4447177961779277, 1.8164087431108191], "exact_energy": -1.5405922204785532, "ground_states": [["0j"], ["0j"], ["0j"], ["0j"], ["0j"], ["0j"], ["0j"], ["0j"], ["0j"], ["0j"], ["0j"], ["0j"], ["0j"], ["0j"], ["0j"], ["(-0.007094800478307757+0j)"], ["0j"], ["0j"], ["0j"], ["0j"], ["0j"], ["0j"], ["0j"], ["0j"], ["0j"], ["0j"], ["0j"], ["(-0.0017195822501695004+0j)"], ["0j"], ["0j"], ["(-0.0005131364708317321+0j)"], ["0j"], ["0j"], ["0j"], ["0j"], ["0j"], ["0j"], ["0j"], ["0j"], ["(0.001719582250169576+0j)"], ["0j"], ["0j"], ["0j"], ["0j"], ["0j"], ["(0.0005131364708318286+0j)"], ["0j"], ["0j"], ["0j"], ["0j"], ["0j"], ["(0.02491662557108064+0j)"], ["0j"], ["0j"], ["(-0.008529444342232462+0j)"], ["0j"], ["0j"], ["(0.008529444342232457+0j)"], ["0j"], ["0j"], ["(0.04133181690997529+0j)"], ["0j"], ["0j"], ["0j"], ["0j"], ["0j"], ["0j"], ["0j"], ["0j"], ["0j"], ["0j"], ["0j"], ["0j"], ["0j"], ["0j"], ["(-0.0011290582015579939+0j)"], ["0j"], ["0j"], ["(-0.0028767606241734476+0j)"], ["0j"], ["0j"], ["0j"], ["0j"], ["0j"], ["0j"], ["0j"], ["0j"], ["0j"], ["0j"], ["0j"], ["(-0.019876040015709362+0j)"], ["0j"], ["0j"], ["0j"], ["0j"], ["0j"], ["0j"], ["0j"], ["0j"], ["(0.005481551132795909+0j)"], ["0j"], ["0j"], ["(-0.010597653878319702+0j)"], ["0j"], ["0j"], ["(0.030473693894029062+0j)"], ["0j"], ["0j"], ["(-0.0012168874246901106+0j)"], ["0j"], ["0j"], ["0j"], ["0j"], ["0j"], ["(0.001919246441240098+0j)"], ["0j"], ["0j"], ["0j"], ["0j"], ["0j"], ["(-0.004828646177702275+0j)"], ["0j"], ["0j"], ["0j"], ["0j"], ["0j"], ["0j"], ["0j"], ["0j"], ["0j"], ["0j"], ["0j"], ["0j"], ["0j"], ["0j"], ["(0.0011290582015580114+0j)"], ["0j"], ["0j"], ["0j"], ["0j"], ["0j"], ["(0.002876760624173456+0j)"], ["0j"], ["0j"], ["0j"], ["0j"], ["0j"], ["(-0.005481551132795901+0j)"], ["0j"], ["0j"], ["(0.030473693894029073+0j)"], ["0j"], ["0j"], ["(-0.010597653878319707+0j)"], ["0j"], ["0j"], ["(0.0012168874246901084+0j)"], ["0j"], ["0j"], ["0j"], ["0j"], ["0j"], ["0j"], ["0j"], ["0j"], ["(-0.019876040015709365+0j)"], ["0j"], ["0j"], ["0j"], ["0j"], ["0j"], ["0j"], ["0j"], ["0j"], ["0j"], ["0j"], ["0j"], ["(-0.0019192464412401012+0j)"], ["0j"], ["0j"], ["(0.004828646177702259+0j)"], ["0j"], ["0j"], ["0j"], ["0j"], ["0j"], ["0j"], ["0j"], ["0j"], ["0j"], ["0j"], ["0j"], ["0j"], ["0j"], ["0j"], ["(0.015258619351315228+0j)"], ["0j"], ["0j"], ["(0.02427158725417492+0j)"], ["0j"], ["0j"], ["(-0.02427158725417492+0j)"], ["0j"], ["0j"], ["(0.18584981646009066+0j)"], ["0j"], ["0j"], ["0j"], ["0j"], ["0j"], ["(0.0019854238995080423+0j)"], ["0j"], ["0j"], ["0j"], ["0j"], ["0j"], ["(0.046249840537050085+0j)"], ["0j"], ["0j"], ["0j"], ["0j"], ["0j"], ["0j"], ["0j"], ["0j"], ["(-0.001985423899508064+0j)"], ["0j"], ["0j"], ["(-0.04624984053705008+0j)"], ["0j"], ["0j"], ["0j"], ["0j"], ["0j"], ["0j"], ["0j"], ["0j"], ["0j"], ["0j"], ["0j"], ["(-0.9768434887401118+0j)"], ["0j"], ["0j"], ["0j"], ["0j"], ["0j"], ["0j"], ["0j"], ["0j"], ["0j"], ["0j"], ["0j"], ["0j"], ["0j"], ["0j"], ["0j"]], "hf_energy": -1.495788790302408}