{"geometry": [["H", [0.0, 0.0, 0.0]], ["H", [0.4478, 0.0, 0.0]], ["H", [-0.433, 0.3671, 0.0]], ["H", [-0.0515, 1.202, -0.1165]]], "multiplicity": 1, "canonical_orbitals": [[0.5214707982862129, 0.38218453245716955, 0.38016089879134923, 2.6877097575247704], [0.2687863144511725, 0.5544022530213055, -0.8626269040651982, -1.7923206638093299], [0.25433002965457135, -0.5559785801724453, 0.9479360862623717, -1.5575266774439112], [0.08262987909768446, -0.7601202206340079, -0.8206615244859055, 0.48564270063957227]], "canonical_to_oao": [[0.6437956610873521, 0.5279573631237846, 0.496820465322073, 0.24486239957503292], [0.23569683983387751, 0.45714924849843125, -0.4237567847022887, -0.7455814856261], [0.17262439526092546, -0.5016531353419411, 0.6030192567168482, -0.5957455211674357], [0.7072304890332615, -0.5105092742764837, -0.4582219862518575, 0.17099101606480926]], "orbital_energies": [-0.9748949729651588, -0.28566914226967743, 0.4225046798408267, 1.8470089220674055], "exact_energy": -1.6312657372042447, "ground_states": [["0j"], ["0j"], ["0j"], ["0j"], ["0j"], ["0j"], ["0j"], ["0j"], ["0j"], ["0j"], ["0j"], ["0j"], ["0j"], ["0j"], ["0j"], ["(0.008135912874523376+0j)"], ["0j"], ["0j"], ["0j"], ["0j"], ["0j"], ["0j"], ["0j"], ["0j"], ["0j"], ["0j"], ["0j"], ["(-0.0011054778942378093+0j)"], ["0j"], ["0j"], ["(-0.00026684967095813583+0j)"], ["0j"], ["0j"], ["0j"], ["0j"], ["0j"], ["0j"], ["0j"], ["0j"], ["(0.001105477894237851+0j)"], ["0j"], ["0j"], ["0j"], ["0j"], ["0j"], ["(0.0002668496709581614+0j)"], ["0j"], ["0j"], ["0j"], ["0j"], ["0j"], ["(-0.023822955993067968+0j)"], ["0j"], ["0j"], ["(0.008354643405944061+0j)"], ["0j"], ["0j"], ["(-0.008354643405944068+0j)"], ["0j"], ["0j"], ["(-0.04080398258669117+0j)"], ["0j"], ["0j"], ["0j"], ["0j"], ["0j"], ["0j"], ["0j"], ["0j"], ["0j"], ["0j"], ["0j"], ["0j"], ["0j"], ["0j"], ["(-0.0008619371023474137+0j)"], ["0j"], ["0j"], ["(-0.002179480465684381+0j)"], ["0j"], ["0j"], ["0j"], ["0j"], ["0j"], ["0j"], ["0j"], ["0j"], ["0j"], ["0j"], ["0j"], ["(0.020312059498801355+0j)"], ["0j"], ["0j"], ["0j"], ["0j"], ["0j"], ["0j"], ["0j"], ["0j"], ["(-0.008928124295276426+0j)"], ["0j"], ["0j"], ["(0.015898693764559577+0j)"], ["0j"], ["0j"], ["(-0.03621075326336094+0j)"], ["0j"], ["0j"], ["(0.02395611679120211+0j)"], ["0j"], ["0j"], ["0j"], ["0j"], ["0j"], ["(0.0011775010339059424+0j)"], ["0j"], ["0j"], ["0j"], ["0j"], ["0j"], ["(-0.004727110698372188+0j)"], ["0j"], ["0j"], ["0j"], ["0j"], ["0j"], ["0j"], ["0j"], ["0j"], ["0j"], ["0j"], ["0j"], ["0j"], ["0j"], ["0j"], ["(0.0008619371023474154+0j)"], ["0j"], ["0j"], ["0j"], ["0j"], ["0j"], ["(0.002179480465684381+0j)"], ["0j"], ["0j"], ["0j"], ["0j"], ["0j"], ["(0.008928124295276433+0j)"], ["0j"], ["0j"], ["(-0.03621075326336091+0j)"], ["0j"], ["0j"], ["(0.015898693764559567+0j)"], ["0j"], ["0j"], ["(-0.023956116791202128+0j)"], ["0j"], ["0j"], ["0j"], ["0j"], ["0j"], ["0j"], ["0j"], ["0j"], ["(0.020312059498801358+0j)"], ["0j"], ["0j"], ["0j"], ["0j"], ["0j"], ["0j"], ["0j"], ["0j"], ["0j"], ["0j"], ["0j"], ["(-0.001177501033905944+0j)"], ["0j"], ["0j"], ["(0.004727110698372257+0j)"], ["0j"], ["0j"], ["0j"], ["0j"], ["0j"], ["0j"], ["0j"], ["0j"], ["0j"], ["0j"], ["0j"], ["0j"], ["0j"], ["0j"], ["(-0.01773088853659064+0j)"], ["0j"], ["0j"], ["(-0.014537387429894983+0j)"], ["0j"], ["0j"], ["(0.014537387429894983+0j)"], ["0j"], ["0j"], ["(-0.1990758055940313+0j)"], ["0j"], ["0j"], ["0j"], ["0j"], ["0j"], ["(0.0007065093565283729+0j)"], ["0j"], ["0j"], ["0j"], ["0j"], ["0j"], ["(0.030267670083790863+0j)"], ["0j"], ["0j"], ["0j"], ["0j"], ["0j"], ["0j"], ["0j"], ["0j"], ["(-0.0007065093565283599+0j)"], ["0j"], ["0j"], ["(-0.0302676700837909+0j)"], ["0j"], ["0j"], ["0j"], ["0j"], ["0j"], ["0j"], ["0j"], ["0j"], ["0j"], ["0j"], ["0j"], ["(0.9746993536394452+0j)"], ["0j"], ["0j"], ["0j"], ["0j"], ["0j"], ["0j"], ["0j"], ["0j"], ["0j"], ["0j"], ["0j"], ["0j"], ["0j"], ["0j"], ["0j"]], "hf_energy": -1.5825271299584776}