{"geometry": [["H", [0.0, 0.0, 0.0]], ["H", [0.9052, 0.0, 0.0]], ["H", [0.6, 0.6759, 0.0]], ["H", [-0.6821, 0.1967, 0.2696]]], "multiplicity": 1, "canonical_orbitals": [[0.36789681537170954, 0.43049461927910415, 0.46209408908498995, 1.446062032530189], [0.3422488527421833, -0.5258421207736638, 0.983503102847416, -0.8176898306120016], [0.3583086104873404, -0.41332490739102085, -1.2801048722042605, 0.09348308159819257], [0.1705351644098334, 0.6861850287156334, -0.2243724203082773, -1.12436112645132]], "canonical_to_oao": [[0.5538027223407437, 0.5306570307413768, 0.5446828799917409, 0.33915515726084006], [0.37036878406706153, -0.4669120536315245, -0.36655317849492947, 0.7144640405909475], [0.26735425549152586, 0.584627781057983, -0.7525857474254926, -0.14264204309320952], [0.6961689526165626, -0.39825445071405746, 0.05073480414055341, -0.595120291662137]], "orbital_energies": [-0.8264262981363468, -0.3414059043393018, 0.5557874113419252, 0.9039139231833682], "exact_energy": -2.027618926675985, "ground_states": [["0j"], ["0j"], ["0j"], ["0j"], ["0j"], ["0j"], ["0j"], ["0j"], ["0j"], ["0j"], ["0j"], ["0j"], ["0j"], ["0j"], ["0j"], ["(-0.011393395233314485+0j)"], ["0j"], ["0j"], ["0j"], ["0j"], ["0j"], ["0j"], ["0j"], ["0j"], ["0j"], ["0j"], ["0j"], ["(-0.0017967384161445832+0j)"], ["0j"], ["0j"], ["(-0.0028724272360013126+0j)"], ["0j"], ["0j"], ["0j"], ["0j"], ["0j"], ["0j"], ["0j"], ["0j"], ["(0.0017967384161446634+0j)"], ["0j"], ["0j"], ["0j"], ["0j"], ["0j"], ["(0.002872427236001339+0j)"], ["0j"], ["0j"], ["0j"], ["0j"], ["0j"], ["(0.03287623271607341+0j)"], ["0j"], ["0j"], ["(0.0006900130331936148+0j)"], ["0j"], ["0j"], ["(-0.0006900130331936117+0j)"], ["0j"], ["0j"], ["(0.06433832257864451+0j)"], ["0j"], ["0j"], ["0j"], ["0j"], ["0j"], ["0j"], ["0j"], ["0j"], ["0j"], ["0j"], ["0j"], ["0j"], ["0j"], ["0j"], ["(0.0019215144117690369+0j)"], ["0j"], ["0j"], ["(0.002019611274322536+0j)"], ["0j"], ["0j"], ["0j"], ["0j"], ["0j"], ["0j"], ["0j"], ["0j"], ["0j"], ["0j"], ["0j"], ["(-0.0029019828839778857+0j)"], ["0j"], ["0j"], ["0j"], ["0j"], ["0j"], ["0j"], ["0j"], ["0j"], ["(0.02426481764385417+0j)"], ["0j"], ["0j"], ["(-0.026472432898492954+0j)"], ["0j"], ["0j"], ["(0.029374415782470877+0j)"], ["0j"], ["0j"], ["(-0.04955449605812262+0j)"], ["0j"], ["0j"], ["0j"], ["0j"], ["0j"], ["(0.0004622210540007378+0j)"], ["0j"], ["0j"], ["0j"], ["0j"], ["0j"], ["(-0.002378767052202472+0j)"], ["0j"], ["0j"], ["0j"], ["0j"], ["0j"], ["0j"], ["0j"], ["0j"], ["0j"], ["0j"], ["0j"], ["0j"], ["0j"], ["0j"], ["(-0.0019215144117690377+0j)"], ["0j"], ["0j"], ["0j"], ["0j"], ["0j"], ["(-0.0020196112743225392+0j)"], ["0j"], ["0j"], ["0j"], ["0j"], ["0j"], ["(-0.024264817643854162+0j)"], ["0j"], ["0j"], ["(0.029374415782470877+0j)"], ["0j"], ["0j"], ["(-0.026472432898493003+0j)"], ["0j"], ["0j"], ["(0.04955449605812266+0j)"], ["0j"], ["0j"], ["0j"], ["0j"], ["0j"], ["0j"], ["0j"], ["0j"], ["(-0.002901982883977887+0j)"], ["0j"], ["0j"], ["0j"], ["0j"], ["0j"], ["0j"], ["0j"], ["0j"], ["0j"], ["0j"], ["0j"], ["(-0.0004622210540007364+0j)"], ["0j"], ["0j"], ["(0.0023787670522024624+0j)"], ["0j"], ["0j"], ["0j"], ["0j"], ["0j"], ["0j"], ["0j"], ["0j"], ["0j"], ["0j"], ["0j"], ["0j"], ["0j"], ["0j"], ["(0.08058267165854342+0j)"], ["0j"], ["0j"], ["(-0.0010282267740410525+0j)"], ["0j"], ["0j"], ["(0.0010282267740410471+0j)"], ["0j"], ["0j"], ["(0.05879102455637976+0j)"], ["0j"], ["0j"], ["0j"], ["0j"], ["0j"], ["(0.009838174614906027+0j)"], ["0j"], ["0j"], ["0j"], ["0j"], ["0j"], ["(0.009363743610897228+0j)"], ["0j"], ["0j"], ["0j"], ["0j"], ["0j"], ["0j"], ["0j"], ["0j"], ["(-0.009838174614905992+0j)"], ["0j"], ["0j"], ["(-0.009363743610897254+0j)"], ["0j"], ["0j"], ["0j"], ["0j"], ["0j"], ["0j"], ["0j"], ["0j"], ["0j"], ["0j"], ["0j"], ["(-0.9874435317971519+0j)"], ["0j"], ["0j"], ["0j"], ["0j"], ["0j"], ["0j"], ["0j"], ["0j"], ["0j"], ["0j"], ["0j"], ["0j"], ["0j"], ["0j"], ["0j"]], "hf_energy": -1.987390505185562}