{"geometry": [["H", [0.0, 0.0, 0.0]], ["H", [0.5458, 0.0, 0.0]], ["H", [-0.0762, 0.834, 0.0]], ["H", [-1.106, 0.3402, 0.7315]]], "multiplicity": 1, "canonical_orbitals": [[0.4638467178394304, 0.16060083357106594, 0.2756562745567387, 1.7316640264362662], [0.381171438058829, 0.5614602463699779, 0.344031849392976, -1.4498385139263337], [0.26968222162111705, -0.5025141955813864, -1.0799804228217038, -0.33094533201824405], [0.06615096578893326, -0.7712002471920272, 0.6881547715147276, -0.3050476942492195]], "canonical_to_oao": [[0.639438028179087, 0.586474289726843, 0.46297849575620875, 0.18115691561503702], [0.1249630536675398, 0.439154657864017, -0.42253453282700093, -0.7829380500800115], [0.173878591803462, 0.2370006942859707, -0.7647311540915042, 0.5733961703589321], [0.738423644427079, -0.6379825741144499, -0.14933768110514992, -0.15939577622843776]], "orbital_energies": [-0.8487494992921716, -0.2326197324581624, 0.30909617971543585, 0.9585166726370843], "exact_energy": -1.8645896297595692, "ground_states": [["0j"], ["0j"], ["0j"], ["0j"], ["0j"], ["0j"], ["0j"], ["0j"], ["0j"], ["0j"], ["0j"], ["0j"], ["0j"], ["0j"], ["0j"], ["(0.020926872534135554+0j)"], ["0j"], ["0j"], ["0j"], ["0j"], ["0j"], ["0j"], ["0j"], ["0j"], ["0j"], ["0j"], ["0j"], ["(0.006571382742508569+0j)"], ["0j"], ["0j"], ["(0.003926121576698971+0j)"], ["0j"], ["0j"], ["0j"], ["0j"], ["0j"], ["0j"], ["0j"], ["0j"], ["(-0.006571382742508424+0j)"], ["0j"], ["0j"], ["0j"], ["0j"], ["0j"], ["(-0.003926121576699017+0j)"], ["0j"], ["0j"], ["0j"], ["0j"], ["0j"], ["(-0.04892056801995111+0j)"], ["0j"], ["0j"], ["(0.008521010581437317+0j)"], ["0j"], ["0j"], ["(-0.008521010581437342+0j)"], ["0j"], ["0j"], ["(-0.033430938960735616+0j)"], ["0j"], ["0j"], ["0j"], ["0j"], ["0j"], ["0j"], ["0j"], ["0j"], ["0j"], ["0j"], ["0j"], ["0j"], ["0j"], ["0j"], ["(0.0017723299512133117+0j)"], ["0j"], ["0j"], ["(0.004600320537637611+0j)"], ["0j"], ["0j"], ["0j"], ["0j"], ["0j"], ["0j"], ["0j"], ["0j"], ["0j"], ["0j"], ["0j"], ["(-0.00778325435948107+0j)"], ["0j"], ["0j"], ["0j"], ["0j"], ["0j"], ["0j"], ["0j"], ["0j"], ["(-0.028012874133821468+0j)"], ["0j"], ["0j"], ["(-0.008707284916693446+0j)"], ["0j"], ["0j"], ["(0.016490539276174467+0j)"], ["0j"], ["0j"], ["(0.06636426508692751+0j)"], ["0j"], ["0j"], ["0j"], ["0j"], ["0j"], ["(-0.003706350426582104+0j)"], ["0j"], ["0j"], ["0j"], ["0j"], ["0j"], ["(0.004774619077250648+0j)"], ["0j"], ["0j"], ["0j"], ["0j"], ["0j"], ["0j"], ["0j"], ["0j"], ["0j"], ["0j"], ["0j"], ["0j"], ["0j"], ["0j"], ["(-0.0017723299512133553+0j)"], ["0j"], ["0j"], ["0j"], ["0j"], ["0j"], ["(-0.004600320537637632+0j)"], ["0j"], ["0j"], ["0j"], ["0j"], ["0j"], ["(0.028012874133821503+0j)"], ["0j"], ["0j"], ["(0.01649053927617455+0j)"], ["0j"], ["0j"], ["(-0.00870728491669345+0j)"], ["0j"], ["0j"], ["(-0.0663642650869276+0j)"], ["0j"], ["0j"], ["0j"], ["0j"], ["0j"], ["0j"], ["0j"], ["0j"], ["(-0.007783254359481092+0j)"], ["0j"], ["0j"], ["0j"], ["0j"], ["0j"], ["0j"], ["0j"], ["0j"], ["0j"], ["0j"], ["0j"], ["(0.0037063504265821253+0j)"], ["0j"], ["0j"], ["(-0.004774619077250542+0j)"], ["0j"], ["0j"], ["0j"], ["0j"], ["0j"], ["0j"], ["0j"], ["0j"], ["0j"], ["0j"], ["0j"], ["0j"], ["0j"], ["0j"], ["(-0.025446164729464798+0j)"], ["0j"], ["0j"], ["(-0.04206115591725135+0j)"], ["0j"], ["0j"], ["(0.04206115591725137+0j)"], ["0j"], ["0j"], ["(-0.295125529351188+0j)"], ["0j"], ["0j"], ["0j"], ["0j"], ["0j"], ["(-0.013186565238088883+0j)"], ["0j"], ["0j"], ["0j"], ["0j"], ["0j"], ["(-0.08871443271407628+0j)"], ["0j"], ["0j"], ["0j"], ["0j"], ["0j"], ["0j"], ["0j"], ["0j"], ["(0.013186565238088954+0j)"], ["0j"], ["0j"], ["(0.08871443271407486+0j)"], ["0j"], ["0j"], ["0j"], ["0j"], ["0j"], ["0j"], ["0j"], ["0j"], ["0j"], ["0j"], ["0j"], ["(0.9365358773562575+0j)"], ["0j"], ["0j"], ["0j"], ["0j"], ["0j"], ["0j"], ["0j"], ["0j"], ["0j"], ["0j"], ["0j"], ["0j"], ["0j"], ["0j"], ["0j"]], "hf_energy": -1.7852237081019295}