{"geometry": [["H", [0.0, 0.0, 0.0]], ["H", [0.6737, 0.0, 0.0]], ["H", [-0.5689, 0.7457, 0.0]], ["H", [-0.2602, 0.0993, -0.6152]]], "multiplicity": 1, "canonical_orbitals": [[0.45143261586550626, 0.2978710013576405, 0.04123677827549027, 1.8047815152078863], [0.20393245125264858, 0.7530615859294293, 0.4019100361533706, -1.13241366109656], [0.19663197523536213, -0.7199654540323149, 0.9282579693002513, -0.32836739934045417], [0.3448610109518311, -0.3960985381002779, -1.1222512251669081, -0.7725331711758663]], "canonical_to_oao": [[0.6147294685968346, 0.4197107902380536, 0.3909276152247914, 0.5414112417110135], [0.21320552631149167, 0.6752672852083089, -0.6362688834542886, -0.3061362523868666], [0.0189411507916719, 0.28274481416137637, 0.647007685056368, -0.7078683905568439], [0.7591391946116215, -0.5365746137770591, -0.1540083214650812, -0.3347787388319727]], "orbital_energies": [-0.8772382566953032, -0.244040199422731, 0.41532596137241395, 1.0009457660629255], "exact_energy": -1.8296265682518749, "ground_states": [["0j"], ["0j"], ["0j"], ["0j"], ["0j"], ["0j"], ["0j"], ["0j"], ["0j"], ["0j"], ["0j"], ["0j"], ["0j"], ["0j"], ["0j"], ["(-0.014247509168965285+0j)"], ["0j"], ["0j"], ["0j"], ["0j"], ["0j"], ["0j"], ["0j"], ["0j"], ["0j"], ["0j"], ["0j"], ["(-0.0006657144401123471+0j)"], ["0j"], ["0j"], ["(-0.003150613495260135+0j)"], ["0j"], ["0j"], ["0j"], ["0j"], ["0j"], ["0j"], ["0j"], ["0j"], ["(0.0006657144401122238+0j)"], ["0j"], ["0j"], ["0j"], ["0j"], ["0j"], ["(0.00315061349526008+0j)"], ["0j"], ["0j"], ["0j"], ["0j"], ["0j"], ["(0.04123099457455404+0j)"], ["0j"], ["0j"], ["(-0.009623987945127241+0j)"], ["0j"], ["0j"], ["(0.009623987945127246+0j)"], ["0j"], ["0j"], ["(0.052143255100991735+0j)"], ["0j"], ["0j"], ["0j"], ["0j"], ["0j"], ["0j"], ["0j"], ["0j"], ["0j"], ["0j"], ["0j"], ["0j"], ["0j"], ["0j"], ["(0.0020227090715825+0j)"], ["0j"], ["0j"], ["(-0.0005968026492044812+0j)"], ["0j"], ["0j"], ["0j"], ["0j"], ["0j"], ["0j"], ["0j"], ["0j"], ["0j"], ["0j"], ["0j"], ["(0.01193841445256671+0j)"], ["0j"], ["0j"], ["0j"], ["0j"], ["0j"], ["0j"], ["0j"], ["0j"], ["(0.0241957176879514+0j)"], ["0j"], ["0j"], ["(0.007450259407659776+0j)"], ["0j"], ["0j"], ["(-0.019388673860226475+0j)"], ["0j"], ["0j"], ["(-0.06588551718433319+0j)"], ["0j"], ["0j"], ["0j"], ["0j"], ["0j"], ["(0.0020813845614600936+0j)"], ["0j"], ["0j"], ["0j"], ["0j"], ["0j"], ["(-0.01281550052742687+0j)"], ["0j"], ["0j"], ["0j"], ["0j"], ["0j"], ["0j"], ["0j"], ["0j"], ["0j"], ["0j"], ["0j"], ["0j"], ["0j"], ["0j"], ["(-0.0020227090715824953+0j)"], ["0j"], ["0j"], ["0j"], ["0j"], ["0j"], ["(0.0005968026492044867+0j)"], ["0j"], ["0j"], ["0j"], ["0j"], ["0j"], ["(-0.02419571768795139+0j)"], ["0j"], ["0j"], ["(-0.019388673860226486+0j)"], ["0j"], ["0j"], ["(0.00745025940765977+0j)"], ["0j"], ["0j"], ["(0.06588551718433318+0j)"], ["0j"], ["0j"], ["0j"], ["0j"], ["0j"], ["0j"], ["0j"], ["0j"], ["(0.011938414452566722+0j)"], ["0j"], ["0j"], ["0j"], ["0j"], ["0j"], ["0j"], ["0j"], ["0j"], ["0j"], ["0j"], ["0j"], ["(-0.0020813845614600836+0j)"], ["0j"], ["0j"], ["(0.012815500527426844+0j)"], ["0j"], ["0j"], ["0j"], ["0j"], ["0j"], ["0j"], ["0j"], ["0j"], ["0j"], ["0j"], ["0j"], ["0j"], ["0j"], ["0j"], ["(0.04439053944746981+0j)"], ["0j"], ["0j"], ["(0.0474581997996699+0j)"], ["0j"], ["0j"], ["(-0.04745819979966992+0j)"], ["0j"], ["0j"], ["(0.17385675870279946+0j)"], ["0j"], ["0j"], ["0j"], ["0j"], ["0j"], ["(0.009571970850791187+0j)"], ["0j"], ["0j"], ["0j"], ["0j"], ["0j"], ["(0.006401640762083283+0j)"], ["0j"], ["0j"], ["0j"], ["0j"], ["0j"], ["0j"], ["0j"], ["0j"], ["(-0.009571970850791226+0j)"], ["0j"], ["0j"], ["(-0.006401640762083113+0j)"], ["0j"], ["0j"], ["0j"], ["0j"], ["0j"], ["0j"], ["0j"], ["0j"], ["0j"], ["0j"], ["0j"], ["(-0.9730668243199304+0j)"], ["0j"], ["0j"], ["0j"], ["0j"], ["0j"], ["0j"], ["0j"], ["0j"], ["0j"], ["0j"], ["0j"], ["0j"], ["0j"], ["0j"], ["0j"]], "hf_energy": -1.7764466452644054}