{"geometry": [["H", [0.0, 0.0, 0.0]], ["H", [1.2544, 0.0, 0.0]], ["H", [0.5605, 0.1936, 0.0]], ["H", [-0.2107, 0.9333, 0.2333]]], "multiplicity": 1, "canonical_orbitals": [[0.36858737306907335, 0.37954425614468335, 0.9301601331752167, 1.2655795437053783], [0.1855820725420847, -0.6926075875579827, -0.585741807689517, 1.0861418332531598], [0.46999579453680623, -0.29391732373986174, 0.14552210475615052, -1.9635825165548153], [0.1750621240444133, 0.6752431189823422, -0.9403684569967483, 0.05287961912334088]], "canonical_to_oao": [[0.571906091044116, 0.38854576997722956, 0.6323681950411826, 0.3493795551542724], [0.295342334964325, -0.6717163228290238, -0.21115116992500504, 0.6457439664930491], [0.5908062073999596, -0.42446695498609854, 0.10140722978464023, -0.6785959056536588], [0.4864610503443573, 0.46653742658299546, -0.7384051889627139, 0.02136007977787691]], "orbital_energies": [-0.8582220676534403, -0.28397446975841684, 0.382095689062669, 1.233307286414774], "exact_energy": -1.9142536673947843, "ground_states": [["0j"], ["0j"], ["0j"], ["0j"], ["0j"], ["0j"], ["0j"], ["0j"], ["0j"], ["0j"], ["0j"], ["0j"], ["0j"], ["0j"], ["0j"], ["(0.012383647836244396+0j)"], ["0j"], ["0j"], ["0j"], ["0j"], ["0j"], ["0j"], ["0j"], ["0j"], ["0j"], ["0j"], ["0j"], ["(-0.00040216559373873473+0j)"], ["0j"], ["0j"], ["(0.0009948390580250543+0j)"], ["0j"], ["0j"], ["0j"], ["0j"], ["0j"], ["0j"], ["0j"], ["0j"], ["(0.0004021655937389508+0j)"], ["0j"], ["0j"], ["0j"], ["0j"], ["0j"], ["(-0.0009948390580250361+0j)"], ["0j"], ["0j"], ["0j"], ["0j"], ["0j"], ["(-0.037428593241515984+0j)"], ["0j"], ["0j"], ["(0.008010511504607371+0j)"], ["0j"], ["0j"], ["(-0.00801051150460737+0j)"], ["0j"], ["0j"], ["(-0.04515052790754871+0j)"], ["0j"], ["0j"], ["0j"], ["0j"], ["0j"], ["0j"], ["0j"], ["0j"], ["0j"], ["0j"], ["0j"], ["0j"], ["0j"], ["0j"], ["(0.001787800739141187+0j)"], ["0j"], ["0j"], ["(-0.0006208617679831078+0j)"], ["0j"], ["0j"], ["0j"], ["0j"], ["0j"], ["0j"], ["0j"], ["0j"], ["0j"], ["0j"], ["0j"], ["(0.018989155813588218+0j)"], ["0j"], ["0j"], ["0j"], ["0j"], ["0j"], ["0j"], ["0j"], ["0j"], ["(0.013213302753234015+0j)"], ["0j"], ["0j"], ["(0.014803546965547885+0j)"], ["0j"], ["0j"], ["(-0.0337927027791361+0j)"], ["0j"], ["0j"], ["(-0.04728491361101951+0j)"], ["0j"], ["0j"], ["0j"], ["0j"], ["0j"], ["(0.0011397656293618732+0j)"], ["0j"], ["0j"], ["0j"], ["0j"], ["0j"], ["(-0.017049618106159816+0j)"], ["0j"], ["0j"], ["0j"], ["0j"], ["0j"], ["0j"], ["0j"], ["0j"], ["0j"], ["0j"], ["0j"], ["0j"], ["0j"], ["0j"], ["(-0.0017878007391411896+0j)"], ["0j"], ["0j"], ["0j"], ["0j"], ["0j"], ["(0.0006208617679831057+0j)"], ["0j"], ["0j"], ["0j"], ["0j"], ["0j"], ["(-0.013213302753234011+0j)"], ["0j"], ["0j"], ["(-0.033792702779136104+0j)"], ["0j"], ["0j"], ["(0.01480354696554788+0j)"], ["0j"], ["0j"], ["(0.04728491361101952+0j)"], ["0j"], ["0j"], ["0j"], ["0j"], ["0j"], ["0j"], ["0j"], ["0j"], ["(0.018989155813588232+0j)"], ["0j"], ["0j"], ["0j"], ["0j"], ["0j"], ["0j"], ["0j"], ["0j"], ["0j"], ["0j"], ["0j"], ["(-0.0011397656293618752+0j)"], ["0j"], ["0j"], ["(0.017049618106159847+0j)"], ["0j"], ["0j"], ["0j"], ["0j"], ["0j"], ["0j"], ["0j"], ["0j"], ["0j"], ["0j"], ["0j"], ["0j"], ["0j"], ["0j"], ["(-0.025354287619353093+0j)"], ["0j"], ["0j"], ["(-0.036851153360802545+0j)"], ["0j"], ["0j"], ["(0.036851153360802545+0j)"], ["0j"], ["0j"], ["(-0.21105827319337547+0j)"], ["0j"], ["0j"], ["0j"], ["0j"], ["0j"], ["(0.0003028837229118016+0j)"], ["0j"], ["0j"], ["0j"], ["0j"], ["0j"], ["(0.00830457931787249+0j)"], ["0j"], ["0j"], ["0j"], ["0j"], ["0j"], ["0j"], ["0j"], ["0j"], ["(-0.0003028837229118003+0j)"], ["0j"], ["0j"], ["(-0.008304579317872403+0j)"], ["0j"], ["0j"], ["0j"], ["0j"], ["0j"], ["0j"], ["0j"], ["0j"], ["0j"], ["0j"], ["0j"], ["(0.9692154362905144+0j)"], ["0j"], ["0j"], ["0j"], ["0j"], ["0j"], ["0j"], ["0j"], ["0j"], ["0j"], ["0j"], ["0j"], ["0j"], ["0j"], ["0j"], ["0j"]], "hf_energy": -1.855938617969108}