{"geometry": [["H", [0.0, 0.0, 0.0]], ["H", [0.8508, 0.0, 0.0]], ["H", [0.6297, -0.637, 0.0]], ["H", [-0.1741, -0.1328, -0.3835]]], "multiplicity": 1, "canonical_orbitals": [[0.4062826963549745, 0.4501124487194561, 0.47653288754182155, 1.9900683944576154], [0.23952706787261574, -0.6226447739384946, 1.1432848353609086, -0.7383186956095166], [0.2476785641259609, -0.5944360813027271, -1.280021422391687, 0.30044233096120326], [0.2847836597133493, 0.6209793930432184, -0.3876205039428559, -1.7635422356279609]], "canonical_to_oao": [[0.5814161455538203, 0.4458236016242697, 0.44847962037043243, 0.5119205133968546], [0.3593070214572749, -0.5528441781662916, -0.5276192152683625, 0.5356115595081347], [0.22237563776856112, 0.6405795497306561, -0.7105533267480232, -0.1879385166516237], [0.6952717495683729, -0.29199738246989687, 0.12489180773496761, -0.6447765188369947]], "orbital_energies": [-0.9440017454531856, -0.36202295458527295, 0.6320173422103047, 1.2154486260474493], "exact_energy": -1.712228054889908, "ground_states": [["0j"], ["0j"], ["0j"], ["0j"], ["0j"], ["0j"], ["0j"], ["0j"], ["0j"], ["0j"], ["0j"], ["0j"], ["0j"], ["0j"], ["0j"], ["(-0.0080858805498759+0j)"], ["0j"], ["0j"], ["0j"], ["0j"], ["0j"], ["0j"], ["0j"], ["0j"], ["0j"], ["0j"], ["0j"], ["(-0.0006248872356310331+0j)"], ["0j"], ["0j"], ["(-0.0010788988887308615+0j)"], ["0j"], ["0j"], ["0j"], ["0j"], ["0j"], ["0j"], ["0j"], ["0j"], ["(0.0006248872356312319+0j)"], ["0j"], ["0j"], ["0j"], ["0j"], ["0j"], ["(0.0010788988887308565+0j)"], ["0j"], ["0j"], ["0j"], ["0j"], ["0j"], ["(0.03306771244188983+0j)"], ["0j"], ["0j"], ["(-0.005009291421991018+0j)"], ["0j"], ["0j"], ["(0.0050092914219910184+0j)"], ["0j"], ["0j"], ["(0.04200610085126939+0j)"], ["0j"], ["0j"], ["0j"], ["0j"], ["0j"], ["0j"], ["0j"], ["0j"], ["0j"], ["0j"], ["0j"], ["0j"], ["0j"], ["0j"], ["(0.0003349591356294605+0j)"], ["0j"], ["0j"], ["(0.000458817686110262+0j)"], ["0j"], ["0j"], ["0j"], ["0j"], ["0j"], ["0j"], ["0j"], ["0j"], ["0j"], ["0j"], ["0j"], ["(-0.005708251044384308+0j)"], ["0j"], ["0j"], ["0j"], ["0j"], ["0j"], ["0j"], ["0j"], ["0j"], ["(0.023791866071331973+0j)"], ["0j"], ["0j"], ["(-0.01970726321690488+0j)"], ["0j"], ["0j"], ["(0.025415514261289195+0j)"], ["0j"], ["0j"], ["(-0.04718761137971688+0j)"], ["0j"], ["0j"], ["0j"], ["0j"], ["0j"], ["(5.3876717224685896e-05+0j)"], ["0j"], ["0j"], ["0j"], ["0j"], ["0j"], ["(-0.00025923881673502023+0j)"], ["0j"], ["0j"], ["0j"], ["0j"], ["0j"], ["0j"], ["0j"], ["0j"], ["0j"], ["0j"], ["0j"], ["0j"], ["0j"], ["0j"], ["(-0.000334959135629463+0j)"], ["0j"], ["0j"], ["0j"], ["0j"], ["0j"], ["(-0.0004588176861102477+0j)"], ["0j"], ["0j"], ["0j"], ["0j"], ["0j"], ["(-0.023791866071331977+0j)"], ["0j"], ["0j"], ["(0.02541551426128919+0j)"], ["0j"], ["0j"], ["(-0.01970726321690487+0j)"], ["0j"], ["0j"], ["(0.04718761137971688+0j)"], ["0j"], ["0j"], ["0j"], ["0j"], ["0j"], ["0j"], ["0j"], ["0j"], ["(-0.005708251044384307+0j)"], ["0j"], ["0j"], ["0j"], ["0j"], ["0j"], ["0j"], ["0j"], ["0j"], ["0j"], ["0j"], ["0j"], ["(-5.3876717224688464e-05+0j)"], ["0j"], ["0j"], ["(0.0002592388167350283+0j)"], ["0j"], ["0j"], ["0j"], ["0j"], ["0j"], ["0j"], ["0j"], ["0j"], ["0j"], ["0j"], ["0j"], ["0j"], ["0j"], ["0j"], ["(0.03843532232037233+0j)"], ["0j"], ["0j"], ["(0.009442611015482657+0j)"], ["0j"], ["0j"], ["(-0.009442611015482664+0j)"], ["0j"], ["0j"], ["(0.08845485824527878+0j)"], ["0j"], ["0j"], ["0j"], ["0j"], ["0j"], ["(0.0033606007213527723+0j)"], ["0j"], ["0j"], ["0j"], ["0j"], ["0j"], ["(0.004116345739998215+0j)"], ["0j"], ["0j"], ["0j"], ["0j"], ["0j"], ["0j"], ["0j"], ["0j"], ["(-0.0033606007213527744+0j)"], ["0j"], ["0j"], ["(-0.0041163457399982515+0j)"], ["0j"], ["0j"], ["0j"], ["0j"], ["0j"], ["0j"], ["0j"], ["0j"], ["0j"], ["0j"], ["0j"], ["(-0.9898317784249454+0j)"], ["0j"], ["0j"], ["0j"], ["0j"], ["0j"], ["0j"], ["0j"], ["0j"], ["0j"], ["0j"], ["0j"], ["0j"], ["0j"], ["0j"], ["0j"]], "hf_energy": -1.6771678458348342}