{"geometry": [["H", [0.0, 0.0, 0.0]], ["H", [1.0277, 0.0, 0.0]], ["H", [1.184, -0.8283, 0.0]], ["H", [0.0395, -0.865, 0.4757]]], "multiplicity": 1, "canonical_orbitals": [[0.326500357329235, 0.5535327738441865, 0.6883364229057133, 0.8596096466049168], [0.382805835703843, -0.47463352779809925, 0.5419352526538808, -1.0966954768553436], [0.3294173696659613, -0.5625546022834217, -0.5773523995452529, 0.9573708218812065], [0.28515363602042154, 0.58373529510797, -0.76467148302842, -0.6746218170083591]], "canonical_to_oao": [[0.4940241668687216, 0.5552260820888465, 0.49950725405466356, 0.4451478669663637], [0.5028358117119737, -0.41816343959296454, -0.5211723929074783, 0.5483382360540202], [0.5297745903233559, 0.4068337153785205, -0.44380552507576415, -0.5973791655148798], [0.47163031333592864, -0.5927475546869507, 0.5309505588377214, -0.3798772012443058]], "orbital_energies": [-0.6974592942754969, -0.27312689814985136, 0.31341696052822915, 0.8115079120403612], "exact_energy": -1.9998702710416405, "ground_states": [["0j"], ["0j"], ["0j"], ["0j"], ["0j"], ["0j"], ["0j"], ["0j"], ["0j"], ["0j"], ["0j"], ["0j"], ["0j"], ["0j"], ["0j"], ["(-0.029588756336568454+0j)"], ["0j"], ["0j"], ["0j"], ["0j"], ["0j"], ["0j"], ["0j"], ["0j"], ["0j"], ["0j"], ["0j"], ["(0.00101640308834533+0j)"], ["0j"], ["0j"], ["(-0.0016929858341612203+0j)"], ["0j"], ["0j"], ["0j"], ["0j"], ["0j"], ["0j"], ["0j"], ["0j"], ["(-0.0010164030883453143+0j)"], ["0j"], ["0j"], ["0j"], ["0j"], ["0j"], ["(0.0016929858341611739+0j)"], ["0j"], ["0j"], ["0j"], ["0j"], ["0j"], ["(0.04447455746650679+0j)"], ["0j"], ["0j"], ["(0.005927795009029093+0j)"], ["0j"], ["0j"], ["(-0.005927795009029091+0j)"], ["0j"], ["0j"], ["(0.07161598602905711+0j)"], ["0j"], ["0j"], ["0j"], ["0j"], ["0j"], ["0j"], ["0j"], ["0j"], ["0j"], ["0j"], ["0j"], ["0j"], ["0j"], ["0j"], ["(0.0018329915004809544+0j)"], ["0j"], ["0j"], ["(-0.0005267709220456811+0j)"], ["0j"], ["0j"], ["0j"], ["0j"], ["0j"], ["0j"], ["0j"], ["0j"], ["0j"], ["0j"], ["0j"], ["(-0.024675044156440958+0j)"], ["0j"], ["0j"], ["0j"], ["0j"], ["0j"], ["0j"], ["0j"], ["0j"], ["(-0.014668622664109641+0j)"], ["0j"], ["0j"], ["(-0.06485353193499803+0j)"], ["0j"], ["0j"], ["(0.08952857609143887+0j)"], ["0j"], ["0j"], ["(0.03339812192522304+0j)"], ["0j"], ["0j"], ["0j"], ["0j"], ["0j"], ["(1.7763466707480726e-05+0j)"], ["0j"], ["0j"], ["0j"], ["0j"], ["0j"], ["(-0.0003685290835168823+0j)"], ["0j"], ["0j"], ["0j"], ["0j"], ["0j"], ["0j"], ["0j"], ["0j"], ["0j"], ["0j"], ["0j"], ["0j"], ["0j"], ["0j"], ["(-0.001832991500480953+0j)"], ["0j"], ["0j"], ["0j"], ["0j"], ["0j"], ["(0.0005267709220456966+0j)"], ["0j"], ["0j"], ["0j"], ["0j"], ["0j"], ["(0.014668622664109645+0j)"], ["0j"], ["0j"], ["(0.08952857609143891+0j)"], ["0j"], ["0j"], ["(-0.06485353193499795+0j)"], ["0j"], ["0j"], ["(-0.033398121925223116+0j)"], ["0j"], ["0j"], ["0j"], ["0j"], ["0j"], ["0j"], ["0j"], ["0j"], ["(-0.024675044156440958+0j)"], ["0j"], ["0j"], ["0j"], ["0j"], ["0j"], ["0j"], ["0j"], ["0j"], ["0j"], ["0j"], ["0j"], ["(-1.7763466707504697e-05+0j)"], ["0j"], ["0j"], ["(0.00036852908351690317+0j)"], ["0j"], ["0j"], ["0j"], ["0j"], ["0j"], ["0j"], ["0j"], ["0j"], ["0j"], ["0j"], ["0j"], ["0j"], ["0j"], ["0j"], ["(0.06873650603520388+0j)"], ["0j"], ["0j"], ["(-0.010609720445797811+0j)"], ["0j"], ["0j"], ["(0.010609720445797817+0j)"], ["0j"], ["0j"], ["(0.22340219206218526+0j)"], ["0j"], ["0j"], ["0j"], ["0j"], ["0j"], ["(0.0042194521245339026+0j)"], ["0j"], ["0j"], ["0j"], ["0j"], ["0j"], ["(-0.008099998790991547+0j)"], ["0j"], ["0j"], ["0j"], ["0j"], ["0j"], ["0j"], ["0j"], ["0j"], ["(-0.0042194521245338705+0j)"], ["0j"], ["0j"], ["(0.008099998790991424+0j)"], ["0j"], ["0j"], ["0j"], ["0j"], ["0j"], ["0j"], ["0j"], ["0j"], ["0j"], ["0j"], ["0j"], ["(-0.9531973696324116+0j)"], ["0j"], ["0j"], ["0j"], ["0j"], ["0j"], ["0j"], ["0j"], ["0j"], ["0j"], ["0j"], ["0j"], ["0j"], ["0j"], ["0j"], ["0j"]], "hf_energy": -1.9197023264881214}