{"geometry": [["H", [0.0, 0.0, 0.0]], ["H", [0.6633, 0.0, 0.0]], ["H", [-0.2629, -1.1368, 0.0]], ["H", [0.2564, 0.002, 0.4117]]], "multiplicity": 1, "canonical_orbitals": [[0.35331548527926093, 0.37436144679629746, 0.9173642137440465, 1.5404316498415782], [0.31029847916917586, -0.5697407597871107, -1.3773973756965658, 0.4652656263841082], [-0.014976153688604762, 0.935770657027723, -0.509727551299707, -0.24558569384821496], [0.42716184564883736, -0.17959877765392762, 0.5825588208579789, -1.831476360032114]], "canonical_to_oao": [[0.5672009424162522, 0.5378124554030963, 0.13010243501595872, 0.6100116475431655], [0.22461053287381672, -0.35739201520444264, 0.9024335498887343, -0.0862249617307204], [0.4761175368595727, -0.7371153170935405, -0.38282799033224113, 0.2888179880461721], [0.6333603165174071, 0.19922278882569316, -0.1487607954278001, -0.7328268660585331]], "orbital_energies": [-1.0964269589360367, -0.1265135450191916, 0.4875281573907462, 0.8027989686703283], "exact_energy": -1.4587527541991603, "ground_states": [["0j"], ["0j"], ["0j"], ["0j"], ["0j"], ["0j"], ["0j"], ["0j"], ["0j"], ["0j"], ["0j"], ["0j"], ["0j"], ["0j"], ["0j"], ["(-0.009712252646587271+0j)"], ["0j"], ["0j"], ["0j"], ["0j"], ["0j"], ["0j"], ["0j"], ["0j"], ["0j"], ["0j"], ["0j"], ["(-0.0051343391104119+0j)"], ["0j"], ["0j"], ["(-0.0006234340360740109+0j)"], ["0j"], ["0j"], ["0j"], ["0j"], ["0j"], ["0j"], ["0j"], ["0j"], ["(0.0051343391104119365+0j)"], ["0j"], ["0j"], ["0j"], ["0j"], ["0j"], ["(0.0006234340360736984+0j)"], ["0j"], ["0j"], ["0j"], ["0j"], ["0j"], ["(0.049049799959023484+0j)"], ["0j"], ["0j"], ["(0.0056998859980205855+0j)"], ["0j"], ["0j"], ["(-0.005699885998020582+0j)"], ["0j"], ["0j"], ["(0.047651775443773844+0j)"], ["0j"], ["0j"], ["0j"], ["0j"], ["0j"], ["0j"], ["0j"], ["0j"], ["0j"], ["0j"], ["0j"], ["0j"], ["0j"], ["0j"], ["(-0.0025502732568127525+0j)"], ["0j"], ["0j"], ["(0.001978003468511088+0j)"], ["0j"], ["0j"], ["0j"], ["0j"], ["0j"], ["0j"], ["0j"], ["0j"], ["0j"], ["0j"], ["0j"], ["(-0.009016913501697588+0j)"], ["0j"], ["0j"], ["0j"], ["0j"], ["0j"], ["0j"], ["0j"], ["0j"], ["(0.002660652149313367+0j)"], ["0j"], ["0j"], ["(-0.014466731896133601+0j)"], ["0j"], ["0j"], ["(0.0234836453978312+0j)"], ["0j"], ["0j"], ["(-0.02606736813902199+0j)"], ["0j"], ["0j"], ["0j"], ["0j"], ["0j"], ["(5.619671254075882e-05+0j)"], ["0j"], ["0j"], ["0j"], ["0j"], ["0j"], ["(0.00671706816543643+0j)"], ["0j"], ["0j"], ["0j"], ["0j"], ["0j"], ["0j"], ["0j"], ["0j"], ["0j"], ["0j"], ["0j"], ["0j"], ["0j"], ["0j"], ["(0.002550273256812739+0j)"], ["0j"], ["0j"], ["0j"], ["0j"], ["0j"], ["(-0.001978003468511079+0j)"], ["0j"], ["0j"], ["0j"], ["0j"], ["0j"], ["(-0.00266065214931335+0j)"], ["0j"], ["0j"], ["(0.023483645397831203+0j)"], ["0j"], ["0j"], ["(-0.01446673189613361+0j)"], ["0j"], ["0j"], ["(0.026067368139021968+0j)"], ["0j"], ["0j"], ["0j"], ["0j"], ["0j"], ["0j"], ["0j"], ["0j"], ["(-0.0090169135016976+0j)"], ["0j"], ["0j"], ["0j"], ["0j"], ["0j"], ["0j"], ["0j"], ["0j"], ["0j"], ["0j"], ["0j"], ["(-5.6196712540765e-05+0j)"], ["0j"], ["0j"], ["(-0.006717068165436421+0j)"], ["0j"], ["0j"], ["0j"], ["0j"], ["0j"], ["0j"], ["0j"], ["0j"], ["0j"], ["0j"], ["0j"], ["0j"], ["0j"], ["0j"], ["(0.011188719284119733+0j)"], ["0j"], ["0j"], ["(-0.027904145597457224+0j)"], ["0j"], ["0j"], ["(0.02790414559745717+0j)"], ["0j"], ["0j"], ["(0.15840491941895682+0j)"], ["0j"], ["0j"], ["0j"], ["0j"], ["0j"], ["(0.004777654670507451+0j)"], ["0j"], ["0j"], ["0j"], ["0j"], ["0j"], ["(0.07402428966256772+0j)"], ["0j"], ["0j"], ["0j"], ["0j"], ["0j"], ["0j"], ["0j"], ["0j"], ["(-0.004777654670507514+0j)"], ["0j"], ["0j"], ["(-0.0740242896625681+0j)"], ["0j"], ["0j"], ["0j"], ["0j"], ["0j"], ["0j"], ["0j"], ["0j"], ["0j"], ["0j"], ["0j"], ["(-0.9768125677478825+0j)"], ["0j"], ["0j"], ["0j"], ["0j"], ["0j"], ["0j"], ["0j"], ["0j"], ["0j"], ["0j"], ["0j"], ["0j"], ["0j"], ["0j"], ["0j"]], "hf_energy": -1.4223226366832247}