{"geometry": [["H", [0.0, 0.0, 0.0]], ["H", [1.2094, 0.0, 0.0]], ["H", [0.2148, -0.906, 0.0]], ["H", [0.0581, 0.0185, -0.6358]]], "multiplicity": 3, "canonical_orbitals": [[0.48625883716409535, 0.2729966323665032, 0.13930575336565765, 1.4779783317414468], [0.08564191087837167, -1.0019780757680314, 0.4339917455113993, -0.06553199343107009], [0.15968793335723508, -0.2590548730659059, -1.109892500689617, -0.3400030336663136], [0.4500392940037951, 0.4270232512611436, 0.41595794587232954, -1.2559924887671088]], "canonical_to_oao": [[0.6486033871979882, 0.24307526848299008, 0.35906886177769065, 0.6255378585416651], [0.17206504979939985, -0.9040113124751844, -0.23887405680184248, 0.30999411372065705], [0.0715040590210361, 0.34975345073747915, -0.8852640924006663, 0.29810598777409214], [0.7379664181359077, -0.03674893829818447, -0.17411554840027663, -0.6509522694045127]], "orbital_energies": [-0.7698554937141503, 0.0009813150165711793, 0.09882676530779086, 0.7727106630626844], "exact_energy": -1.8306851666863933, "ground_states": [["0j", "0j", "0j"], ["0j", "0j", "0j"], ["0j", "0j", "0j"], ["0j", "0j", "0j"], ["0j", "0j", "0j"], ["0j", "0j", "0j"], ["0j", "0j", "0j"], ["0j", "0j", "0j"], ["0j", "0j", "0j"], ["0j", "0j", "0j"], ["0j", "0j", "0j"], ["0j", "0j", "0j"], ["0j", "0j", "0j"], ["0j", "0j", "0j"], ["0j", "0j", "0j"], ["0j", "0j", "0j"], ["0j", "0j", "0j"], ["0j", "0j", "0j"], ["0j", "0j", "0j"], ["0j", "0j", "0j"], ["0j", "0j", "0j"], ["0j", "0j", "0j"], ["0j", "0j", "0j"], ["(0.0004877171930715265+0j)", "(1.1013099085804368e-05+0j)", "(-0.07498082230641853+0j)"], ["0j", "0j", "0j"], ["0j", "0j", "0j"], ["0j", "0j", "0j"], ["(0.0012416565100065791+0j)", "(-0.05300602928511179+0j)", "(2.909620685001553e-07+0j)"], ["0j", "0j", "0j"], ["(5.697822814107421e-05+0j)", "(1.2866203635498514e-06+0j)", "(-0.00875973711870531+0j)"], ["(0.00014505822001974897+0j)", "(-0.006192501868630784+0j)", "(3.399204160682885e-08+0j)"], ["0j", "0j", "0j"], ["0j", "0j", "0j"], ["0j", "0j", "0j"], ["0j", "0j", "0j"], ["0j", "0j", "0j"], ["0j", "0j", "0j"], ["0j", "0j", "0j"], ["0j", "0j", "0j"], ["(0.0012416565100065613+0j)", "(-0.053006029285113936+0j)", "(2.9096206856837805e-07+0j)"], ["0j", "0j", "0j"], ["0j", "0j", "0j"], ["0j", "0j", "0j"], ["(0.07496025889267842+0j)", "(0.0017559329880862395+0j)", "(0.00048784134659859963+0j)"], ["0j", "0j", "0j"], ["(0.00014505822001973254+0j)", "(-0.006192501868631286+0j)", "(3.399204162505382e-08+0j)"], ["(0.008757334769770232+0j)", "(0.00020513927295773282+0j)", "(5.699273254661895e-05+0j)"], ["0j", "0j", "0j"], ["0j", "0j", "0j"], ["0j", "0j", "0j"], ["0j", "0j", "0j"], ["0j", "0j", "0j"], ["0j", "0j", "0j"], ["(-2.701761128946711e-05+0j)", "(-6.100823067495445e-07+0j)", "(0.004153642192686384+0j)"], ["(-6.878287954358455e-05+0j)", "(0.002936325222010468+0j)", "(-1.6118152450103496e-08+0j)"], ["0j", "0j", "0j"], ["0j", "0j", "0j"], ["(-6.878287954371936e-05+0j)", "(0.002936325222010422+0j)", "(-1.611815245198899e-08+0j)"], ["(-0.0041525030605683+0j)", "(-9.727177060074925e-05+0j)", "(-2.7024488905802186e-05+0j)"], ["0j", "0j", "0j"], ["0j", "0j", "0j"], ["0j", "0j", "0j"], ["0j", "0j", "0j"], ["0j", "0j", "0j"], ["0j", "0j", "0j"], ["0j", "0j", "0j"], ["0j", "0j", "0j"], ["0j", "0j", "0j"], ["0j", "0j", "0j"], ["0j", "0j", "0j"], ["0j", "0j", "0j"], ["(-0.00023440586916002328+0j)", "(-5.293098336545462e-06+0j)", "(0.03603716471912907+0j)"], ["0j", "0j", "0j"], ["0j", "0j", "0j"], ["0j", "0j", "0j"], ["(-0.0005967629961808193+0j)", "(0.02547567430840303+0j)", "(-1.398417310871544e-07+0j)"], ["0j", "0j", "0j"], ["(-0.00011569705172435158+0j)", "(-2.612544959812921e-06+0j)", "(0.017787070457950055+0j)"], ["(-0.0002945477409917174+0j)", "(0.012574174950195959+0j)", "(-6.902248674220514e-08+0j)"], ["0j", "0j", "0j"], ["0j", "0j", "0j"], ["0j", "0j", "0j"], ["0j", "0j", "0j"], ["(0.00014887751341375647+0j)", "(3.3617900499753787e-06+0j)", "(-0.0228881789227023+0j)"], ["0j", "0j", "0j"], ["0j", "0j", "0j"], ["(0.00019896055506380393+0j)", "(4.492710813177673e-06+0j)", "(-0.030587861648418473+0j)"], ["0j", "0j", "0j"], ["0j", "0j", "0j"], ["(-0.00026433472682419335+0j)", "(-5.968919241920558e-06+0j)", "(0.04063837704100727+0j)"], ["(-0.00016643306224534078+0j)", "(0.007104988940410721+0j)", "(-3.9000889302158795e-08+0j)"], ["0j", "0j", "0j"], ["(1.045861924699121e-05+0j)", "(2.361651623262503e-07+0j)", "(-0.0016078905613118417+0j)"], ["0j", "0j", "0j"], ["0j", "0j", "0j"], ["0j", "0j", "0j"], ["0j", "0j", "0j"], ["0j", "0j", "0j"], ["0j", "0j", "0j"], ["(0.00037902033463207816+0j)", "(-0.01618029043882438+0j)", "(8.881726928427417e-08+0j)"], ["0j", "0j", "0j"], ["(-9.66421437794634e-05+0j)", "(-2.1822677576700353e-06+0j)", "(0.014857600906797531+0j)"], ["(0.00026048768275852854+0j)", "(-0.01112015894044787+0j)", "(6.104106437399958e-08+0j)"], ["0j", "0j", "0j"], ["0j", "0j", "0j"], ["(-0.0009189942198351232+0j)", "(0.039231650731784105+0j)", "(-2.1535139315130873e-07+0j)"], ["(-0.02490128527399614+0j)", "(-0.000583308928014243+0j)", "(-0.00016205755849231322+0j)"], ["0j", "0j", "0j"], ["(2.6626112136637912e-05+0j)", "(-0.0011366625699539487+0j)", "(6.239397593911251e-09+0j)"], ["0j", "0j", "0j"], ["0j", "0j", "0j"], ["0j", "0j", "0j"], ["0j", "0j", "0j"], ["(0.00013401171351978909+0j)", "(3.0261067286951205e-06+0j)", "(-0.020602735809097193+0j)"], ["(0.0003411741863374643+0j)", "(-0.014564647119867208+0j)", "(7.994863812817843e-08+0j)"], ["0j", "0j", "0j"], ["(3.452689297171541e-05+0j)", "(7.796487366491289e-07+0j)", "(-0.0053081065492092076+0j)"], ["0j", "0j", "0j"], ["0j", "0j", "0j"], ["0j", "0j", "0j"], ["(8.790041039689103e-05+0j)", "(-0.0037524481932989734+0j)", "(2.0598035787113868e-08+0j)"], ["0j", "0j", "0j"], ["0j", "0j", "0j"], ["0j", "0j", "0j"], ["0j", "0j", "0j"], ["0j", "0j", "0j"], ["0j", "0j", "0j"], ["0j", "0j", "0j"], ["0j", "0j", "0j"], ["0j", "0j", "0j"], ["0j", "0j", "0j"], ["0j", "0j", "0j"], ["0j", "0j", "0j"], ["0j", "0j", "0j"], ["0j", "0j", "0j"], ["(-0.0005967629961808042+0j)", "(0.025475674308403775+0j)", "(-1.3984173111111526e-07+0j)"], ["0j", "0j", "0j"], ["0j", "0j", "0j"], ["0j", "0j", "0j"], ["(-0.03602728156360541+0j)", "(-0.0008439337470696445+0j)", "(-0.00023446553963266952+0j)"], ["0j", "0j", "0j"], ["(-0.00029454774099166363+0j)", "(0.012574174950196063+0j)", "(-6.90224867407474e-08+0j)"], ["(-0.01778219237209021+0j)", "(-0.0004165452287371996+0j)", "(-0.00011572650362233877+0j)"], ["0j", "0j", "0j"], ["0j", "0j", "0j"], ["0j", "0j", "0j"], ["0j", "0j", "0j"], ["(0.00037902033463205784+0j)", "(-0.016180290438822433+0j)", "(8.881726923178524e-08+0j)"], ["0j", "0j", "0j"], ["(0.0001620163155398552+0j)", "(3.6584761864147827e-06+0j)", "(-0.024908116299386322+0j)"], ["(0.0009189942198349198+0j)", "(-0.03923165073178239+0j)", "(2.1535139307427616e-07+0j)"], ["0j", "0j", "0j"], ["0j", "0j", "0j"], ["(-0.00026048768275865165+0j)", "(0.01112015894044689+0j)", "(-6.10410643513262e-08+0j)"], ["(0.014853526224962504+0j)", "(0.0003479416569939873+0j)", "(9.666674505087824e-05+0j)"], ["0j", "0j", "0j"], ["(2.6626112136725265e-05+0j)", "(-0.001136662569955784+0j)", "(6.239397656090245e-09+0j)"], ["0j", "0j", "0j"], ["0j", "0j", "0j"], ["0j", "0j", "0j"], ["0j", "0j", "0j"], ["0j", "0j", "0j"], ["0j", "0j", "0j"], ["(0.022881901863069345+0j)", "(0.0005360051700067121+0j)", "(0.00014891541174635818+0j)"], ["0j", "0j", "0j"], ["(0.00016643306224518384+0j)", "(-0.007104988940411489+0j)", "(3.900088934853554e-08+0j)"], ["(0.04062723200771575+0j)", "(0.0009516869065129736+0j)", "(0.00026440201600148774+0j)"], ["0j", "0j", "0j"], ["0j", "0j", "0j"], ["(-0.030579472958682182+0j)", "(-0.0007163196354927304+0j)", "(-0.0001990112025599718+0j)"], ["0j", "0j", "0j"], ["0j", "0j", "0j"], ["(0.00160744959897163+0j)", "(3.765426933172418e-05+0j)", "(1.046128159822429e-05+0j)"], ["0j", "0j", "0j"], ["0j", "0j", "0j"], ["0j", "0j", "0j"], ["0j", "0j", "0j"], ["(0.0003411741863374627+0j)", "(-0.01456464711986702+0j)", 