{"geometry": [["H", [0.0, 0.0, 0.0]], ["H", [0.4507, 0.0, 0.0]], ["H", [-0.0035, -0.6891, 0.0]], ["H", [-0.177, 0.6285, 0.0188]]], "multiplicity": 1, "canonical_orbitals": [[0.5246414245237487, 0.10266446458767498, 0.24137815429674137, 2.5462421310107004], [0.3420690484198259, -0.10903189646744908, -1.4239147216383805, -1.171298377261896], [0.1279045057885398, -0.845379643318541, 0.8337997905789117, -0.8666439193598005], [0.10713371208718836, 0.8636491966374579, 0.6496257009574198, -1.081137749247806]], "canonical_to_oao": [[0.6261324342474037, 0.5662541229729271, 0.3865872254115626, 0.37130144108012186], [0.058112952037011056, -0.06918171959419457, -0.6861104330380906, 0.7218651177026199], [0.0900331850557209, -0.734122014106187, 0.5248718514694151, 0.4212700244836604], [0.7723179948555463, -0.3682866088996807, -0.3229741945727878, -0.40444722544176637]], "orbital_energies": [-1.0553526641967874, -0.2230927496003336, 0.5103086828971034, 1.3978128669091712], "exact_energy": -1.4925816087390578, "ground_states": [["0j"], ["0j"], ["0j"], ["0j"], ["0j"], ["0j"], ["0j"], ["0j"], ["0j"], ["0j"], ["0j"], ["0j"], ["0j"], ["0j"], ["0j"], ["(-0.007694982095938778+0j)"], ["0j"], ["0j"], ["0j"], ["0j"], ["0j"], ["0j"], ["0j"], ["0j"], ["0j"], ["0j"], ["0j"], ["(5.25140663770185e-05+0j)"], ["0j"], ["0j"], ["(-0.0003578964420870995+0j)"], ["0j"], ["0j"], ["0j"], ["0j"], ["0j"], ["0j"], ["0j"], ["0j"], ["(-5.2514066376999416e-05+0j)"], ["0j"], ["0j"], ["0j"], ["0j"], ["0j"], ["(0.0003578964420870945+0j)"], ["0j"], ["0j"], ["0j"], ["0j"], ["0j"], ["(0.03257251102920258+0j)"], ["0j"], ["0j"], ["(-0.011416135249025594+0j)"], ["0j"], ["0j"], ["(0.011416135249025593+0j)"], ["0j"], ["0j"], ["(0.04691371298757447+0j)"], ["0j"], ["0j"], ["0j"], ["0j"], ["0j"], ["0j"], ["0j"], ["0j"], ["0j"], ["0j"], ["0j"], ["0j"], ["0j"], ["0j"], ["(0.003458063138060868+0j)"], ["0j"], ["0j"], ["(-0.004329652074757641+0j)"], ["0j"], ["0j"], ["0j"], ["0j"], ["0j"], ["0j"], ["0j"], ["0j"], ["0j"], ["0j"], ["0j"], ["(0.002944769538721234+0j)"], ["0j"], ["0j"], ["0j"], ["0j"], ["0j"], ["0j"], ["0j"], ["0j"], ["(0.0038934285906519696+0j)"], ["0j"], ["0j"], ["(-0.0002867897781920035+0j)"], ["0j"], ["0j"], ["(-0.0026579797605292277+0j)"], ["0j"], ["0j"], ["(-0.014482358282898762+0j)"], ["0j"], ["0j"], ["0j"], ["0j"], ["0j"], ["(0.0038933062043591663+0j)"], ["0j"], ["0j"], ["0j"], ["0j"], ["0j"], ["(-0.015949144164336078+0j)"], ["0j"], ["0j"], ["0j"], ["0j"], ["0j"], ["0j"], ["0j"], ["0j"], ["0j"], ["0j"], ["0j"], ["0j"], ["0j"], ["0j"], ["(-0.003458063138060869+0j)"], ["0j"], ["0j"], ["0j"], ["0j"], ["0j"], ["(0.00432965207475764+0j)"], ["0j"], ["0j"], ["0j"], ["0j"], ["0j"], ["(-0.003893428590651968+0j)"], ["0j"], ["0j"], ["(-0.0026579797605292264+0j)"], ["0j"], ["0j"], ["(-0.0002867897781920041+0j)"], ["0j"], ["0j"], ["(0.014482358282898766+0j)"], ["0j"], ["0j"], ["0j"], ["0j"], ["0j"], ["0j"], ["0j"], ["0j"], ["(0.0029447695387212354+0j)"], ["0j"], ["0j"], ["0j"], ["0j"], ["0j"], ["0j"], ["0j"], ["0j"], ["0j"], ["0j"], ["0j"], ["(-0.0038933062043591555+0j)"], ["0j"], ["0j"], ["(0.015949144164336064+0j)"], ["0j"], ["0j"], ["0j"], ["0j"], ["0j"], ["0j"], ["0j"], ["0j"], ["0j"], ["0j"], ["0j"], ["0j"], ["0j"], ["0j"], ["(0.030950865657311883+0j)"], ["0j"], ["0j"], ["(0.057866289368040544+0j)"], ["0j"], ["0j"], ["(-0.05786628936804052+0j)"], ["0j"], ["0j"], ["(0.13677903461942797+0j)"], ["0j"], ["0j"], ["0j"], ["0j"], ["0j"], ["(0.0010688295145515748+0j)"], ["0j"], ["0j"], ["0j"], ["0j"], ["0j"], ["(-0.0019514982448299964+0j)"], ["0j"], ["0j"], ["0j"], ["0j"], ["0j"], ["0j"], ["0j"], ["0j"], ["(-0.0010688295145515683+0j)"], ["0j"], ["0j"], ["(0.0019514982448299745+0j)"], ["0j"], ["0j"], ["0j"], ["0j"], ["0j"], ["0j"], ["0j"], ["0j"], ["0j"], ["0j"], ["0j"], ["(-0.9843590405916228+0j)"], ["0j"], ["0j"], ["0j"], ["0j"], ["0j"], ["0j"], ["0j"], ["0j"], ["0j"], ["0j"], ["0j"], ["0j"], ["0j"], ["0j"], ["0j"]], "hf_energy": -1.452679724271551}