{"geometry": [["H", [0.0, 0.0, 0.0]], ["H", [1.3964, 0.0, 0.0]], ["H", [0.725, -0.0352, 0.0]], ["H", [1.0339, -0.4719, 0.5217]]], "multiplicity": 1, "canonical_orbitals": [[0.11006702735998038, 0.8091383847600915, 0.08988718381529369, 1.1661621977475864], [0.3220393844355695, -0.5883577639833422, -0.949519797619675, 1.0323339372660245], [0.42008713525111924, 0.3966201037791569, -0.3280051906409579, -1.908998892329284], [0.3206239694692195, -0.4251736317044864, 1.265142875811481, 0.23206613179752253]], "canonical_to_oao": [[0.31371865847290714, 0.5325372161643003, 0.5892451985305921, 0.5203602720563703], [0.7858381365360619, -0.44554840132218687, 0.27495861109377484, -0.32915468617377774], [0.0609263775701055, -0.5889701254114541, -0.19142677467879413, 0.7827885779858285], [0.529459160849708, 0.41352741971003193, -0.7352167354801584, 0.09013557571895206]], "orbital_energies": [-0.924918933448853, -0.25229454581213134, 0.43625881604403494, 1.1935132300970532], "exact_energy": -1.8062185888771807, "ground_states": [["0j"], ["0j"], ["0j"], ["0j"], ["0j"], ["0j"], ["0j"], ["0j"], ["0j"], ["0j"], ["0j"], ["0j"], ["0j"], ["0j"], ["0j"], ["(-0.009427286455301435+0j)"], ["0j"], ["0j"], ["0j"], ["0j"], ["0j"], ["0j"], ["0j"], ["0j"], ["0j"], ["0j"], ["0j"], ["(0.001481944615533387+0j)"], ["0j"], ["0j"], ["(0.003644113166243579+0j)"], ["0j"], ["0j"], ["0j"], ["0j"], ["0j"], ["0j"], ["0j"], ["0j"], ["(-0.001481944615533343+0j)"], ["0j"], ["0j"], ["0j"], ["0j"], ["0j"], ["(-0.0036441131662437428+0j)"], ["0j"], ["0j"], ["0j"], ["0j"], ["0j"], ["(0.02955017155124566+0j)"], ["0j"], ["0j"], ["(-0.0016453824232037803+0j)"], ["0j"], ["0j"], ["(0.0016453824232037831+0j)"], ["0j"], ["0j"], ["(0.06913576758666679+0j)"], ["0j"], ["0j"], ["0j"], ["0j"], ["0j"], ["0j"], ["0j"], ["0j"], ["0j"], ["0j"], ["0j"], ["0j"], ["0j"], ["0j"], ["(-0.0019149328894196237+0j)"], ["0j"], ["0j"], ["(-0.002600605173147481+0j)"], ["0j"], ["0j"], ["0j"], ["0j"], ["0j"], ["0j"], ["0j"], ["0j"], ["0j"], ["0j"], ["0j"], ["(-0.0041561037100924896+0j)"], ["0j"], ["0j"], ["0j"], ["0j"], ["0j"], ["0j"], ["0j"], ["0j"], ["(0.014891308626838191+0j)"], ["0j"], ["0j"], ["(-0.014727416314087832+0j)"], ["0j"], ["0j"], ["(0.01888352002418033+0j)"], ["0j"], ["0j"], ["(-0.06396574961481545+0j)"], ["0j"], ["0j"], ["0j"], ["0j"], ["0j"], ["(-0.00011629716127688002+0j)"], ["0j"], ["0j"], ["0j"], ["0j"], ["0j"], ["(0.004344156315163148+0j)"], ["0j"], ["0j"], ["0j"], ["0j"], ["0j"], ["0j"], ["0j"], ["0j"], ["0j"], ["0j"], ["0j"], ["0j"], ["0j"], ["0j"], ["(0.001914932889419628+0j)"], ["0j"], ["0j"], ["0j"], ["0j"], ["0j"], ["(0.0026006051731474844+0j)"], ["0j"], ["0j"], ["0j"], ["0j"], ["0j"], ["(-0.0148913086268382+0j)"], ["0j"], ["0j"], ["(0.018883520024180325+0j)"], ["0j"], ["0j"], ["(-0.014727416314087834+0j)"], ["0j"], ["0j"], ["(0.06396574961481546+0j)"], ["0j"], ["0j"], ["0j"], ["0j"], ["0j"], ["0j"], ["0j"], ["0j"], ["(-0.004156103710092488+0j)"], ["0j"], ["0j"], ["0j"], ["0j"], ["0j"], ["0j"], ["0j"], ["0j"], ["0j"], ["0j"], ["0j"], ["(0.00011629716127689563+0j)"], ["0j"], ["0j"], ["(-0.004344156315163171+0j)"], ["0j"], ["0j"], ["0j"], ["0j"], ["0j"], ["0j"], ["0j"], ["0j"], ["0j"], ["0j"], ["0j"], ["0j"], ["0j"], ["0j"], ["(0.06199790824746731+0j)"], ["0j"], ["0j"], ["(0.004658879656486422+0j)"], ["0j"], ["0j"], ["(-0.004658879656486428+0j)"], ["0j"], ["0j"], ["(0.07527021846144032+0j)"], ["0j"], ["0j"], ["0j"], ["0j"], ["0j"], ["(-0.011178018226993958+0j)"], ["0j"], ["0j"], ["0j"], ["0j"], ["0j"], ["(-0.01573603824163855+0j)"], ["0j"], ["0j"], ["0j"], ["0j"], ["0j"], ["0j"], ["0j"], ["0j"], ["(0.011178018226993913+0j)"], ["0j"], ["0j"], ["(0.015736038241638637+0j)"], ["0j"], ["0j"], ["0j"], ["0j"], ["0j"], ["0j"], ["0j"], ["0j"], ["0j"], ["0j"], ["0j"], ["(-0.9869432672909132+0j)"], ["0j"], ["0j"], ["0j"], ["0j"], ["0j"], ["0j"], ["0j"], ["0j"], ["0j"], ["0j"], ["0j"], ["0j"], ["0j"], ["0j"], ["0j"]], "hf_energy": -1.7686644546955577}